statement_key	source_reference	factor	tier	value	synopsis_change	document_change	review_status	catalog_readiness	factor_disposition	required_test_points	official_source_target	evidence
create_role	references/statements/account/role/create_role.md	if_not_exists	T1	omitted	edition_baseline	edition_baseline	static_reviewed	static_ready	mysql_native		https://dev.mysql.com/doc/refman/8.0/en/create-role.html	mysql-8.0.22-manual:5107288b8df7a481
create_role	references/statements/account/role/create_role.md	if_not_exists	T1	present	edition_baseline	edition_baseline	static_reviewed	static_ready	mysql_native		https://dev.mysql.com/doc/refman/8.0/en/create-role.html	mysql-8.0.22-manual:5107288b8df7a481
create_role	references/statements/account/role/create_role.md	role_name_shape	T1	simple_role	edition_baseline	edition_baseline	static_reviewed	static_ready	mysql_native		https://dev.mysql.com/doc/refman/8.0/en/create-role.html	mysql-8.0.22-manual:5107288b8df7a481
create_role	references/statements/account/role/create_role.md	role_name_shape	T1	quoted_role	edition_baseline	edition_baseline	static_reviewed	static_ready	mysql_native		https://dev.mysql.com/doc/refman/8.0/en/create-role.html	mysql-8.0.22-manual:5107288b8df7a481
create_role	references/statements/account/role/create_role.md	role_state	T1	missing	edition_baseline	edition_baseline	static_reviewed	static_ready	mysql_native		https://dev.mysql.com/doc/refman/8.0/en/create-role.html	mysql-8.0.22-manual:5107288b8df7a481
create_role	references/statements/account/role/create_role.md	role_state	T1	already_exists	edition_baseline	edition_baseline	static_reviewed	static_ready	mysql_native		https://dev.mysql.com/doc/refman/8.0/en/create-role.html	mysql-8.0.22-manual:5107288b8df7a481
create_role	references/statements/account/role/create_role.md	expected_status	T1	success	edition_baseline	edition_baseline	static_reviewed	static_ready	mysql_native		https://dev.mysql.com/doc/refman/8.0/en/create-role.html	mysql-8.0.22-manual:5107288b8df7a481
create_role	references/statements/account/role/create_role.md	expected_status	T1	failure	edition_baseline	edition_baseline	static_reviewed	static_ready	mysql_native		https://dev.mysql.com/doc/refman/8.0/en/create-role.html	mysql-8.0.22-manual:5107288b8df7a481
drop_role	references/statements/account/role/drop_role.md	if_exists	T1	omitted	edition_baseline	edition_baseline	static_reviewed	static_ready	mysql_native		https://dev.mysql.com/doc/refman/8.0/en/drop-role.html	mysql-8.0.22-manual:0d09da547961adc0
drop_role	references/statements/account/role/drop_role.md	if_exists	T1	present	edition_baseline	edition_baseline	static_reviewed	static_ready	mysql_native		https://dev.mysql.com/doc/refman/8.0/en/drop-role.html	mysql-8.0.22-manual:0d09da547961adc0
drop_role	references/statements/account/role/drop_role.md	role_state	T1	exists	edition_baseline	edition_baseline	static_reviewed	static_ready	mysql_native		https://dev.mysql.com/doc/refman/8.0/en/drop-role.html	mysql-8.0.22-manual:0d09da547961adc0
drop_role	references/statements/account/role/drop_role.md	role_state	T1	missing	edition_baseline	edition_baseline	static_reviewed	static_ready	mysql_native		https://dev.mysql.com/doc/refman/8.0/en/drop-role.html	mysql-8.0.22-manual:0d09da547961adc0
drop_role	references/statements/account/role/drop_role.md	expected_status	T1	success	edition_baseline	edition_baseline	static_reviewed	static_ready	mysql_native		https://dev.mysql.com/doc/refman/8.0/en/drop-role.html	mysql-8.0.22-manual:0d09da547961adc0
drop_role	references/statements/account/role/drop_role.md	expected_status	T1	failure	edition_baseline	edition_baseline	static_reviewed	static_ready	mysql_native		https://dev.mysql.com/doc/refman/8.0/en/drop-role.html	mysql-8.0.22-manual:0d09da547961adc0
set_default_role	references/statements/account/role/set_default_role.md	role_selection	T1	none	edition_baseline	edition_baseline	static_reviewed	static_ready	mysql_native		https://dev.mysql.com/doc/refman/8.0/en/set-default-role.html	mysql-8.0.22-manual:9f2a420c95ba4277
set_default_role	references/statements/account/role/set_default_role.md	role_selection	T1	all_roles	edition_baseline	edition_baseline	static_reviewed	static_ready	mysql_native		https://dev.mysql.com/doc/refman/8.0/en/set-default-role.html	mysql-8.0.22-manual:9f2a420c95ba4277
set_default_role	references/statements/account/role/set_default_role.md	role_selection	T1	explicit_list	edition_baseline	edition_baseline	static_reviewed	static_ready	mysql_native		https://dev.mysql.com/doc/refman/8.0/en/set-default-role.html	mysql-8.0.22-manual:9f2a420c95ba4277
set_default_role	references/statements/account/role/set_default_role.md	account_state	T1	exists	edition_baseline	edition_baseline	static_reviewed	static_ready	mysql_native		https://dev.mysql.com/doc/refman/8.0/en/set-default-role.html	mysql-8.0.22-manual:9f2a420c95ba4277
set_default_role	references/statements/account/role/set_default_role.md	account_state	T1	missing	edition_baseline	edition_baseline	static_reviewed	static_ready	mysql_native		https://dev.mysql.com/doc/refman/8.0/en/set-default-role.html	mysql-8.0.22-manual:9f2a420c95ba4277
set_default_role	references/statements/account/role/set_default_role.md	expected_status	T1	success	edition_baseline	edition_baseline	static_reviewed	static_ready	mysql_native		https://dev.mysql.com/doc/refman/8.0/en/set-default-role.html	mysql-8.0.22-manual:9f2a420c95ba4277
set_default_role	references/statements/account/role/set_default_role.md	expected_status	T1	failure	edition_baseline	edition_baseline	static_reviewed	static_ready	mysql_native		https://dev.mysql.com/doc/refman/8.0/en/set-default-role.html	mysql-8.0.22-manual:9f2a420c95ba4277
alter_user	references/statements/account/user/alter_user.md	if_exists	T1	omitted	edition_baseline	edition_baseline	static_reviewed	static_ready	mysql_native		https://dev.mysql.com/doc/refman/8.0/en/alter-user.html	mysql-8.0.22-manual:6b3deda201038bbe
alter_user	references/statements/account/user/alter_user.md	if_exists	T1	present	edition_baseline	edition_baseline	static_reviewed	static_ready	mysql_native		https://dev.mysql.com/doc/refman/8.0/en/alter-user.html	mysql-8.0.22-manual:6b3deda201038bbe
alter_user	references/statements/account/user/alter_user.md	account_state	T1	exists	edition_baseline	edition_baseline	static_reviewed	static_ready	mysql_native		https://dev.mysql.com/doc/refman/8.0/en/alter-user.html	mysql-8.0.22-manual:6b3deda201038bbe
alter_user	references/statements/account/user/alter_user.md	account_state	T1	missing	edition_baseline	edition_baseline	static_reviewed	static_ready	mysql_native		https://dev.mysql.com/doc/refman/8.0/en/alter-user.html	mysql-8.0.22-manual:6b3deda201038bbe
alter_user	references/statements/account/user/alter_user.md	alter_branch	T1	authentication	edition_baseline	edition_baseline	static_reviewed	static_ready	mysql_native		https://dev.mysql.com/doc/refman/8.0/en/alter-user.html	mysql-8.0.22-manual:6b3deda201038bbe
alter_user	references/statements/account/user/alter_user.md	alter_branch	T1	password_expire	edition_baseline	edition_baseline	static_reviewed	static_ready	mysql_native		https://dev.mysql.com/doc/refman/8.0/en/alter-user.html	mysql-8.0.22-manual:6b3deda201038bbe
alter_user	references/statements/account/user/alter_user.md	alter_branch	T1	account_lock	edition_baseline	edition_baseline	static_reviewed	static_ready	mysql_native		https://dev.mysql.com/doc/refman/8.0/en/alter-user.html	mysql-8.0.22-manual:6b3deda201038bbe
alter_user	references/statements/account/user/alter_user.md	alter_branch	T1	resource_limits	edition_baseline	edition_baseline	static_reviewed	static_ready	mysql_native		https://dev.mysql.com/doc/refman/8.0/en/alter-user.html	mysql-8.0.22-manual:6b3deda201038bbe
alter_user	references/statements/account/user/alter_user.md	alter_branch	T1	comment_attribute	edition_baseline	edition_baseline	static_reviewed	static_ready	mysql_native		https://dev.mysql.com/doc/refman/8.0/en/alter-user.html	mysql-8.0.22-manual:6b3deda201038bbe
alter_user	references/statements/account/user/alter_user.md	expected_status	T1	success	edition_baseline	edition_baseline	static_reviewed	static_ready	mysql_native		https://dev.mysql.com/doc/refman/8.0/en/alter-user.html	mysql-8.0.22-manual:6b3deda201038bbe
alter_user	references/statements/account/user/alter_user.md	expected_status	T1	failure	edition_baseline	edition_baseline	static_reviewed	static_ready	mysql_native		https://dev.mysql.com/doc/refman/8.0/en/alter-user.html	mysql-8.0.22-manual:6b3deda201038bbe
alter_user	references/statements/account/user/alter_user.md	auth_shape	T2	identified_by_password	edition_baseline	edition_baseline	static_reviewed	static_ready	mysql_native		https://dev.mysql.com/doc/refman/8.0/en/alter-user.html	mysql-8.0.22-manual:6b3deda201038bbe
alter_user	references/statements/account/user/alter_user.md	auth_shape	T2	identified_with_plugin	edition_baseline	edition_baseline	static_reviewed	static_ready	mysql_native		https://dev.mysql.com/doc/refman/8.0/en/alter-user.html	mysql-8.0.22-manual:6b3deda201038bbe
alter_user	references/statements/account/user/alter_user.md	auth_shape	T2	discard_old_password	edition_baseline	edition_baseline	static_reviewed	static_ready	mysql_native		https://dev.mysql.com/doc/refman/8.0/en/alter-user.html	mysql-8.0.22-manual:6b3deda201038bbe
alter_user	references/statements/account/user/alter_user.md	password_lifecycle_shape	T2	omitted	edition_baseline	edition_baseline	static_reviewed	static_ready	mysql_native		https://dev.mysql.com/doc/refman/8.0/en/alter-user.html	mysql-8.0.22-manual:6b3deda201038bbe
alter_user	references/statements/account/user/alter_user.md	password_lifecycle_shape	T2	password_expire	edition_baseline	edition_baseline	static_reviewed	static_ready	mysql_native		https://dev.mysql.com/doc/refman/8.0/en/alter-user.html	mysql-8.0.22-manual:6b3deda201038bbe
alter_user	references/statements/account/user/alter_user.md	password_lifecycle_shape	T2	password_history	edition_baseline	edition_baseline	static_reviewed	static_ready	mysql_native		https://dev.mysql.com/doc/refman/8.0/en/alter-user.html	mysql-8.0.22-manual:6b3deda201038bbe
alter_user	references/statements/account/user/alter_user.md	password_lifecycle_shape	T2	password_reuse_interval	edition_baseline	edition_baseline	static_reviewed	static_ready	mysql_native		https://dev.mysql.com/doc/refman/8.0/en/alter-user.html	mysql-8.0.22-manual:6b3deda201038bbe
alter_user	references/statements/account/user/alter_user.md	account_lock_shape	T2	omitted	edition_baseline	edition_baseline	static_reviewed	static_ready	mysql_native		https://dev.mysql.com/doc/refman/8.0/en/alter-user.html	mysql-8.0.22-manual:6b3deda201038bbe
alter_user	references/statements/account/user/alter_user.md	account_lock_shape	T2	lock	edition_baseline	edition_baseline	static_reviewed	static_ready	mysql_native		https://dev.mysql.com/doc/refman/8.0/en/alter-user.html	mysql-8.0.22-manual:6b3deda201038bbe
alter_user	references/statements/account/user/alter_user.md	account_lock_shape	T2	unlock	edition_baseline	edition_baseline	static_reviewed	static_ready	mysql_native		https://dev.mysql.com/doc/refman/8.0/en/alter-user.html	mysql-8.0.22-manual:6b3deda201038bbe
alter_user	references/statements/account/user/alter_user.md	attribute_shape	T2	omitted	edition_baseline	edition_baseline	static_reviewed	static_ready	mysql_native		https://dev.mysql.com/doc/refman/8.0/en/alter-user.html	mysql-8.0.22-manual:6b3deda201038bbe
alter_user	references/statements/account/user/alter_user.md	attribute_shape	T2	comment	edition_baseline	edition_baseline	static_reviewed	static_ready	mysql_native		https://dev.mysql.com/doc/refman/8.0/en/alter-user.html	mysql-8.0.22-manual:6b3deda201038bbe
alter_user	references/statements/account/user/alter_user.md	attribute_shape	T2	attribute_json	edition_baseline	edition_baseline	static_reviewed	static_ready	mysql_native		https://dev.mysql.com/doc/refman/8.0/en/alter-user.html	mysql-8.0.22-manual:6b3deda201038bbe
create_user	references/statements/account/user/create_user.md	if_not_exists	T1	omitted	edition_baseline	edition_baseline	static_reviewed	static_ready	mysql_native		https://dev.mysql.com/doc/refman/8.0/en/create-user.html	mysql-8.0.22-manual:28a487480d39cc49
create_user	references/statements/account/user/create_user.md	if_not_exists	T1	present	edition_baseline	edition_baseline	static_reviewed	static_ready	mysql_native		https://dev.mysql.com/doc/refman/8.0/en/create-user.html	mysql-8.0.22-manual:28a487480d39cc49
create_user	references/statements/account/user/create_user.md	account_name_shape	T1	user_localhost	edition_baseline	edition_baseline	static_reviewed	static_ready	mysql_native		https://dev.mysql.com/doc/refman/8.0/en/create-user.html	mysql-8.0.22-manual:28a487480d39cc49
create_user	references/statements/account/user/create_user.md	account_name_shape	T1	user_percent_host	edition_baseline	edition_baseline	static_reviewed	static_ready	mysql_native		https://dev.mysql.com/doc/refman/8.0/en/create-user.html	mysql-8.0.22-manual:28a487480d39cc49
create_user	references/statements/account/user/create_user.md	account_name_shape	T1	quoted_user	edition_baseline	edition_baseline	static_reviewed	static_ready	mysql_native		https://dev.mysql.com/doc/refman/8.0/en/create-user.html	mysql-8.0.22-manual:28a487480d39cc49
create_user	references/statements/account/user/create_user.md	auth_shape	T1	omitted	edition_baseline	edition_baseline	static_reviewed	static_ready	mysql_native		https://dev.mysql.com/doc/refman/8.0/en/create-user.html	mysql-8.0.22-manual:28a487480d39cc49
create_user	references/statements/account/user/create_user.md	auth_shape	T1	identified_by_password	edition_baseline	edition_baseline	static_reviewed	static_ready	mysql_native		https://dev.mysql.com/doc/refman/8.0/en/create-user.html	mysql-8.0.22-manual:28a487480d39cc49
create_user	references/statements/account/user/create_user.md	auth_shape	T1	identified_with_plugin	edition_baseline	edition_baseline	static_reviewed	static_ready	mysql_native		https://dev.mysql.com/doc/refman/8.0/en/create-user.html	mysql-8.0.22-manual:28a487480d39cc49
create_user	references/statements/account/user/create_user.md	auth_shape	T1	random_password	edition_baseline	edition_baseline	static_reviewed	static_ready	mysql_native		https://dev.mysql.com/doc/refman/8.0/en/create-user.html	mysql-8.0.22-manual:28a487480d39cc49
create_user	references/statements/account/user/create_user.md	expected_status	T1	success	edition_baseline	edition_baseline	static_reviewed	static_ready	mysql_native		https://dev.mysql.com/doc/refman/8.0/en/create-user.html	mysql-8.0.22-manual:28a487480d39cc49
create_user	references/statements/account/user/create_user.md	expected_status	T1	failure	edition_baseline	edition_baseline	static_reviewed	static_ready	mysql_native		https://dev.mysql.com/doc/refman/8.0/en/create-user.html	mysql-8.0.22-manual:28a487480d39cc49
create_user	references/statements/account/user/create_user.md	default_role_shape	T2	omitted	edition_baseline	edition_baseline	static_reviewed	static_ready	mysql_native		https://dev.mysql.com/doc/refman/8.0/en/create-user.html	mysql-8.0.22-manual:28a487480d39cc49
create_user	references/statements/account/user/create_user.md	default_role_shape	T2	default_role	edition_baseline	edition_baseline	static_reviewed	static_ready	mysql_native		https://dev.mysql.com/doc/refman/8.0/en/create-user.html	mysql-8.0.22-manual:28a487480d39cc49
create_user	references/statements/account/user/create_user.md	ssl_require_shape	T2	omitted	edition_baseline	edition_baseline	static_reviewed	static_ready	mysql_native		https://dev.mysql.com/doc/refman/8.0/en/create-user.html	mysql-8.0.22-manual:28a487480d39cc49
create_user	references/statements/account/user/create_user.md	ssl_require_shape	T2	ssl	edition_baseline	edition_baseline	static_reviewed	static_ready	mysql_native		https://dev.mysql.com/doc/refman/8.0/en/create-user.html	mysql-8.0.22-manual:28a487480d39cc49
create_user	references/statements/account/user/create_user.md	ssl_require_shape	T2	x509	edition_baseline	edition_baseline	static_reviewed	static_ready	mysql_native		https://dev.mysql.com/doc/refman/8.0/en/create-user.html	mysql-8.0.22-manual:28a487480d39cc49
create_user	references/statements/account/user/create_user.md	account_lock_shape	T2	omitted	edition_baseline	edition_baseline	static_reviewed	static_ready	mysql_native		https://dev.mysql.com/doc/refman/8.0/en/create-user.html	mysql-8.0.22-manual:28a487480d39cc49
create_user	references/statements/account/user/create_user.md	account_lock_shape	T2	lock	edition_baseline	edition_baseline	static_reviewed	static_ready	mysql_native		https://dev.mysql.com/doc/refman/8.0/en/create-user.html	mysql-8.0.22-manual:28a487480d39cc49
create_user	references/statements/account/user/create_user.md	account_lock_shape	T2	unlock	edition_baseline	edition_baseline	static_reviewed	static_ready	mysql_native		https://dev.mysql.com/doc/refman/8.0/en/create-user.html	mysql-8.0.22-manual:28a487480d39cc49
create_user	references/statements/account/user/create_user.md	password_lifecycle_shape	T2	omitted	edition_baseline	edition_baseline	static_reviewed	static_ready	mysql_native		https://dev.mysql.com/doc/refman/8.0/en/create-user.html	mysql-8.0.22-manual:28a487480d39cc49
create_user	references/statements/account/user/create_user.md	password_lifecycle_shape	T2	password_expire	edition_baseline	edition_baseline	static_reviewed	static_ready	mysql_native		https://dev.mysql.com/doc/refman/8.0/en/create-user.html	mysql-8.0.22-manual:28a487480d39cc49
create_user	references/statements/account/user/create_user.md	password_lifecycle_shape	T2	password_history	edition_baseline	edition_baseline	static_reviewed	static_ready	mysql_native		https://dev.mysql.com/doc/refman/8.0/en/create-user.html	mysql-8.0.22-manual:28a487480d39cc49
create_user	references/statements/account/user/create_user.md	password_lifecycle_shape	T2	failed_login_attempts	edition_baseline	edition_baseline	static_reviewed	static_ready	mysql_native		https://dev.mysql.com/doc/refman/8.0/en/create-user.html	mysql-8.0.22-manual:28a487480d39cc49
drop_user	references/statements/account/user/drop_user.md	if_exists	T1	omitted	edition_baseline	edition_baseline	static_reviewed	static_ready	mysql_native		https://dev.mysql.com/doc/refman/8.0/en/drop-user.html	mysql-8.0.22-manual:7d13b0974f3350c7
drop_user	references/statements/account/user/drop_user.md	if_exists	T1	present	edition_baseline	edition_baseline	static_reviewed	static_ready	mysql_native		https://dev.mysql.com/doc/refman/8.0/en/drop-user.html	mysql-8.0.22-manual:7d13b0974f3350c7
drop_user	references/statements/account/user/drop_user.md	account_state	T1	exists	edition_baseline	edition_baseline	static_reviewed	static_ready	mysql_native		https://dev.mysql.com/doc/refman/8.0/en/drop-user.html	mysql-8.0.22-manual:7d13b0974f3350c7
drop_user	references/statements/account/user/drop_user.md	account_state	T1	missing	edition_baseline	edition_baseline	static_reviewed	static_ready	mysql_native		https://dev.mysql.com/doc/refman/8.0/en/drop-user.html	mysql-8.0.22-manual:7d13b0974f3350c7
drop_user	references/statements/account/user/drop_user.md	stored_object_dependency	T1	none	edition_baseline	edition_baseline	static_reviewed	static_ready	mysql_native		https://dev.mysql.com/doc/refman/8.0/en/drop-user.html	mysql-8.0.22-manual:7d13b0974f3350c7
drop_user	references/statements/account/user/drop_user.md	stored_object_dependency	T1	orphan_or_adopt_risk	edition_baseline	edition_baseline	static_reviewed	static_ready	mysql_native		https://dev.mysql.com/doc/refman/8.0/en/drop-user.html	mysql-8.0.22-manual:7d13b0974f3350c7
drop_user	references/statements/account/user/drop_user.md	expected_status	T1	success	edition_baseline	edition_baseline	static_reviewed	static_ready	mysql_native		https://dev.mysql.com/doc/refman/8.0/en/drop-user.html	mysql-8.0.22-manual:7d13b0974f3350c7
drop_user	references/statements/account/user/drop_user.md	expected_status	T1	failure	edition_baseline	edition_baseline	static_reviewed	static_ready	mysql_native		https://dev.mysql.com/doc/refman/8.0/en/drop-user.html	mysql-8.0.22-manual:7d13b0974f3350c7
rename_user	references/statements/account/user/rename_user.md	source_account_state	T1	exists	edition_baseline	edition_baseline	static_reviewed	static_ready	mysql_native		https://dev.mysql.com/doc/refman/8.0/en/rename-user.html	mysql-8.0.22-manual:496e95ff5d6ae76d
rename_user	references/statements/account/user/rename_user.md	source_account_state	T1	missing	edition_baseline	edition_baseline	static_reviewed	static_ready	mysql_native		https://dev.mysql.com/doc/refman/8.0/en/rename-user.html	mysql-8.0.22-manual:496e95ff5d6ae76d
rename_user	references/statements/account/user/rename_user.md	target_account_state	T1	missing	edition_baseline	edition_baseline	static_reviewed	static_ready	mysql_native		https://dev.mysql.com/doc/refman/8.0/en/rename-user.html	mysql-8.0.22-manual:496e95ff5d6ae76d
rename_user	references/statements/account/user/rename_user.md	target_account_state	T1	already_exists	edition_baseline	edition_baseline	static_reviewed	static_ready	mysql_native		https://dev.mysql.com/doc/refman/8.0/en/rename-user.html	mysql-8.0.22-manual:496e95ff5d6ae76d
rename_user	references/statements/account/user/rename_user.md	stored_object_dependency	T1	none	edition_baseline	edition_baseline	static_reviewed	static_ready	mysql_native		https://dev.mysql.com/doc/refman/8.0/en/rename-user.html	mysql-8.0.22-manual:496e95ff5d6ae76d
rename_user	references/statements/account/user/rename_user.md	stored_object_dependency	T1	orphan_or_adopt_risk	edition_baseline	edition_baseline	static_reviewed	static_ready	mysql_native		https://dev.mysql.com/doc/refman/8.0/en/rename-user.html	mysql-8.0.22-manual:496e95ff5d6ae76d
rename_user	references/statements/account/user/rename_user.md	expected_status	T1	success	edition_baseline	edition_baseline	static_reviewed	static_ready	mysql_native		https://dev.mysql.com/doc/refman/8.0/en/rename-user.html	mysql-8.0.22-manual:496e95ff5d6ae76d
rename_user	references/statements/account/user/rename_user.md	expected_status	T1	failure	edition_baseline	edition_baseline	static_reviewed	static_ready	mysql_native		https://dev.mysql.com/doc/refman/8.0/en/rename-user.html	mysql-8.0.22-manual:496e95ff5d6ae76d
set_password	references/statements/account/user/set_password.md	target_account_shape	T1	current_user	edition_baseline	edition_baseline	static_reviewed	static_ready	mysql_native		https://dev.mysql.com/doc/refman/8.0/en/set-password.html	mysql-8.0.22-manual:d7e1543dc9ec1724
set_password	references/statements/account/user/set_password.md	target_account_shape	T1	explicit_user	edition_baseline	edition_baseline	static_reviewed	static_ready	mysql_native		https://dev.mysql.com/doc/refman/8.0/en/set-password.html	mysql-8.0.22-manual:d7e1543dc9ec1724
set_password	references/statements/account/user/set_password.md	target_account_shape	T1	missing_user	edition_baseline	edition_baseline	static_reviewed	static_ready	mysql_native		https://dev.mysql.com/doc/refman/8.0/en/set-password.html	mysql-8.0.22-manual:d7e1543dc9ec1724
set_password	references/statements/account/user/set_password.md	password_shape	T1	plain_text_password	edition_baseline	edition_baseline	static_reviewed	static_ready	mysql_native		https://dev.mysql.com/doc/refman/8.0/en/set-password.html	mysql-8.0.22-manual:d7e1543dc9ec1724
set_password	references/statements/account/user/set_password.md	password_shape	T1	random_password	edition_baseline	edition_baseline	static_reviewed	static_ready	mysql_native		https://dev.mysql.com/doc/refman/8.0/en/set-password.html	mysql-8.0.22-manual:d7e1543dc9ec1724
set_password	references/statements/account/user/set_password.md	expected_status	T1	success	edition_baseline	edition_baseline	static_reviewed	static_ready	mysql_native		https://dev.mysql.com/doc/refman/8.0/en/set-password.html	mysql-8.0.22-manual:d7e1543dc9ec1724
set_password	references/statements/account/user/set_password.md	expected_status	T1	failure	edition_baseline	edition_baseline	static_reviewed	static_ready	mysql_native		https://dev.mysql.com/doc/refman/8.0/en/set-password.html	mysql-8.0.22-manual:d7e1543dc9ec1724
install_component	references/statements/admin/component/install_component.md	component_count	T1	single	edition_baseline	edition_baseline	static_reviewed	static_ready	mysql_native		https://dev.mysql.com/doc/refman/8.0/en/install-component.html	mysql-8.0.22-manual:2ccc5039f199df2c
install_component	references/statements/admin/component/install_component.md	component_count	T1	multiple	edition_baseline	edition_baseline	static_reviewed	static_ready	mysql_native		https://dev.mysql.com/doc/refman/8.0/en/install-component.html	mysql-8.0.22-manual:2ccc5039f199df2c
install_component	references/statements/admin/component/install_component.md	urn_shape	T1	valid_existing	edition_baseline	edition_baseline	static_reviewed	static_ready	mysql_native		https://dev.mysql.com/doc/refman/8.0/en/install-component.html	mysql-8.0.22-manual:2ccc5039f199df2c
install_component	references/statements/admin/component/install_component.md	urn_shape	T1	missing_component	edition_baseline	edition_baseline	static_reviewed	static_ready	mysql_native		https://dev.mysql.com/doc/refman/8.0/en/install-component.html	mysql-8.0.22-manual:2ccc5039f199df2c
install_component	references/statements/admin/component/install_component.md	urn_shape	T1	invalid_urn	edition_baseline	edition_baseline	static_reviewed	static_ready	mysql_native		https://dev.mysql.com/doc/refman/8.0/en/install-component.html	mysql-8.0.22-manual:2ccc5039f199df2c
install_component	references/statements/admin/component/install_component.md	expected_status	T1	success	edition_baseline	edition_baseline	static_reviewed	static_ready	mysql_native		https://dev.mysql.com/doc/refman/8.0/en/install-component.html	mysql-8.0.22-manual:2ccc5039f199df2c
install_component	references/statements/admin/component/install_component.md	expected_status	T1	failure	edition_baseline	edition_baseline	static_reviewed	static_ready	mysql_native		https://dev.mysql.com/doc/refman/8.0/en/install-component.html	mysql-8.0.22-manual:2ccc5039f199df2c
install_component	references/statements/admin/component/install_component.md	execution_mode	T5	safe_negative	edition_baseline	edition_baseline	static_reviewed	static_ready	mysql_native		https://dev.mysql.com/doc/refman/8.0/en/install-component.html	mysql-8.0.22-manual:2ccc5039f199df2c
install_component	references/statements/admin/component/install_component.md	execution_mode	T5	isolated_positive	edition_baseline	edition_baseline	static_reviewed	static_ready	mysql_native		https://dev.mysql.com/doc/refman/8.0/en/install-component.html	mysql-8.0.22-manual:2ccc5039f199df2c
install_component	references/statements/admin/component/install_component.md	execution_mode	T5	skip_dynamic_load	edition_baseline	edition_baseline	static_reviewed	static_ready	mysql_native		https://dev.mysql.com/doc/refman/8.0/en/install-component.html	mysql-8.0.22-manual:2ccc5039f199df2c
uninstall_component	references/statements/admin/component/uninstall_component.md	component_state	T1	installed_test_component	edition_baseline	edition_baseline	static_reviewed	static_ready	mysql_native		https://dev.mysql.com/doc/refman/8.0/en/uninstall-component.html	mysql-8.0.22-manual:22ad54eedbbb62f5
uninstall_component	references/statements/admin/component/uninstall_component.md	component_state	T1	missing	edition_baseline	edition_baseline	static_reviewed	static_ready	mysql_native		https://dev.mysql.com/doc/refman/8.0/en/uninstall-component.html	mysql-8.0.22-manual:22ad54eedbbb62f5
uninstall_component	references/statements/admin/component/uninstall_component.md	component_state	T1	protected_component	edition_baseline	edition_baseline	static_reviewed	static_ready	mysql_native		https://dev.mysql.com/doc/refman/8.0/en/uninstall-component.html	mysql-8.0.22-manual:22ad54eedbbb62f5
uninstall_component	references/statements/admin/component/uninstall_component.md	dependency_shape	T1	none	edition_baseline	edition_baseline	static_reviewed	static_ready	mysql_native		https://dev.mysql.com/doc/refman/8.0/en/uninstall-component.html	mysql-8.0.22-manual:22ad54eedbbb62f5
uninstall_component	references/statements/admin/component/uninstall_component.md	dependency_shape	T1	active_dependency	edition_baseline	edition_baseline	static_reviewed	static_ready	mysql_native		https://dev.mysql.com/doc/refman/8.0/en/uninstall-component.html	mysql-8.0.22-manual:22ad54eedbbb62f5
uninstall_component	references/statements/admin/component/uninstall_component.md	expected_status	T1	success	edition_baseline	edition_baseline	static_reviewed	static_ready	mysql_native		https://dev.mysql.com/doc/refman/8.0/en/uninstall-component.html	mysql-8.0.22-manual:22ad54eedbbb62f5
uninstall_component	references/statements/admin/component/uninstall_component.md	expected_status	T1	failure	edition_baseline	edition_baseline	static_reviewed	static_ready	mysql_native		https://dev.mysql.com/doc/refman/8.0/en/uninstall-component.html	mysql-8.0.22-manual:22ad54eedbbb62f5
uninstall_component	references/statements/admin/component/uninstall_component.md	execution_mode	T5	safe_negative	edition_baseline	edition_baseline	static_reviewed	static_ready	mysql_native		https://dev.mysql.com/doc/refman/8.0/en/uninstall-component.html	mysql-8.0.22-manual:22ad54eedbbb62f5
uninstall_component	references/statements/admin/component/uninstall_component.md	execution_mode	T5	isolated_positive	edition_baseline	edition_baseline	static_reviewed	static_ready	mysql_native		https://dev.mysql.com/doc/refman/8.0/en/uninstall-component.html	mysql-8.0.22-manual:22ad54eedbbb62f5
uninstall_component	references/statements/admin/component/uninstall_component.md	execution_mode	T5	skip_dynamic_load	edition_baseline	edition_baseline	static_reviewed	static_ready	mysql_native		https://dev.mysql.com/doc/refman/8.0/en/uninstall-component.html	mysql-8.0.22-manual:22ad54eedbbb62f5
alter_instance	references/statements/admin/instance/alter_instance.md	action_branch	T1	enable_redo_log	edition_baseline	edition_baseline	static_reviewed	static_ready	mysql_native		https://dev.mysql.com/doc/refman/8.0/en/alter-instance.html	mysql-8.0.22-manual:aa0eb396364b6770
alter_instance	references/statements/admin/instance/alter_instance.md	action_branch	T1	disable_redo_log	edition_baseline	edition_baseline	static_reviewed	static_ready	mysql_native		https://dev.mysql.com/doc/refman/8.0/en/alter-instance.html	mysql-8.0.22-manual:aa0eb396364b6770
alter_instance	references/statements/admin/instance/alter_instance.md	action_branch	T1	rotate_innodb_master_key	edition_baseline	edition_baseline	static_reviewed	static_ready	mysql_native		https://dev.mysql.com/doc/refman/8.0/en/alter-instance.html	mysql-8.0.22-manual:aa0eb396364b6770
alter_instance	references/statements/admin/instance/alter_instance.md	action_branch	T1	rotate_binlog_master_key	edition_baseline	edition_baseline	static_reviewed	static_ready	mysql_native		https://dev.mysql.com/doc/refman/8.0/en/alter-instance.html	mysql-8.0.22-manual:aa0eb396364b6770
alter_instance	references/statements/admin/instance/alter_instance.md	action_branch	T1	reload_tls	edition_baseline	edition_baseline	static_reviewed	static_ready	mysql_native		https://dev.mysql.com/doc/refman/8.0/en/alter-instance.html	mysql-8.0.22-manual:aa0eb396364b6770
alter_instance	references/statements/admin/instance/alter_instance.md	privilege_state	T1	has_required_privilege	edition_baseline	edition_baseline	static_reviewed	static_ready	mysql_native		https://dev.mysql.com/doc/refman/8.0/en/alter-instance.html	mysql-8.0.22-manual:aa0eb396364b6770
alter_instance	references/statements/admin/instance/alter_instance.md	privilege_state	T1	missing_required_privilege	edition_baseline	edition_baseline	static_reviewed	static_ready	mysql_native		https://dev.mysql.com/doc/refman/8.0/en/alter-instance.html	mysql-8.0.22-manual:aa0eb396364b6770
alter_instance	references/statements/admin/instance/alter_instance.md	expected_status	T1	success	edition_baseline	edition_baseline	static_reviewed	static_ready	mysql_native		https://dev.mysql.com/doc/refman/8.0/en/alter-instance.html	mysql-8.0.22-manual:aa0eb396364b6770
alter_instance	references/statements/admin/instance/alter_instance.md	expected_status	T1	failure	edition_baseline	edition_baseline	static_reviewed	static_ready	mysql_native		https://dev.mysql.com/doc/refman/8.0/en/alter-instance.html	mysql-8.0.22-manual:aa0eb396364b6770
alter_instance	references/statements/admin/instance/alter_instance.md	execution_mode	T5	safe_negative	edition_baseline	edition_baseline	static_reviewed	static_ready	mysql_native		https://dev.mysql.com/doc/refman/8.0/en/alter-instance.html	mysql-8.0.22-manual:aa0eb396364b6770
alter_instance	references/statements/admin/instance/alter_instance.md	execution_mode	T5	isolated_positive	edition_baseline	edition_baseline	static_reviewed	static_ready	mysql_native		https://dev.mysql.com/doc/refman/8.0/en/alter-instance.html	mysql-8.0.22-manual:aa0eb396364b6770
alter_instance	references/statements/admin/instance/alter_instance.md	execution_mode	T5	skip_destructive	edition_baseline	edition_baseline	static_reviewed	static_ready	mysql_native		https://dev.mysql.com/doc/refman/8.0/en/alter-instance.html	mysql-8.0.22-manual:aa0eb396364b6770
create_function_loadable	references/statements/admin/loadable_function/create_function_loadable.md	aggregate_keyword	T1	omitted	edition_baseline	edition_baseline	static_reviewed	static_ready	mysql_native		https://dev.mysql.com/doc/refman/8.0/en/create-function-loadable.html	mysql-8.0.22-manual:849ed1321b381cd3
create_function_loadable	references/statements/admin/loadable_function/create_function_loadable.md	aggregate_keyword	T1	aggregate	edition_baseline	edition_baseline	static_reviewed	static_ready	mysql_native		https://dev.mysql.com/doc/refman/8.0/en/create-function-loadable.html	mysql-8.0.22-manual:849ed1321b381cd3
create_function_loadable	references/statements/admin/loadable_function/create_function_loadable.md	return_type	T1	string	edition_baseline	edition_baseline	static_reviewed	static_ready	mysql_native		https://dev.mysql.com/doc/refman/8.0/en/create-function-loadable.html	mysql-8.0.22-manual:849ed1321b381cd3
create_function_loadable	references/statements/admin/loadable_function/create_function_loadable.md	return_type	T1	integer	edition_baseline	edition_baseline	static_reviewed	static_ready	mysql_native		https://dev.mysql.com/doc/refman/8.0/en/create-function-loadable.html	mysql-8.0.22-manual:849ed1321b381cd3
create_function_loadable	references/statements/admin/loadable_function/create_function_loadable.md	return_type	T1	real	edition_baseline	edition_baseline	static_reviewed	static_ready	mysql_native		https://dev.mysql.com/doc/refman/8.0/en/create-function-loadable.html	mysql-8.0.22-manual:849ed1321b381cd3
create_function_loadable	references/statements/admin/loadable_function/create_function_loadable.md	return_type	T1	decimal	edition_baseline	edition_baseline	static_reviewed	static_ready	mysql_native		https://dev.mysql.com/doc/refman/8.0/en/create-function-loadable.html	mysql-8.0.22-manual:849ed1321b381cd3
create_function_loadable	references/statements/admin/loadable_function/create_function_loadable.md	soname_shape	T1	existing_library	edition_baseline	edition_baseline	static_reviewed	static_ready	mysql_native		https://dev.mysql.com/doc/refman/8.0/en/create-function-loadable.html	mysql-8.0.22-manual:849ed1321b381cd3
create_function_loadable	references/statements/admin/loadable_function/create_function_loadable.md	soname_shape	T1	missing_library	edition_baseline	edition_baseline	static_reviewed	static_ready	mysql_native		https://dev.mysql.com/doc/refman/8.0/en/create-function-loadable.html	mysql-8.0.22-manual:849ed1321b381cd3
create_function_loadable	references/statements/admin/loadable_function/create_function_loadable.md	soname_shape	T1	invalid_soname	edition_baseline	edition_baseline	static_reviewed	static_ready	mysql_native		https://dev.mysql.com/doc/refman/8.0/en/create-function-loadable.html	mysql-8.0.22-manual:849ed1321b381cd3
create_function_loadable	references/statements/admin/loadable_function/create_function_loadable.md	expected_status	T1	success	edition_baseline	edition_baseline	static_reviewed	static_ready	mysql_native		https://dev.mysql.com/doc/refman/8.0/en/create-function-loadable.html	mysql-8.0.22-manual:849ed1321b381cd3
create_function_loadable	references/statements/admin/loadable_function/create_function_loadable.md	expected_status	T1	failure	edition_baseline	edition_baseline	static_reviewed	static_ready	mysql_native		https://dev.mysql.com/doc/refman/8.0/en/create-function-loadable.html	mysql-8.0.22-manual:849ed1321b381cd3
create_function_loadable	references/statements/admin/loadable_function/create_function_loadable.md	execution_mode	T5	safe_negative	edition_baseline	edition_baseline	static_reviewed	static_ready	mysql_native		https://dev.mysql.com/doc/refman/8.0/en/create-function-loadable.html	mysql-8.0.22-manual:849ed1321b381cd3
create_function_loadable	references/statements/admin/loadable_function/create_function_loadable.md	execution_mode	T5	isolated_positive	edition_baseline	edition_baseline	static_reviewed	static_ready	mysql_native		https://dev.mysql.com/doc/refman/8.0/en/create-function-loadable.html	mysql-8.0.22-manual:849ed1321b381cd3
create_function_loadable	references/statements/admin/loadable_function/create_function_loadable.md	execution_mode	T5	skip_dynamic_load	edition_baseline	edition_baseline	static_reviewed	static_ready	mysql_native		https://dev.mysql.com/doc/refman/8.0/en/create-function-loadable.html	mysql-8.0.22-manual:849ed1321b381cd3
drop_function_loadable	references/statements/admin/loadable_function/drop_function_loadable.md	function_state	T1	registered_test_function	edition_baseline	edition_baseline	static_reviewed	static_ready	mysql_native		https://dev.mysql.com/doc/refman/8.0/en/drop-function-loadable.html	mysql-8.0.22-manual:65291b1e91f62c8b
drop_function_loadable	references/statements/admin/loadable_function/drop_function_loadable.md	function_state	T1	missing	edition_baseline	edition_baseline	static_reviewed	static_ready	mysql_native		https://dev.mysql.com/doc/refman/8.0/en/drop-function-loadable.html	mysql-8.0.22-manual:65291b1e91f62c8b
drop_function_loadable	references/statements/admin/loadable_function/drop_function_loadable.md	function_state	T1	builtin_or_stored_function	edition_baseline	edition_baseline	static_reviewed	static_ready	mysql_native		https://dev.mysql.com/doc/refman/8.0/en/drop-function-loadable.html	mysql-8.0.22-manual:65291b1e91f62c8b
drop_function_loadable	references/statements/admin/loadable_function/drop_function_loadable.md	privilege_context	T1	has_required_privilege	edition_baseline	edition_baseline	static_reviewed	static_ready	mysql_native		https://dev.mysql.com/doc/refman/8.0/en/drop-function-loadable.html	mysql-8.0.22-manual:65291b1e91f62c8b
drop_function_loadable	references/statements/admin/loadable_function/drop_function_loadable.md	privilege_context	T1	missing_required_privilege	edition_baseline	edition_baseline	static_reviewed	static_ready	mysql_native		https://dev.mysql.com/doc/refman/8.0/en/drop-function-loadable.html	mysql-8.0.22-manual:65291b1e91f62c8b
drop_function_loadable	references/statements/admin/loadable_function/drop_function_loadable.md	expected_status	T1	success	edition_baseline	edition_baseline	static_reviewed	static_ready	mysql_native		https://dev.mysql.com/doc/refman/8.0/en/drop-function-loadable.html	mysql-8.0.22-manual:65291b1e91f62c8b
drop_function_loadable	references/statements/admin/loadable_function/drop_function_loadable.md	expected_status	T1	failure	edition_baseline	edition_baseline	static_reviewed	static_ready	mysql_native		https://dev.mysql.com/doc/refman/8.0/en/drop-function-loadable.html	mysql-8.0.22-manual:65291b1e91f62c8b
drop_function_loadable	references/statements/admin/loadable_function/drop_function_loadable.md	execution_mode	T5	safe_negative	edition_baseline	edition_baseline	static_reviewed	static_ready	mysql_native		https://dev.mysql.com/doc/refman/8.0/en/drop-function-loadable.html	mysql-8.0.22-manual:65291b1e91f62c8b
drop_function_loadable	references/statements/admin/loadable_function/drop_function_loadable.md	execution_mode	T5	isolated_positive	edition_baseline	edition_baseline	static_reviewed	static_ready	mysql_native		https://dev.mysql.com/doc/refman/8.0/en/drop-function-loadable.html	mysql-8.0.22-manual:65291b1e91f62c8b
drop_function_loadable	references/statements/admin/loadable_function/drop_function_loadable.md	execution_mode	T5	skip_dynamic_load	edition_baseline	edition_baseline	static_reviewed	static_ready	mysql_native		https://dev.mysql.com/doc/refman/8.0/en/drop-function-loadable.html	mysql-8.0.22-manual:65291b1e91f62c8b
install_plugin	references/statements/admin/plugin/install_plugin.md	plugin_state	T1	not_installed	edition_baseline	edition_baseline	static_reviewed	static_ready	mysql_native		https://dev.mysql.com/doc/refman/8.0/en/install-plugin.html	mysql-8.0.22-manual:b8509b684c2f7764
install_plugin	references/statements/admin/plugin/install_plugin.md	plugin_state	T1	already_installed	edition_baseline	edition_baseline	static_reviewed	static_ready	mysql_native		https://dev.mysql.com/doc/refman/8.0/en/install-plugin.html	mysql-8.0.22-manual:b8509b684c2f7764
install_plugin	references/statements/admin/plugin/install_plugin.md	library_shape	T1	existing_library	edition_baseline	edition_baseline	static_reviewed	static_ready	mysql_native		https://dev.mysql.com/doc/refman/8.0/en/install-plugin.html	mysql-8.0.22-manual:b8509b684c2f7764
install_plugin	references/statements/admin/plugin/install_plugin.md	library_shape	T1	missing_library	edition_baseline	edition_baseline	static_reviewed	static_ready	mysql_native		https://dev.mysql.com/doc/refman/8.0/en/install-plugin.html	mysql-8.0.22-manual:b8509b684c2f7764
install_plugin	references/statements/admin/plugin/install_plugin.md	library_shape	T1	invalid_soname	edition_baseline	edition_baseline	static_reviewed	static_ready	mysql_native		https://dev.mysql.com/doc/refman/8.0/en/install-plugin.html	mysql-8.0.22-manual:b8509b684c2f7764
install_plugin	references/statements/admin/plugin/install_plugin.md	expected_status	T1	success	edition_baseline	edition_baseline	static_reviewed	static_ready	mysql_native		https://dev.mysql.com/doc/refman/8.0/en/install-plugin.html	mysql-8.0.22-manual:b8509b684c2f7764
install_plugin	references/statements/admin/plugin/install_plugin.md	expected_status	T1	failure	edition_baseline	edition_baseline	static_reviewed	static_ready	mysql_native		https://dev.mysql.com/doc/refman/8.0/en/install-plugin.html	mysql-8.0.22-manual:b8509b684c2f7764
install_plugin	references/statements/admin/plugin/install_plugin.md	execution_mode	T5	safe_negative	edition_baseline	edition_baseline	static_reviewed	static_ready	mysql_native		https://dev.mysql.com/doc/refman/8.0/en/install-plugin.html	mysql-8.0.22-manual:b8509b684c2f7764
install_plugin	references/statements/admin/plugin/install_plugin.md	execution_mode	T5	isolated_positive	edition_baseline	edition_baseline	static_reviewed	static_ready	mysql_native		https://dev.mysql.com/doc/refman/8.0/en/install-plugin.html	mysql-8.0.22-manual:b8509b684c2f7764
install_plugin	references/statements/admin/plugin/install_plugin.md	execution_mode	T5	skip_dynamic_load	edition_baseline	edition_baseline	static_reviewed	static_ready	mysql_native		https://dev.mysql.com/doc/refman/8.0/en/install-plugin.html	mysql-8.0.22-manual:b8509b684c2f7764
uninstall_plugin	references/statements/admin/plugin/uninstall_plugin.md	plugin_state	T1	installed_test_plugin	edition_baseline	edition_baseline	static_reviewed	static_ready	mysql_native		https://dev.mysql.com/doc/refman/8.0/en/uninstall-plugin.html	mysql-8.0.22-manual:9282ec8cfeefa81b
uninstall_plugin	references/statements/admin/plugin/uninstall_plugin.md	plugin_state	T1	missing	edition_baseline	edition_baseline	static_reviewed	static_ready	mysql_native		https://dev.mysql.com/doc/refman/8.0/en/uninstall-plugin.html	mysql-8.0.22-manual:9282ec8cfeefa81b
uninstall_plugin	references/statements/admin/plugin/uninstall_plugin.md	plugin_state	T1	builtin_or_protected	edition_baseline	edition_baseline	static_reviewed	static_ready	mysql_native		https://dev.mysql.com/doc/refman/8.0/en/uninstall-plugin.html	mysql-8.0.22-manual:9282ec8cfeefa81b
uninstall_plugin	references/statements/admin/plugin/uninstall_plugin.md	dependency_shape	T1	none	edition_baseline	edition_baseline	static_reviewed	static_ready	mysql_native		https://dev.mysql.com/doc/refman/8.0/en/uninstall-plugin.html	mysql-8.0.22-manual:9282ec8cfeefa81b
uninstall_plugin	references/statements/admin/plugin/uninstall_plugin.md	dependency_shape	T1	active_dependency	edition_baseline	edition_baseline	static_reviewed	static_ready	mysql_native		https://dev.mysql.com/doc/refman/8.0/en/uninstall-plugin.html	mysql-8.0.22-manual:9282ec8cfeefa81b
uninstall_plugin	references/statements/admin/plugin/uninstall_plugin.md	expected_status	T1	success	edition_baseline	edition_baseline	static_reviewed	static_ready	mysql_native		https://dev.mysql.com/doc/refman/8.0/en/uninstall-plugin.html	mysql-8.0.22-manual:9282ec8cfeefa81b
uninstall_plugin	references/statements/admin/plugin/uninstall_plugin.md	expected_status	T1	failure	edition_baseline	edition_baseline	static_reviewed	static_ready	mysql_native		https://dev.mysql.com/doc/refman/8.0/en/uninstall-plugin.html	mysql-8.0.22-manual:9282ec8cfeefa81b
uninstall_plugin	references/statements/admin/plugin/uninstall_plugin.md	execution_mode	T5	safe_negative	edition_baseline	edition_baseline	static_reviewed	static_ready	mysql_native		https://dev.mysql.com/doc/refman/8.0/en/uninstall-plugin.html	mysql-8.0.22-manual:9282ec8cfeefa81b
uninstall_plugin	references/statements/admin/plugin/uninstall_plugin.md	execution_mode	T5	isolated_positive	edition_baseline	edition_baseline	static_reviewed	static_ready	mysql_native		https://dev.mysql.com/doc/refman/8.0/en/uninstall-plugin.html	mysql-8.0.22-manual:9282ec8cfeefa81b
uninstall_plugin	references/statements/admin/plugin/uninstall_plugin.md	execution_mode	T5	skip_dynamic_load	edition_baseline	edition_baseline	static_reviewed	static_ready	mysql_native		https://dev.mysql.com/doc/refman/8.0/en/uninstall-plugin.html	mysql-8.0.22-manual:9282ec8cfeefa81b
alter_resource_group	references/statements/admin/resource_group/alter_resource_group.md	group_state	T1	exists	edition_baseline	edition_baseline	static_reviewed	static_ready	mysql_native		https://dev.mysql.com/doc/refman/8.0/en/alter-resource-group.html	mysql-8.0.22-manual:856f84f6237cd6e5
alter_resource_group	references/statements/admin/resource_group/alter_resource_group.md	group_state	T1	missing	edition_baseline	edition_baseline	static_reviewed	static_ready	mysql_native		https://dev.mysql.com/doc/refman/8.0/en/alter-resource-group.html	mysql-8.0.22-manual:856f84f6237cd6e5
alter_resource_group	references/statements/admin/resource_group/alter_resource_group.md	group_state	T1	builtin_group	edition_baseline	edition_baseline	static_reviewed	static_ready	mysql_native		https://dev.mysql.com/doc/refman/8.0/en/alter-resource-group.html	mysql-8.0.22-manual:856f84f6237cd6e5
alter_resource_group	references/statements/admin/resource_group/alter_resource_group.md	alteration_shape	T1	change_vcpu	edition_baseline	edition_baseline	static_reviewed	static_ready	mysql_native		https://dev.mysql.com/doc/refman/8.0/en/alter-resource-group.html	mysql-8.0.22-manual:856f84f6237cd6e5
alter_resource_group	references/statements/admin/resource_group/alter_resource_group.md	alteration_shape	T1	change_priority	edition_baseline	edition_baseline	static_reviewed	static_ready	mysql_native		https://dev.mysql.com/doc/refman/8.0/en/alter-resource-group.html	mysql-8.0.22-manual:856f84f6237cd6e5
alter_resource_group	references/statements/admin/resource_group/alter_resource_group.md	alteration_shape	T1	enable_disable	edition_baseline	edition_baseline	static_reviewed	static_ready	mysql_native		https://dev.mysql.com/doc/refman/8.0/en/alter-resource-group.html	mysql-8.0.22-manual:856f84f6237cd6e5
alter_resource_group	references/statements/admin/resource_group/alter_resource_group.md	alteration_shape	T1	force	edition_baseline	edition_baseline	static_reviewed	static_ready	mysql_native		https://dev.mysql.com/doc/refman/8.0/en/alter-resource-group.html	mysql-8.0.22-manual:856f84f6237cd6e5
alter_resource_group	references/statements/admin/resource_group/alter_resource_group.md	expected_status	T1	success	edition_baseline	edition_baseline	static_reviewed	static_ready	mysql_native		https://dev.mysql.com/doc/refman/8.0/en/alter-resource-group.html	mysql-8.0.22-manual:856f84f6237cd6e5
alter_resource_group	references/statements/admin/resource_group/alter_resource_group.md	expected_status	T1	failure	edition_baseline	edition_baseline	static_reviewed	static_ready	mysql_native		https://dev.mysql.com/doc/refman/8.0/en/alter-resource-group.html	mysql-8.0.22-manual:856f84f6237cd6e5
alter_resource_group	references/statements/admin/resource_group/alter_resource_group.md	execution_mode	T5	metadata_only	edition_baseline	edition_baseline	static_reviewed	static_ready	mysql_native		https://dev.mysql.com/doc/refman/8.0/en/alter-resource-group.html	mysql-8.0.22-manual:856f84f6237cd6e5
alter_resource_group	references/statements/admin/resource_group/alter_resource_group.md	execution_mode	T5	isolated_positive	edition_baseline	edition_baseline	static_reviewed	static_ready	mysql_native		https://dev.mysql.com/doc/refman/8.0/en/alter-resource-group.html	mysql-8.0.22-manual:856f84f6237cd6e5
alter_resource_group	references/statements/admin/resource_group/alter_resource_group.md	execution_mode	T5	safe_negative	edition_baseline	edition_baseline	static_reviewed	static_ready	mysql_native		https://dev.mysql.com/doc/refman/8.0/en/alter-resource-group.html	mysql-8.0.22-manual:856f84f6237cd6e5
create_resource_group	references/statements/admin/resource_group/create_resource_group.md	group_type	T1	system	edition_baseline	edition_baseline	static_reviewed	static_ready	mysql_native		https://dev.mysql.com/doc/refman/8.0/en/create-resource-group.html	mysql-8.0.22-manual:ebdb1c2871e650bc
create_resource_group	references/statements/admin/resource_group/create_resource_group.md	group_type	T1	user	edition_baseline	edition_baseline	static_reviewed	static_ready	mysql_native		https://dev.mysql.com/doc/refman/8.0/en/create-resource-group.html	mysql-8.0.22-manual:ebdb1c2871e650bc
create_resource_group	references/statements/admin/resource_group/create_resource_group.md	vcpu_shape	T1	omitted	edition_baseline	edition_baseline	static_reviewed	static_ready	mysql_native		https://dev.mysql.com/doc/refman/8.0/en/create-resource-group.html	mysql-8.0.22-manual:ebdb1c2871e650bc
create_resource_group	references/statements/admin/resource_group/create_resource_group.md	vcpu_shape	T1	single_cpu	edition_baseline	edition_baseline	static_reviewed	static_ready	mysql_native		https://dev.mysql.com/doc/refman/8.0/en/create-resource-group.html	mysql-8.0.22-manual:ebdb1c2871e650bc
create_resource_group	references/statements/admin/resource_group/create_resource_group.md	vcpu_shape	T1	range	edition_baseline	edition_baseline	static_reviewed	static_ready	mysql_native		https://dev.mysql.com/doc/refman/8.0/en/create-resource-group.html	mysql-8.0.22-manual:ebdb1c2871e650bc
create_resource_group	references/statements/admin/resource_group/create_resource_group.md	vcpu_shape	T1	invalid_cpu	edition_baseline	edition_baseline	static_reviewed	static_ready	mysql_native		https://dev.mysql.com/doc/refman/8.0/en/create-resource-group.html	mysql-8.0.22-manual:ebdb1c2871e650bc
create_resource_group	references/statements/admin/resource_group/create_resource_group.md	expected_status	T1	success	edition_baseline	edition_baseline	static_reviewed	static_ready	mysql_native		https://dev.mysql.com/doc/refman/8.0/en/create-resource-group.html	mysql-8.0.22-manual:ebdb1c2871e650bc
create_resource_group	references/statements/admin/resource_group/create_resource_group.md	expected_status	T1	failure	edition_baseline	edition_baseline	static_reviewed	static_ready	mysql_native		https://dev.mysql.com/doc/refman/8.0/en/create-resource-group.html	mysql-8.0.22-manual:ebdb1c2871e650bc
create_resource_group	references/statements/admin/resource_group/create_resource_group.md	execution_mode	T5	metadata_only	edition_baseline	edition_baseline	static_reviewed	static_ready	mysql_native		https://dev.mysql.com/doc/refman/8.0/en/create-resource-group.html	mysql-8.0.22-manual:ebdb1c2871e650bc
create_resource_group	references/statements/admin/resource_group/create_resource_group.md	execution_mode	T5	isolated_positive	edition_baseline	edition_baseline	static_reviewed	static_ready	mysql_native		https://dev.mysql.com/doc/refman/8.0/en/create-resource-group.html	mysql-8.0.22-manual:ebdb1c2871e650bc
create_resource_group	references/statements/admin/resource_group/create_resource_group.md	execution_mode	T5	safe_negative	edition_baseline	edition_baseline	static_reviewed	static_ready	mysql_native		https://dev.mysql.com/doc/refman/8.0/en/create-resource-group.html	mysql-8.0.22-manual:ebdb1c2871e650bc
drop_resource_group	references/statements/admin/resource_group/drop_resource_group.md	group_state	T1	exists	edition_baseline	edition_baseline	static_reviewed	static_ready	mysql_native		https://dev.mysql.com/doc/refman/8.0/en/drop-resource-group.html	mysql-8.0.22-manual:e6659875fdd6f001
drop_resource_group	references/statements/admin/resource_group/drop_resource_group.md	group_state	T1	missing	edition_baseline	edition_baseline	static_reviewed	static_ready	mysql_native		https://dev.mysql.com/doc/refman/8.0/en/drop-resource-group.html	mysql-8.0.22-manual:e6659875fdd6f001
drop_resource_group	references/statements/admin/resource_group/drop_resource_group.md	group_state	T1	assigned_threads	edition_baseline	edition_baseline	static_reviewed	static_ready	mysql_native		https://dev.mysql.com/doc/refman/8.0/en/drop-resource-group.html	mysql-8.0.22-manual:e6659875fdd6f001
drop_resource_group	references/statements/admin/resource_group/drop_resource_group.md	group_state	T1	builtin_group	edition_baseline	edition_baseline	static_reviewed	static_ready	mysql_native		https://dev.mysql.com/doc/refman/8.0/en/drop-resource-group.html	mysql-8.0.22-manual:e6659875fdd6f001
drop_resource_group	references/statements/admin/resource_group/drop_resource_group.md	force_shape	T1	omitted	edition_baseline	edition_baseline	static_reviewed	static_ready	mysql_native		https://dev.mysql.com/doc/refman/8.0/en/drop-resource-group.html	mysql-8.0.22-manual:e6659875fdd6f001
drop_resource_group	references/statements/admin/resource_group/drop_resource_group.md	force_shape	T1	force	edition_baseline	edition_baseline	static_reviewed	static_ready	mysql_native		https://dev.mysql.com/doc/refman/8.0/en/drop-resource-group.html	mysql-8.0.22-manual:e6659875fdd6f001
drop_resource_group	references/statements/admin/resource_group/drop_resource_group.md	expected_status	T1	success	edition_baseline	edition_baseline	static_reviewed	static_ready	mysql_native		https://dev.mysql.com/doc/refman/8.0/en/drop-resource-group.html	mysql-8.0.22-manual:e6659875fdd6f001
drop_resource_group	references/statements/admin/resource_group/drop_resource_group.md	expected_status	T1	failure	edition_baseline	edition_baseline	static_reviewed	static_ready	mysql_native		https://dev.mysql.com/doc/refman/8.0/en/drop-resource-group.html	mysql-8.0.22-manual:e6659875fdd6f001
drop_resource_group	references/statements/admin/resource_group/drop_resource_group.md	execution_mode	T5	metadata_only	edition_baseline	edition_baseline	static_reviewed	static_ready	mysql_native		https://dev.mysql.com/doc/refman/8.0/en/drop-resource-group.html	mysql-8.0.22-manual:e6659875fdd6f001
drop_resource_group	references/statements/admin/resource_group/drop_resource_group.md	execution_mode	T5	isolated_positive	edition_baseline	edition_baseline	static_reviewed	static_ready	mysql_native		https://dev.mysql.com/doc/refman/8.0/en/drop-resource-group.html	mysql-8.0.22-manual:e6659875fdd6f001
drop_resource_group	references/statements/admin/resource_group/drop_resource_group.md	execution_mode	T5	safe_negative	edition_baseline	edition_baseline	static_reviewed	static_ready	mysql_native		https://dev.mysql.com/doc/refman/8.0/en/drop-resource-group.html	mysql-8.0.22-manual:e6659875fdd6f001
set_resource_group	references/statements/admin/resource_group/set_resource_group.md	assignment_target	T1	current_thread	edition_baseline	edition_baseline	static_reviewed	static_ready	mysql_native		https://dev.mysql.com/doc/refman/8.0/en/set-resource-group.html	mysql-8.0.22-manual:fa78473506d483ad
set_resource_group	references/statements/admin/resource_group/set_resource_group.md	assignment_target	T1	explicit_thread	edition_baseline	edition_baseline	static_reviewed	static_ready	mysql_native		https://dev.mysql.com/doc/refman/8.0/en/set-resource-group.html	mysql-8.0.22-manual:fa78473506d483ad
set_resource_group	references/statements/admin/resource_group/set_resource_group.md	assignment_target	T1	invalid_thread	edition_baseline	edition_baseline	static_reviewed	static_ready	mysql_native		https://dev.mysql.com/doc/refman/8.0/en/set-resource-group.html	mysql-8.0.22-manual:fa78473506d483ad
set_resource_group	references/statements/admin/resource_group/set_resource_group.md	group_state	T1	exists	edition_baseline	edition_baseline	static_reviewed	static_ready	mysql_native		https://dev.mysql.com/doc/refman/8.0/en/set-resource-group.html	mysql-8.0.22-manual:fa78473506d483ad
set_resource_group	references/statements/admin/resource_group/set_resource_group.md	group_state	T1	missing	edition_baseline	edition_baseline	static_reviewed	static_ready	mysql_native		https://dev.mysql.com/doc/refman/8.0/en/set-resource-group.html	mysql-8.0.22-manual:fa78473506d483ad
set_resource_group	references/statements/admin/resource_group/set_resource_group.md	group_state	T1	disabled_group	edition_baseline	edition_baseline	static_reviewed	static_ready	mysql_native		https://dev.mysql.com/doc/refman/8.0/en/set-resource-group.html	mysql-8.0.22-manual:fa78473506d483ad
set_resource_group	references/statements/admin/resource_group/set_resource_group.md	expected_status	T1	success	edition_baseline	edition_baseline	static_reviewed	static_ready	mysql_native		https://dev.mysql.com/doc/refman/8.0/en/set-resource-group.html	mysql-8.0.22-manual:fa78473506d483ad
set_resource_group	references/statements/admin/resource_group/set_resource_group.md	expected_status	T1	failure	edition_baseline	edition_baseline	static_reviewed	static_ready	mysql_native		https://dev.mysql.com/doc/refman/8.0/en/set-resource-group.html	mysql-8.0.22-manual:fa78473506d483ad
set_resource_group	references/statements/admin/resource_group/set_resource_group.md	execution_mode	T5	metadata_only	edition_baseline	edition_baseline	static_reviewed	static_ready	mysql_native		https://dev.mysql.com/doc/refman/8.0/en/set-resource-group.html	mysql-8.0.22-manual:fa78473506d483ad
set_resource_group	references/statements/admin/resource_group/set_resource_group.md	execution_mode	T5	isolated_positive	edition_baseline	edition_baseline	static_reviewed	static_ready	mysql_native		https://dev.mysql.com/doc/refman/8.0/en/set-resource-group.html	mysql-8.0.22-manual:fa78473506d483ad
set_resource_group	references/statements/admin/resource_group/set_resource_group.md	execution_mode	T5	safe_negative	edition_baseline	edition_baseline	static_reviewed	static_ready	mysql_native		https://dev.mysql.com/doc/refman/8.0/en/set-resource-group.html	mysql-8.0.22-manual:fa78473506d483ad
flush	references/statements/admin/server/flush.md	flush_option	T1	binary_logs	edition_baseline	edition_baseline	static_reviewed	static_ready	mysql_native		https://dev.mysql.com/doc/refman/8.0/en/flush.html	mysql-8.0.22-manual:b6b4592f588f79e9
flush	references/statements/admin/server/flush.md	flush_option	T1	engine_logs	edition_baseline	edition_baseline	static_reviewed	static_ready	mysql_native		https://dev.mysql.com/doc/refman/8.0/en/flush.html	mysql-8.0.22-manual:b6b4592f588f79e9
flush	references/statements/admin/server/flush.md	flush_option	T1	error_logs	edition_baseline	edition_baseline	static_reviewed	static_ready	mysql_native		https://dev.mysql.com/doc/refman/8.0/en/flush.html	mysql-8.0.22-manual:b6b4592f588f79e9
flush	references/statements/admin/server/flush.md	flush_option	T1	general_logs	edition_baseline	edition_baseline	static_reviewed	static_ready	mysql_native		https://dev.mysql.com/doc/refman/8.0/en/flush.html	mysql-8.0.22-manual:b6b4592f588f79e9
flush	references/statements/admin/server/flush.md	flush_option	T1	hosts	edition_baseline	edition_baseline	static_reviewed	static_ready	mysql_native		https://dev.mysql.com/doc/refman/8.0/en/flush.html	mysql-8.0.22-manual:b6b4592f588f79e9
flush	references/statements/admin/server/flush.md	flush_option	T1	logs	edition_baseline	edition_baseline	static_reviewed	static_ready	mysql_native		https://dev.mysql.com/doc/refman/8.0/en/flush.html	mysql-8.0.22-manual:b6b4592f588f79e9
flush	references/statements/admin/server/flush.md	flush_option	T1	optimizer_costs	edition_baseline	edition_baseline	static_reviewed	static_ready	mysql_native		https://dev.mysql.com/doc/refman/8.0/en/flush.html	mysql-8.0.22-manual:b6b4592f588f79e9
flush	references/statements/admin/server/flush.md	flush_option	T1	privileges	edition_baseline	edition_baseline	static_reviewed	static_ready	mysql_native		https://dev.mysql.com/doc/refman/8.0/en/flush.html	mysql-8.0.22-manual:b6b4592f588f79e9
flush	references/statements/admin/server/flush.md	flush_option	T1	status	edition_baseline	edition_baseline	static_reviewed	static_ready	mysql_native		https://dev.mysql.com/doc/refman/8.0/en/flush.html	mysql-8.0.22-manual:b6b4592f588f79e9
flush	references/statements/admin/server/flush.md	flush_option	T1	user_resources	edition_baseline	edition_baseline	static_reviewed	static_ready	mysql_native		https://dev.mysql.com/doc/refman/8.0/en/flush.html	mysql-8.0.22-manual:b6b4592f588f79e9
flush	references/statements/admin/server/flush.md	flush_option	T1	tables	edition_baseline	edition_baseline	static_reviewed	static_ready	mysql_native		https://dev.mysql.com/doc/refman/8.0/en/flush.html	mysql-8.0.22-manual:b6b4592f588f79e9
flush	references/statements/admin/server/flush.md	binlog_modifier	T1	omitted	edition_baseline	edition_baseline	static_reviewed	static_ready	mysql_native		https://dev.mysql.com/doc/refman/8.0/en/flush.html	mysql-8.0.22-manual:b6b4592f588f79e9
flush	references/statements/admin/server/flush.md	binlog_modifier	T1	no_write_to_binlog	edition_baseline	edition_baseline	static_reviewed	static_ready	mysql_native		https://dev.mysql.com/doc/refman/8.0/en/flush.html	mysql-8.0.22-manual:b6b4592f588f79e9
flush	references/statements/admin/server/flush.md	binlog_modifier	T1	local	edition_baseline	edition_baseline	static_reviewed	static_ready	mysql_native		https://dev.mysql.com/doc/refman/8.0/en/flush.html	mysql-8.0.22-manual:b6b4592f588f79e9
flush	references/statements/admin/server/flush.md	expected_status	T1	success	edition_baseline	edition_baseline	static_reviewed	static_ready	mysql_native		https://dev.mysql.com/doc/refman/8.0/en/flush.html	mysql-8.0.22-manual:b6b4592f588f79e9
flush	references/statements/admin/server/flush.md	expected_status	T1	failure	edition_baseline	edition_baseline	static_reviewed	static_ready	mysql_native		https://dev.mysql.com/doc/refman/8.0/en/flush.html	mysql-8.0.22-manual:b6b4592f588f79e9
flush	references/statements/admin/server/flush.md	table_flush_shape	T2	not_tables	edition_baseline	edition_baseline	static_reviewed	static_ready	mysql_native		https://dev.mysql.com/doc/refman/8.0/en/flush.html	mysql-8.0.22-manual:b6b4592f588f79e9
flush	references/statements/admin/server/flush.md	table_flush_shape	T2	all_tables	edition_baseline	edition_baseline	static_reviewed	static_ready	mysql_native		https://dev.mysql.com/doc/refman/8.0/en/flush.html	mysql-8.0.22-manual:b6b4592f588f79e9
flush	references/statements/admin/server/flush.md	table_flush_shape	T2	table_list	edition_baseline	edition_baseline	static_reviewed	static_ready	mysql_native		https://dev.mysql.com/doc/refman/8.0/en/flush.html	mysql-8.0.22-manual:b6b4592f588f79e9
flush	references/statements/admin/server/flush.md	table_flush_shape	T2	with_read_lock	edition_baseline	edition_baseline	static_reviewed	static_ready	mysql_native		https://dev.mysql.com/doc/refman/8.0/en/flush.html	mysql-8.0.22-manual:b6b4592f588f79e9
flush	references/statements/admin/server/flush.md	table_flush_shape	T2	for_export	edition_baseline	edition_baseline	static_reviewed	static_ready	mysql_native		https://dev.mysql.com/doc/refman/8.0/en/flush.html	mysql-8.0.22-manual:b6b4592f588f79e9
flush	references/statements/admin/server/flush.md	privilege_context	T2	sufficient	edition_baseline	edition_baseline	static_reviewed	static_ready	mysql_native		https://dev.mysql.com/doc/refman/8.0/en/flush.html	mysql-8.0.22-manual:b6b4592f588f79e9
flush	references/statements/admin/server/flush.md	privilege_context	T2	insufficient	edition_baseline	edition_baseline	static_reviewed	static_ready	mysql_native		https://dev.mysql.com/doc/refman/8.0/en/flush.html	mysql-8.0.22-manual:b6b4592f588f79e9
restart	references/statements/admin/server/restart.md	privilege_context	T1	shutdown_privilege	edition_baseline	edition_baseline	static_reviewed	static_ready	mysql_native		https://dev.mysql.com/doc/refman/8.0/en/restart.html	mysql-8.0.22-manual:6c8cd04d5474190d
restart	references/statements/admin/server/restart.md	privilege_context	T1	insufficient	edition_baseline	edition_baseline	static_reviewed	static_ready	mysql_native		https://dev.mysql.com/doc/refman/8.0/en/restart.html	mysql-8.0.22-manual:6c8cd04d5474190d
restart	references/statements/admin/server/restart.md	monitor_state	T1	monitor_present	edition_baseline	edition_baseline	static_reviewed	static_ready	mysql_native		https://dev.mysql.com/doc/refman/8.0/en/restart.html	mysql-8.0.22-manual:6c8cd04d5474190d
restart	references/statements/admin/server/restart.md	monitor_state	T1	monitor_missing	edition_baseline	edition_baseline	static_reviewed	static_ready	mysql_native		https://dev.mysql.com/doc/refman/8.0/en/restart.html	mysql-8.0.22-manual:6c8cd04d5474190d
restart	references/statements/admin/server/restart.md	execution_mode	T1	skipped_negative	edition_baseline	edition_baseline	static_reviewed	static_ready	mysql_native		https://dev.mysql.com/doc/refman/8.0/en/restart.html	mysql-8.0.22-manual:6c8cd04d5474190d
restart	references/statements/admin/server/restart.md	execution_mode	T1	isolated_real_restart	edition_baseline	edition_baseline	static_reviewed	static_ready	mysql_native		https://dev.mysql.com/doc/refman/8.0/en/restart.html	mysql-8.0.22-manual:6c8cd04d5474190d
restart	references/statements/admin/server/restart.md	expected_status	T1	success	edition_baseline	edition_baseline	static_reviewed	static_ready	mysql_native		https://dev.mysql.com/doc/refman/8.0/en/restart.html	mysql-8.0.22-manual:6c8cd04d5474190d
restart	references/statements/admin/server/restart.md	expected_status	T1	failure	edition_baseline	edition_baseline	static_reviewed	static_ready	mysql_native		https://dev.mysql.com/doc/refman/8.0/en/restart.html	mysql-8.0.22-manual:6c8cd04d5474190d
shutdown	references/statements/admin/server/shutdown.md	privilege_context	T1	shutdown_privilege	edition_baseline	edition_baseline	static_reviewed	static_ready	mysql_native		https://dev.mysql.com/doc/refman/8.0/en/shutdown.html	mysql-8.0.22-manual:cd2cba81827e3664
shutdown	references/statements/admin/server/shutdown.md	privilege_context	T1	insufficient	edition_baseline	edition_baseline	static_reviewed	static_ready	mysql_native		https://dev.mysql.com/doc/refman/8.0/en/shutdown.html	mysql-8.0.22-manual:cd2cba81827e3664
shutdown	references/statements/admin/server/shutdown.md	execution_mode	T1	skipped_negative	edition_baseline	edition_baseline	static_reviewed	static_ready	mysql_native		https://dev.mysql.com/doc/refman/8.0/en/shutdown.html	mysql-8.0.22-manual:cd2cba81827e3664
shutdown	references/statements/admin/server/shutdown.md	execution_mode	T1	isolated_real_shutdown	edition_baseline	edition_baseline	static_reviewed	static_ready	mysql_native		https://dev.mysql.com/doc/refman/8.0/en/shutdown.html	mysql-8.0.22-manual:cd2cba81827e3664
shutdown	references/statements/admin/server/shutdown.md	expected_status	T1	success	edition_baseline	edition_baseline	static_reviewed	static_ready	mysql_native		https://dev.mysql.com/doc/refman/8.0/en/shutdown.html	mysql-8.0.22-manual:cd2cba81827e3664
shutdown	references/statements/admin/server/shutdown.md	expected_status	T1	failure	edition_baseline	edition_baseline	static_reviewed	static_ready	mysql_native		https://dev.mysql.com/doc/refman/8.0/en/shutdown.html	mysql-8.0.22-manual:cd2cba81827e3664
kill	references/statements/admin/session/kill.md	kill_modifier	T1	omitted	edition_baseline	edition_baseline	static_reviewed	static_ready	mysql_native		https://dev.mysql.com/doc/refman/8.0/en/kill.html	mysql-8.0.22-manual:0e1b699327274032
kill	references/statements/admin/session/kill.md	kill_modifier	T1	connection	edition_baseline	edition_baseline	static_reviewed	static_ready	mysql_native		https://dev.mysql.com/doc/refman/8.0/en/kill.html	mysql-8.0.22-manual:0e1b699327274032
kill	references/statements/admin/session/kill.md	kill_modifier	T1	query	edition_baseline	edition_baseline	static_reviewed	static_ready	mysql_native		https://dev.mysql.com/doc/refman/8.0/en/kill.html	mysql-8.0.22-manual:0e1b699327274032
kill	references/statements/admin/session/kill.md	target_thread	T1	own_thread	edition_baseline	edition_baseline	static_reviewed	static_ready	mysql_native		https://dev.mysql.com/doc/refman/8.0/en/kill.html	mysql-8.0.22-manual:0e1b699327274032
kill	references/statements/admin/session/kill.md	target_thread	T1	other_thread	edition_baseline	edition_baseline	static_reviewed	static_ready	mysql_native		https://dev.mysql.com/doc/refman/8.0/en/kill.html	mysql-8.0.22-manual:0e1b699327274032
kill	references/statements/admin/session/kill.md	target_thread	T1	system_user_thread	edition_baseline	edition_baseline	static_reviewed	static_ready	mysql_native		https://dev.mysql.com/doc/refman/8.0/en/kill.html	mysql-8.0.22-manual:0e1b699327274032
kill	references/statements/admin/session/kill.md	target_thread	T1	missing_thread	edition_baseline	edition_baseline	static_reviewed	static_ready	mysql_native		https://dev.mysql.com/doc/refman/8.0/en/kill.html	mysql-8.0.22-manual:0e1b699327274032
kill	references/statements/admin/session/kill.md	expected_status	T1	success	edition_baseline	edition_baseline	static_reviewed	static_ready	mysql_native		https://dev.mysql.com/doc/refman/8.0/en/kill.html	mysql-8.0.22-manual:0e1b699327274032
kill	references/statements/admin/session/kill.md	expected_status	T1	failure	edition_baseline	edition_baseline	static_reviewed	static_ready	mysql_native		https://dev.mysql.com/doc/refman/8.0/en/kill.html	mysql-8.0.22-manual:0e1b699327274032
kill	references/statements/admin/session/kill.md	privilege_context	T2	own_only	edition_baseline	edition_baseline	static_reviewed	static_ready	mysql_native		https://dev.mysql.com/doc/refman/8.0/en/kill.html	mysql-8.0.22-manual:0e1b699327274032
kill	references/statements/admin/session/kill.md	privilege_context	T2	connection_admin	edition_baseline	edition_baseline	static_reviewed	static_ready	mysql_native		https://dev.mysql.com/doc/refman/8.0/en/kill.html	mysql-8.0.22-manual:0e1b699327274032
kill	references/statements/admin/session/kill.md	privilege_context	T2	system_user	edition_baseline	edition_baseline	static_reviewed	static_ready	mysql_native		https://dev.mysql.com/doc/refman/8.0/en/kill.html	mysql-8.0.22-manual:0e1b699327274032
kill	references/statements/admin/session/kill.md	privilege_context	T2	insufficient	edition_baseline	edition_baseline	static_reviewed	static_ready	mysql_native		https://dev.mysql.com/doc/refman/8.0/en/kill.html	mysql-8.0.22-manual:0e1b699327274032
close	references/statements/cursor/cursor/close.md	cursor_state	T1	open	edition_baseline	edition_baseline	static_reviewed	static_ready	mysql_native		https://dev.mysql.com/doc/refman/8.0/en/close.html	mysql-8.0.22-manual:bf74e607fd0c66bd
close	references/statements/cursor/cursor/close.md	cursor_state	T1	closed	edition_baseline	edition_baseline	static_reviewed	static_ready	mysql_native		https://dev.mysql.com/doc/refman/8.0/en/close.html	mysql-8.0.22-manual:bf74e607fd0c66bd
close	references/statements/cursor/cursor/close.md	cursor_state	T1	missing	edition_baseline	edition_baseline	static_reviewed	static_ready	mysql_native		https://dev.mysql.com/doc/refman/8.0/en/close.html	mysql-8.0.22-manual:bf74e607fd0c66bd
close	references/statements/cursor/cursor/close.md	expected_status	T1	success	edition_baseline	edition_baseline	static_reviewed	static_ready	mysql_native		https://dev.mysql.com/doc/refman/8.0/en/close.html	mysql-8.0.22-manual:bf74e607fd0c66bd
close	references/statements/cursor/cursor/close.md	expected_status	T1	failure	edition_baseline	edition_baseline	static_reviewed	static_ready	mysql_native		https://dev.mysql.com/doc/refman/8.0/en/close.html	mysql-8.0.22-manual:bf74e607fd0c66bd
declare	references/statements/cursor/cursor/declare.md	query_shape	T1	simple_select	edition_baseline	edition_baseline	static_reviewed	static_ready	mysql_native		https://dev.mysql.com/doc/refman/8.0/en/declare-cursor.html	mysql-8.0.22-manual:3861bca464e44cd8
declare	references/statements/cursor/cursor/declare.md	query_shape	T1	join_select	edition_baseline	edition_baseline	static_reviewed	static_ready	mysql_native		https://dev.mysql.com/doc/refman/8.0/en/declare-cursor.html	mysql-8.0.22-manual:3861bca464e44cd8
declare	references/statements/cursor/cursor/declare.md	query_shape	T1	select_with_into_invalid	edition_baseline	edition_baseline	static_reviewed	static_ready	mysql_native		https://dev.mysql.com/doc/refman/8.0/en/declare-cursor.html	mysql-8.0.22-manual:3861bca464e44cd8
declare	references/statements/cursor/cursor/declare.md	declaration_order_state	T1	before_handlers	edition_baseline	edition_baseline	static_reviewed	static_ready	mysql_native		https://dev.mysql.com/doc/refman/8.0/en/declare-cursor.html	mysql-8.0.22-manual:3861bca464e44cd8
declare	references/statements/cursor/cursor/declare.md	declaration_order_state	T1	after_handler_invalid	edition_baseline	edition_baseline	static_reviewed	static_ready	mysql_native		https://dev.mysql.com/doc/refman/8.0/en/declare-cursor.html	mysql-8.0.22-manual:3861bca464e44cd8
declare	references/statements/cursor/cursor/declare.md	expected_status	T1	success	edition_baseline	edition_baseline	static_reviewed	static_ready	mysql_native		https://dev.mysql.com/doc/refman/8.0/en/declare-cursor.html	mysql-8.0.22-manual:3861bca464e44cd8
declare	references/statements/cursor/cursor/declare.md	expected_status	T1	failure	edition_baseline	edition_baseline	static_reviewed	static_ready	mysql_native		https://dev.mysql.com/doc/refman/8.0/en/declare-cursor.html	mysql-8.0.22-manual:3861bca464e44cd8
fetch	references/statements/cursor/cursor/fetch.md	cursor_state	T1	open_has_row	edition_baseline	edition_baseline	static_reviewed	static_ready	mysql_native		https://dev.mysql.com/doc/refman/8.0/en/fetch.html	mysql-8.0.22-manual:a07405e632897b54
fetch	references/statements/cursor/cursor/fetch.md	cursor_state	T1	open_no_more_rows	edition_baseline	edition_baseline	static_reviewed	static_ready	mysql_native		https://dev.mysql.com/doc/refman/8.0/en/fetch.html	mysql-8.0.22-manual:a07405e632897b54
fetch	references/statements/cursor/cursor/fetch.md	cursor_state	T1	closed	edition_baseline	edition_baseline	static_reviewed	static_ready	mysql_native		https://dev.mysql.com/doc/refman/8.0/en/fetch.html	mysql-8.0.22-manual:a07405e632897b54
fetch	references/statements/cursor/cursor/fetch.md	cursor_state	T1	missing	edition_baseline	edition_baseline	static_reviewed	static_ready	mysql_native		https://dev.mysql.com/doc/refman/8.0/en/fetch.html	mysql-8.0.22-manual:a07405e632897b54
fetch	references/statements/cursor/cursor/fetch.md	destination_shape	T1	matching_count	edition_baseline	edition_baseline	static_reviewed	static_ready	mysql_native		https://dev.mysql.com/doc/refman/8.0/en/fetch.html	mysql-8.0.22-manual:a07405e632897b54
fetch	references/statements/cursor/cursor/fetch.md	destination_shape	T1	too_few	edition_baseline	edition_baseline	static_reviewed	static_ready	mysql_native		https://dev.mysql.com/doc/refman/8.0/en/fetch.html	mysql-8.0.22-manual:a07405e632897b54
fetch	references/statements/cursor/cursor/fetch.md	destination_shape	T1	too_many	edition_baseline	edition_baseline	static_reviewed	static_ready	mysql_native		https://dev.mysql.com/doc/refman/8.0/en/fetch.html	mysql-8.0.22-manual:a07405e632897b54
fetch	references/statements/cursor/cursor/fetch.md	expected_status	T1	success	edition_baseline	edition_baseline	static_reviewed	static_ready	mysql_native		https://dev.mysql.com/doc/refman/8.0/en/fetch.html	mysql-8.0.22-manual:a07405e632897b54
fetch	references/statements/cursor/cursor/fetch.md	expected_status	T1	failure	edition_baseline	edition_baseline	static_reviewed	static_ready	mysql_native		https://dev.mysql.com/doc/refman/8.0/en/fetch.html	mysql-8.0.22-manual:a07405e632897b54
open	references/statements/cursor/cursor/open.md	cursor_state	T1	declared_closed	edition_baseline	edition_baseline	static_reviewed	static_ready	mysql_native		https://dev.mysql.com/doc/refman/8.0/en/open.html	mysql-8.0.22-manual:aff8b7397cb6d28d
open	references/statements/cursor/cursor/open.md	cursor_state	T1	missing	edition_baseline	edition_baseline	static_reviewed	static_ready	mysql_native		https://dev.mysql.com/doc/refman/8.0/en/open.html	mysql-8.0.22-manual:aff8b7397cb6d28d
open	references/statements/cursor/cursor/open.md	cursor_state	T1	already_open	edition_baseline	edition_baseline	static_reviewed	static_ready	mysql_native		https://dev.mysql.com/doc/refman/8.0/en/open.html	mysql-8.0.22-manual:aff8b7397cb6d28d
open	references/statements/cursor/cursor/open.md	expected_status	T1	success	edition_baseline	edition_baseline	static_reviewed	static_ready	mysql_native		https://dev.mysql.com/doc/refman/8.0/en/open.html	mysql-8.0.22-manual:aff8b7397cb6d28d
open	references/statements/cursor/cursor/open.md	expected_status	T1	failure	edition_baseline	edition_baseline	static_reviewed	static_ready	mysql_native		https://dev.mysql.com/doc/refman/8.0/en/open.html	mysql-8.0.22-manual:aff8b7397cb6d28d
grant	references/statements/dcl/privilege/grant.md	statement_branch	T1	privilege_grant	edition_baseline	edition_baseline	static_reviewed	static_ready	mysql_native		https://dev.mysql.com/doc/refman/8.0/en/grant.html	mysql-8.0.22-manual:46fafdd89b935752
grant	references/statements/dcl/privilege/grant.md	statement_branch	T1	role_grant	edition_baseline	edition_baseline	static_reviewed	static_ready	mysql_native		https://dev.mysql.com/doc/refman/8.0/en/grant.html	mysql-8.0.22-manual:46fafdd89b935752
grant	references/statements/dcl/privilege/grant.md	statement_branch	T1	proxy_grant	edition_baseline	edition_baseline	static_reviewed	static_ready	mysql_native		https://dev.mysql.com/doc/refman/8.0/en/grant.html	mysql-8.0.22-manual:46fafdd89b935752
grant	references/statements/dcl/privilege/grant.md	privilege_scope	T1	global	edition_baseline	edition_baseline	static_reviewed	static_ready	mysql_native		https://dev.mysql.com/doc/refman/8.0/en/grant.html	mysql-8.0.22-manual:46fafdd89b935752
grant	references/statements/dcl/privilege/grant.md	privilege_scope	T1	database	edition_baseline	edition_baseline	static_reviewed	static_ready	mysql_native		https://dev.mysql.com/doc/refman/8.0/en/grant.html	mysql-8.0.22-manual:46fafdd89b935752
grant	references/statements/dcl/privilege/grant.md	privilege_scope	T1	table	edition_baseline	edition_baseline	static_reviewed	static_ready	mysql_native		https://dev.mysql.com/doc/refman/8.0/en/grant.html	mysql-8.0.22-manual:46fafdd89b935752
grant	references/statements/dcl/privilege/grant.md	privilege_scope	T1	column	edition_baseline	edition_baseline	static_reviewed	static_ready	mysql_native		https://dev.mysql.com/doc/refman/8.0/en/grant.html	mysql-8.0.22-manual:46fafdd89b935752
grant	references/statements/dcl/privilege/grant.md	privilege_scope	T1	routine	edition_baseline	edition_baseline	static_reviewed	static_ready	mysql_native		https://dev.mysql.com/doc/refman/8.0/en/grant.html	mysql-8.0.22-manual:46fafdd89b935752
grant	references/statements/dcl/privilege/grant.md	grantee_shape	T1	user_account	edition_baseline	edition_baseline	static_reviewed	static_ready	mysql_native		https://dev.mysql.com/doc/refman/8.0/en/grant.html	mysql-8.0.22-manual:46fafdd89b935752
grant	references/statements/dcl/privilege/grant.md	grantee_shape	T1	role_name	edition_baseline	edition_baseline	static_reviewed	static_ready	mysql_native		https://dev.mysql.com/doc/refman/8.0/en/grant.html	mysql-8.0.22-manual:46fafdd89b935752
grant	references/statements/dcl/privilege/grant.md	expected_status	T1	success	edition_baseline	edition_baseline	static_reviewed	static_ready	mysql_native		https://dev.mysql.com/doc/refman/8.0/en/grant.html	mysql-8.0.22-manual:46fafdd89b935752
grant	references/statements/dcl/privilege/grant.md	expected_status	T1	failure	edition_baseline	edition_baseline	static_reviewed	static_ready	mysql_native		https://dev.mysql.com/doc/refman/8.0/en/grant.html	mysql-8.0.22-manual:46fafdd89b935752
grant	references/statements/dcl/privilege/grant.md	grant_option_shape	T2	omitted	edition_baseline	edition_baseline	static_reviewed	static_ready	mysql_native		https://dev.mysql.com/doc/refman/8.0/en/grant.html	mysql-8.0.22-manual:46fafdd89b935752
grant	references/statements/dcl/privilege/grant.md	grant_option_shape	T2	with_grant_option	edition_baseline	edition_baseline	static_reviewed	static_ready	mysql_native		https://dev.mysql.com/doc/refman/8.0/en/grant.html	mysql-8.0.22-manual:46fafdd89b935752
grant	references/statements/dcl/privilege/grant.md	grant_option_shape	T2	with_admin_option	edition_baseline	edition_baseline	static_reviewed	static_ready	mysql_native		https://dev.mysql.com/doc/refman/8.0/en/grant.html	mysql-8.0.22-manual:46fafdd89b935752
revoke	references/statements/dcl/privilege/revoke.md	statement_branch	T1	privilege_revoke	edition_baseline	edition_baseline	static_reviewed	static_ready	mysql_native		https://dev.mysql.com/doc/refman/8.0/en/revoke.html	mysql-8.0.22-manual:dcbf375f7e0352c1
revoke	references/statements/dcl/privilege/revoke.md	statement_branch	T1	all_privileges_revoke	edition_baseline	edition_baseline	static_reviewed	static_ready	mysql_native		https://dev.mysql.com/doc/refman/8.0/en/revoke.html	mysql-8.0.22-manual:dcbf375f7e0352c1
revoke	references/statements/dcl/privilege/revoke.md	statement_branch	T1	role_revoke	edition_baseline	edition_baseline	static_reviewed	static_ready	mysql_native		https://dev.mysql.com/doc/refman/8.0/en/revoke.html	mysql-8.0.22-manual:dcbf375f7e0352c1
revoke	references/statements/dcl/privilege/revoke.md	statement_branch	T1	proxy_revoke	edition_baseline	edition_baseline	static_reviewed	static_ready	mysql_native		https://dev.mysql.com/doc/refman/8.0/en/revoke.html	mysql-8.0.22-manual:dcbf375f7e0352c1
revoke	references/statements/dcl/privilege/revoke.md	privilege_scope	T1	global	edition_baseline	edition_baseline	static_reviewed	static_ready	mysql_native		https://dev.mysql.com/doc/refman/8.0/en/revoke.html	mysql-8.0.22-manual:dcbf375f7e0352c1
revoke	references/statements/dcl/privilege/revoke.md	privilege_scope	T1	database	edition_baseline	edition_baseline	static_reviewed	static_ready	mysql_native		https://dev.mysql.com/doc/refman/8.0/en/revoke.html	mysql-8.0.22-manual:dcbf375f7e0352c1
revoke	references/statements/dcl/privilege/revoke.md	privilege_scope	T1	table	edition_baseline	edition_baseline	static_reviewed	static_ready	mysql_native		https://dev.mysql.com/doc/refman/8.0/en/revoke.html	mysql-8.0.22-manual:dcbf375f7e0352c1
revoke	references/statements/dcl/privilege/revoke.md	privilege_scope	T1	column	edition_baseline	edition_baseline	static_reviewed	static_ready	mysql_native		https://dev.mysql.com/doc/refman/8.0/en/revoke.html	mysql-8.0.22-manual:dcbf375f7e0352c1
revoke	references/statements/dcl/privilege/revoke.md	privilege_scope	T1	routine	edition_baseline	edition_baseline	static_reviewed	static_ready	mysql_native		https://dev.mysql.com/doc/refman/8.0/en/revoke.html	mysql-8.0.22-manual:dcbf375f7e0352c1
revoke	references/statements/dcl/privilege/revoke.md	grantee_shape	T1	user_account	edition_baseline	edition_baseline	static_reviewed	static_ready	mysql_native		https://dev.mysql.com/doc/refman/8.0/en/revoke.html	mysql-8.0.22-manual:dcbf375f7e0352c1
revoke	references/statements/dcl/privilege/revoke.md	grantee_shape	T1	role_name	edition_baseline	edition_baseline	static_reviewed	static_ready	mysql_native		https://dev.mysql.com/doc/refman/8.0/en/revoke.html	mysql-8.0.22-manual:dcbf375f7e0352c1
revoke	references/statements/dcl/privilege/revoke.md	grantee_shape	T1	missing_user	edition_baseline	edition_baseline	static_reviewed	static_ready	mysql_native		https://dev.mysql.com/doc/refman/8.0/en/revoke.html	mysql-8.0.22-manual:dcbf375f7e0352c1
revoke	references/statements/dcl/privilege/revoke.md	expected_status	T1	success	edition_baseline	edition_baseline	static_reviewed	static_ready	mysql_native		https://dev.mysql.com/doc/refman/8.0/en/revoke.html	mysql-8.0.22-manual:dcbf375f7e0352c1
revoke	references/statements/dcl/privilege/revoke.md	expected_status	T1	failure	edition_baseline	edition_baseline	static_reviewed	static_ready	mysql_native		https://dev.mysql.com/doc/refman/8.0/en/revoke.html	mysql-8.0.22-manual:dcbf375f7e0352c1
revoke	references/statements/dcl/privilege/revoke.md	grant_option_shape	T2	omitted	edition_baseline	edition_baseline	static_reviewed	static_ready	mysql_native		https://dev.mysql.com/doc/refman/8.0/en/revoke.html	mysql-8.0.22-manual:dcbf375f7e0352c1
revoke	references/statements/dcl/privilege/revoke.md	grant_option_shape	T2	grant_option_only	edition_baseline	edition_baseline	static_reviewed	static_ready	mysql_native		https://dev.mysql.com/doc/refman/8.0/en/revoke.html	mysql-8.0.22-manual:dcbf375f7e0352c1
alter_database	references/statements/ddl/database/alter_database.md	statement_branch	T1	database_keyword	edition_baseline	edition_baseline	static_reviewed	static_ready	mysql_native		https://dev.mysql.com/doc/refman/8.0/en/alter-database.html	mysql-8.0.22-manual:c5c447e467a0988e
alter_database	references/statements/ddl/database/alter_database.md	statement_branch	T1	schema_keyword	edition_baseline	edition_baseline	static_reviewed	static_ready	mysql_native		https://dev.mysql.com/doc/refman/8.0/en/alter-database.html	mysql-8.0.22-manual:c5c447e467a0988e
alter_database	references/statements/ddl/database/alter_database.md	database_name_shape	T1	explicit	edition_baseline	edition_baseline	static_reviewed	static_ready	mysql_native		https://dev.mysql.com/doc/refman/8.0/en/alter-database.html	mysql-8.0.22-manual:c5c447e467a0988e
alter_database	references/statements/ddl/database/alter_database.md	database_name_shape	T1	omitted_current	edition_baseline	edition_baseline	static_reviewed	static_ready	mysql_native		https://dev.mysql.com/doc/refman/8.0/en/alter-database.html	mysql-8.0.22-manual:c5c447e467a0988e
alter_database	references/statements/ddl/database/alter_database.md	expected_status	T1	success	edition_baseline	edition_baseline	static_reviewed	static_ready	mysql_native		https://dev.mysql.com/doc/refman/8.0/en/alter-database.html	mysql-8.0.22-manual:c5c447e467a0988e
alter_database	references/statements/ddl/database/alter_database.md	expected_status	T1	failure	edition_baseline	edition_baseline	static_reviewed	static_ready	mysql_native		https://dev.mysql.com/doc/refman/8.0/en/alter-database.html	mysql-8.0.22-manual:c5c447e467a0988e
alter_database	references/statements/ddl/database/alter_database.md	charset_option	T2	omitted	edition_baseline	edition_baseline	static_reviewed	static_ready	mysql_native		https://dev.mysql.com/doc/refman/8.0/en/alter-database.html	mysql-8.0.22-manual:c5c447e467a0988e
alter_database	references/statements/ddl/database/alter_database.md	charset_option	T2	utf8mb4	edition_baseline	edition_baseline	static_reviewed	static_ready	mysql_native		https://dev.mysql.com/doc/refman/8.0/en/alter-database.html	mysql-8.0.22-manual:c5c447e467a0988e
alter_database	references/statements/ddl/database/alter_database.md	collation_option	T2	omitted	edition_baseline	edition_baseline	static_reviewed	static_ready	mysql_native		https://dev.mysql.com/doc/refman/8.0/en/alter-database.html	mysql-8.0.22-manual:c5c447e467a0988e
alter_database	references/statements/ddl/database/alter_database.md	collation_option	T2	utf8mb4_0900_ai_ci	edition_baseline	edition_baseline	static_reviewed	static_ready	mysql_native		https://dev.mysql.com/doc/refman/8.0/en/alter-database.html	mysql-8.0.22-manual:c5c447e467a0988e
alter_database	references/statements/ddl/database/alter_database.md	encryption_option	T2	omitted	edition_baseline	edition_baseline	static_reviewed	static_ready	mysql_native		https://dev.mysql.com/doc/refman/8.0/en/alter-database.html	mysql-8.0.22-manual:c5c447e467a0988e
alter_database	references/statements/ddl/database/alter_database.md	encryption_option	T2	default	edition_baseline	edition_baseline	static_reviewed	static_ready	mysql_native		https://dev.mysql.com/doc/refman/8.0/en/alter-database.html	mysql-8.0.22-manual:c5c447e467a0988e
alter_database	references/statements/ddl/database/alter_database.md	encryption_option	T2	y	edition_baseline	edition_baseline	static_reviewed	static_ready	mysql_native		https://dev.mysql.com/doc/refman/8.0/en/alter-database.html	mysql-8.0.22-manual:c5c447e467a0988e
alter_database	references/statements/ddl/database/alter_database.md	encryption_option	T2	n	edition_baseline	edition_baseline	static_reviewed	static_ready	mysql_native		https://dev.mysql.com/doc/refman/8.0/en/alter-database.html	mysql-8.0.22-manual:c5c447e467a0988e
alter_database	references/statements/ddl/database/alter_database.md	read_only_option	T2	omitted	edition_baseline	edition_baseline	static_reviewed	static_ready	mysql_native		https://dev.mysql.com/doc/refman/8.0/en/alter-database.html	mysql-8.0.22-manual:c5c447e467a0988e
alter_database	references/statements/ddl/database/alter_database.md	read_only_option	T2	default	edition_baseline	edition_baseline	static_reviewed	static_ready	mysql_native		https://dev.mysql.com/doc/refman/8.0/en/alter-database.html	mysql-8.0.22-manual:c5c447e467a0988e
alter_database	references/statements/ddl/database/alter_database.md	read_only_option	T2	zero	edition_baseline	edition_baseline	static_reviewed	static_ready	mysql_native		https://dev.mysql.com/doc/refman/8.0/en/alter-database.html	mysql-8.0.22-manual:c5c447e467a0988e
alter_database	references/statements/ddl/database/alter_database.md	read_only_option	T2	one	edition_baseline	edition_baseline	static_reviewed	static_ready	mysql_native		https://dev.mysql.com/doc/refman/8.0/en/alter-database.html	mysql-8.0.22-manual:c5c447e467a0988e
create_database	references/statements/ddl/database/create_database.md	statement_branch	T1	database_keyword	edition_baseline	edition_baseline	static_reviewed	static_ready	mysql_native		https://dev.mysql.com/doc/refman/8.0/en/create-database.html	mysql-8.0.22-manual:95144b2b252fe1e0
create_database	references/statements/ddl/database/create_database.md	statement_branch	T1	schema_keyword	edition_baseline	edition_baseline	static_reviewed	static_ready	mysql_native		https://dev.mysql.com/doc/refman/8.0/en/create-database.html	mysql-8.0.22-manual:95144b2b252fe1e0
create_database	references/statements/ddl/database/create_database.md	if_not_exists	T1	omitted	edition_baseline	edition_baseline	static_reviewed	static_ready	mysql_native		https://dev.mysql.com/doc/refman/8.0/en/create-database.html	mysql-8.0.22-manual:95144b2b252fe1e0
create_database	references/statements/ddl/database/create_database.md	if_not_exists	T1	present	edition_baseline	edition_baseline	static_reviewed	static_ready	mysql_native		https://dev.mysql.com/doc/refman/8.0/en/create-database.html	mysql-8.0.22-manual:95144b2b252fe1e0
create_database	references/statements/ddl/database/create_database.md	expected_status	T1	success	edition_baseline	edition_baseline	static_reviewed	static_ready	mysql_native		https://dev.mysql.com/doc/refman/8.0/en/create-database.html	mysql-8.0.22-manual:95144b2b252fe1e0
create_database	references/statements/ddl/database/create_database.md	expected_status	T1	failure	edition_baseline	edition_baseline	static_reviewed	static_ready	mysql_native		https://dev.mysql.com/doc/refman/8.0/en/create-database.html	mysql-8.0.22-manual:95144b2b252fe1e0
create_database	references/statements/ddl/database/create_database.md	charset_option	T2	omitted	edition_baseline	edition_baseline	static_reviewed	static_ready	mysql_native		https://dev.mysql.com/doc/refman/8.0/en/create-database.html	mysql-8.0.22-manual:95144b2b252fe1e0
create_database	references/statements/ddl/database/create_database.md	charset_option	T2	utf8mb4	edition_baseline	edition_baseline	static_reviewed	static_ready	mysql_native		https://dev.mysql.com/doc/refman/8.0/en/create-database.html	mysql-8.0.22-manual:95144b2b252fe1e0
create_database	references/statements/ddl/database/create_database.md	collation_option	T2	omitted	edition_baseline	edition_baseline	static_reviewed	static_ready	mysql_native		https://dev.mysql.com/doc/refman/8.0/en/create-database.html	mysql-8.0.22-manual:95144b2b252fe1e0
create_database	references/statements/ddl/database/create_database.md	collation_option	T2	utf8mb4_0900_ai_ci	edition_baseline	edition_baseline	static_reviewed	static_ready	mysql_native		https://dev.mysql.com/doc/refman/8.0/en/create-database.html	mysql-8.0.22-manual:95144b2b252fe1e0
create_database	references/statements/ddl/database/create_database.md	encryption_option	T2	omitted	edition_baseline	edition_baseline	static_reviewed	static_ready	mysql_native		https://dev.mysql.com/doc/refman/8.0/en/create-database.html	mysql-8.0.22-manual:95144b2b252fe1e0
create_database	references/statements/ddl/database/create_database.md	encryption_option	T2	default	edition_baseline	edition_baseline	static_reviewed	static_ready	mysql_native		https://dev.mysql.com/doc/refman/8.0/en/create-database.html	mysql-8.0.22-manual:95144b2b252fe1e0
create_database	references/statements/ddl/database/create_database.md	encryption_option	T2	y	edition_baseline	edition_baseline	static_reviewed	static_ready	mysql_native		https://dev.mysql.com/doc/refman/8.0/en/create-database.html	mysql-8.0.22-manual:95144b2b252fe1e0
create_database	references/statements/ddl/database/create_database.md	encryption_option	T2	n	edition_baseline	edition_baseline	static_reviewed	static_ready	mysql_native		https://dev.mysql.com/doc/refman/8.0/en/create-database.html	mysql-8.0.22-manual:95144b2b252fe1e0
drop_database	references/statements/ddl/database/drop_database.md	statement_branch	T1	database_keyword	edition_baseline	edition_baseline	static_reviewed	static_ready	mysql_native		https://dev.mysql.com/doc/refman/8.0/en/drop-database.html	mysql-8.0.22-manual:f2128c3bffb0ea57
drop_database	references/statements/ddl/database/drop_database.md	statement_branch	T1	schema_keyword	edition_baseline	edition_baseline	static_reviewed	static_ready	mysql_native		https://dev.mysql.com/doc/refman/8.0/en/drop-database.html	mysql-8.0.22-manual:f2128c3bffb0ea57
drop_database	references/statements/ddl/database/drop_database.md	if_exists	T1	omitted	edition_baseline	edition_baseline	static_reviewed	static_ready	mysql_native		https://dev.mysql.com/doc/refman/8.0/en/drop-database.html	mysql-8.0.22-manual:f2128c3bffb0ea57
drop_database	references/statements/ddl/database/drop_database.md	if_exists	T1	present	edition_baseline	edition_baseline	static_reviewed	static_ready	mysql_native		https://dev.mysql.com/doc/refman/8.0/en/drop-database.html	mysql-8.0.22-manual:f2128c3bffb0ea57
drop_database	references/statements/ddl/database/drop_database.md	database_state	T1	exists	edition_baseline	edition_baseline	static_reviewed	static_ready	mysql_native		https://dev.mysql.com/doc/refman/8.0/en/drop-database.html	mysql-8.0.22-manual:f2128c3bffb0ea57
drop_database	references/statements/ddl/database/drop_database.md	database_state	T1	missing	edition_baseline	edition_baseline	static_reviewed	static_ready	mysql_native		https://dev.mysql.com/doc/refman/8.0/en/drop-database.html	mysql-8.0.22-manual:f2128c3bffb0ea57
drop_database	references/statements/ddl/database/drop_database.md	expected_status	T1	success	edition_baseline	edition_baseline	static_reviewed	static_ready	mysql_native		https://dev.mysql.com/doc/refman/8.0/en/drop-database.html	mysql-8.0.22-manual:f2128c3bffb0ea57
drop_database	references/statements/ddl/database/drop_database.md	expected_status	T1	failure	edition_baseline	edition_baseline	static_reviewed	static_ready	mysql_native		https://dev.mysql.com/doc/refman/8.0/en/drop-database.html	mysql-8.0.22-manual:f2128c3bffb0ea57
alter_event	references/statements/ddl/event/alter_event.md	event_state	T1	exists	edition_baseline	edition_baseline	static_reviewed	static_ready	mysql_native		https://dev.mysql.com/doc/refman/8.0/en/alter-event.html	mysql-8.0.22-manual:a3e95ef6dbb148ff
alter_event	references/statements/ddl/event/alter_event.md	event_state	T1	missing	edition_baseline	edition_baseline	static_reviewed	static_ready	mysql_native		https://dev.mysql.com/doc/refman/8.0/en/alter-event.html	mysql-8.0.22-manual:a3e95ef6dbb148ff
alter_event	references/statements/ddl/event/alter_event.md	alteration_shape	T1	reschedule	edition_baseline	edition_baseline	static_reviewed	static_ready	mysql_native		https://dev.mysql.com/doc/refman/8.0/en/alter-event.html	mysql-8.0.22-manual:a3e95ef6dbb148ff
alter_event	references/statements/ddl/event/alter_event.md	alteration_shape	T1	rename	edition_baseline	edition_baseline	static_reviewed	static_ready	mysql_native		https://dev.mysql.com/doc/refman/8.0/en/alter-event.html	mysql-8.0.22-manual:a3e95ef6dbb148ff
alter_event	references/statements/ddl/event/alter_event.md	alteration_shape	T1	enable_disable	edition_baseline	edition_baseline	static_reviewed	static_ready	mysql_native		https://dev.mysql.com/doc/refman/8.0/en/alter-event.html	mysql-8.0.22-manual:a3e95ef6dbb148ff
alter_event	references/statements/ddl/event/alter_event.md	alteration_shape	T1	replace_body	edition_baseline	edition_baseline	static_reviewed	static_ready	mysql_native		https://dev.mysql.com/doc/refman/8.0/en/alter-event.html	mysql-8.0.22-manual:a3e95ef6dbb148ff
alter_event	references/statements/ddl/event/alter_event.md	alteration_shape	T1	comment	edition_baseline	edition_baseline	static_reviewed	static_ready	mysql_native		https://dev.mysql.com/doc/refman/8.0/en/alter-event.html	mysql-8.0.22-manual:a3e95ef6dbb148ff
alter_event	references/statements/ddl/event/alter_event.md	expected_status	T1	success	edition_baseline	edition_baseline	static_reviewed	static_ready	mysql_native		https://dev.mysql.com/doc/refman/8.0/en/alter-event.html	mysql-8.0.22-manual:a3e95ef6dbb148ff
alter_event	references/statements/ddl/event/alter_event.md	expected_status	T1	failure	edition_baseline	edition_baseline	static_reviewed	static_ready	mysql_native		https://dev.mysql.com/doc/refman/8.0/en/alter-event.html	mysql-8.0.22-manual:a3e95ef6dbb148ff
alter_event	references/statements/ddl/event/alter_event.md	schedule_shape	T2	at_timestamp	edition_baseline	edition_baseline	static_reviewed	static_ready	mysql_native		https://dev.mysql.com/doc/refman/8.0/en/alter-event.html	mysql-8.0.22-manual:a3e95ef6dbb148ff
alter_event	references/statements/ddl/event/alter_event.md	schedule_shape	T2	every_interval	edition_baseline	edition_baseline	static_reviewed	static_ready	mysql_native		https://dev.mysql.com/doc/refman/8.0/en/alter-event.html	mysql-8.0.22-manual:a3e95ef6dbb148ff
alter_event	references/statements/ddl/event/alter_event.md	enable_state	T2	enable	edition_baseline	edition_baseline	static_reviewed	static_ready	mysql_native		https://dev.mysql.com/doc/refman/8.0/en/alter-event.html	mysql-8.0.22-manual:a3e95ef6dbb148ff
alter_event	references/statements/ddl/event/alter_event.md	enable_state	T2	disable	edition_baseline	edition_baseline	static_reviewed	static_ready	mysql_native		https://dev.mysql.com/doc/refman/8.0/en/alter-event.html	mysql-8.0.22-manual:a3e95ef6dbb148ff
alter_event	references/statements/ddl/event/alter_event.md	enable_state	T2	disable_on_slave	edition_baseline	edition_baseline	static_reviewed	static_ready	mysql_native		https://dev.mysql.com/doc/refman/8.0/en/alter-event.html	mysql-8.0.22-manual:a3e95ef6dbb148ff
create_event	references/statements/ddl/event/create_event.md	if_not_exists	T1	omitted	edition_baseline	edition_baseline	static_reviewed	static_ready	mysql_native		https://dev.mysql.com/doc/refman/8.0/en/create-event.html	mysql-8.0.22-manual:191f82d7fc61a201
create_event	references/statements/ddl/event/create_event.md	if_not_exists	T1	present	edition_baseline	edition_baseline	static_reviewed	static_ready	mysql_native		https://dev.mysql.com/doc/refman/8.0/en/create-event.html	mysql-8.0.22-manual:191f82d7fc61a201
create_event	references/statements/ddl/event/create_event.md	schedule_shape	T1	at_timestamp	edition_baseline	edition_baseline	static_reviewed	static_ready	mysql_native		https://dev.mysql.com/doc/refman/8.0/en/create-event.html	mysql-8.0.22-manual:191f82d7fc61a201
create_event	references/statements/ddl/event/create_event.md	schedule_shape	T1	every_interval	edition_baseline	edition_baseline	static_reviewed	static_ready	mysql_native		https://dev.mysql.com/doc/refman/8.0/en/create-event.html	mysql-8.0.22-manual:191f82d7fc61a201
create_event	references/statements/ddl/event/create_event.md	schedule_shape	T1	starts_ends	edition_baseline	edition_baseline	static_reviewed	static_ready	mysql_native		https://dev.mysql.com/doc/refman/8.0/en/create-event.html	mysql-8.0.22-manual:191f82d7fc61a201
create_event	references/statements/ddl/event/create_event.md	body_shape	T1	single_statement	edition_baseline	edition_baseline	static_reviewed	static_ready	mysql_native		https://dev.mysql.com/doc/refman/8.0/en/create-event.html	mysql-8.0.22-manual:191f82d7fc61a201
create_event	references/statements/ddl/event/create_event.md	body_shape	T1	compound_block	edition_baseline	edition_baseline	static_reviewed	static_ready	mysql_native		https://dev.mysql.com/doc/refman/8.0/en/create-event.html	mysql-8.0.22-manual:191f82d7fc61a201
create_event	references/statements/ddl/event/create_event.md	body_shape	T1	invalid_body	edition_baseline	edition_baseline	static_reviewed	static_ready	mysql_native		https://dev.mysql.com/doc/refman/8.0/en/create-event.html	mysql-8.0.22-manual:191f82d7fc61a201
create_event	references/statements/ddl/event/create_event.md	expected_status	T1	success	edition_baseline	edition_baseline	static_reviewed	static_ready	mysql_native		https://dev.mysql.com/doc/refman/8.0/en/create-event.html	mysql-8.0.22-manual:191f82d7fc61a201
create_event	references/statements/ddl/event/create_event.md	expected_status	T1	failure	edition_baseline	edition_baseline	static_reviewed	static_ready	mysql_native		https://dev.mysql.com/doc/refman/8.0/en/create-event.html	mysql-8.0.22-manual:191f82d7fc61a201
create_event	references/statements/ddl/event/create_event.md	completion_shape	T2	omitted	edition_baseline	edition_baseline	static_reviewed	static_ready	mysql_native		https://dev.mysql.com/doc/refman/8.0/en/create-event.html	mysql-8.0.22-manual:191f82d7fc61a201
create_event	references/statements/ddl/event/create_event.md	completion_shape	T2	preserve	edition_baseline	edition_baseline	static_reviewed	static_ready	mysql_native		https://dev.mysql.com/doc/refman/8.0/en/create-event.html	mysql-8.0.22-manual:191f82d7fc61a201
create_event	references/statements/ddl/event/create_event.md	completion_shape	T2	not_preserve	edition_baseline	edition_baseline	static_reviewed	static_ready	mysql_native		https://dev.mysql.com/doc/refman/8.0/en/create-event.html	mysql-8.0.22-manual:191f82d7fc61a201
create_event	references/statements/ddl/event/create_event.md	enable_state	T2	enable	edition_baseline	edition_baseline	static_reviewed	static_ready	mysql_native		https://dev.mysql.com/doc/refman/8.0/en/create-event.html	mysql-8.0.22-manual:191f82d7fc61a201
create_event	references/statements/ddl/event/create_event.md	enable_state	T2	disable	edition_baseline	edition_baseline	static_reviewed	static_ready	mysql_native		https://dev.mysql.com/doc/refman/8.0/en/create-event.html	mysql-8.0.22-manual:191f82d7fc61a201
create_event	references/statements/ddl/event/create_event.md	enable_state	T2	disable_on_slave	edition_baseline	edition_baseline	static_reviewed	static_ready	mysql_native		https://dev.mysql.com/doc/refman/8.0/en/create-event.html	mysql-8.0.22-manual:191f82d7fc61a201
create_event	references/statements/ddl/event/create_event.md	definer_shape	T2	omitted	edition_baseline	edition_baseline	static_reviewed	static_ready	mysql_native		https://dev.mysql.com/doc/refman/8.0/en/create-event.html	mysql-8.0.22-manual:191f82d7fc61a201
create_event	references/statements/ddl/event/create_event.md	definer_shape	T2	current_user	edition_baseline	edition_baseline	static_reviewed	static_ready	mysql_native		https://dev.mysql.com/doc/refman/8.0/en/create-event.html	mysql-8.0.22-manual:191f82d7fc61a201
create_event	references/statements/ddl/event/create_event.md	definer_shape	T2	explicit_user	edition_baseline	edition_baseline	static_reviewed	static_ready	mysql_native		https://dev.mysql.com/doc/refman/8.0/en/create-event.html	mysql-8.0.22-manual:191f82d7fc61a201
drop_event	references/statements/ddl/event/drop_event.md	if_exists	T1	omitted	edition_baseline	edition_baseline	static_reviewed	static_ready	mysql_native		https://dev.mysql.com/doc/refman/8.0/en/drop-event.html	mysql-8.0.22-manual:f28eb157a0ef973c
drop_event	references/statements/ddl/event/drop_event.md	if_exists	T1	present	edition_baseline	edition_baseline	static_reviewed	static_ready	mysql_native		https://dev.mysql.com/doc/refman/8.0/en/drop-event.html	mysql-8.0.22-manual:f28eb157a0ef973c
drop_event	references/statements/ddl/event/drop_event.md	event_state	T1	exists	edition_baseline	edition_baseline	static_reviewed	static_ready	mysql_native		https://dev.mysql.com/doc/refman/8.0/en/drop-event.html	mysql-8.0.22-manual:f28eb157a0ef973c
drop_event	references/statements/ddl/event/drop_event.md	event_state	T1	missing	edition_baseline	edition_baseline	static_reviewed	static_ready	mysql_native		https://dev.mysql.com/doc/refman/8.0/en/drop-event.html	mysql-8.0.22-manual:f28eb157a0ef973c
drop_event	references/statements/ddl/event/drop_event.md	expected_status	T1	success	edition_baseline	edition_baseline	static_reviewed	static_ready	mysql_native		https://dev.mysql.com/doc/refman/8.0/en/drop-event.html	mysql-8.0.22-manual:f28eb157a0ef973c
drop_event	references/statements/ddl/event/drop_event.md	expected_status	T1	failure	edition_baseline	edition_baseline	static_reviewed	static_ready	mysql_native		https://dev.mysql.com/doc/refman/8.0/en/drop-event.html	mysql-8.0.22-manual:f28eb157a0ef973c
alter_function	references/statements/ddl/function/alter_function.md	function_state	T1	exists	edition_baseline	edition_baseline	static_reviewed	static_ready	mysql_native		https://dev.mysql.com/doc/refman/8.0/en/alter-function.html	mysql-8.0.22-manual:853f7b81895531f2
alter_function	references/statements/ddl/function/alter_function.md	function_state	T1	missing	edition_baseline	edition_baseline	static_reviewed	static_ready	mysql_native		https://dev.mysql.com/doc/refman/8.0/en/alter-function.html	mysql-8.0.22-manual:853f7b81895531f2
alter_function	references/statements/ddl/function/alter_function.md	function_state	T1	wrong_routine_type	edition_baseline	edition_baseline	static_reviewed	static_ready	mysql_native		https://dev.mysql.com/doc/refman/8.0/en/alter-function.html	mysql-8.0.22-manual:853f7b81895531f2
alter_function	references/statements/ddl/function/alter_function.md	characteristic_shape	T1	comment	edition_baseline	edition_baseline	static_reviewed	static_ready	mysql_native		https://dev.mysql.com/doc/refman/8.0/en/alter-function.html	mysql-8.0.22-manual:853f7b81895531f2
alter_function	references/statements/ddl/function/alter_function.md	characteristic_shape	T1	sql_security_definer	edition_baseline	edition_baseline	static_reviewed	static_ready	mysql_native		https://dev.mysql.com/doc/refman/8.0/en/alter-function.html	mysql-8.0.22-manual:853f7b81895531f2
alter_function	references/statements/ddl/function/alter_function.md	characteristic_shape	T1	sql_security_invoker	edition_baseline	edition_baseline	static_reviewed	static_ready	mysql_native		https://dev.mysql.com/doc/refman/8.0/en/alter-function.html	mysql-8.0.22-manual:853f7b81895531f2
alter_function	references/statements/ddl/function/alter_function.md	characteristic_shape	T1	deterministic	edition_baseline	edition_baseline	static_reviewed	static_ready	mysql_native		https://dev.mysql.com/doc/refman/8.0/en/alter-function.html	mysql-8.0.22-manual:853f7b81895531f2
alter_function	references/statements/ddl/function/alter_function.md	expected_status	T1	success	edition_baseline	edition_baseline	static_reviewed	static_ready	mysql_native		https://dev.mysql.com/doc/refman/8.0/en/alter-function.html	mysql-8.0.22-manual:853f7b81895531f2
alter_function	references/statements/ddl/function/alter_function.md	expected_status	T1	failure	edition_baseline	edition_baseline	static_reviewed	static_ready	mysql_native		https://dev.mysql.com/doc/refman/8.0/en/alter-function.html	mysql-8.0.22-manual:853f7b81895531f2
create_function	references/statements/ddl/function/create_function.md	parameter_shape	T1	none	edition_baseline	edition_baseline	static_reviewed	static_ready	mysql_native		https://dev.mysql.com/doc/refman/8.0/en/create-procedure.html	mysql-8.0.22-manual:90770c134a234e61
create_function	references/statements/ddl/function/create_function.md	parameter_shape	T1	one_parameter	edition_baseline	edition_baseline	static_reviewed	static_ready	mysql_native		https://dev.mysql.com/doc/refman/8.0/en/create-procedure.html	mysql-8.0.22-manual:90770c134a234e61
create_function	references/statements/ddl/function/create_function.md	parameter_shape	T1	multiple_parameters	edition_baseline	edition_baseline	static_reviewed	static_ready	mysql_native		https://dev.mysql.com/doc/refman/8.0/en/create-procedure.html	mysql-8.0.22-manual:90770c134a234e61
create_function	references/statements/ddl/function/create_function.md	return_type_shape	T1	int_type	edition_baseline	edition_baseline	static_reviewed	static_ready	mysql_native		https://dev.mysql.com/doc/refman/8.0/en/create-procedure.html	mysql-8.0.22-manual:90770c134a234e61
create_function	references/statements/ddl/function/create_function.md	return_type_shape	T1	varchar_type	edition_baseline	edition_baseline	static_reviewed	static_ready	mysql_native		https://dev.mysql.com/doc/refman/8.0/en/create-procedure.html	mysql-8.0.22-manual:90770c134a234e61
create_function	references/statements/ddl/function/create_function.md	return_type_shape	T1	json_type	edition_baseline	edition_baseline	static_reviewed	static_ready	mysql_native		https://dev.mysql.com/doc/refman/8.0/en/create-procedure.html	mysql-8.0.22-manual:90770c134a234e61
create_function	references/statements/ddl/function/create_function.md	body_shape	T1	return_literal	edition_baseline	edition_baseline	static_reviewed	static_ready	mysql_native		https://dev.mysql.com/doc/refman/8.0/en/create-procedure.html	mysql-8.0.22-manual:90770c134a234e61
create_function	references/statements/ddl/function/create_function.md	body_shape	T1	compound_block	edition_baseline	edition_baseline	static_reviewed	static_ready	mysql_native		https://dev.mysql.com/doc/refman/8.0/en/create-procedure.html	mysql-8.0.22-manual:90770c134a234e61
create_function	references/statements/ddl/function/create_function.md	body_shape	T1	invalid_body	edition_baseline	edition_baseline	static_reviewed	static_ready	mysql_native		https://dev.mysql.com/doc/refman/8.0/en/create-procedure.html	mysql-8.0.22-manual:90770c134a234e61
create_function	references/statements/ddl/function/create_function.md	expected_status	T1	success	edition_baseline	edition_baseline	static_reviewed	static_ready	mysql_native		https://dev.mysql.com/doc/refman/8.0/en/create-procedure.html	mysql-8.0.22-manual:90770c134a234e61
create_function	references/statements/ddl/function/create_function.md	expected_status	T1	failure	edition_baseline	edition_baseline	static_reviewed	static_ready	mysql_native		https://dev.mysql.com/doc/refman/8.0/en/create-procedure.html	mysql-8.0.22-manual:90770c134a234e61
create_function	references/statements/ddl/function/create_function.md	determinism_shape	T2	omitted	edition_baseline	edition_baseline	static_reviewed	static_ready	mysql_native		https://dev.mysql.com/doc/refman/8.0/en/create-procedure.html	mysql-8.0.22-manual:90770c134a234e61
create_function	references/statements/ddl/function/create_function.md	determinism_shape	T2	deterministic	edition_baseline	edition_baseline	static_reviewed	static_ready	mysql_native		https://dev.mysql.com/doc/refman/8.0/en/create-procedure.html	mysql-8.0.22-manual:90770c134a234e61
create_function	references/statements/ddl/function/create_function.md	determinism_shape	T2	not_deterministic	edition_baseline	edition_baseline	static_reviewed	static_ready	mysql_native		https://dev.mysql.com/doc/refman/8.0/en/create-procedure.html	mysql-8.0.22-manual:90770c134a234e61
create_function	references/statements/ddl/function/create_function.md	data_access_shape	T2	omitted	edition_baseline	edition_baseline	static_reviewed	static_ready	mysql_native		https://dev.mysql.com/doc/refman/8.0/en/create-procedure.html	mysql-8.0.22-manual:90770c134a234e61
create_function	references/statements/ddl/function/create_function.md	data_access_shape	T2	contains_sql	edition_baseline	edition_baseline	static_reviewed	static_ready	mysql_native		https://dev.mysql.com/doc/refman/8.0/en/create-procedure.html	mysql-8.0.22-manual:90770c134a234e61
create_function	references/statements/ddl/function/create_function.md	data_access_shape	T2	reads_sql_data	edition_baseline	edition_baseline	static_reviewed	static_ready	mysql_native		https://dev.mysql.com/doc/refman/8.0/en/create-procedure.html	mysql-8.0.22-manual:90770c134a234e61
create_function	references/statements/ddl/function/create_function.md	data_access_shape	T2	modifies_sql_data	edition_baseline	edition_baseline	static_reviewed	static_ready	mysql_native		https://dev.mysql.com/doc/refman/8.0/en/create-procedure.html	mysql-8.0.22-manual:90770c134a234e61
create_function	references/statements/ddl/function/create_function.md	data_access_shape	T2	no_sql	edition_baseline	edition_baseline	static_reviewed	static_ready	mysql_native		https://dev.mysql.com/doc/refman/8.0/en/create-procedure.html	mysql-8.0.22-manual:90770c134a234e61
create_function	references/statements/ddl/function/create_function.md	security_shape	T2	omitted	edition_baseline	edition_baseline	static_reviewed	static_ready	mysql_native		https://dev.mysql.com/doc/refman/8.0/en/create-procedure.html	mysql-8.0.22-manual:90770c134a234e61
create_function	references/statements/ddl/function/create_function.md	security_shape	T2	definer	edition_baseline	edition_baseline	static_reviewed	static_ready	mysql_native		https://dev.mysql.com/doc/refman/8.0/en/create-procedure.html	mysql-8.0.22-manual:90770c134a234e61
create_function	references/statements/ddl/function/create_function.md	security_shape	T2	invoker	edition_baseline	edition_baseline	static_reviewed	static_ready	mysql_native		https://dev.mysql.com/doc/refman/8.0/en/create-procedure.html	mysql-8.0.22-manual:90770c134a234e61
drop_function	references/statements/ddl/function/drop_function.md	if_exists	T1	omitted	edition_baseline	edition_baseline	static_reviewed	static_ready	mysql_native		https://dev.mysql.com/doc/refman/8.0/en/drop-procedure.html	mysql-8.0.22-manual:9f655a4bbce42c5d
drop_function	references/statements/ddl/function/drop_function.md	if_exists	T1	present	edition_baseline	edition_baseline	static_reviewed	static_ready	mysql_native		https://dev.mysql.com/doc/refman/8.0/en/drop-procedure.html	mysql-8.0.22-manual:9f655a4bbce42c5d
drop_function	references/statements/ddl/function/drop_function.md	function_state	T1	exists	edition_baseline	edition_baseline	static_reviewed	static_ready	mysql_native		https://dev.mysql.com/doc/refman/8.0/en/drop-procedure.html	mysql-8.0.22-manual:9f655a4bbce42c5d
drop_function	references/statements/ddl/function/drop_function.md	function_state	T1	missing	edition_baseline	edition_baseline	static_reviewed	static_ready	mysql_native		https://dev.mysql.com/doc/refman/8.0/en/drop-procedure.html	mysql-8.0.22-manual:9f655a4bbce42c5d
drop_function	references/statements/ddl/function/drop_function.md	function_state	T1	wrong_routine_type	edition_baseline	edition_baseline	static_reviewed	static_ready	mysql_native		https://dev.mysql.com/doc/refman/8.0/en/drop-procedure.html	mysql-8.0.22-manual:9f655a4bbce42c5d
drop_function	references/statements/ddl/function/drop_function.md	expected_status	T1	success	edition_baseline	edition_baseline	static_reviewed	static_ready	mysql_native		https://dev.mysql.com/doc/refman/8.0/en/drop-procedure.html	mysql-8.0.22-manual:9f655a4bbce42c5d
drop_function	references/statements/ddl/function/drop_function.md	expected_status	T1	failure	edition_baseline	edition_baseline	static_reviewed	static_ready	mysql_native		https://dev.mysql.com/doc/refman/8.0/en/drop-procedure.html	mysql-8.0.22-manual:9f655a4bbce42c5d
create_index	references/statements/ddl/index/create_index.md	index_kind	T1	normal	edition_baseline	edition_baseline	static_reviewed	static_ready	mysql_native		https://dev.mysql.com/doc/refman/8.0/en/create-index.html	mysql-8.0.22-manual:74abfbf8088e36c8
create_index	references/statements/ddl/index/create_index.md	index_kind	T1	unique	edition_baseline	edition_baseline	static_reviewed	static_ready	mysql_native		https://dev.mysql.com/doc/refman/8.0/en/create-index.html	mysql-8.0.22-manual:74abfbf8088e36c8
create_index	references/statements/ddl/index/create_index.md	index_kind	T1	fulltext	edition_baseline	edition_baseline	static_reviewed	static_ready	mysql_native		https://dev.mysql.com/doc/refman/8.0/en/create-index.html	mysql-8.0.22-manual:74abfbf8088e36c8
create_index	references/statements/ddl/index/create_index.md	index_kind	T1	spatial	edition_baseline	edition_baseline	static_reviewed	static_ready	mysql_native		https://dev.mysql.com/doc/refman/8.0/en/create-index.html	mysql-8.0.22-manual:74abfbf8088e36c8
create_index	references/statements/ddl/index/create_index.md	key_part_shape	T1	column	edition_baseline	edition_baseline	static_reviewed	static_ready	mysql_native		https://dev.mysql.com/doc/refman/8.0/en/create-index.html	mysql-8.0.22-manual:74abfbf8088e36c8
create_index	references/statements/ddl/index/create_index.md	key_part_shape	T1	descending_column	edition_baseline	edition_baseline	static_reviewed	static_ready	mysql_native		https://dev.mysql.com/doc/refman/8.0/en/create-index.html	mysql-8.0.22-manual:74abfbf8088e36c8
create_index	references/statements/ddl/index/create_index.md	key_part_shape	T1	functional_key_part	edition_baseline	edition_baseline	static_reviewed	static_ready	mysql_native		https://dev.mysql.com/doc/refman/8.0/en/create-index.html	mysql-8.0.22-manual:74abfbf8088e36c8
create_index	references/statements/ddl/index/create_index.md	key_part_shape	T1	prefix_length	edition_baseline	edition_baseline	static_reviewed	static_ready	mysql_native		https://dev.mysql.com/doc/refman/8.0/en/create-index.html	mysql-8.0.22-manual:74abfbf8088e36c8
create_index	references/statements/ddl/index/create_index.md	expected_status	T1	success	edition_baseline	edition_baseline	static_reviewed	static_ready	mysql_native		https://dev.mysql.com/doc/refman/8.0/en/create-index.html	mysql-8.0.22-manual:74abfbf8088e36c8
create_index	references/statements/ddl/index/create_index.md	expected_status	T1	failure	edition_baseline	edition_baseline	static_reviewed	static_ready	mysql_native		https://dev.mysql.com/doc/refman/8.0/en/create-index.html	mysql-8.0.22-manual:74abfbf8088e36c8
create_index	references/statements/ddl/index/create_index.md	index_type	T2	omitted	edition_baseline	edition_baseline	static_reviewed	static_ready	mysql_native		https://dev.mysql.com/doc/refman/8.0/en/create-index.html	mysql-8.0.22-manual:74abfbf8088e36c8
create_index	references/statements/ddl/index/create_index.md	index_type	T2	btree	edition_baseline	edition_baseline	static_reviewed	static_ready	mysql_native		https://dev.mysql.com/doc/refman/8.0/en/create-index.html	mysql-8.0.22-manual:74abfbf8088e36c8
create_index	references/statements/ddl/index/create_index.md	index_type	T2	hash	edition_baseline	edition_baseline	static_reviewed	static_ready	mysql_native		https://dev.mysql.com/doc/refman/8.0/en/create-index.html	mysql-8.0.22-manual:74abfbf8088e36c8
create_index	references/statements/ddl/index/create_index.md	visibility	T2	omitted	edition_baseline	edition_baseline	static_reviewed	static_ready	mysql_native		https://dev.mysql.com/doc/refman/8.0/en/create-index.html	mysql-8.0.22-manual:74abfbf8088e36c8
create_index	references/statements/ddl/index/create_index.md	visibility	T2	visible	edition_baseline	edition_baseline	static_reviewed	static_ready	mysql_native		https://dev.mysql.com/doc/refman/8.0/en/create-index.html	mysql-8.0.22-manual:74abfbf8088e36c8
create_index	references/statements/ddl/index/create_index.md	visibility	T2	invisible	edition_baseline	edition_baseline	static_reviewed	static_ready	mysql_native		https://dev.mysql.com/doc/refman/8.0/en/create-index.html	mysql-8.0.22-manual:74abfbf8088e36c8
create_index	references/statements/ddl/index/create_index.md	algorithm_lock	T2	omitted	edition_baseline	edition_baseline	static_reviewed	static_ready	mysql_native		https://dev.mysql.com/doc/refman/8.0/en/create-index.html	mysql-8.0.22-manual:74abfbf8088e36c8
create_index	references/statements/ddl/index/create_index.md	algorithm_lock	T2	inplace_none	edition_baseline	edition_baseline	static_reviewed	static_ready	mysql_native		https://dev.mysql.com/doc/refman/8.0/en/create-index.html	mysql-8.0.22-manual:74abfbf8088e36c8
create_index	references/statements/ddl/index/create_index.md	algorithm_lock	T2	copy_shared	edition_baseline	edition_baseline	static_reviewed	static_ready	mysql_native		https://dev.mysql.com/doc/refman/8.0/en/create-index.html	mysql-8.0.22-manual:74abfbf8088e36c8
create_index	references/statements/ddl/index/create_index.md	index_name_shape	T3	explicit	edition_baseline	edition_baseline	static_reviewed	static_ready	mysql_native		https://dev.mysql.com/doc/refman/8.0/en/create-index.html	mysql-8.0.22-manual:74abfbf8088e36c8
create_index	references/statements/ddl/index/create_index.md	index_name_shape	T3	quoted_reserved	edition_baseline	edition_baseline	static_reviewed	static_ready	mysql_native		https://dev.mysql.com/doc/refman/8.0/en/create-index.html	mysql-8.0.22-manual:74abfbf8088e36c8
create_index	references/statements/ddl/index/create_index.md	prefix_length	T3	omitted	edition_baseline	edition_baseline	static_reviewed	static_ready	mysql_native		https://dev.mysql.com/doc/refman/8.0/en/create-index.html	mysql-8.0.22-manual:74abfbf8088e36c8
create_index	references/statements/ddl/index/create_index.md	prefix_length	T3	varchar_prefix	edition_baseline	edition_baseline	static_reviewed	static_ready	mysql_native		https://dev.mysql.com/doc/refman/8.0/en/create-index.html	mysql-8.0.22-manual:74abfbf8088e36c8
create_index	references/statements/ddl/index/create_index.md	parser_clause	T3	omitted	edition_baseline	edition_baseline	static_reviewed	static_ready	mysql_native		https://dev.mysql.com/doc/refman/8.0/en/create-index.html	mysql-8.0.22-manual:74abfbf8088e36c8
create_index	references/statements/ddl/index/create_index.md	parser_clause	T3	ngram_parser	edition_baseline	edition_baseline	static_reviewed	static_ready	mysql_native		https://dev.mysql.com/doc/refman/8.0/en/create-index.html	mysql-8.0.22-manual:74abfbf8088e36c8
create_index	references/statements/ddl/index/create_index.md	invalid_combination	T5	none	edition_baseline	edition_baseline	static_reviewed	static_ready	mysql_native		https://dev.mysql.com/doc/refman/8.0/en/create-index.html	mysql-8.0.22-manual:74abfbf8088e36c8
create_index	references/statements/ddl/index/create_index.md	invalid_combination	T5	fulltext_on_int	edition_baseline	edition_baseline	static_reviewed	static_ready	mysql_native		https://dev.mysql.com/doc/refman/8.0/en/create-index.html	mysql-8.0.22-manual:74abfbf8088e36c8
create_index	references/statements/ddl/index/create_index.md	invalid_combination	T5	spatial_on_nullable	edition_baseline	edition_baseline	static_reviewed	static_ready	mysql_native		https://dev.mysql.com/doc/refman/8.0/en/create-index.html	mysql-8.0.22-manual:74abfbf8088e36c8
drop_index	references/statements/ddl/index/drop_index.md	index_state	T1	exists	edition_baseline	edition_baseline	static_reviewed	static_ready	mysql_native		https://dev.mysql.com/doc/refman/8.0/en/drop-index.html	mysql-8.0.22-manual:b456bb33e4c28a1f
drop_index	references/statements/ddl/index/drop_index.md	index_state	T1	missing	edition_baseline	edition_baseline	static_reviewed	static_ready	mysql_native		https://dev.mysql.com/doc/refman/8.0/en/drop-index.html	mysql-8.0.22-manual:b456bb33e4c28a1f
drop_index	references/statements/ddl/index/drop_index.md	table_state	T1	exists	edition_baseline	edition_baseline	static_reviewed	static_ready	mysql_native		https://dev.mysql.com/doc/refman/8.0/en/drop-index.html	mysql-8.0.22-manual:b456bb33e4c28a1f
drop_index	references/statements/ddl/index/drop_index.md	table_state	T1	missing	edition_baseline	edition_baseline	static_reviewed	static_ready	mysql_native		https://dev.mysql.com/doc/refman/8.0/en/drop-index.html	mysql-8.0.22-manual:b456bb33e4c28a1f
drop_index	references/statements/ddl/index/drop_index.md	expected_status	T1	success	edition_baseline	edition_baseline	static_reviewed	static_ready	mysql_native		https://dev.mysql.com/doc/refman/8.0/en/drop-index.html	mysql-8.0.22-manual:b456bb33e4c28a1f
drop_index	references/statements/ddl/index/drop_index.md	expected_status	T1	failure	edition_baseline	edition_baseline	static_reviewed	static_ready	mysql_native		https://dev.mysql.com/doc/refman/8.0/en/drop-index.html	mysql-8.0.22-manual:b456bb33e4c28a1f
drop_index	references/statements/ddl/index/drop_index.md	algorithm_lock	T2	omitted	edition_baseline	edition_baseline	static_reviewed	static_ready	mysql_native		https://dev.mysql.com/doc/refman/8.0/en/drop-index.html	mysql-8.0.22-manual:b456bb33e4c28a1f
drop_index	references/statements/ddl/index/drop_index.md	algorithm_lock	T2	inplace_none	edition_baseline	edition_baseline	static_reviewed	static_ready	mysql_native		https://dev.mysql.com/doc/refman/8.0/en/drop-index.html	mysql-8.0.22-manual:b456bb33e4c28a1f
drop_index	references/statements/ddl/index/drop_index.md	algorithm_lock	T2	copy_shared	edition_baseline	edition_baseline	static_reviewed	static_ready	mysql_native		https://dev.mysql.com/doc/refman/8.0/en/drop-index.html	mysql-8.0.22-manual:b456bb33e4c28a1f
alter_logfile_group	references/statements/ddl/logfile_group/alter_logfile_group.md	logfile_group_state	T1	exists	edition_baseline	edition_baseline	static_reviewed	static_ready	mysql_native		https://dev.mysql.com/doc/refman/8.0/en/alter-logfile-group.html	mysql-8.0.22-manual:96840790a356e1f1
alter_logfile_group	references/statements/ddl/logfile_group/alter_logfile_group.md	logfile_group_state	T1	missing	edition_baseline	edition_baseline	static_reviewed	static_ready	mysql_native		https://dev.mysql.com/doc/refman/8.0/en/alter-logfile-group.html	mysql-8.0.22-manual:96840790a356e1f1
alter_logfile_group	references/statements/ddl/logfile_group/alter_logfile_group.md	logfile_group_state	T1	wrong_engine	edition_baseline	edition_baseline	static_reviewed	static_ready	mysql_native		https://dev.mysql.com/doc/refman/8.0/en/alter-logfile-group.html	mysql-8.0.22-manual:96840790a356e1f1
alter_logfile_group	references/statements/ddl/logfile_group/alter_logfile_group.md	undofile_shape	T1	relative_file	edition_baseline	edition_baseline	static_reviewed	static_ready	mysql_native		https://dev.mysql.com/doc/refman/8.0/en/alter-logfile-group.html	mysql-8.0.22-manual:96840790a356e1f1
alter_logfile_group	references/statements/ddl/logfile_group/alter_logfile_group.md	undofile_shape	T1	duplicate_file	edition_baseline	edition_baseline	static_reviewed	static_ready	mysql_native		https://dev.mysql.com/doc/refman/8.0/en/alter-logfile-group.html	mysql-8.0.22-manual:96840790a356e1f1
alter_logfile_group	references/statements/ddl/logfile_group/alter_logfile_group.md	undofile_shape	T1	missing_undofile	edition_baseline	edition_baseline	static_reviewed	static_ready	mysql_native		https://dev.mysql.com/doc/refman/8.0/en/alter-logfile-group.html	mysql-8.0.22-manual:96840790a356e1f1
alter_logfile_group	references/statements/ddl/logfile_group/alter_logfile_group.md	expected_status	T1	success	edition_baseline	edition_baseline	static_reviewed	static_ready	mysql_native		https://dev.mysql.com/doc/refman/8.0/en/alter-logfile-group.html	mysql-8.0.22-manual:96840790a356e1f1
alter_logfile_group	references/statements/ddl/logfile_group/alter_logfile_group.md	expected_status	T1	failure	edition_baseline	edition_baseline	static_reviewed	static_ready	mysql_native		https://dev.mysql.com/doc/refman/8.0/en/alter-logfile-group.html	mysql-8.0.22-manual:96840790a356e1f1
alter_logfile_group	references/statements/ddl/logfile_group/alter_logfile_group.md	execution_mode	T5	skip_ndb	edition_baseline	edition_baseline	static_reviewed	static_ready	mysql_native		https://dev.mysql.com/doc/refman/8.0/en/alter-logfile-group.html	mysql-8.0.22-manual:96840790a356e1f1
alter_logfile_group	references/statements/ddl/logfile_group/alter_logfile_group.md	execution_mode	T5	isolated_positive	edition_baseline	edition_baseline	static_reviewed	static_ready	mysql_native		https://dev.mysql.com/doc/refman/8.0/en/alter-logfile-group.html	mysql-8.0.22-manual:96840790a356e1f1
alter_logfile_group	references/statements/ddl/logfile_group/alter_logfile_group.md	execution_mode	T5	safe_negative	edition_baseline	edition_baseline	static_reviewed	static_ready	mysql_native		https://dev.mysql.com/doc/refman/8.0/en/alter-logfile-group.html	mysql-8.0.22-manual:96840790a356e1f1
create_logfile_group	references/statements/ddl/logfile_group/create_logfile_group.md	engine_shape	T1	ndb	edition_baseline	edition_baseline	static_reviewed	static_ready	mysql_native		https://dev.mysql.com/doc/refman/8.0/en/create-logfile-group.html	mysql-8.0.22-manual:0f804188a7799d22
create_logfile_group	references/statements/ddl/logfile_group/create_logfile_group.md	engine_shape	T1	ndbcluster	edition_baseline	edition_baseline	static_reviewed	static_ready	mysql_native		https://dev.mysql.com/doc/refman/8.0/en/create-logfile-group.html	mysql-8.0.22-manual:0f804188a7799d22
create_logfile_group	references/statements/ddl/logfile_group/create_logfile_group.md	engine_shape	T1	innodb_invalid	edition_baseline	edition_baseline	static_reviewed	static_ready	mysql_native		https://dev.mysql.com/doc/refman/8.0/en/create-logfile-group.html	mysql-8.0.22-manual:0f804188a7799d22
create_logfile_group	references/statements/ddl/logfile_group/create_logfile_group.md	undofile_shape	T1	relative_file	edition_baseline	edition_baseline	static_reviewed	static_ready	mysql_native		https://dev.mysql.com/doc/refman/8.0/en/create-logfile-group.html	mysql-8.0.22-manual:0f804188a7799d22
create_logfile_group	references/statements/ddl/logfile_group/create_logfile_group.md	undofile_shape	T1	absolute_file	edition_baseline	edition_baseline	static_reviewed	static_ready	mysql_native		https://dev.mysql.com/doc/refman/8.0/en/create-logfile-group.html	mysql-8.0.22-manual:0f804188a7799d22
create_logfile_group	references/statements/ddl/logfile_group/create_logfile_group.md	undofile_shape	T1	missing_undofile	edition_baseline	edition_baseline	static_reviewed	static_ready	mysql_native		https://dev.mysql.com/doc/refman/8.0/en/create-logfile-group.html	mysql-8.0.22-manual:0f804188a7799d22
create_logfile_group	references/statements/ddl/logfile_group/create_logfile_group.md	expected_status	T1	success	edition_baseline	edition_baseline	static_reviewed	static_ready	mysql_native		https://dev.mysql.com/doc/refman/8.0/en/create-logfile-group.html	mysql-8.0.22-manual:0f804188a7799d22
create_logfile_group	references/statements/ddl/logfile_group/create_logfile_group.md	expected_status	T1	failure	edition_baseline	edition_baseline	static_reviewed	static_ready	mysql_native		https://dev.mysql.com/doc/refman/8.0/en/create-logfile-group.html	mysql-8.0.22-manual:0f804188a7799d22
create_logfile_group	references/statements/ddl/logfile_group/create_logfile_group.md	execution_mode	T5	skip_ndb	edition_baseline	edition_baseline	static_reviewed	static_ready	mysql_native		https://dev.mysql.com/doc/refman/8.0/en/create-logfile-group.html	mysql-8.0.22-manual:0f804188a7799d22
create_logfile_group	references/statements/ddl/logfile_group/create_logfile_group.md	execution_mode	T5	isolated_positive	edition_baseline	edition_baseline	static_reviewed	static_ready	mysql_native		https://dev.mysql.com/doc/refman/8.0/en/create-logfile-group.html	mysql-8.0.22-manual:0f804188a7799d22
create_logfile_group	references/statements/ddl/logfile_group/create_logfile_group.md	execution_mode	T5	safe_negative	edition_baseline	edition_baseline	static_reviewed	static_ready	mysql_native		https://dev.mysql.com/doc/refman/8.0/en/create-logfile-group.html	mysql-8.0.22-manual:0f804188a7799d22
drop_logfile_group	references/statements/ddl/logfile_group/drop_logfile_group.md	logfile_group_state	T1	exists	edition_baseline	edition_baseline	static_reviewed	static_ready	mysql_native		https://dev.mysql.com/doc/refman/8.0/en/drop-logfile-group.html	mysql-8.0.22-manual:114680f723734721
drop_logfile_group	references/statements/ddl/logfile_group/drop_logfile_group.md	logfile_group_state	T1	missing	edition_baseline	edition_baseline	static_reviewed	static_ready	mysql_native		https://dev.mysql.com/doc/refman/8.0/en/drop-logfile-group.html	mysql-8.0.22-manual:114680f723734721
drop_logfile_group	references/statements/ddl/logfile_group/drop_logfile_group.md	logfile_group_state	T1	tablespace_depends	edition_baseline	edition_baseline	static_reviewed	static_ready	mysql_native		https://dev.mysql.com/doc/refman/8.0/en/drop-logfile-group.html	mysql-8.0.22-manual:114680f723734721
drop_logfile_group	references/statements/ddl/logfile_group/drop_logfile_group.md	engine_shape	T1	ndb	edition_baseline	edition_baseline	static_reviewed	static_ready	mysql_native		https://dev.mysql.com/doc/refman/8.0/en/drop-logfile-group.html	mysql-8.0.22-manual:114680f723734721
drop_logfile_group	references/statements/ddl/logfile_group/drop_logfile_group.md	engine_shape	T1	ndbcluster	edition_baseline	edition_baseline	static_reviewed	static_ready	mysql_native		https://dev.mysql.com/doc/refman/8.0/en/drop-logfile-group.html	mysql-8.0.22-manual:114680f723734721
drop_logfile_group	references/statements/ddl/logfile_group/drop_logfile_group.md	engine_shape	T1	innodb_invalid	edition_baseline	edition_baseline	static_reviewed	static_ready	mysql_native		https://dev.mysql.com/doc/refman/8.0/en/drop-logfile-group.html	mysql-8.0.22-manual:114680f723734721
drop_logfile_group	references/statements/ddl/logfile_group/drop_logfile_group.md	expected_status	T1	success	edition_baseline	edition_baseline	static_reviewed	static_ready	mysql_native		https://dev.mysql.com/doc/refman/8.0/en/drop-logfile-group.html	mysql-8.0.22-manual:114680f723734721
drop_logfile_group	references/statements/ddl/logfile_group/drop_logfile_group.md	expected_status	T1	failure	edition_baseline	edition_baseline	static_reviewed	static_ready	mysql_native		https://dev.mysql.com/doc/refman/8.0/en/drop-logfile-group.html	mysql-8.0.22-manual:114680f723734721
drop_logfile_group	references/statements/ddl/logfile_group/drop_logfile_group.md	execution_mode	T5	skip_ndb	edition_baseline	edition_baseline	static_reviewed	static_ready	mysql_native		https://dev.mysql.com/doc/refman/8.0/en/drop-logfile-group.html	mysql-8.0.22-manual:114680f723734721
drop_logfile_group	references/statements/ddl/logfile_group/drop_logfile_group.md	execution_mode	T5	isolated_positive	edition_baseline	edition_baseline	static_reviewed	static_ready	mysql_native		https://dev.mysql.com/doc/refman/8.0/en/drop-logfile-group.html	mysql-8.0.22-manual:114680f723734721
drop_logfile_group	references/statements/ddl/logfile_group/drop_logfile_group.md	execution_mode	T5	safe_negative	edition_baseline	edition_baseline	static_reviewed	static_ready	mysql_native		https://dev.mysql.com/doc/refman/8.0/en/drop-logfile-group.html	mysql-8.0.22-manual:114680f723734721
alter_procedure	references/statements/ddl/procedure/alter_procedure.md	procedure_state	T1	exists	edition_baseline	edition_baseline	static_reviewed	static_ready	mysql_native		https://dev.mysql.com/doc/refman/8.0/en/alter-procedure.html	mysql-8.0.22-manual:7ebc518526155f3b
alter_procedure	references/statements/ddl/procedure/alter_procedure.md	procedure_state	T1	missing	edition_baseline	edition_baseline	static_reviewed	static_ready	mysql_native		https://dev.mysql.com/doc/refman/8.0/en/alter-procedure.html	mysql-8.0.22-manual:7ebc518526155f3b
alter_procedure	references/statements/ddl/procedure/alter_procedure.md	procedure_state	T1	wrong_routine_type	edition_baseline	edition_baseline	static_reviewed	static_ready	mysql_native		https://dev.mysql.com/doc/refman/8.0/en/alter-procedure.html	mysql-8.0.22-manual:7ebc518526155f3b
alter_procedure	references/statements/ddl/procedure/alter_procedure.md	characteristic_shape	T1	comment	edition_baseline	edition_baseline	static_reviewed	static_ready	mysql_native		https://dev.mysql.com/doc/refman/8.0/en/alter-procedure.html	mysql-8.0.22-manual:7ebc518526155f3b
alter_procedure	references/statements/ddl/procedure/alter_procedure.md	characteristic_shape	T1	sql_security_definer	edition_baseline	edition_baseline	static_reviewed	static_ready	mysql_native		https://dev.mysql.com/doc/refman/8.0/en/alter-procedure.html	mysql-8.0.22-manual:7ebc518526155f3b
alter_procedure	references/statements/ddl/procedure/alter_procedure.md	characteristic_shape	T1	sql_security_invoker	edition_baseline	edition_baseline	static_reviewed	static_ready	mysql_native		https://dev.mysql.com/doc/refman/8.0/en/alter-procedure.html	mysql-8.0.22-manual:7ebc518526155f3b
alter_procedure	references/statements/ddl/procedure/alter_procedure.md	expected_status	T1	success	edition_baseline	edition_baseline	static_reviewed	static_ready	mysql_native		https://dev.mysql.com/doc/refman/8.0/en/alter-procedure.html	mysql-8.0.22-manual:7ebc518526155f3b
alter_procedure	references/statements/ddl/procedure/alter_procedure.md	expected_status	T1	failure	edition_baseline	edition_baseline	static_reviewed	static_ready	mysql_native		https://dev.mysql.com/doc/refman/8.0/en/alter-procedure.html	mysql-8.0.22-manual:7ebc518526155f3b
create_procedure	references/statements/ddl/procedure/create_procedure.md	parameter_shape	T1	none	edition_baseline	edition_baseline	static_reviewed	static_ready	mysql_native		https://dev.mysql.com/doc/refman/8.0/en/create-procedure.html	mysql-8.0.22-manual:29a86a36bf4b04c2
create_procedure	references/statements/ddl/procedure/create_procedure.md	parameter_shape	T1	in_parameter	edition_baseline	edition_baseline	static_reviewed	static_ready	mysql_native		https://dev.mysql.com/doc/refman/8.0/en/create-procedure.html	mysql-8.0.22-manual:29a86a36bf4b04c2
create_procedure	references/statements/ddl/procedure/create_procedure.md	parameter_shape	T1	out_parameter	edition_baseline	edition_baseline	static_reviewed	static_ready	mysql_native		https://dev.mysql.com/doc/refman/8.0/en/create-procedure.html	mysql-8.0.22-manual:29a86a36bf4b04c2
create_procedure	references/statements/ddl/procedure/create_procedure.md	parameter_shape	T1	inout_parameter	edition_baseline	edition_baseline	static_reviewed	static_ready	mysql_native		https://dev.mysql.com/doc/refman/8.0/en/create-procedure.html	mysql-8.0.22-manual:29a86a36bf4b04c2
create_procedure	references/statements/ddl/procedure/create_procedure.md	body_shape	T1	single_statement	edition_baseline	edition_baseline	static_reviewed	static_ready	mysql_native		https://dev.mysql.com/doc/refman/8.0/en/create-procedure.html	mysql-8.0.22-manual:29a86a36bf4b04c2
create_procedure	references/statements/ddl/procedure/create_procedure.md	body_shape	T1	compound_block	edition_baseline	edition_baseline	static_reviewed	static_ready	mysql_native		https://dev.mysql.com/doc/refman/8.0/en/create-procedure.html	mysql-8.0.22-manual:29a86a36bf4b04c2
create_procedure	references/statements/ddl/procedure/create_procedure.md	body_shape	T1	invalid_body	edition_baseline	edition_baseline	static_reviewed	static_ready	mysql_native		https://dev.mysql.com/doc/refman/8.0/en/create-procedure.html	mysql-8.0.22-manual:29a86a36bf4b04c2
create_procedure	references/statements/ddl/procedure/create_procedure.md	expected_status	T1	success	edition_baseline	edition_baseline	static_reviewed	static_ready	mysql_native		https://dev.mysql.com/doc/refman/8.0/en/create-procedure.html	mysql-8.0.22-manual:29a86a36bf4b04c2
create_procedure	references/statements/ddl/procedure/create_procedure.md	expected_status	T1	failure	edition_baseline	edition_baseline	static_reviewed	static_ready	mysql_native		https://dev.mysql.com/doc/refman/8.0/en/create-procedure.html	mysql-8.0.22-manual:29a86a36bf4b04c2
create_procedure	references/statements/ddl/procedure/create_procedure.md	definer_shape	T2	omitted	edition_baseline	edition_baseline	static_reviewed	static_ready	mysql_native		https://dev.mysql.com/doc/refman/8.0/en/create-procedure.html	mysql-8.0.22-manual:29a86a36bf4b04c2
create_procedure	references/statements/ddl/procedure/create_procedure.md	definer_shape	T2	current_user	edition_baseline	edition_baseline	static_reviewed	static_ready	mysql_native		https://dev.mysql.com/doc/refman/8.0/en/create-procedure.html	mysql-8.0.22-manual:29a86a36bf4b04c2
create_procedure	references/statements/ddl/procedure/create_procedure.md	definer_shape	T2	explicit_user	edition_baseline	edition_baseline	static_reviewed	static_ready	mysql_native		https://dev.mysql.com/doc/refman/8.0/en/create-procedure.html	mysql-8.0.22-manual:29a86a36bf4b04c2
create_procedure	references/statements/ddl/procedure/create_procedure.md	security_shape	T2	omitted	edition_baseline	edition_baseline	static_reviewed	static_ready	mysql_native		https://dev.mysql.com/doc/refman/8.0/en/create-procedure.html	mysql-8.0.22-manual:29a86a36bf4b04c2
create_procedure	references/statements/ddl/procedure/create_procedure.md	security_shape	T2	definer	edition_baseline	edition_baseline	static_reviewed	static_ready	mysql_native		https://dev.mysql.com/doc/refman/8.0/en/create-procedure.html	mysql-8.0.22-manual:29a86a36bf4b04c2
create_procedure	references/statements/ddl/procedure/create_procedure.md	security_shape	T2	invoker	edition_baseline	edition_baseline	static_reviewed	static_ready	mysql_native		https://dev.mysql.com/doc/refman/8.0/en/create-procedure.html	mysql-8.0.22-manual:29a86a36bf4b04c2
create_procedure	references/statements/ddl/procedure/create_procedure.md	comment_shape	T2	omitted	edition_baseline	edition_baseline	static_reviewed	static_ready	mysql_native		https://dev.mysql.com/doc/refman/8.0/en/create-procedure.html	mysql-8.0.22-manual:29a86a36bf4b04c2
create_procedure	references/statements/ddl/procedure/create_procedure.md	comment_shape	T2	comment	edition_baseline	edition_baseline	static_reviewed	static_ready	mysql_native		https://dev.mysql.com/doc/refman/8.0/en/create-procedure.html	mysql-8.0.22-manual:29a86a36bf4b04c2
drop_procedure	references/statements/ddl/procedure/drop_procedure.md	if_exists	T1	omitted	edition_baseline	edition_baseline	static_reviewed	static_ready	mysql_native		https://dev.mysql.com/doc/refman/8.0/en/drop-procedure.html	mysql-8.0.22-manual:df20905011bacf56
drop_procedure	references/statements/ddl/procedure/drop_procedure.md	if_exists	T1	present	edition_baseline	edition_baseline	static_reviewed	static_ready	mysql_native		https://dev.mysql.com/doc/refman/8.0/en/drop-procedure.html	mysql-8.0.22-manual:df20905011bacf56
drop_procedure	references/statements/ddl/procedure/drop_procedure.md	procedure_state	T1	exists	edition_baseline	edition_baseline	static_reviewed	static_ready	mysql_native		https://dev.mysql.com/doc/refman/8.0/en/drop-procedure.html	mysql-8.0.22-manual:df20905011bacf56
drop_procedure	references/statements/ddl/procedure/drop_procedure.md	procedure_state	T1	missing	edition_baseline	edition_baseline	static_reviewed	static_ready	mysql_native		https://dev.mysql.com/doc/refman/8.0/en/drop-procedure.html	mysql-8.0.22-manual:df20905011bacf56
drop_procedure	references/statements/ddl/procedure/drop_procedure.md	procedure_state	T1	wrong_routine_type	edition_baseline	edition_baseline	static_reviewed	static_ready	mysql_native		https://dev.mysql.com/doc/refman/8.0/en/drop-procedure.html	mysql-8.0.22-manual:df20905011bacf56
drop_procedure	references/statements/ddl/procedure/drop_procedure.md	expected_status	T1	success	edition_baseline	edition_baseline	static_reviewed	static_ready	mysql_native		https://dev.mysql.com/doc/refman/8.0/en/drop-procedure.html	mysql-8.0.22-manual:df20905011bacf56
drop_procedure	references/statements/ddl/procedure/drop_procedure.md	expected_status	T1	failure	edition_baseline	edition_baseline	static_reviewed	static_ready	mysql_native		https://dev.mysql.com/doc/refman/8.0/en/drop-procedure.html	mysql-8.0.22-manual:df20905011bacf56
alter_schema	references/statements/ddl/schema/alter_schema.md	schema_name_shape	T1	explicit	edition_baseline	edition_baseline	static_reviewed	static_ready	mysql_native		https://dev.mysql.com/doc/refman/8.0/en/alter-database.html	mysql-8.0.22-manual:5d69de6ab2850132
alter_schema	references/statements/ddl/schema/alter_schema.md	schema_name_shape	T1	omitted_current	edition_baseline	edition_baseline	static_reviewed	static_ready	mysql_native		https://dev.mysql.com/doc/refman/8.0/en/alter-database.html	mysql-8.0.22-manual:5d69de6ab2850132
alter_schema	references/statements/ddl/schema/alter_schema.md	expected_status	T1	success	edition_baseline	edition_baseline	static_reviewed	static_ready	mysql_native		https://dev.mysql.com/doc/refman/8.0/en/alter-database.html	mysql-8.0.22-manual:5d69de6ab2850132
alter_schema	references/statements/ddl/schema/alter_schema.md	expected_status	T1	failure	edition_baseline	edition_baseline	static_reviewed	static_ready	mysql_native		https://dev.mysql.com/doc/refman/8.0/en/alter-database.html	mysql-8.0.22-manual:5d69de6ab2850132
alter_schema	references/statements/ddl/schema/alter_schema.md	charset_option	T2	omitted	edition_baseline	edition_baseline	static_reviewed	static_ready	mysql_native		https://dev.mysql.com/doc/refman/8.0/en/alter-database.html	mysql-8.0.22-manual:5d69de6ab2850132
alter_schema	references/statements/ddl/schema/alter_schema.md	charset_option	T2	utf8mb4	edition_baseline	edition_baseline	static_reviewed	static_ready	mysql_native		https://dev.mysql.com/doc/refman/8.0/en/alter-database.html	mysql-8.0.22-manual:5d69de6ab2850132
alter_schema	references/statements/ddl/schema/alter_schema.md	collation_option	T2	omitted	edition_baseline	edition_baseline	static_reviewed	static_ready	mysql_native		https://dev.mysql.com/doc/refman/8.0/en/alter-database.html	mysql-8.0.22-manual:5d69de6ab2850132
alter_schema	references/statements/ddl/schema/alter_schema.md	collation_option	T2	utf8mb4_0900_ai_ci	edition_baseline	edition_baseline	static_reviewed	static_ready	mysql_native		https://dev.mysql.com/doc/refman/8.0/en/alter-database.html	mysql-8.0.22-manual:5d69de6ab2850132
alter_schema	references/statements/ddl/schema/alter_schema.md	encryption_option	T2	omitted	edition_baseline	edition_baseline	static_reviewed	static_ready	mysql_native		https://dev.mysql.com/doc/refman/8.0/en/alter-database.html	mysql-8.0.22-manual:5d69de6ab2850132
alter_schema	references/statements/ddl/schema/alter_schema.md	encryption_option	T2	default	edition_baseline	edition_baseline	static_reviewed	static_ready	mysql_native		https://dev.mysql.com/doc/refman/8.0/en/alter-database.html	mysql-8.0.22-manual:5d69de6ab2850132
alter_schema	references/statements/ddl/schema/alter_schema.md	encryption_option	T2	y	edition_baseline	edition_baseline	static_reviewed	static_ready	mysql_native		https://dev.mysql.com/doc/refman/8.0/en/alter-database.html	mysql-8.0.22-manual:5d69de6ab2850132
alter_schema	references/statements/ddl/schema/alter_schema.md	encryption_option	T2	n	edition_baseline	edition_baseline	static_reviewed	static_ready	mysql_native		https://dev.mysql.com/doc/refman/8.0/en/alter-database.html	mysql-8.0.22-manual:5d69de6ab2850132
alter_schema	references/statements/ddl/schema/alter_schema.md	read_only_option	T2	omitted	edition_baseline	edition_baseline	static_reviewed	static_ready	mysql_native		https://dev.mysql.com/doc/refman/8.0/en/alter-database.html	mysql-8.0.22-manual:5d69de6ab2850132
alter_schema	references/statements/ddl/schema/alter_schema.md	read_only_option	T2	default	edition_baseline	edition_baseline	static_reviewed	static_ready	mysql_native		https://dev.mysql.com/doc/refman/8.0/en/alter-database.html	mysql-8.0.22-manual:5d69de6ab2850132
alter_schema	references/statements/ddl/schema/alter_schema.md	read_only_option	T2	zero	edition_baseline	edition_baseline	static_reviewed	static_ready	mysql_native		https://dev.mysql.com/doc/refman/8.0/en/alter-database.html	mysql-8.0.22-manual:5d69de6ab2850132
alter_schema	references/statements/ddl/schema/alter_schema.md	read_only_option	T2	one	edition_baseline	edition_baseline	static_reviewed	static_ready	mysql_native		https://dev.mysql.com/doc/refman/8.0/en/alter-database.html	mysql-8.0.22-manual:5d69de6ab2850132
create_schema	references/statements/ddl/schema/create_schema.md	if_not_exists	T1	omitted	edition_baseline	edition_baseline	static_reviewed	static_ready	mysql_native		https://dev.mysql.com/doc/refman/8.0/en/create-database.html	mysql-8.0.22-manual:d179dd9cae76a953
create_schema	references/statements/ddl/schema/create_schema.md	if_not_exists	T1	present	edition_baseline	edition_baseline	static_reviewed	static_ready	mysql_native		https://dev.mysql.com/doc/refman/8.0/en/create-database.html	mysql-8.0.22-manual:d179dd9cae76a953
create_schema	references/statements/ddl/schema/create_schema.md	expected_status	T1	success	edition_baseline	edition_baseline	static_reviewed	static_ready	mysql_native		https://dev.mysql.com/doc/refman/8.0/en/create-database.html	mysql-8.0.22-manual:d179dd9cae76a953
create_schema	references/statements/ddl/schema/create_schema.md	expected_status	T1	failure	edition_baseline	edition_baseline	static_reviewed	static_ready	mysql_native		https://dev.mysql.com/doc/refman/8.0/en/create-database.html	mysql-8.0.22-manual:d179dd9cae76a953
create_schema	references/statements/ddl/schema/create_schema.md	charset_option	T2	omitted	edition_baseline	edition_baseline	static_reviewed	static_ready	mysql_native		https://dev.mysql.com/doc/refman/8.0/en/create-database.html	mysql-8.0.22-manual:d179dd9cae76a953
create_schema	references/statements/ddl/schema/create_schema.md	charset_option	T2	utf8mb4	edition_baseline	edition_baseline	static_reviewed	static_ready	mysql_native		https://dev.mysql.com/doc/refman/8.0/en/create-database.html	mysql-8.0.22-manual:d179dd9cae76a953
create_schema	references/statements/ddl/schema/create_schema.md	collation_option	T2	omitted	edition_baseline	edition_baseline	static_reviewed	static_ready	mysql_native		https://dev.mysql.com/doc/refman/8.0/en/create-database.html	mysql-8.0.22-manual:d179dd9cae76a953
create_schema	references/statements/ddl/schema/create_schema.md	collation_option	T2	utf8mb4_0900_ai_ci	edition_baseline	edition_baseline	static_reviewed	static_ready	mysql_native		https://dev.mysql.com/doc/refman/8.0/en/create-database.html	mysql-8.0.22-manual:d179dd9cae76a953
create_schema	references/statements/ddl/schema/create_schema.md	encryption_option	T2	omitted	edition_baseline	edition_baseline	static_reviewed	static_ready	mysql_native		https://dev.mysql.com/doc/refman/8.0/en/create-database.html	mysql-8.0.22-manual:d179dd9cae76a953
create_schema	references/statements/ddl/schema/create_schema.md	encryption_option	T2	default	edition_baseline	edition_baseline	static_reviewed	static_ready	mysql_native		https://dev.mysql.com/doc/refman/8.0/en/create-database.html	mysql-8.0.22-manual:d179dd9cae76a953
create_schema	references/statements/ddl/schema/create_schema.md	encryption_option	T2	y	edition_baseline	edition_baseline	static_reviewed	static_ready	mysql_native		https://dev.mysql.com/doc/refman/8.0/en/create-database.html	mysql-8.0.22-manual:d179dd9cae76a953
create_schema	references/statements/ddl/schema/create_schema.md	encryption_option	T2	n	edition_baseline	edition_baseline	static_reviewed	static_ready	mysql_native		https://dev.mysql.com/doc/refman/8.0/en/create-database.html	mysql-8.0.22-manual:d179dd9cae76a953
drop_schema	references/statements/ddl/schema/drop_schema.md	if_exists	T1	omitted	edition_baseline	edition_baseline	static_reviewed	static_ready	mysql_native		https://dev.mysql.com/doc/refman/8.0/en/drop-database.html	mysql-8.0.22-manual:71ac213059105262
drop_schema	references/statements/ddl/schema/drop_schema.md	if_exists	T1	present	edition_baseline	edition_baseline	static_reviewed	static_ready	mysql_native		https://dev.mysql.com/doc/refman/8.0/en/drop-database.html	mysql-8.0.22-manual:71ac213059105262
drop_schema	references/statements/ddl/schema/drop_schema.md	schema_state	T1	exists	edition_baseline	edition_baseline	static_reviewed	static_ready	mysql_native		https://dev.mysql.com/doc/refman/8.0/en/drop-database.html	mysql-8.0.22-manual:71ac213059105262
drop_schema	references/statements/ddl/schema/drop_schema.md	schema_state	T1	missing	edition_baseline	edition_baseline	static_reviewed	static_ready	mysql_native		https://dev.mysql.com/doc/refman/8.0/en/drop-database.html	mysql-8.0.22-manual:71ac213059105262
drop_schema	references/statements/ddl/schema/drop_schema.md	expected_status	T1	success	edition_baseline	edition_baseline	static_reviewed	static_ready	mysql_native		https://dev.mysql.com/doc/refman/8.0/en/drop-database.html	mysql-8.0.22-manual:71ac213059105262
drop_schema	references/statements/ddl/schema/drop_schema.md	expected_status	T1	failure	edition_baseline	edition_baseline	static_reviewed	static_ready	mysql_native		https://dev.mysql.com/doc/refman/8.0/en/drop-database.html	mysql-8.0.22-manual:71ac213059105262
alter_server	references/statements/ddl/server/alter_server.md	server_state	T1	exists	edition_baseline	edition_baseline	static_reviewed	static_ready	mysql_native		https://dev.mysql.com/doc/refman/8.0/en/alter-server.html	mysql-8.0.22-manual:3a80267311ce9941
alter_server	references/statements/ddl/server/alter_server.md	server_state	T1	missing	edition_baseline	edition_baseline	static_reviewed	static_ready	mysql_native		https://dev.mysql.com/doc/refman/8.0/en/alter-server.html	mysql-8.0.22-manual:3a80267311ce9941
alter_server	references/statements/ddl/server/alter_server.md	option_update_shape	T1	change_host	edition_baseline	edition_baseline	static_reviewed	static_ready	mysql_native		https://dev.mysql.com/doc/refman/8.0/en/alter-server.html	mysql-8.0.22-manual:3a80267311ce9941
alter_server	references/statements/ddl/server/alter_server.md	option_update_shape	T1	change_database	edition_baseline	edition_baseline	static_reviewed	static_ready	mysql_native		https://dev.mysql.com/doc/refman/8.0/en/alter-server.html	mysql-8.0.22-manual:3a80267311ce9941
alter_server	references/statements/ddl/server/alter_server.md	option_update_shape	T1	invalid_option	edition_baseline	edition_baseline	static_reviewed	static_ready	mysql_native		https://dev.mysql.com/doc/refman/8.0/en/alter-server.html	mysql-8.0.22-manual:3a80267311ce9941
alter_server	references/statements/ddl/server/alter_server.md	expected_status	T1	success	edition_baseline	edition_baseline	static_reviewed	static_ready	mysql_native		https://dev.mysql.com/doc/refman/8.0/en/alter-server.html	mysql-8.0.22-manual:3a80267311ce9941
alter_server	references/statements/ddl/server/alter_server.md	expected_status	T1	failure	edition_baseline	edition_baseline	static_reviewed	static_ready	mysql_native		https://dev.mysql.com/doc/refman/8.0/en/alter-server.html	mysql-8.0.22-manual:3a80267311ce9941
alter_server	references/statements/ddl/server/alter_server.md	execution_mode	T5	metadata_only	edition_baseline	edition_baseline	static_reviewed	static_ready	mysql_native		https://dev.mysql.com/doc/refman/8.0/en/alter-server.html	mysql-8.0.22-manual:3a80267311ce9941
alter_server	references/statements/ddl/server/alter_server.md	execution_mode	T5	isolated_positive	edition_baseline	edition_baseline	static_reviewed	static_ready	mysql_native		https://dev.mysql.com/doc/refman/8.0/en/alter-server.html	mysql-8.0.22-manual:3a80267311ce9941
alter_server	references/statements/ddl/server/alter_server.md	execution_mode	T5	safe_negative	edition_baseline	edition_baseline	static_reviewed	static_ready	mysql_native		https://dev.mysql.com/doc/refman/8.0/en/alter-server.html	mysql-8.0.22-manual:3a80267311ce9941
create_server	references/statements/ddl/server/create_server.md	server_state	T1	new_name	edition_baseline	edition_baseline	static_reviewed	static_ready	mysql_native		https://dev.mysql.com/doc/refman/8.0/en/create-server.html	mysql-8.0.22-manual:a707ceb301142931
create_server	references/statements/ddl/server/create_server.md	server_state	T1	duplicate_name	edition_baseline	edition_baseline	static_reviewed	static_ready	mysql_native		https://dev.mysql.com/doc/refman/8.0/en/create-server.html	mysql-8.0.22-manual:a707ceb301142931
create_server	references/statements/ddl/server/create_server.md	option_shape	T1	minimal_host_db_user	edition_baseline	edition_baseline	static_reviewed	static_ready	mysql_native		https://dev.mysql.com/doc/refman/8.0/en/create-server.html	mysql-8.0.22-manual:a707ceb301142931
create_server	references/statements/ddl/server/create_server.md	option_shape	T1	full_connection	edition_baseline	edition_baseline	static_reviewed	static_ready	mysql_native		https://dev.mysql.com/doc/refman/8.0/en/create-server.html	mysql-8.0.22-manual:a707ceb301142931
create_server	references/statements/ddl/server/create_server.md	option_shape	T1	missing_required_option	edition_baseline	edition_baseline	static_reviewed	static_ready	mysql_native		https://dev.mysql.com/doc/refman/8.0/en/create-server.html	mysql-8.0.22-manual:a707ceb301142931
create_server	references/statements/ddl/server/create_server.md	expected_status	T1	success	edition_baseline	edition_baseline	static_reviewed	static_ready	mysql_native		https://dev.mysql.com/doc/refman/8.0/en/create-server.html	mysql-8.0.22-manual:a707ceb301142931
create_server	references/statements/ddl/server/create_server.md	expected_status	T1	failure	edition_baseline	edition_baseline	static_reviewed	static_ready	mysql_native		https://dev.mysql.com/doc/refman/8.0/en/create-server.html	mysql-8.0.22-manual:a707ceb301142931
create_server	references/statements/ddl/server/create_server.md	execution_mode	T5	metadata_only	edition_baseline	edition_baseline	static_reviewed	static_ready	mysql_native		https://dev.mysql.com/doc/refman/8.0/en/create-server.html	mysql-8.0.22-manual:a707ceb301142931
create_server	references/statements/ddl/server/create_server.md	execution_mode	T5	isolated_positive	edition_baseline	edition_baseline	static_reviewed	static_ready	mysql_native		https://dev.mysql.com/doc/refman/8.0/en/create-server.html	mysql-8.0.22-manual:a707ceb301142931
create_server	references/statements/ddl/server/create_server.md	execution_mode	T5	safe_negative	edition_baseline	edition_baseline	static_reviewed	static_ready	mysql_native		https://dev.mysql.com/doc/refman/8.0/en/create-server.html	mysql-8.0.22-manual:a707ceb301142931
drop_server	references/statements/ddl/server/drop_server.md	if_exists	T1	omitted	edition_baseline	edition_baseline	static_reviewed	static_ready	mysql_native		https://dev.mysql.com/doc/refman/8.0/en/drop-server.html	mysql-8.0.22-manual:ff37cdb69c3f2a13
drop_server	references/statements/ddl/server/drop_server.md	if_exists	T1	present	edition_baseline	edition_baseline	static_reviewed	static_ready	mysql_native		https://dev.mysql.com/doc/refman/8.0/en/drop-server.html	mysql-8.0.22-manual:ff37cdb69c3f2a13
drop_server	references/statements/ddl/server/drop_server.md	server_state	T1	exists	edition_baseline	edition_baseline	static_reviewed	static_ready	mysql_native		https://dev.mysql.com/doc/refman/8.0/en/drop-server.html	mysql-8.0.22-manual:ff37cdb69c3f2a13
drop_server	references/statements/ddl/server/drop_server.md	server_state	T1	missing	edition_baseline	edition_baseline	static_reviewed	static_ready	mysql_native		https://dev.mysql.com/doc/refman/8.0/en/drop-server.html	mysql-8.0.22-manual:ff37cdb69c3f2a13
drop_server	references/statements/ddl/server/drop_server.md	expected_status	T1	success	edition_baseline	edition_baseline	static_reviewed	static_ready	mysql_native		https://dev.mysql.com/doc/refman/8.0/en/drop-server.html	mysql-8.0.22-manual:ff37cdb69c3f2a13
drop_server	references/statements/ddl/server/drop_server.md	expected_status	T1	failure	edition_baseline	edition_baseline	static_reviewed	static_ready	mysql_native		https://dev.mysql.com/doc/refman/8.0/en/drop-server.html	mysql-8.0.22-manual:ff37cdb69c3f2a13
drop_server	references/statements/ddl/server/drop_server.md	execution_mode	T5	metadata_only	edition_baseline	edition_baseline	static_reviewed	static_ready	mysql_native		https://dev.mysql.com/doc/refman/8.0/en/drop-server.html	mysql-8.0.22-manual:ff37cdb69c3f2a13
drop_server	references/statements/ddl/server/drop_server.md	execution_mode	T5	isolated_positive	edition_baseline	edition_baseline	static_reviewed	static_ready	mysql_native		https://dev.mysql.com/doc/refman/8.0/en/drop-server.html	mysql-8.0.22-manual:ff37cdb69c3f2a13
drop_server	references/statements/ddl/server/drop_server.md	execution_mode	T5	safe_negative	edition_baseline	edition_baseline	static_reviewed	static_ready	mysql_native		https://dev.mysql.com/doc/refman/8.0/en/drop-server.html	mysql-8.0.22-manual:ff37cdb69c3f2a13
create_spatial_reference_system	references/statements/ddl/spatial_reference_system/create_spatial_reference_system.md	replace_shape	T1	omitted	edition_baseline	edition_baseline	static_reviewed	static_ready	mysql_native		https://dev.mysql.com/doc/refman/8.0/en/create-spatial-reference-system.html	mysql-8.0.22-manual:4d3c3e42c7016772
create_spatial_reference_system	references/statements/ddl/spatial_reference_system/create_spatial_reference_system.md	replace_shape	T1	or_replace	edition_baseline	edition_baseline	static_reviewed	static_ready	mysql_native		https://dev.mysql.com/doc/refman/8.0/en/create-spatial-reference-system.html	mysql-8.0.22-manual:4d3c3e42c7016772
create_spatial_reference_system	references/statements/ddl/spatial_reference_system/create_spatial_reference_system.md	if_not_exists	T1	omitted	edition_baseline	edition_baseline	static_reviewed	static_ready	mysql_native		https://dev.mysql.com/doc/refman/8.0/en/create-spatial-reference-system.html	mysql-8.0.22-manual:4d3c3e42c7016772
create_spatial_reference_system	references/statements/ddl/spatial_reference_system/create_spatial_reference_system.md	if_not_exists	T1	present	edition_baseline	edition_baseline	static_reviewed	static_ready	mysql_native		https://dev.mysql.com/doc/refman/8.0/en/create-spatial-reference-system.html	mysql-8.0.22-manual:4d3c3e42c7016772
create_spatial_reference_system	references/statements/ddl/spatial_reference_system/create_spatial_reference_system.md	srid_shape	T1	user_range	edition_baseline	edition_baseline	static_reviewed	static_ready	mysql_native		https://dev.mysql.com/doc/refman/8.0/en/create-spatial-reference-system.html	mysql-8.0.22-manual:4d3c3e42c7016772
create_spatial_reference_system	references/statements/ddl/spatial_reference_system/create_spatial_reference_system.md	srid_shape	T1	reserved_range	edition_baseline	edition_baseline	static_reviewed	static_ready	mysql_native		https://dev.mysql.com/doc/refman/8.0/en/create-spatial-reference-system.html	mysql-8.0.22-manual:4d3c3e42c7016772
create_spatial_reference_system	references/statements/ddl/spatial_reference_system/create_spatial_reference_system.md	srid_shape	T1	duplicate_srid	edition_baseline	edition_baseline	static_reviewed	static_ready	mysql_native		https://dev.mysql.com/doc/refman/8.0/en/create-spatial-reference-system.html	mysql-8.0.22-manual:4d3c3e42c7016772
create_spatial_reference_system	references/statements/ddl/spatial_reference_system/create_spatial_reference_system.md	expected_status	T1	success	edition_baseline	edition_baseline	static_reviewed	static_ready	mysql_native		https://dev.mysql.com/doc/refman/8.0/en/create-spatial-reference-system.html	mysql-8.0.22-manual:4d3c3e42c7016772
create_spatial_reference_system	references/statements/ddl/spatial_reference_system/create_spatial_reference_system.md	expected_status	T1	failure	edition_baseline	edition_baseline	static_reviewed	static_ready	mysql_native		https://dev.mysql.com/doc/refman/8.0/en/create-spatial-reference-system.html	mysql-8.0.22-manual:4d3c3e42c7016772
create_spatial_reference_system	references/statements/ddl/spatial_reference_system/create_spatial_reference_system.md	attribute_shape	T2	required_geographic	edition_baseline	edition_baseline	static_reviewed	static_ready	mysql_native		https://dev.mysql.com/doc/refman/8.0/en/create-spatial-reference-system.html	mysql-8.0.22-manual:4d3c3e42c7016772
create_spatial_reference_system	references/statements/ddl/spatial_reference_system/create_spatial_reference_system.md	attribute_shape	T2	required_projected	edition_baseline	edition_baseline	static_reviewed	static_ready	mysql_native		https://dev.mysql.com/doc/refman/8.0/en/create-spatial-reference-system.html	mysql-8.0.22-manual:4d3c3e42c7016772
create_spatial_reference_system	references/statements/ddl/spatial_reference_system/create_spatial_reference_system.md	attribute_shape	T2	missing_attribute	edition_baseline	edition_baseline	static_reviewed	static_ready	mysql_native		https://dev.mysql.com/doc/refman/8.0/en/create-spatial-reference-system.html	mysql-8.0.22-manual:4d3c3e42c7016772
create_spatial_reference_system	references/statements/ddl/spatial_reference_system/create_spatial_reference_system.md	attribute_shape	T2	invalid_wkt	edition_baseline	edition_baseline	static_reviewed	static_ready	mysql_native		https://dev.mysql.com/doc/refman/8.0/en/create-spatial-reference-system.html	mysql-8.0.22-manual:4d3c3e42c7016772
drop_spatial_reference_system	references/statements/ddl/spatial_reference_system/drop_spatial_reference_system.md	if_exists	T1	omitted	edition_baseline	edition_baseline	static_reviewed	static_ready	mysql_native		https://dev.mysql.com/doc/refman/8.0/en/drop-spatial-reference-system.html	mysql-8.0.22-manual:3bc58fe87995f990
drop_spatial_reference_system	references/statements/ddl/spatial_reference_system/drop_spatial_reference_system.md	if_exists	T1	present	edition_baseline	edition_baseline	static_reviewed	static_ready	mysql_native		https://dev.mysql.com/doc/refman/8.0/en/drop-spatial-reference-system.html	mysql-8.0.22-manual:3bc58fe87995f990
drop_spatial_reference_system	references/statements/ddl/spatial_reference_system/drop_spatial_reference_system.md	srid_state	T1	user_defined_exists	edition_baseline	edition_baseline	static_reviewed	static_ready	mysql_native		https://dev.mysql.com/doc/refman/8.0/en/drop-spatial-reference-system.html	mysql-8.0.22-manual:3bc58fe87995f990
drop_spatial_reference_system	references/statements/ddl/spatial_reference_system/drop_spatial_reference_system.md	srid_state	T1	missing	edition_baseline	edition_baseline	static_reviewed	static_ready	mysql_native		https://dev.mysql.com/doc/refman/8.0/en/drop-spatial-reference-system.html	mysql-8.0.22-manual:3bc58fe87995f990
drop_spatial_reference_system	references/statements/ddl/spatial_reference_system/drop_spatial_reference_system.md	srid_state	T1	reserved_or_builtin	edition_baseline	edition_baseline	static_reviewed	static_ready	mysql_native		https://dev.mysql.com/doc/refman/8.0/en/drop-spatial-reference-system.html	mysql-8.0.22-manual:3bc58fe87995f990
drop_spatial_reference_system	references/statements/ddl/spatial_reference_system/drop_spatial_reference_system.md	srid_state	T1	column_dependency	edition_baseline	edition_baseline	static_reviewed	static_ready	mysql_native		https://dev.mysql.com/doc/refman/8.0/en/drop-spatial-reference-system.html	mysql-8.0.22-manual:3bc58fe87995f990
drop_spatial_reference_system	references/statements/ddl/spatial_reference_system/drop_spatial_reference_system.md	expected_status	T1	success	edition_baseline	edition_baseline	static_reviewed	static_ready	mysql_native		https://dev.mysql.com/doc/refman/8.0/en/drop-spatial-reference-system.html	mysql-8.0.22-manual:3bc58fe87995f990
drop_spatial_reference_system	references/statements/ddl/spatial_reference_system/drop_spatial_reference_system.md	expected_status	T1	failure	edition_baseline	edition_baseline	static_reviewed	static_ready	mysql_native		https://dev.mysql.com/doc/refman/8.0/en/drop-spatial-reference-system.html	mysql-8.0.22-manual:3bc58fe87995f990
drop_spatial_reference_system	references/statements/ddl/spatial_reference_system/drop_spatial_reference_system.md	execution_mode	T5	metadata_only	edition_baseline	edition_baseline	static_reviewed	static_ready	mysql_native		https://dev.mysql.com/doc/refman/8.0/en/drop-spatial-reference-system.html	mysql-8.0.22-manual:3bc58fe87995f990
drop_spatial_reference_system	references/statements/ddl/spatial_reference_system/drop_spatial_reference_system.md	execution_mode	T5	isolated_positive	edition_baseline	edition_baseline	static_reviewed	static_ready	mysql_native		https://dev.mysql.com/doc/refman/8.0/en/drop-spatial-reference-system.html	mysql-8.0.22-manual:3bc58fe87995f990
drop_spatial_reference_system	references/statements/ddl/spatial_reference_system/drop_spatial_reference_system.md	execution_mode	T5	safe_negative	edition_baseline	edition_baseline	static_reviewed	static_ready	mysql_native		https://dev.mysql.com/doc/refman/8.0/en/drop-spatial-reference-system.html	mysql-8.0.22-manual:3bc58fe87995f990
alter_table	references/statements/ddl/table/alter_table.md	alter_branch	T1	add_column	edition_baseline	edition_baseline	static_reviewed	static_ready	mysql_native		https://dev.mysql.com/doc/refman/8.0/en/alter-table.html	mysql-8.0.22-manual:e57a84f6b31e2de4
alter_table	references/statements/ddl/table/alter_table.md	alter_branch	T1	modify_column	edition_baseline	edition_baseline	static_reviewed	static_ready	mysql_native		https://dev.mysql.com/doc/refman/8.0/en/alter-table.html	mysql-8.0.22-manual:e57a84f6b31e2de4
alter_table	references/statements/ddl/table/alter_table.md	alter_branch	T1	change_column	edition_baseline	edition_baseline	static_reviewed	static_ready	mysql_native		https://dev.mysql.com/doc/refman/8.0/en/alter-table.html	mysql-8.0.22-manual:e57a84f6b31e2de4
alter_table	references/statements/ddl/table/alter_table.md	alter_branch	T1	drop_column	edition_baseline	edition_baseline	static_reviewed	static_ready	mysql_native		https://dev.mysql.com/doc/refman/8.0/en/alter-table.html	mysql-8.0.22-manual:e57a84f6b31e2de4
alter_table	references/statements/ddl/table/alter_table.md	alter_branch	T1	rename_column	edition_baseline	edition_baseline	static_reviewed	static_ready	mysql_native		https://dev.mysql.com/doc/refman/8.0/en/alter-table.html	mysql-8.0.22-manual:e57a84f6b31e2de4
alter_table	references/statements/ddl/table/alter_table.md	alter_branch	T1	add_index	edition_baseline	edition_baseline	static_reviewed	static_ready	mysql_native		https://dev.mysql.com/doc/refman/8.0/en/alter-table.html	mysql-8.0.22-manual:e57a84f6b31e2de4
alter_table	references/statements/ddl/table/alter_table.md	alter_branch	T1	drop_index	edition_baseline	edition_baseline	static_reviewed	static_ready	mysql_native		https://dev.mysql.com/doc/refman/8.0/en/alter-table.html	mysql-8.0.22-manual:e57a84f6b31e2de4
alter_table	references/statements/ddl/table/alter_table.md	alter_branch	T1	rename_index	edition_baseline	edition_baseline	static_reviewed	static_ready	mysql_native		https://dev.mysql.com/doc/refman/8.0/en/alter-table.html	mysql-8.0.22-manual:e57a84f6b31e2de4
alter_table	references/statements/ddl/table/alter_table.md	alter_branch	T1	alter_index_visibility	edition_baseline	edition_baseline	static_reviewed	static_ready	mysql_native		https://dev.mysql.com/doc/refman/8.0/en/alter-table.html	mysql-8.0.22-manual:e57a84f6b31e2de4
alter_table	references/statements/ddl/table/alter_table.md	alter_branch	T1	add_primary_key	edition_baseline	edition_baseline	static_reviewed	static_ready	mysql_native		https://dev.mysql.com/doc/refman/8.0/en/alter-table.html	mysql-8.0.22-manual:e57a84f6b31e2de4
alter_table	references/statements/ddl/table/alter_table.md	alter_branch	T1	drop_primary_key	edition_baseline	edition_baseline	static_reviewed	static_ready	mysql_native		https://dev.mysql.com/doc/refman/8.0/en/alter-table.html	mysql-8.0.22-manual:e57a84f6b31e2de4
alter_table	references/statements/ddl/table/alter_table.md	alter_branch	T1	add_foreign_key	edition_baseline	edition_baseline	static_reviewed	static_ready	mysql_native		https://dev.mysql.com/doc/refman/8.0/en/alter-table.html	mysql-8.0.22-manual:e57a84f6b31e2de4
alter_table	references/statements/ddl/table/alter_table.md	alter_branch	T1	drop_foreign_key	edition_baseline	edition_baseline	static_reviewed	static_ready	mysql_native		https://dev.mysql.com/doc/refman/8.0/en/alter-table.html	mysql-8.0.22-manual:e57a84f6b31e2de4
alter_table	references/statements/ddl/table/alter_table.md	alter_branch	T1	add_check	edition_baseline	edition_baseline	static_reviewed	static_ready	mysql_native		https://dev.mysql.com/doc/refman/8.0/en/alter-table.html	mysql-8.0.22-manual:e57a84f6b31e2de4
alter_table	references/statements/ddl/table/alter_table.md	alter_branch	T1	drop_check	edition_baseline	edition_baseline	static_reviewed	static_ready	mysql_native		https://dev.mysql.com/doc/refman/8.0/en/alter-table.html	mysql-8.0.22-manual:e57a84f6b31e2de4
alter_table	references/statements/ddl/table/alter_table.md	alter_branch	T1	table_options	edition_baseline	edition_baseline	static_reviewed	static_ready	mysql_native		https://dev.mysql.com/doc/refman/8.0/en/alter-table.html	mysql-8.0.22-manual:e57a84f6b31e2de4
alter_table	references/statements/ddl/table/alter_table.md	alter_branch	T1	partition_options	edition_baseline	edition_baseline	static_reviewed	static_ready	mysql_native		https://dev.mysql.com/doc/refman/8.0/en/alter-table.html	mysql-8.0.22-manual:e57a84f6b31e2de4
alter_table	references/statements/ddl/table/alter_table.md	alter_branch	T1	rename_table	edition_baseline	edition_baseline	static_reviewed	static_ready	mysql_native		https://dev.mysql.com/doc/refman/8.0/en/alter-table.html	mysql-8.0.22-manual:e57a84f6b31e2de4
alter_table	references/statements/ddl/table/alter_table.md	table_state	T1	exists	edition_baseline	edition_baseline	static_reviewed	static_ready	mysql_native		https://dev.mysql.com/doc/refman/8.0/en/alter-table.html	mysql-8.0.22-manual:e57a84f6b31e2de4
alter_table	references/statements/ddl/table/alter_table.md	table_state	T1	missing	edition_baseline	edition_baseline	static_reviewed	static_ready	mysql_native		https://dev.mysql.com/doc/refman/8.0/en/alter-table.html	mysql-8.0.22-manual:e57a84f6b31e2de4
alter_table	references/statements/ddl/table/alter_table.md	table_state	T1	wrong_object_type	edition_baseline	edition_baseline	static_reviewed	static_ready	mysql_native		https://dev.mysql.com/doc/refman/8.0/en/alter-table.html	mysql-8.0.22-manual:e57a84f6b31e2de4
alter_table	references/statements/ddl/table/alter_table.md	expected_status	T1	success	edition_baseline	edition_baseline	static_reviewed	static_ready	mysql_native		https://dev.mysql.com/doc/refman/8.0/en/alter-table.html	mysql-8.0.22-manual:e57a84f6b31e2de4
alter_table	references/statements/ddl/table/alter_table.md	expected_status	T1	failure	edition_baseline	edition_baseline	static_reviewed	static_ready	mysql_native		https://dev.mysql.com/doc/refman/8.0/en/alter-table.html	mysql-8.0.22-manual:e57a84f6b31e2de4
alter_table	references/statements/ddl/table/alter_table.md	algorithm_option	T2	omitted	edition_baseline	edition_baseline	static_reviewed	static_ready	mysql_native		https://dev.mysql.com/doc/refman/8.0/en/alter-table.html	mysql-8.0.22-manual:e57a84f6b31e2de4
alter_table	references/statements/ddl/table/alter_table.md	algorithm_option	T2	default	edition_baseline	edition_baseline	static_reviewed	static_ready	mysql_native		https://dev.mysql.com/doc/refman/8.0/en/alter-table.html	mysql-8.0.22-manual:e57a84f6b31e2de4
alter_table	references/statements/ddl/table/alter_table.md	algorithm_option	T2	instant	edition_baseline	edition_baseline	static_reviewed	static_ready	mysql_native		https://dev.mysql.com/doc/refman/8.0/en/alter-table.html	mysql-8.0.22-manual:e57a84f6b31e2de4
alter_table	references/statements/ddl/table/alter_table.md	algorithm_option	T2	inplace	edition_baseline	edition_baseline	static_reviewed	static_ready	mysql_native		https://dev.mysql.com/doc/refman/8.0/en/alter-table.html	mysql-8.0.22-manual:e57a84f6b31e2de4
alter_table	references/statements/ddl/table/alter_table.md	algorithm_option	T2	copy	edition_baseline	edition_baseline	static_reviewed	static_ready	mysql_native		https://dev.mysql.com/doc/refman/8.0/en/alter-table.html	mysql-8.0.22-manual:e57a84f6b31e2de4
alter_table	references/statements/ddl/table/alter_table.md	lock_option	T2	omitted	edition_baseline	edition_baseline	static_reviewed	static_ready	mysql_native		https://dev.mysql.com/doc/refman/8.0/en/alter-table.html	mysql-8.0.22-manual:e57a84f6b31e2de4
alter_table	references/statements/ddl/table/alter_table.md	lock_option	T2	default	edition_baseline	edition_baseline	static_reviewed	static_ready	mysql_native		https://dev.mysql.com/doc/refman/8.0/en/alter-table.html	mysql-8.0.22-manual:e57a84f6b31e2de4
alter_table	references/statements/ddl/table/alter_table.md	lock_option	T2	none	edition_baseline	edition_baseline	static_reviewed	static_ready	mysql_native		https://dev.mysql.com/doc/refman/8.0/en/alter-table.html	mysql-8.0.22-manual:e57a84f6b31e2de4
alter_table	references/statements/ddl/table/alter_table.md	lock_option	T2	shared	edition_baseline	edition_baseline	static_reviewed	static_ready	mysql_native		https://dev.mysql.com/doc/refman/8.0/en/alter-table.html	mysql-8.0.22-manual:e57a84f6b31e2de4
alter_table	references/statements/ddl/table/alter_table.md	lock_option	T2	exclusive	edition_baseline	edition_baseline	static_reviewed	static_ready	mysql_native		https://dev.mysql.com/doc/refman/8.0/en/alter-table.html	mysql-8.0.22-manual:e57a84f6b31e2de4
alter_table	references/statements/ddl/table/alter_table.md	validation_option	T2	omitted	edition_baseline	edition_baseline	static_reviewed	static_ready	mysql_native		https://dev.mysql.com/doc/refman/8.0/en/alter-table.html	mysql-8.0.22-manual:e57a84f6b31e2de4
alter_table	references/statements/ddl/table/alter_table.md	validation_option	T2	with_validation	edition_baseline	edition_baseline	static_reviewed	static_ready	mysql_native		https://dev.mysql.com/doc/refman/8.0/en/alter-table.html	mysql-8.0.22-manual:e57a84f6b31e2de4
alter_table	references/statements/ddl/table/alter_table.md	validation_option	T2	without_validation	edition_baseline	edition_baseline	static_reviewed	static_ready	mysql_native		https://dev.mysql.com/doc/refman/8.0/en/alter-table.html	mysql-8.0.22-manual:e57a84f6b31e2de4
alter_table	references/statements/ddl/table/alter_table.md	column_position_shape	T3	omitted	edition_baseline	edition_baseline	static_reviewed	static_ready	mysql_native		https://dev.mysql.com/doc/refman/8.0/en/alter-table.html	mysql-8.0.22-manual:e57a84f6b31e2de4
alter_table	references/statements/ddl/table/alter_table.md	column_position_shape	T3	first	edition_baseline	edition_baseline	static_reviewed	static_ready	mysql_native		https://dev.mysql.com/doc/refman/8.0/en/alter-table.html	mysql-8.0.22-manual:e57a84f6b31e2de4
alter_table	references/statements/ddl/table/alter_table.md	column_position_shape	T3	after_column	edition_baseline	edition_baseline	static_reviewed	static_ready	mysql_native		https://dev.mysql.com/doc/refman/8.0/en/alter-table.html	mysql-8.0.22-manual:e57a84f6b31e2de4
alter_table	references/statements/ddl/table/alter_table.md	index_visibility_shape	T3	omitted	edition_baseline	edition_baseline	static_reviewed	static_ready	mysql_native		https://dev.mysql.com/doc/refman/8.0/en/alter-table.html	mysql-8.0.22-manual:e57a84f6b31e2de4
alter_table	references/statements/ddl/table/alter_table.md	index_visibility_shape	T3	visible	edition_baseline	edition_baseline	static_reviewed	static_ready	mysql_native		https://dev.mysql.com/doc/refman/8.0/en/alter-table.html	mysql-8.0.22-manual:e57a84f6b31e2de4
alter_table	references/statements/ddl/table/alter_table.md	index_visibility_shape	T3	invisible	edition_baseline	edition_baseline	static_reviewed	static_ready	mysql_native		https://dev.mysql.com/doc/refman/8.0/en/alter-table.html	mysql-8.0.22-manual:e57a84f6b31e2de4
alter_table	references/statements/ddl/table/alter_table.md	invalid_combination	T5	none	edition_baseline	edition_baseline	static_reviewed	static_ready	mysql_native		https://dev.mysql.com/doc/refman/8.0/en/alter-table.html	mysql-8.0.22-manual:e57a84f6b31e2de4
alter_table	references/statements/ddl/table/alter_table.md	invalid_combination	T5	invisible_column_8_0_23_excluded	edition_baseline	edition_baseline	static_reviewed	static_ready	mysql_native		https://dev.mysql.com/doc/refman/8.0/en/alter-table.html	mysql-8.0.22-manual:e57a84f6b31e2de4
alter_table	references/statements/ddl/table/alter_table.md	invalid_combination	T5	autoextend_size_8_0_23_excluded	edition_baseline	edition_baseline	static_reviewed	static_ready	mysql_native		https://dev.mysql.com/doc/refman/8.0/en/alter-table.html	mysql-8.0.22-manual:e57a84f6b31e2de4
create_table	references/statements/ddl/table/create_table.md	statement_branch	T1	column_definition	edition_baseline	edition_baseline	static_reviewed	static_ready	mysql_native		https://dev.mysql.com/doc/refman/8.0/en/create-table.html	mysql-8.0.22-manual:0dd04cd2ac4952ba
create_table	references/statements/ddl/table/create_table.md	statement_branch	T1	create_like	edition_baseline	edition_baseline	static_reviewed	static_ready	mysql_native		https://dev.mysql.com/doc/refman/8.0/en/create-table.html	mysql-8.0.22-manual:0dd04cd2ac4952ba
create_table	references/statements/ddl/table/create_table.md	statement_branch	T1	create_select	edition_baseline	edition_baseline	static_reviewed	static_ready	mysql_native		https://dev.mysql.com/doc/refman/8.0/en/create-table.html	mysql-8.0.22-manual:0dd04cd2ac4952ba
create_table	references/statements/ddl/table/create_table.md	table_kind	T1	permanent	edition_baseline	edition_baseline	static_reviewed	static_ready	mysql_native		https://dev.mysql.com/doc/refman/8.0/en/create-table.html	mysql-8.0.22-manual:0dd04cd2ac4952ba
create_table	references/statements/ddl/table/create_table.md	table_kind	T1	temporary	edition_baseline	edition_baseline	static_reviewed	static_ready	mysql_native		https://dev.mysql.com/doc/refman/8.0/en/create-table.html	mysql-8.0.22-manual:0dd04cd2ac4952ba
create_table	references/statements/ddl/table/create_table.md	if_not_exists	T1	omitted	edition_baseline	edition_baseline	static_reviewed	static_ready	mysql_native		https://dev.mysql.com/doc/refman/8.0/en/create-table.html	mysql-8.0.22-manual:0dd04cd2ac4952ba
create_table	references/statements/ddl/table/create_table.md	if_not_exists	T1	present	edition_baseline	edition_baseline	static_reviewed	static_ready	mysql_native		https://dev.mysql.com/doc/refman/8.0/en/create-table.html	mysql-8.0.22-manual:0dd04cd2ac4952ba
create_table	references/statements/ddl/table/create_table.md	expected_status	T1	success	edition_baseline	edition_baseline	static_reviewed	static_ready	mysql_native		https://dev.mysql.com/doc/refman/8.0/en/create-table.html	mysql-8.0.22-manual:0dd04cd2ac4952ba
create_table	references/statements/ddl/table/create_table.md	expected_status	T1	failure	edition_baseline	edition_baseline	static_reviewed	static_ready	mysql_native		https://dev.mysql.com/doc/refman/8.0/en/create-table.html	mysql-8.0.22-manual:0dd04cd2ac4952ba
create_table	references/statements/ddl/table/create_table.md	constraint_shape	T2	primary_key	edition_baseline	edition_baseline	static_reviewed	static_ready	mysql_native		https://dev.mysql.com/doc/refman/8.0/en/create-table.html	mysql-8.0.22-manual:0dd04cd2ac4952ba
create_table	references/statements/ddl/table/create_table.md	constraint_shape	T2	unique_key	edition_baseline	edition_baseline	static_reviewed	static_ready	mysql_native		https://dev.mysql.com/doc/refman/8.0/en/create-table.html	mysql-8.0.22-manual:0dd04cd2ac4952ba
create_table	references/statements/ddl/table/create_table.md	constraint_shape	T2	foreign_key	edition_baseline	edition_baseline	static_reviewed	static_ready	mysql_native		https://dev.mysql.com/doc/refman/8.0/en/create-table.html	mysql-8.0.22-manual:0dd04cd2ac4952ba
create_table	references/statements/ddl/table/create_table.md	constraint_shape	T2	check_enforced	edition_baseline	edition_baseline	static_reviewed	static_ready	mysql_native		https://dev.mysql.com/doc/refman/8.0/en/create-table.html	mysql-8.0.22-manual:0dd04cd2ac4952ba
create_table	references/statements/ddl/table/create_table.md	constraint_shape	T2	check_not_enforced	edition_baseline	edition_baseline	static_reviewed	static_ready	mysql_native		https://dev.mysql.com/doc/refman/8.0/en/create-table.html	mysql-8.0.22-manual:0dd04cd2ac4952ba
create_table	references/statements/ddl/table/create_table.md	generated_column_shape	T2	omitted	edition_baseline	edition_baseline	static_reviewed	static_ready	mysql_native		https://dev.mysql.com/doc/refman/8.0/en/create-table.html	mysql-8.0.22-manual:0dd04cd2ac4952ba
create_table	references/statements/ddl/table/create_table.md	generated_column_shape	T2	virtual	edition_baseline	edition_baseline	static_reviewed	static_ready	mysql_native		https://dev.mysql.com/doc/refman/8.0/en/create-table.html	mysql-8.0.22-manual:0dd04cd2ac4952ba
create_table	references/statements/ddl/table/create_table.md	generated_column_shape	T2	stored	edition_baseline	edition_baseline	static_reviewed	static_ready	mysql_native		https://dev.mysql.com/doc/refman/8.0/en/create-table.html	mysql-8.0.22-manual:0dd04cd2ac4952ba
create_table	references/statements/ddl/table/create_table.md	table_option_shape	T2	engine_innodb	edition_baseline	edition_baseline	static_reviewed	static_ready	mysql_native		https://dev.mysql.com/doc/refman/8.0/en/create-table.html	mysql-8.0.22-manual:0dd04cd2ac4952ba
create_table	references/statements/ddl/table/create_table.md	table_option_shape	T2	engine_memory	edition_baseline	edition_baseline	static_reviewed	static_ready	mysql_native		https://dev.mysql.com/doc/refman/8.0/en/create-table.html	mysql-8.0.22-manual:0dd04cd2ac4952ba
create_table	references/statements/ddl/table/create_table.md	table_option_shape	T2	charset_collate	edition_baseline	edition_baseline	static_reviewed	static_ready	mysql_native		https://dev.mysql.com/doc/refman/8.0/en/create-table.html	mysql-8.0.22-manual:0dd04cd2ac4952ba
create_table	references/statements/ddl/table/create_table.md	table_option_shape	T2	encryption	edition_baseline	edition_baseline	static_reviewed	static_ready	mysql_native		https://dev.mysql.com/doc/refman/8.0/en/create-table.html	mysql-8.0.22-manual:0dd04cd2ac4952ba
create_table	references/statements/ddl/table/create_table.md	table_name_shape	T3	unquoted_lower	edition_baseline	edition_baseline	static_reviewed	static_ready	mysql_native		https://dev.mysql.com/doc/refman/8.0/en/create-table.html	mysql-8.0.22-manual:0dd04cd2ac4952ba
create_table	references/statements/ddl/table/create_table.md	table_name_shape	T3	quoted_reserved	edition_baseline	edition_baseline	static_reviewed	static_ready	mysql_native		https://dev.mysql.com/doc/refman/8.0/en/create-table.html	mysql-8.0.22-manual:0dd04cd2ac4952ba
create_table	references/statements/ddl/table/create_table.md	data_type_family	T3	numeric	edition_baseline	edition_baseline	static_reviewed	static_ready	mysql_native		https://dev.mysql.com/doc/refman/8.0/en/create-table.html	mysql-8.0.22-manual:0dd04cd2ac4952ba
create_table	references/statements/ddl/table/create_table.md	data_type_family	T3	string	edition_baseline	edition_baseline	static_reviewed	static_ready	mysql_native		https://dev.mysql.com/doc/refman/8.0/en/create-table.html	mysql-8.0.22-manual:0dd04cd2ac4952ba
create_table	references/statements/ddl/table/create_table.md	data_type_family	T3	temporal	edition_baseline	edition_baseline	static_reviewed	static_ready	mysql_native		https://dev.mysql.com/doc/refman/8.0/en/create-table.html	mysql-8.0.22-manual:0dd04cd2ac4952ba
create_table	references/statements/ddl/table/create_table.md	data_type_family	T3	json	edition_baseline	edition_baseline	static_reviewed	static_ready	mysql_native		https://dev.mysql.com/doc/refman/8.0/en/create-table.html	mysql-8.0.22-manual:0dd04cd2ac4952ba
create_table	references/statements/ddl/table/create_table.md	data_type_family	T3	spatial	edition_baseline	edition_baseline	static_reviewed	static_ready	mysql_native		https://dev.mysql.com/doc/refman/8.0/en/create-table.html	mysql-8.0.22-manual:0dd04cd2ac4952ba
create_table	references/statements/ddl/table/create_table.md	duplicate_table_state	T5	no_conflict	edition_baseline	edition_baseline	static_reviewed	static_ready	mysql_native		https://dev.mysql.com/doc/refman/8.0/en/create-table.html	mysql-8.0.22-manual:0dd04cd2ac4952ba
create_table	references/statements/ddl/table/create_table.md	duplicate_table_state	T5	name_already_exists	edition_baseline	edition_baseline	static_reviewed	static_ready	mysql_native		https://dev.mysql.com/doc/refman/8.0/en/create-table.html	mysql-8.0.22-manual:0dd04cd2ac4952ba
drop_table	references/statements/ddl/table/drop_table.md	temporary_clause	T1	omitted	edition_baseline	edition_baseline	static_reviewed	static_ready	mysql_native		https://dev.mysql.com/doc/refman/8.0/en/drop-table.html	mysql-8.0.22-manual:ef8fed193631e920
drop_table	references/statements/ddl/table/drop_table.md	temporary_clause	T1	temporary	edition_baseline	edition_baseline	static_reviewed	static_ready	mysql_native		https://dev.mysql.com/doc/refman/8.0/en/drop-table.html	mysql-8.0.22-manual:ef8fed193631e920
drop_table	references/statements/ddl/table/drop_table.md	if_exists	T1	omitted	edition_baseline	edition_baseline	static_reviewed	static_ready	mysql_native		https://dev.mysql.com/doc/refman/8.0/en/drop-table.html	mysql-8.0.22-manual:ef8fed193631e920
drop_table	references/statements/ddl/table/drop_table.md	if_exists	T1	present	edition_baseline	edition_baseline	static_reviewed	static_ready	mysql_native		https://dev.mysql.com/doc/refman/8.0/en/drop-table.html	mysql-8.0.22-manual:ef8fed193631e920
drop_table	references/statements/ddl/table/drop_table.md	table_state	T1	exists	edition_baseline	edition_baseline	static_reviewed	static_ready	mysql_native		https://dev.mysql.com/doc/refman/8.0/en/drop-table.html	mysql-8.0.22-manual:ef8fed193631e920
drop_table	references/statements/ddl/table/drop_table.md	table_state	T1	missing	edition_baseline	edition_baseline	static_reviewed	static_ready	mysql_native		https://dev.mysql.com/doc/refman/8.0/en/drop-table.html	mysql-8.0.22-manual:ef8fed193631e920
drop_table	references/statements/ddl/table/drop_table.md	expected_status	T1	success	edition_baseline	edition_baseline	static_reviewed	static_ready	mysql_native		https://dev.mysql.com/doc/refman/8.0/en/drop-table.html	mysql-8.0.22-manual:ef8fed193631e920
drop_table	references/statements/ddl/table/drop_table.md	expected_status	T1	failure	edition_baseline	edition_baseline	static_reviewed	static_ready	mysql_native		https://dev.mysql.com/doc/refman/8.0/en/drop-table.html	mysql-8.0.22-manual:ef8fed193631e920
drop_table	references/statements/ddl/table/drop_table.md	multi_table_shape	T2	single	edition_baseline	edition_baseline	static_reviewed	static_ready	mysql_native		https://dev.mysql.com/doc/refman/8.0/en/drop-table.html	mysql-8.0.22-manual:ef8fed193631e920
drop_table	references/statements/ddl/table/drop_table.md	multi_table_shape	T2	multiple	edition_baseline	edition_baseline	static_reviewed	static_ready	mysql_native		https://dev.mysql.com/doc/refman/8.0/en/drop-table.html	mysql-8.0.22-manual:ef8fed193631e920
drop_table	references/statements/ddl/table/drop_table.md	restrict_cascade	T2	omitted	edition_baseline	edition_baseline	static_reviewed	static_ready	mysql_native		https://dev.mysql.com/doc/refman/8.0/en/drop-table.html	mysql-8.0.22-manual:ef8fed193631e920
drop_table	references/statements/ddl/table/drop_table.md	restrict_cascade	T2	restrict	edition_baseline	edition_baseline	static_reviewed	static_ready	mysql_native		https://dev.mysql.com/doc/refman/8.0/en/drop-table.html	mysql-8.0.22-manual:ef8fed193631e920
drop_table	references/statements/ddl/table/drop_table.md	restrict_cascade	T2	cascade	edition_baseline	edition_baseline	static_reviewed	static_ready	mysql_native		https://dev.mysql.com/doc/refman/8.0/en/drop-table.html	mysql-8.0.22-manual:ef8fed193631e920
rename_table	references/statements/ddl/table/rename_table.md	rename_shape	T1	single_table	edition_baseline	edition_baseline	static_reviewed	static_ready	mysql_native		https://dev.mysql.com/doc/refman/8.0/en/rename-table.html	mysql-8.0.22-manual:27a74f2c66eddd44
rename_table	references/statements/ddl/table/rename_table.md	rename_shape	T1	multi_table	edition_baseline	edition_baseline	static_reviewed	static_ready	mysql_native		https://dev.mysql.com/doc/refman/8.0/en/rename-table.html	mysql-8.0.22-manual:27a74f2c66eddd44
rename_table	references/statements/ddl/table/rename_table.md	rename_shape	T1	swap_names	edition_baseline	edition_baseline	static_reviewed	static_ready	mysql_native		https://dev.mysql.com/doc/refman/8.0/en/rename-table.html	mysql-8.0.22-manual:27a74f2c66eddd44
rename_table	references/statements/ddl/table/rename_table.md	object_state	T1	table_exists	edition_baseline	edition_baseline	static_reviewed	static_ready	mysql_native		https://dev.mysql.com/doc/refman/8.0/en/rename-table.html	mysql-8.0.22-manual:27a74f2c66eddd44
rename_table	references/statements/ddl/table/rename_table.md	object_state	T1	source_missing	edition_baseline	edition_baseline	static_reviewed	static_ready	mysql_native		https://dev.mysql.com/doc/refman/8.0/en/rename-table.html	mysql-8.0.22-manual:27a74f2c66eddd44
rename_table	references/statements/ddl/table/rename_table.md	object_state	T1	target_exists	edition_baseline	edition_baseline	static_reviewed	static_ready	mysql_native		https://dev.mysql.com/doc/refman/8.0/en/rename-table.html	mysql-8.0.22-manual:27a74f2c66eddd44
rename_table	references/statements/ddl/table/rename_table.md	object_state	T1	view_instead_of_table	edition_baseline	edition_baseline	static_reviewed	static_ready	mysql_native		https://dev.mysql.com/doc/refman/8.0/en/rename-table.html	mysql-8.0.22-manual:27a74f2c66eddd44
rename_table	references/statements/ddl/table/rename_table.md	expected_status	T1	success	edition_baseline	edition_baseline	static_reviewed	static_ready	mysql_native		https://dev.mysql.com/doc/refman/8.0/en/rename-table.html	mysql-8.0.22-manual:27a74f2c66eddd44
rename_table	references/statements/ddl/table/rename_table.md	expected_status	T1	failure	edition_baseline	edition_baseline	static_reviewed	static_ready	mysql_native		https://dev.mysql.com/doc/refman/8.0/en/rename-table.html	mysql-8.0.22-manual:27a74f2c66eddd44
rename_table	references/statements/ddl/table/rename_table.md	schema_shape	T2	same_schema	edition_baseline	edition_baseline	static_reviewed	static_ready	mysql_native		https://dev.mysql.com/doc/refman/8.0/en/rename-table.html	mysql-8.0.22-manual:27a74f2c66eddd44
rename_table	references/statements/ddl/table/rename_table.md	schema_shape	T2	cross_schema	edition_baseline	edition_baseline	static_reviewed	static_ready	mysql_native		https://dev.mysql.com/doc/refman/8.0/en/rename-table.html	mysql-8.0.22-manual:27a74f2c66eddd44
rename_table	references/statements/ddl/table/rename_table.md	dependency_shape	T2	none	edition_baseline	edition_baseline	static_reviewed	static_ready	mysql_native		https://dev.mysql.com/doc/refman/8.0/en/rename-table.html	mysql-8.0.22-manual:27a74f2c66eddd44
rename_table	references/statements/ddl/table/rename_table.md	dependency_shape	T2	trigger_dependency	edition_baseline	edition_baseline	static_reviewed	static_ready	mysql_native		https://dev.mysql.com/doc/refman/8.0/en/rename-table.html	mysql-8.0.22-manual:27a74f2c66eddd44
rename_table	references/statements/ddl/table/rename_table.md	dependency_shape	T2	foreign_key_dependency	edition_baseline	edition_baseline	static_reviewed	static_ready	mysql_native		https://dev.mysql.com/doc/refman/8.0/en/rename-table.html	mysql-8.0.22-manual:27a74f2c66eddd44
truncate	references/statements/ddl/table/truncate.md	table_keyword	T1	omitted	edition_baseline	edition_baseline	static_reviewed	static_ready	mysql_native		https://dev.mysql.com/doc/refman/8.0/en/truncate-table.html	mysql-8.0.22-manual:60c74bf166e488d6
truncate	references/statements/ddl/table/truncate.md	table_keyword	T1	present	edition_baseline	edition_baseline	static_reviewed	static_ready	mysql_native		https://dev.mysql.com/doc/refman/8.0/en/truncate-table.html	mysql-8.0.22-manual:60c74bf166e488d6
truncate	references/statements/ddl/table/truncate.md	table_state	T1	exists	edition_baseline	edition_baseline	static_reviewed	static_ready	mysql_native		https://dev.mysql.com/doc/refman/8.0/en/truncate-table.html	mysql-8.0.22-manual:60c74bf166e488d6
truncate	references/statements/ddl/table/truncate.md	table_state	T1	missing	edition_baseline	edition_baseline	static_reviewed	static_ready	mysql_native		https://dev.mysql.com/doc/refman/8.0/en/truncate-table.html	mysql-8.0.22-manual:60c74bf166e488d6
truncate	references/statements/ddl/table/truncate.md	foreign_key_state	T1	none	edition_baseline	edition_baseline	static_reviewed	static_ready	mysql_native		https://dev.mysql.com/doc/refman/8.0/en/truncate-table.html	mysql-8.0.22-manual:60c74bf166e488d6
truncate	references/statements/ddl/table/truncate.md	foreign_key_state	T1	referenced_by_other_table	edition_baseline	edition_baseline	static_reviewed	static_ready	mysql_native		https://dev.mysql.com/doc/refman/8.0/en/truncate-table.html	mysql-8.0.22-manual:60c74bf166e488d6
truncate	references/statements/ddl/table/truncate.md	expected_status	T1	success	edition_baseline	edition_baseline	static_reviewed	static_ready	mysql_native		https://dev.mysql.com/doc/refman/8.0/en/truncate-table.html	mysql-8.0.22-manual:60c74bf166e488d6
truncate	references/statements/ddl/table/truncate.md	expected_status	T1	failure	edition_baseline	edition_baseline	static_reviewed	static_ready	mysql_native		https://dev.mysql.com/doc/refman/8.0/en/truncate-table.html	mysql-8.0.22-manual:60c74bf166e488d6
alter_tablespace	references/statements/ddl/tablespace/alter_tablespace.md	tablespace_state	T1	exists	edition_baseline	edition_baseline	static_reviewed	static_ready	mysql_native		https://dev.mysql.com/doc/refman/8.0/en/alter-tablespace.html	mysql-8.0.22-manual:a42298460f9a251c
alter_tablespace	references/statements/ddl/tablespace/alter_tablespace.md	tablespace_state	T1	missing	edition_baseline	edition_baseline	static_reviewed	static_ready	mysql_native		https://dev.mysql.com/doc/refman/8.0/en/alter-tablespace.html	mysql-8.0.22-manual:a42298460f9a251c
alter_tablespace	references/statements/ddl/tablespace/alter_tablespace.md	tablespace_state	T1	non_empty	edition_baseline	edition_baseline	static_reviewed	static_ready	mysql_native		https://dev.mysql.com/doc/refman/8.0/en/alter-tablespace.html	mysql-8.0.22-manual:a42298460f9a251c
alter_tablespace	references/statements/ddl/tablespace/alter_tablespace.md	alteration_shape	T1	add_datafile	edition_baseline	edition_baseline	static_reviewed	static_ready	mysql_native		https://dev.mysql.com/doc/refman/8.0/en/alter-tablespace.html	mysql-8.0.22-manual:a42298460f9a251c
alter_tablespace	references/statements/ddl/tablespace/alter_tablespace.md	alteration_shape	T1	set_active	edition_baseline	edition_baseline	static_reviewed	static_ready	mysql_native		https://dev.mysql.com/doc/refman/8.0/en/alter-tablespace.html	mysql-8.0.22-manual:a42298460f9a251c
alter_tablespace	references/statements/ddl/tablespace/alter_tablespace.md	alteration_shape	T1	set_inactive	edition_baseline	edition_baseline	static_reviewed	static_ready	mysql_native		https://dev.mysql.com/doc/refman/8.0/en/alter-tablespace.html	mysql-8.0.22-manual:a42298460f9a251c
alter_tablespace	references/statements/ddl/tablespace/alter_tablespace.md	alteration_shape	T1	ndb_drop_file	edition_baseline	edition_baseline	static_reviewed	static_ready	mysql_native		https://dev.mysql.com/doc/refman/8.0/en/alter-tablespace.html	mysql-8.0.22-manual:a42298460f9a251c
alter_tablespace	references/statements/ddl/tablespace/alter_tablespace.md	expected_status	T1	success	edition_baseline	edition_baseline	static_reviewed	static_ready	mysql_native		https://dev.mysql.com/doc/refman/8.0/en/alter-tablespace.html	mysql-8.0.22-manual:a42298460f9a251c
alter_tablespace	references/statements/ddl/tablespace/alter_tablespace.md	expected_status	T1	failure	edition_baseline	edition_baseline	static_reviewed	static_ready	mysql_native		https://dev.mysql.com/doc/refman/8.0/en/alter-tablespace.html	mysql-8.0.22-manual:a42298460f9a251c
alter_tablespace	references/statements/ddl/tablespace/alter_tablespace.md	execution_mode	T5	isolated_positive	edition_baseline	edition_baseline	static_reviewed	static_ready	mysql_native		https://dev.mysql.com/doc/refman/8.0/en/alter-tablespace.html	mysql-8.0.22-manual:a42298460f9a251c
alter_tablespace	references/statements/ddl/tablespace/alter_tablespace.md	execution_mode	T5	safe_negative	edition_baseline	edition_baseline	static_reviewed	static_ready	mysql_native		https://dev.mysql.com/doc/refman/8.0/en/alter-tablespace.html	mysql-8.0.22-manual:a42298460f9a251c
alter_tablespace	references/statements/ddl/tablespace/alter_tablespace.md	execution_mode	T5	skip_ndb	edition_baseline	edition_baseline	static_reviewed	static_ready	mysql_native		https://dev.mysql.com/doc/refman/8.0/en/alter-tablespace.html	mysql-8.0.22-manual:a42298460f9a251c
create_tablespace	references/statements/ddl/tablespace/create_tablespace.md	tablespace_kind	T1	innodb_general	edition_baseline	edition_baseline	static_reviewed	static_ready	mysql_native		https://dev.mysql.com/doc/refman/8.0/en/create-tablespace.html	mysql-8.0.22-manual:6ed26c915e3180ad
create_tablespace	references/statements/ddl/tablespace/create_tablespace.md	tablespace_kind	T1	undo	edition_baseline	edition_baseline	static_reviewed	static_ready	mysql_native		https://dev.mysql.com/doc/refman/8.0/en/create-tablespace.html	mysql-8.0.22-manual:6ed26c915e3180ad
create_tablespace	references/statements/ddl/tablespace/create_tablespace.md	tablespace_kind	T1	ndb_disk_data	edition_baseline	edition_baseline	static_reviewed	static_ready	mysql_native		https://dev.mysql.com/doc/refman/8.0/en/create-tablespace.html	mysql-8.0.22-manual:6ed26c915e3180ad
create_tablespace	references/statements/ddl/tablespace/create_tablespace.md	datafile_shape	T1	relative_file	edition_baseline	edition_baseline	static_reviewed	static_ready	mysql_native		https://dev.mysql.com/doc/refman/8.0/en/create-tablespace.html	mysql-8.0.22-manual:6ed26c915e3180ad
create_tablespace	references/statements/ddl/tablespace/create_tablespace.md	datafile_shape	T1	absolute_file	edition_baseline	edition_baseline	static_reviewed	static_ready	mysql_native		https://dev.mysql.com/doc/refman/8.0/en/create-tablespace.html	mysql-8.0.22-manual:6ed26c915e3180ad
create_tablespace	references/statements/ddl/tablespace/create_tablespace.md	datafile_shape	T1	missing_datafile	edition_baseline	edition_baseline	static_reviewed	static_ready	mysql_native		https://dev.mysql.com/doc/refman/8.0/en/create-tablespace.html	mysql-8.0.22-manual:6ed26c915e3180ad
create_tablespace	references/statements/ddl/tablespace/create_tablespace.md	expected_status	T1	success	edition_baseline	edition_baseline	static_reviewed	static_ready	mysql_native		https://dev.mysql.com/doc/refman/8.0/en/create-tablespace.html	mysql-8.0.22-manual:6ed26c915e3180ad
create_tablespace	references/statements/ddl/tablespace/create_tablespace.md	expected_status	T1	failure	edition_baseline	edition_baseline	static_reviewed	static_ready	mysql_native		https://dev.mysql.com/doc/refman/8.0/en/create-tablespace.html	mysql-8.0.22-manual:6ed26c915e3180ad
create_tablespace	references/statements/ddl/tablespace/create_tablespace.md	execution_mode	T5	isolated_positive	edition_baseline	edition_baseline	static_reviewed	static_ready	mysql_native		https://dev.mysql.com/doc/refman/8.0/en/create-tablespace.html	mysql-8.0.22-manual:6ed26c915e3180ad
create_tablespace	references/statements/ddl/tablespace/create_tablespace.md	execution_mode	T5	safe_negative	edition_baseline	edition_baseline	static_reviewed	static_ready	mysql_native		https://dev.mysql.com/doc/refman/8.0/en/create-tablespace.html	mysql-8.0.22-manual:6ed26c915e3180ad
create_tablespace	references/statements/ddl/tablespace/create_tablespace.md	execution_mode	T5	skip_ndb	edition_baseline	edition_baseline	static_reviewed	static_ready	mysql_native		https://dev.mysql.com/doc/refman/8.0/en/create-tablespace.html	mysql-8.0.22-manual:6ed26c915e3180ad
drop_tablespace	references/statements/ddl/tablespace/drop_tablespace.md	tablespace_state	T1	empty_exists	edition_baseline	edition_baseline	static_reviewed	static_ready	mysql_native		https://dev.mysql.com/doc/refman/8.0/en/drop-tablespace.html	mysql-8.0.22-manual:6f9744d8f1c994d7
drop_tablespace	references/statements/ddl/tablespace/drop_tablespace.md	tablespace_state	T1	non_empty_exists	edition_baseline	edition_baseline	static_reviewed	static_ready	mysql_native		https://dev.mysql.com/doc/refman/8.0/en/drop-tablespace.html	mysql-8.0.22-manual:6f9744d8f1c994d7
drop_tablespace	references/statements/ddl/tablespace/drop_tablespace.md	tablespace_state	T1	missing	edition_baseline	edition_baseline	static_reviewed	static_ready	mysql_native		https://dev.mysql.com/doc/refman/8.0/en/drop-tablespace.html	mysql-8.0.22-manual:6f9744d8f1c994d7
drop_tablespace	references/statements/ddl/tablespace/drop_tablespace.md	tablespace_kind	T1	innodb_general	edition_baseline	edition_baseline	static_reviewed	static_ready	mysql_native		https://dev.mysql.com/doc/refman/8.0/en/drop-tablespace.html	mysql-8.0.22-manual:6f9744d8f1c994d7
drop_tablespace	references/statements/ddl/tablespace/drop_tablespace.md	tablespace_kind	T1	undo	edition_baseline	edition_baseline	static_reviewed	static_ready	mysql_native		https://dev.mysql.com/doc/refman/8.0/en/drop-tablespace.html	mysql-8.0.22-manual:6f9744d8f1c994d7
drop_tablespace	references/statements/ddl/tablespace/drop_tablespace.md	tablespace_kind	T1	ndb_disk_data	edition_baseline	edition_baseline	static_reviewed	static_ready	mysql_native		https://dev.mysql.com/doc/refman/8.0/en/drop-tablespace.html	mysql-8.0.22-manual:6f9744d8f1c994d7
drop_tablespace	references/statements/ddl/tablespace/drop_tablespace.md	expected_status	T1	success	edition_baseline	edition_baseline	static_reviewed	static_ready	mysql_native		https://dev.mysql.com/doc/refman/8.0/en/drop-tablespace.html	mysql-8.0.22-manual:6f9744d8f1c994d7
drop_tablespace	references/statements/ddl/tablespace/drop_tablespace.md	expected_status	T1	failure	edition_baseline	edition_baseline	static_reviewed	static_ready	mysql_native		https://dev.mysql.com/doc/refman/8.0/en/drop-tablespace.html	mysql-8.0.22-manual:6f9744d8f1c994d7
drop_tablespace	references/statements/ddl/tablespace/drop_tablespace.md	execution_mode	T5	isolated_positive	edition_baseline	edition_baseline	static_reviewed	static_ready	mysql_native		https://dev.mysql.com/doc/refman/8.0/en/drop-tablespace.html	mysql-8.0.22-manual:6f9744d8f1c994d7
drop_tablespace	references/statements/ddl/tablespace/drop_tablespace.md	execution_mode	T5	safe_negative	edition_baseline	edition_baseline	static_reviewed	static_ready	mysql_native		https://dev.mysql.com/doc/refman/8.0/en/drop-tablespace.html	mysql-8.0.22-manual:6f9744d8f1c994d7
drop_tablespace	references/statements/ddl/tablespace/drop_tablespace.md	execution_mode	T5	skip_ndb	edition_baseline	edition_baseline	static_reviewed	static_ready	mysql_native		https://dev.mysql.com/doc/refman/8.0/en/drop-tablespace.html	mysql-8.0.22-manual:6f9744d8f1c994d7
create_trigger	references/statements/ddl/trigger/create_trigger.md	trigger_time	T1	before	edition_baseline	edition_baseline	static_reviewed	static_ready	mysql_native		https://dev.mysql.com/doc/refman/8.0/en/create-trigger.html	mysql-8.0.22-manual:4275dc55c2b8e1d5
create_trigger	references/statements/ddl/trigger/create_trigger.md	trigger_time	T1	after	edition_baseline	edition_baseline	static_reviewed	static_ready	mysql_native		https://dev.mysql.com/doc/refman/8.0/en/create-trigger.html	mysql-8.0.22-manual:4275dc55c2b8e1d5
create_trigger	references/statements/ddl/trigger/create_trigger.md	trigger_event	T1	insert	edition_baseline	edition_baseline	static_reviewed	static_ready	mysql_native		https://dev.mysql.com/doc/refman/8.0/en/create-trigger.html	mysql-8.0.22-manual:4275dc55c2b8e1d5
create_trigger	references/statements/ddl/trigger/create_trigger.md	trigger_event	T1	update	edition_baseline	edition_baseline	static_reviewed	static_ready	mysql_native		https://dev.mysql.com/doc/refman/8.0/en/create-trigger.html	mysql-8.0.22-manual:4275dc55c2b8e1d5
create_trigger	references/statements/ddl/trigger/create_trigger.md	trigger_event	T1	delete	edition_baseline	edition_baseline	static_reviewed	static_ready	mysql_native		https://dev.mysql.com/doc/refman/8.0/en/create-trigger.html	mysql-8.0.22-manual:4275dc55c2b8e1d5
create_trigger	references/statements/ddl/trigger/create_trigger.md	body_shape	T1	set_new_value	edition_baseline	edition_baseline	static_reviewed	static_ready	mysql_native		https://dev.mysql.com/doc/refman/8.0/en/create-trigger.html	mysql-8.0.22-manual:4275dc55c2b8e1d5
create_trigger	references/statements/ddl/trigger/create_trigger.md	body_shape	T1	audit_insert	edition_baseline	edition_baseline	static_reviewed	static_ready	mysql_native		https://dev.mysql.com/doc/refman/8.0/en/create-trigger.html	mysql-8.0.22-manual:4275dc55c2b8e1d5
create_trigger	references/statements/ddl/trigger/create_trigger.md	body_shape	T1	invalid_body	edition_baseline	edition_baseline	static_reviewed	static_ready	mysql_native		https://dev.mysql.com/doc/refman/8.0/en/create-trigger.html	mysql-8.0.22-manual:4275dc55c2b8e1d5
create_trigger	references/statements/ddl/trigger/create_trigger.md	expected_status	T1	success	edition_baseline	edition_baseline	static_reviewed	static_ready	mysql_native		https://dev.mysql.com/doc/refman/8.0/en/create-trigger.html	mysql-8.0.22-manual:4275dc55c2b8e1d5
create_trigger	references/statements/ddl/trigger/create_trigger.md	expected_status	T1	failure	edition_baseline	edition_baseline	static_reviewed	static_ready	mysql_native		https://dev.mysql.com/doc/refman/8.0/en/create-trigger.html	mysql-8.0.22-manual:4275dc55c2b8e1d5
create_trigger	references/statements/ddl/trigger/create_trigger.md	definer_shape	T2	omitted	edition_baseline	edition_baseline	static_reviewed	static_ready	mysql_native		https://dev.mysql.com/doc/refman/8.0/en/create-trigger.html	mysql-8.0.22-manual:4275dc55c2b8e1d5
create_trigger	references/statements/ddl/trigger/create_trigger.md	definer_shape	T2	current_user	edition_baseline	edition_baseline	static_reviewed	static_ready	mysql_native		https://dev.mysql.com/doc/refman/8.0/en/create-trigger.html	mysql-8.0.22-manual:4275dc55c2b8e1d5
create_trigger	references/statements/ddl/trigger/create_trigger.md	definer_shape	T2	explicit_user	edition_baseline	edition_baseline	static_reviewed	static_ready	mysql_native		https://dev.mysql.com/doc/refman/8.0/en/create-trigger.html	mysql-8.0.22-manual:4275dc55c2b8e1d5
create_trigger	references/statements/ddl/trigger/create_trigger.md	trigger_order	T2	omitted	edition_baseline	edition_baseline	static_reviewed	static_ready	mysql_native		https://dev.mysql.com/doc/refman/8.0/en/create-trigger.html	mysql-8.0.22-manual:4275dc55c2b8e1d5
create_trigger	references/statements/ddl/trigger/create_trigger.md	trigger_order	T2	follows	edition_baseline	edition_baseline	static_reviewed	static_ready	mysql_native		https://dev.mysql.com/doc/refman/8.0/en/create-trigger.html	mysql-8.0.22-manual:4275dc55c2b8e1d5
create_trigger	references/statements/ddl/trigger/create_trigger.md	trigger_order	T2	precedes	edition_baseline	edition_baseline	static_reviewed	static_ready	mysql_native		https://dev.mysql.com/doc/refman/8.0/en/create-trigger.html	mysql-8.0.22-manual:4275dc55c2b8e1d5
drop_trigger	references/statements/ddl/trigger/drop_trigger.md	if_exists	T1	omitted	edition_baseline	edition_baseline	static_reviewed	static_ready	mysql_native		https://dev.mysql.com/doc/refman/8.0/en/drop-trigger.html	mysql-8.0.22-manual:8a76b9ae0fc725ad
drop_trigger	references/statements/ddl/trigger/drop_trigger.md	if_exists	T1	present	edition_baseline	edition_baseline	static_reviewed	static_ready	mysql_native		https://dev.mysql.com/doc/refman/8.0/en/drop-trigger.html	mysql-8.0.22-manual:8a76b9ae0fc725ad
drop_trigger	references/statements/ddl/trigger/drop_trigger.md	trigger_state	T1	exists	edition_baseline	edition_baseline	static_reviewed	static_ready	mysql_native		https://dev.mysql.com/doc/refman/8.0/en/drop-trigger.html	mysql-8.0.22-manual:8a76b9ae0fc725ad
drop_trigger	references/statements/ddl/trigger/drop_trigger.md	trigger_state	T1	missing	edition_baseline	edition_baseline	static_reviewed	static_ready	mysql_native		https://dev.mysql.com/doc/refman/8.0/en/drop-trigger.html	mysql-8.0.22-manual:8a76b9ae0fc725ad
drop_trigger	references/statements/ddl/trigger/drop_trigger.md	trigger_state	T1	table_dropped	edition_baseline	edition_baseline	static_reviewed	static_ready	mysql_native		https://dev.mysql.com/doc/refman/8.0/en/drop-trigger.html	mysql-8.0.22-manual:8a76b9ae0fc725ad
drop_trigger	references/statements/ddl/trigger/drop_trigger.md	expected_status	T1	success	edition_baseline	edition_baseline	static_reviewed	static_ready	mysql_native		https://dev.mysql.com/doc/refman/8.0/en/drop-trigger.html	mysql-8.0.22-manual:8a76b9ae0fc725ad
drop_trigger	references/statements/ddl/trigger/drop_trigger.md	expected_status	T1	failure	edition_baseline	edition_baseline	static_reviewed	static_ready	mysql_native		https://dev.mysql.com/doc/refman/8.0/en/drop-trigger.html	mysql-8.0.22-manual:8a76b9ae0fc725ad
alter_view	references/statements/ddl/view/alter_view.md	view_state	T1	exists	edition_baseline	edition_baseline	static_reviewed	static_ready	mysql_native		https://dev.mysql.com/doc/refman/8.0/en/alter-view.html	mysql-8.0.22-manual:5347c1b1873e53c6
alter_view	references/statements/ddl/view/alter_view.md	view_state	T1	missing	edition_baseline	edition_baseline	static_reviewed	static_ready	mysql_native		https://dev.mysql.com/doc/refman/8.0/en/alter-view.html	mysql-8.0.22-manual:5347c1b1873e53c6
alter_view	references/statements/ddl/view/alter_view.md	algorithm	T1	omitted	edition_baseline	edition_baseline	static_reviewed	static_ready	mysql_native		https://dev.mysql.com/doc/refman/8.0/en/alter-view.html	mysql-8.0.22-manual:5347c1b1873e53c6
alter_view	references/statements/ddl/view/alter_view.md	algorithm	T1	undefined	edition_baseline	edition_baseline	static_reviewed	static_ready	mysql_native		https://dev.mysql.com/doc/refman/8.0/en/alter-view.html	mysql-8.0.22-manual:5347c1b1873e53c6
alter_view	references/statements/ddl/view/alter_view.md	algorithm	T1	merge	edition_baseline	edition_baseline	static_reviewed	static_ready	mysql_native		https://dev.mysql.com/doc/refman/8.0/en/alter-view.html	mysql-8.0.22-manual:5347c1b1873e53c6
alter_view	references/statements/ddl/view/alter_view.md	algorithm	T1	temptable	edition_baseline	edition_baseline	static_reviewed	static_ready	mysql_native		https://dev.mysql.com/doc/refman/8.0/en/alter-view.html	mysql-8.0.22-manual:5347c1b1873e53c6
alter_view	references/statements/ddl/view/alter_view.md	security_type	T1	omitted	edition_baseline	edition_baseline	static_reviewed	static_ready	mysql_native		https://dev.mysql.com/doc/refman/8.0/en/alter-view.html	mysql-8.0.22-manual:5347c1b1873e53c6
alter_view	references/statements/ddl/view/alter_view.md	security_type	T1	definer	edition_baseline	edition_baseline	static_reviewed	static_ready	mysql_native		https://dev.mysql.com/doc/refman/8.0/en/alter-view.html	mysql-8.0.22-manual:5347c1b1873e53c6
alter_view	references/statements/ddl/view/alter_view.md	security_type	T1	invoker	edition_baseline	edition_baseline	static_reviewed	static_ready	mysql_native		https://dev.mysql.com/doc/refman/8.0/en/alter-view.html	mysql-8.0.22-manual:5347c1b1873e53c6
alter_view	references/statements/ddl/view/alter_view.md	expected_status	T1	success	edition_baseline	edition_baseline	static_reviewed	static_ready	mysql_native		https://dev.mysql.com/doc/refman/8.0/en/alter-view.html	mysql-8.0.22-manual:5347c1b1873e53c6
alter_view	references/statements/ddl/view/alter_view.md	expected_status	T1	failure	edition_baseline	edition_baseline	static_reviewed	static_ready	mysql_native		https://dev.mysql.com/doc/refman/8.0/en/alter-view.html	mysql-8.0.22-manual:5347c1b1873e53c6
alter_view	references/statements/ddl/view/alter_view.md	check_option	T2	omitted	edition_baseline	edition_baseline	static_reviewed	static_ready	mysql_native		https://dev.mysql.com/doc/refman/8.0/en/alter-view.html	mysql-8.0.22-manual:5347c1b1873e53c6
alter_view	references/statements/ddl/view/alter_view.md	check_option	T2	cascaded	edition_baseline	edition_baseline	static_reviewed	static_ready	mysql_native		https://dev.mysql.com/doc/refman/8.0/en/alter-view.html	mysql-8.0.22-manual:5347c1b1873e53c6
alter_view	references/statements/ddl/view/alter_view.md	check_option	T2	local	edition_baseline	edition_baseline	static_reviewed	static_ready	mysql_native		https://dev.mysql.com/doc/refman/8.0/en/alter-view.html	mysql-8.0.22-manual:5347c1b1873e53c6
create_view	references/statements/ddl/view/create_view.md	or_replace	T1	omitted	edition_baseline	edition_baseline	static_reviewed	static_ready	mysql_native		https://dev.mysql.com/doc/refman/8.0/en/create-view.html	mysql-8.0.22-manual:23e2b943e7b0a6be
create_view	references/statements/ddl/view/create_view.md	or_replace	T1	present	edition_baseline	edition_baseline	static_reviewed	static_ready	mysql_native		https://dev.mysql.com/doc/refman/8.0/en/create-view.html	mysql-8.0.22-manual:23e2b943e7b0a6be
create_view	references/statements/ddl/view/create_view.md	algorithm	T1	omitted	edition_baseline	edition_baseline	static_reviewed	static_ready	mysql_native		https://dev.mysql.com/doc/refman/8.0/en/create-view.html	mysql-8.0.22-manual:23e2b943e7b0a6be
create_view	references/statements/ddl/view/create_view.md	algorithm	T1	undefined	edition_baseline	edition_baseline	static_reviewed	static_ready	mysql_native		https://dev.mysql.com/doc/refman/8.0/en/create-view.html	mysql-8.0.22-manual:23e2b943e7b0a6be
create_view	references/statements/ddl/view/create_view.md	algorithm	T1	merge	edition_baseline	edition_baseline	static_reviewed	static_ready	mysql_native		https://dev.mysql.com/doc/refman/8.0/en/create-view.html	mysql-8.0.22-manual:23e2b943e7b0a6be
create_view	references/statements/ddl/view/create_view.md	algorithm	T1	temptable	edition_baseline	edition_baseline	static_reviewed	static_ready	mysql_native		https://dev.mysql.com/doc/refman/8.0/en/create-view.html	mysql-8.0.22-manual:23e2b943e7b0a6be
create_view	references/statements/ddl/view/create_view.md	security_type	T1	omitted	edition_baseline	edition_baseline	static_reviewed	static_ready	mysql_native		https://dev.mysql.com/doc/refman/8.0/en/create-view.html	mysql-8.0.22-manual:23e2b943e7b0a6be
create_view	references/statements/ddl/view/create_view.md	security_type	T1	definer	edition_baseline	edition_baseline	static_reviewed	static_ready	mysql_native		https://dev.mysql.com/doc/refman/8.0/en/create-view.html	mysql-8.0.22-manual:23e2b943e7b0a6be
create_view	references/statements/ddl/view/create_view.md	security_type	T1	invoker	edition_baseline	edition_baseline	static_reviewed	static_ready	mysql_native		https://dev.mysql.com/doc/refman/8.0/en/create-view.html	mysql-8.0.22-manual:23e2b943e7b0a6be
create_view	references/statements/ddl/view/create_view.md	expected_status	T1	success	edition_baseline	edition_baseline	static_reviewed	static_ready	mysql_native		https://dev.mysql.com/doc/refman/8.0/en/create-view.html	mysql-8.0.22-manual:23e2b943e7b0a6be
create_view	references/statements/ddl/view/create_view.md	expected_status	T1	failure	edition_baseline	edition_baseline	static_reviewed	static_ready	mysql_native		https://dev.mysql.com/doc/refman/8.0/en/create-view.html	mysql-8.0.22-manual:23e2b943e7b0a6be
create_view	references/statements/ddl/view/create_view.md	column_list_shape	T2	omitted	edition_baseline	edition_baseline	static_reviewed	static_ready	mysql_native		https://dev.mysql.com/doc/refman/8.0/en/create-view.html	mysql-8.0.22-manual:23e2b943e7b0a6be
create_view	references/statements/ddl/view/create_view.md	column_list_shape	T2	explicit	edition_baseline	edition_baseline	static_reviewed	static_ready	mysql_native		https://dev.mysql.com/doc/refman/8.0/en/create-view.html	mysql-8.0.22-manual:23e2b943e7b0a6be
create_view	references/statements/ddl/view/create_view.md	check_option	T2	omitted	edition_baseline	edition_baseline	static_reviewed	static_ready	mysql_native		https://dev.mysql.com/doc/refman/8.0/en/create-view.html	mysql-8.0.22-manual:23e2b943e7b0a6be
create_view	references/statements/ddl/view/create_view.md	check_option	T2	cascaded	edition_baseline	edition_baseline	static_reviewed	static_ready	mysql_native		https://dev.mysql.com/doc/refman/8.0/en/create-view.html	mysql-8.0.22-manual:23e2b943e7b0a6be
create_view	references/statements/ddl/view/create_view.md	check_option	T2	local	edition_baseline	edition_baseline	static_reviewed	static_ready	mysql_native		https://dev.mysql.com/doc/refman/8.0/en/create-view.html	mysql-8.0.22-manual:23e2b943e7b0a6be
drop_view	references/statements/ddl/view/drop_view.md	if_exists	T1	omitted	edition_baseline	edition_baseline	static_reviewed	static_ready	mysql_native		https://dev.mysql.com/doc/refman/8.0/en/drop-view.html	mysql-8.0.22-manual:98b3965d7fc491f3
drop_view	references/statements/ddl/view/drop_view.md	if_exists	T1	present	edition_baseline	edition_baseline	static_reviewed	static_ready	mysql_native		https://dev.mysql.com/doc/refman/8.0/en/drop-view.html	mysql-8.0.22-manual:98b3965d7fc491f3
drop_view	references/statements/ddl/view/drop_view.md	view_state	T1	exists	edition_baseline	edition_baseline	static_reviewed	static_ready	mysql_native		https://dev.mysql.com/doc/refman/8.0/en/drop-view.html	mysql-8.0.22-manual:98b3965d7fc491f3
drop_view	references/statements/ddl/view/drop_view.md	view_state	T1	missing	edition_baseline	edition_baseline	static_reviewed	static_ready	mysql_native		https://dev.mysql.com/doc/refman/8.0/en/drop-view.html	mysql-8.0.22-manual:98b3965d7fc491f3
drop_view	references/statements/ddl/view/drop_view.md	expected_status	T1	success	edition_baseline	edition_baseline	static_reviewed	static_ready	mysql_native		https://dev.mysql.com/doc/refman/8.0/en/drop-view.html	mysql-8.0.22-manual:98b3965d7fc491f3
drop_view	references/statements/ddl/view/drop_view.md	expected_status	T1	failure	edition_baseline	edition_baseline	static_reviewed	static_ready	mysql_native		https://dev.mysql.com/doc/refman/8.0/en/drop-view.html	mysql-8.0.22-manual:98b3965d7fc491f3
drop_view	references/statements/ddl/view/drop_view.md	multi_view_shape	T2	single	edition_baseline	edition_baseline	static_reviewed	static_ready	mysql_native		https://dev.mysql.com/doc/refman/8.0/en/drop-view.html	mysql-8.0.22-manual:98b3965d7fc491f3
drop_view	references/statements/ddl/view/drop_view.md	multi_view_shape	T2	multiple	edition_baseline	edition_baseline	static_reviewed	static_ready	mysql_native		https://dev.mysql.com/doc/refman/8.0/en/drop-view.html	mysql-8.0.22-manual:98b3965d7fc491f3
drop_view	references/statements/ddl/view/drop_view.md	restrict_cascade	T2	omitted	edition_baseline	edition_baseline	static_reviewed	static_ready	mysql_native		https://dev.mysql.com/doc/refman/8.0/en/drop-view.html	mysql-8.0.22-manual:98b3965d7fc491f3
drop_view	references/statements/ddl/view/drop_view.md	restrict_cascade	T2	restrict	edition_baseline	edition_baseline	static_reviewed	static_ready	mysql_native		https://dev.mysql.com/doc/refman/8.0/en/drop-view.html	mysql-8.0.22-manual:98b3965d7fc491f3
drop_view	references/statements/ddl/view/drop_view.md	restrict_cascade	T2	cascade	edition_baseline	edition_baseline	static_reviewed	static_ready	mysql_native		https://dev.mysql.com/doc/refman/8.0/en/drop-view.html	mysql-8.0.22-manual:98b3965d7fc491f3
do	references/statements/dml/expression/do.md	expression_shape	T1	literal_expression	edition_baseline	edition_baseline	static_reviewed	static_ready	mysql_native		https://dev.mysql.com/doc/refman/8.0/en/do.html	mysql-8.0.22-manual:c844ddc11758236f
do	references/statements/dml/expression/do.md	expression_shape	T1	function_call	edition_baseline	edition_baseline	static_reviewed	static_ready	mysql_native		https://dev.mysql.com/doc/refman/8.0/en/do.html	mysql-8.0.22-manual:c844ddc11758236f
do	references/statements/dml/expression/do.md	expression_shape	T1	assignment_expression	edition_baseline	edition_baseline	static_reviewed	static_ready	mysql_native		https://dev.mysql.com/doc/refman/8.0/en/do.html	mysql-8.0.22-manual:c844ddc11758236f
do	references/statements/dml/expression/do.md	expression_shape	T1	invalid_expression	edition_baseline	edition_baseline	static_reviewed	static_ready	mysql_native		https://dev.mysql.com/doc/refman/8.0/en/do.html	mysql-8.0.22-manual:c844ddc11758236f
do	references/statements/dml/expression/do.md	expected_status	T1	success	edition_baseline	edition_baseline	static_reviewed	static_ready	mysql_native		https://dev.mysql.com/doc/refman/8.0/en/do.html	mysql-8.0.22-manual:c844ddc11758236f
do	references/statements/dml/expression/do.md	expected_status	T1	failure	edition_baseline	edition_baseline	static_reviewed	static_ready	mysql_native		https://dev.mysql.com/doc/refman/8.0/en/do.html	mysql-8.0.22-manual:c844ddc11758236f
do	references/statements/dml/expression/do.md	side_effect_shape	T2	none	edition_baseline	edition_baseline	static_reviewed	static_ready	mysql_native		https://dev.mysql.com/doc/refman/8.0/en/do.html	mysql-8.0.22-manual:c844ddc11758236f
do	references/statements/dml/expression/do.md	side_effect_shape	T2	user_variable_assignment	edition_baseline	edition_baseline	static_reviewed	static_ready	mysql_native		https://dev.mysql.com/doc/refman/8.0/en/do.html	mysql-8.0.22-manual:c844ddc11758236f
select	references/statements/dml/query/select.md	projection_shape	T1	star	edition_baseline	edition_baseline	static_reviewed	static_ready	mysql_native		https://dev.mysql.com/doc/refman/8.0/en/select.html	mysql-8.0.22-manual:90368dd8c0c47876
select	references/statements/dml/query/select.md	projection_shape	T1	explicit_columns	edition_baseline	edition_baseline	static_reviewed	static_ready	mysql_native		https://dev.mysql.com/doc/refman/8.0/en/select.html	mysql-8.0.22-manual:90368dd8c0c47876
select	references/statements/dml/query/select.md	projection_shape	T1	expression	edition_baseline	edition_baseline	static_reviewed	static_ready	mysql_native		https://dev.mysql.com/doc/refman/8.0/en/select.html	mysql-8.0.22-manual:90368dd8c0c47876
select	references/statements/dml/query/select.md	projection_shape	T1	aggregate	edition_baseline	edition_baseline	static_reviewed	static_ready	mysql_native		https://dev.mysql.com/doc/refman/8.0/en/select.html	mysql-8.0.22-manual:90368dd8c0c47876
select	references/statements/dml/query/select.md	from_shape	T1	single_table	edition_baseline	edition_baseline	static_reviewed	static_ready	mysql_native		https://dev.mysql.com/doc/refman/8.0/en/select.html	mysql-8.0.22-manual:90368dd8c0c47876
select	references/statements/dml/query/select.md	from_shape	T1	inner_join	edition_baseline	edition_baseline	static_reviewed	static_ready	mysql_native		https://dev.mysql.com/doc/refman/8.0/en/select.html	mysql-8.0.22-manual:90368dd8c0c47876
select	references/statements/dml/query/select.md	from_shape	T1	subquery	edition_baseline	edition_baseline	static_reviewed	static_ready	mysql_native		https://dev.mysql.com/doc/refman/8.0/en/select.html	mysql-8.0.22-manual:90368dd8c0c47876
select	references/statements/dml/query/select.md	predicate_shape	T1	omitted	edition_baseline	edition_baseline	static_reviewed	static_ready	mysql_native		https://dev.mysql.com/doc/refman/8.0/en/select.html	mysql-8.0.22-manual:90368dd8c0c47876
select	references/statements/dml/query/select.md	predicate_shape	T1	where_filter	edition_baseline	edition_baseline	static_reviewed	static_ready	mysql_native		https://dev.mysql.com/doc/refman/8.0/en/select.html	mysql-8.0.22-manual:90368dd8c0c47876
select	references/statements/dml/query/select.md	predicate_shape	T1	having_filter	edition_baseline	edition_baseline	static_reviewed	static_ready	mysql_native		https://dev.mysql.com/doc/refman/8.0/en/select.html	mysql-8.0.22-manual:90368dd8c0c47876
select	references/statements/dml/query/select.md	expected_status	T1	success	edition_baseline	edition_baseline	static_reviewed	static_ready	mysql_native		https://dev.mysql.com/doc/refman/8.0/en/select.html	mysql-8.0.22-manual:90368dd8c0c47876
select	references/statements/dml/query/select.md	expected_status	T1	failure	edition_baseline	edition_baseline	static_reviewed	static_ready	mysql_native		https://dev.mysql.com/doc/refman/8.0/en/select.html	mysql-8.0.22-manual:90368dd8c0c47876
select	references/statements/dml/query/select.md	grouping_shape	T2	omitted	edition_baseline	edition_baseline	static_reviewed	static_ready	mysql_native		https://dev.mysql.com/doc/refman/8.0/en/select.html	mysql-8.0.22-manual:90368dd8c0c47876
select	references/statements/dml/query/select.md	grouping_shape	T2	group_by_column	edition_baseline	edition_baseline	static_reviewed	static_ready	mysql_native		https://dev.mysql.com/doc/refman/8.0/en/select.html	mysql-8.0.22-manual:90368dd8c0c47876
select	references/statements/dml/query/select.md	ordering_limit_shape	T2	omitted	edition_baseline	edition_baseline	static_reviewed	static_ready	mysql_native		https://dev.mysql.com/doc/refman/8.0/en/select.html	mysql-8.0.22-manual:90368dd8c0c47876
select	references/statements/dml/query/select.md	ordering_limit_shape	T2	order_by	edition_baseline	edition_baseline	static_reviewed	static_ready	mysql_native		https://dev.mysql.com/doc/refman/8.0/en/select.html	mysql-8.0.22-manual:90368dd8c0c47876
select	references/statements/dml/query/select.md	ordering_limit_shape	T2	limit	edition_baseline	edition_baseline	static_reviewed	static_ready	mysql_native		https://dev.mysql.com/doc/refman/8.0/en/select.html	mysql-8.0.22-manual:90368dd8c0c47876
select	references/statements/dml/query/select.md	ordering_limit_shape	T2	order_by_limit	edition_baseline	edition_baseline	static_reviewed	static_ready	mysql_native		https://dev.mysql.com/doc/refman/8.0/en/select.html	mysql-8.0.22-manual:90368dd8c0c47876
select	references/statements/dml/query/select.md	locking_clause	T2	omitted	edition_baseline	edition_baseline	static_reviewed	static_ready	mysql_native		https://dev.mysql.com/doc/refman/8.0/en/select.html	mysql-8.0.22-manual:90368dd8c0c47876
select	references/statements/dml/query/select.md	locking_clause	T2	for_update	edition_baseline	edition_baseline	static_reviewed	static_ready	mysql_native		https://dev.mysql.com/doc/refman/8.0/en/select.html	mysql-8.0.22-manual:90368dd8c0c47876
select	references/statements/dml/query/select.md	locking_clause	T2	for_share	edition_baseline	edition_baseline	static_reviewed	static_ready	mysql_native		https://dev.mysql.com/doc/refman/8.0/en/select.html	mysql-8.0.22-manual:90368dd8c0c47876
select	references/statements/dml/query/select.md	locking_clause	T2	nowait	edition_baseline	edition_baseline	static_reviewed	static_ready	mysql_native		https://dev.mysql.com/doc/refman/8.0/en/select.html	mysql-8.0.22-manual:90368dd8c0c47876
select	references/statements/dml/query/select.md	locking_clause	T2	skip_locked	edition_baseline	edition_baseline	static_reviewed	static_ready	mysql_native		https://dev.mysql.com/doc/refman/8.0/en/select.html	mysql-8.0.22-manual:90368dd8c0c47876
select	references/statements/dml/query/select.md	into_destination	T2	omitted	edition_baseline	edition_baseline	static_reviewed	static_ready	mysql_native		https://dev.mysql.com/doc/refman/8.0/en/select.html	mysql-8.0.22-manual:90368dd8c0c47876
select	references/statements/dml/query/select.md	into_destination	T2	variables	edition_baseline	edition_baseline	static_reviewed	static_ready	mysql_native		https://dev.mysql.com/doc/refman/8.0/en/select.html	mysql-8.0.22-manual:90368dd8c0c47876
select	references/statements/dml/query/select.md	into_destination	T2	outfile	edition_baseline	edition_baseline	static_reviewed	static_ready	mysql_native		https://dev.mysql.com/doc/refman/8.0/en/select.html	mysql-8.0.22-manual:90368dd8c0c47876
select	references/statements/dml/query/select.md	into_destination	T2	dumpfile	edition_baseline	edition_baseline	static_reviewed	static_ready	mysql_native		https://dev.mysql.com/doc/refman/8.0/en/select.html	mysql-8.0.22-manual:90368dd8c0c47876
table	references/statements/dml/query/table.md	target_state	T1	exists	edition_baseline	edition_baseline	static_reviewed	static_ready	mysql_native		https://dev.mysql.com/doc/refman/8.0/en/table.html	mysql-8.0.22-manual:52dd01cfe3cab0ee
table	references/statements/dml/query/table.md	target_state	T1	missing	edition_baseline	edition_baseline	static_reviewed	static_ready	mysql_native		https://dev.mysql.com/doc/refman/8.0/en/table.html	mysql-8.0.22-manual:52dd01cfe3cab0ee
table	references/statements/dml/query/table.md	target_state	T1	wrong_object_type	edition_baseline	edition_baseline	static_reviewed	static_ready	mysql_native		https://dev.mysql.com/doc/refman/8.0/en/table.html	mysql-8.0.22-manual:52dd01cfe3cab0ee
table	references/statements/dml/query/table.md	ordering_limit_shape	T1	omitted	edition_baseline	edition_baseline	static_reviewed	static_ready	mysql_native		https://dev.mysql.com/doc/refman/8.0/en/table.html	mysql-8.0.22-manual:52dd01cfe3cab0ee
table	references/statements/dml/query/table.md	ordering_limit_shape	T1	order_by	edition_baseline	edition_baseline	static_reviewed	static_ready	mysql_native		https://dev.mysql.com/doc/refman/8.0/en/table.html	mysql-8.0.22-manual:52dd01cfe3cab0ee
table	references/statements/dml/query/table.md	ordering_limit_shape	T1	limit	edition_baseline	edition_baseline	static_reviewed	static_ready	mysql_native		https://dev.mysql.com/doc/refman/8.0/en/table.html	mysql-8.0.22-manual:52dd01cfe3cab0ee
table	references/statements/dml/query/table.md	ordering_limit_shape	T1	order_by_limit	edition_baseline	edition_baseline	static_reviewed	static_ready	mysql_native		https://dev.mysql.com/doc/refman/8.0/en/table.html	mysql-8.0.22-manual:52dd01cfe3cab0ee
table	references/statements/dml/query/table.md	expected_status	T1	success	edition_baseline	edition_baseline	static_reviewed	static_ready	mysql_native		https://dev.mysql.com/doc/refman/8.0/en/table.html	mysql-8.0.22-manual:52dd01cfe3cab0ee
table	references/statements/dml/query/table.md	expected_status	T1	failure	edition_baseline	edition_baseline	static_reviewed	static_ready	mysql_native		https://dev.mysql.com/doc/refman/8.0/en/table.html	mysql-8.0.22-manual:52dd01cfe3cab0ee
table	references/statements/dml/query/table.md	into_shape	T2	omitted	edition_baseline	edition_baseline	static_reviewed	static_ready	mysql_native		https://dev.mysql.com/doc/refman/8.0/en/table.html	mysql-8.0.22-manual:52dd01cfe3cab0ee
table	references/statements/dml/query/table.md	into_shape	T2	into_variables	edition_baseline	edition_baseline	static_reviewed	static_ready	mysql_native		https://dev.mysql.com/doc/refman/8.0/en/table.html	mysql-8.0.22-manual:52dd01cfe3cab0ee
table	references/statements/dml/query/table.md	into_shape	T2	into_outfile	edition_baseline	edition_baseline	static_reviewed	static_ready	mysql_native		https://dev.mysql.com/doc/refman/8.0/en/table.html	mysql-8.0.22-manual:52dd01cfe3cab0ee
table	references/statements/dml/query/table.md	into_shape	T2	into_dumpfile	edition_baseline	edition_baseline	static_reviewed	static_ready	mysql_native		https://dev.mysql.com/doc/refman/8.0/en/table.html	mysql-8.0.22-manual:52dd01cfe3cab0ee
values	references/statements/dml/query/values.md	row_shape	T1	single_row	edition_baseline	edition_baseline	static_reviewed	static_ready	mysql_native		https://dev.mysql.com/doc/refman/8.0/en/values.html	mysql-8.0.22-manual:3b3061df44b48b8f
values	references/statements/dml/query/values.md	row_shape	T1	multi_row	edition_baseline	edition_baseline	static_reviewed	static_ready	mysql_native		https://dev.mysql.com/doc/refman/8.0/en/values.html	mysql-8.0.22-manual:3b3061df44b48b8f
values	references/statements/dml/query/values.md	row_shape	T1	mismatched_arity	edition_baseline	edition_baseline	static_reviewed	static_ready	mysql_native		https://dev.mysql.com/doc/refman/8.0/en/values.html	mysql-8.0.22-manual:3b3061df44b48b8f
values	references/statements/dml/query/values.md	ordering_limit_shape	T1	omitted	edition_baseline	edition_baseline	static_reviewed	static_ready	mysql_native		https://dev.mysql.com/doc/refman/8.0/en/values.html	mysql-8.0.22-manual:3b3061df44b48b8f
values	references/statements/dml/query/values.md	ordering_limit_shape	T1	order_by	edition_baseline	edition_baseline	static_reviewed	static_ready	mysql_native		https://dev.mysql.com/doc/refman/8.0/en/values.html	mysql-8.0.22-manual:3b3061df44b48b8f
values	references/statements/dml/query/values.md	ordering_limit_shape	T1	limit	edition_baseline	edition_baseline	static_reviewed	static_ready	mysql_native		https://dev.mysql.com/doc/refman/8.0/en/values.html	mysql-8.0.22-manual:3b3061df44b48b8f
values	references/statements/dml/query/values.md	ordering_limit_shape	T1	order_by_limit	edition_baseline	edition_baseline	static_reviewed	static_ready	mysql_native		https://dev.mysql.com/doc/refman/8.0/en/values.html	mysql-8.0.22-manual:3b3061df44b48b8f
values	references/statements/dml/query/values.md	expected_status	T1	success	edition_baseline	edition_baseline	static_reviewed	static_ready	mysql_native		https://dev.mysql.com/doc/refman/8.0/en/values.html	mysql-8.0.22-manual:3b3061df44b48b8f
values	references/statements/dml/query/values.md	expected_status	T1	failure	edition_baseline	edition_baseline	static_reviewed	static_ready	mysql_native		https://dev.mysql.com/doc/refman/8.0/en/values.html	mysql-8.0.22-manual:3b3061df44b48b8f
call	references/statements/dml/routine/call.md	parameter_shape	T1	no_parameter	edition_baseline	edition_baseline	static_reviewed	static_ready	mysql_native		https://dev.mysql.com/doc/refman/8.0/en/call.html	mysql-8.0.22-manual:fc71153f885ea95f
call	references/statements/dml/routine/call.md	parameter_shape	T1	in_parameter	edition_baseline	edition_baseline	static_reviewed	static_ready	mysql_native		https://dev.mysql.com/doc/refman/8.0/en/call.html	mysql-8.0.22-manual:fc71153f885ea95f
call	references/statements/dml/routine/call.md	parameter_shape	T1	out_parameter	edition_baseline	edition_baseline	static_reviewed	static_ready	mysql_native		https://dev.mysql.com/doc/refman/8.0/en/call.html	mysql-8.0.22-manual:fc71153f885ea95f
call	references/statements/dml/routine/call.md	parameter_shape	T1	inout_parameter	edition_baseline	edition_baseline	static_reviewed	static_ready	mysql_native		https://dev.mysql.com/doc/refman/8.0/en/call.html	mysql-8.0.22-manual:fc71153f885ea95f
call	references/statements/dml/routine/call.md	procedure_state	T1	exists	edition_baseline	edition_baseline	static_reviewed	static_ready	mysql_native		https://dev.mysql.com/doc/refman/8.0/en/call.html	mysql-8.0.22-manual:fc71153f885ea95f
call	references/statements/dml/routine/call.md	procedure_state	T1	missing	edition_baseline	edition_baseline	static_reviewed	static_ready	mysql_native		https://dev.mysql.com/doc/refman/8.0/en/call.html	mysql-8.0.22-manual:fc71153f885ea95f
call	references/statements/dml/routine/call.md	procedure_state	T1	wrong_routine_type	edition_baseline	edition_baseline	static_reviewed	static_ready	mysql_native		https://dev.mysql.com/doc/refman/8.0/en/call.html	mysql-8.0.22-manual:fc71153f885ea95f
call	references/statements/dml/routine/call.md	expected_status	T1	success	edition_baseline	edition_baseline	static_reviewed	static_ready	mysql_native		https://dev.mysql.com/doc/refman/8.0/en/call.html	mysql-8.0.22-manual:fc71153f885ea95f
call	references/statements/dml/routine/call.md	expected_status	T1	failure	edition_baseline	edition_baseline	static_reviewed	static_ready	mysql_native		https://dev.mysql.com/doc/refman/8.0/en/call.html	mysql-8.0.22-manual:fc71153f885ea95f
call	references/statements/dml/routine/call.md	parentheses_shape	T2	present	edition_baseline	edition_baseline	static_reviewed	static_ready	mysql_native		https://dev.mysql.com/doc/refman/8.0/en/call.html	mysql-8.0.22-manual:fc71153f885ea95f
call	references/statements/dml/routine/call.md	parentheses_shape	T2	omitted_when_no_arg	edition_baseline	edition_baseline	static_reviewed	static_ready	mysql_native		https://dev.mysql.com/doc/refman/8.0/en/call.html	mysql-8.0.22-manual:fc71153f885ea95f
call	references/statements/dml/routine/call.md	prepared_call_shape	T2	not_prepared	edition_baseline	edition_baseline	static_reviewed	static_ready	mysql_native		https://dev.mysql.com/doc/refman/8.0/en/call.html	mysql-8.0.22-manual:fc71153f885ea95f
call	references/statements/dml/routine/call.md	prepared_call_shape	T2	prepared_with_markers	edition_baseline	edition_baseline	static_reviewed	static_ready	mysql_native		https://dev.mysql.com/doc/refman/8.0/en/call.html	mysql-8.0.22-manual:fc71153f885ea95f
delete	references/statements/dml/table/delete.md	statement_branch	T1	single_table	edition_baseline	edition_baseline	static_reviewed	static_ready	mysql_native		https://dev.mysql.com/doc/refman/8.0/en/delete.html	mysql-8.0.22-manual:50fbd3ef92008443
delete	references/statements/dml/table/delete.md	statement_branch	T1	multiple_table_from	edition_baseline	edition_baseline	static_reviewed	static_ready	mysql_native		https://dev.mysql.com/doc/refman/8.0/en/delete.html	mysql-8.0.22-manual:50fbd3ef92008443
delete	references/statements/dml/table/delete.md	statement_branch	T1	multiple_table_using	edition_baseline	edition_baseline	static_reviewed	static_ready	mysql_native		https://dev.mysql.com/doc/refman/8.0/en/delete.html	mysql-8.0.22-manual:50fbd3ef92008443
delete	references/statements/dml/table/delete.md	condition_shape	T1	omitted	edition_baseline	edition_baseline	static_reviewed	static_ready	mysql_native		https://dev.mysql.com/doc/refman/8.0/en/delete.html	mysql-8.0.22-manual:50fbd3ef92008443
delete	references/statements/dml/table/delete.md	condition_shape	T1	where_filter	edition_baseline	edition_baseline	static_reviewed	static_ready	mysql_native		https://dev.mysql.com/doc/refman/8.0/en/delete.html	mysql-8.0.22-manual:50fbd3ef92008443
delete	references/statements/dml/table/delete.md	condition_shape	T1	join_filter	edition_baseline	edition_baseline	static_reviewed	static_ready	mysql_native		https://dev.mysql.com/doc/refman/8.0/en/delete.html	mysql-8.0.22-manual:50fbd3ef92008443
delete	references/statements/dml/table/delete.md	expected_status	T1	success	edition_baseline	edition_baseline	static_reviewed	static_ready	mysql_native		https://dev.mysql.com/doc/refman/8.0/en/delete.html	mysql-8.0.22-manual:50fbd3ef92008443
delete	references/statements/dml/table/delete.md	expected_status	T1	failure	edition_baseline	edition_baseline	static_reviewed	static_ready	mysql_native		https://dev.mysql.com/doc/refman/8.0/en/delete.html	mysql-8.0.22-manual:50fbd3ef92008443
delete	references/statements/dml/table/delete.md	priority_modifier	T2	omitted	edition_baseline	edition_baseline	static_reviewed	static_ready	mysql_native		https://dev.mysql.com/doc/refman/8.0/en/delete.html	mysql-8.0.22-manual:50fbd3ef92008443
delete	references/statements/dml/table/delete.md	priority_modifier	T2	low_priority	edition_baseline	edition_baseline	static_reviewed	static_ready	mysql_native		https://dev.mysql.com/doc/refman/8.0/en/delete.html	mysql-8.0.22-manual:50fbd3ef92008443
delete	references/statements/dml/table/delete.md	quick_modifier	T2	omitted	edition_baseline	edition_baseline	static_reviewed	static_ready	mysql_native		https://dev.mysql.com/doc/refman/8.0/en/delete.html	mysql-8.0.22-manual:50fbd3ef92008443
delete	references/statements/dml/table/delete.md	quick_modifier	T2	quick	edition_baseline	edition_baseline	static_reviewed	static_ready	mysql_native		https://dev.mysql.com/doc/refman/8.0/en/delete.html	mysql-8.0.22-manual:50fbd3ef92008443
delete	references/statements/dml/table/delete.md	ignore_modifier	T2	omitted	edition_baseline	edition_baseline	static_reviewed	static_ready	mysql_native		https://dev.mysql.com/doc/refman/8.0/en/delete.html	mysql-8.0.22-manual:50fbd3ef92008443
delete	references/statements/dml/table/delete.md	ignore_modifier	T2	ignore	edition_baseline	edition_baseline	static_reviewed	static_ready	mysql_native		https://dev.mysql.com/doc/refman/8.0/en/delete.html	mysql-8.0.22-manual:50fbd3ef92008443
delete	references/statements/dml/table/delete.md	order_limit_shape	T2	omitted	edition_baseline	edition_baseline	static_reviewed	static_ready	mysql_native		https://dev.mysql.com/doc/refman/8.0/en/delete.html	mysql-8.0.22-manual:50fbd3ef92008443
delete	references/statements/dml/table/delete.md	order_limit_shape	T2	order_by	edition_baseline	edition_baseline	static_reviewed	static_ready	mysql_native		https://dev.mysql.com/doc/refman/8.0/en/delete.html	mysql-8.0.22-manual:50fbd3ef92008443
delete	references/statements/dml/table/delete.md	order_limit_shape	T2	limit	edition_baseline	edition_baseline	static_reviewed	static_ready	mysql_native		https://dev.mysql.com/doc/refman/8.0/en/delete.html	mysql-8.0.22-manual:50fbd3ef92008443
delete	references/statements/dml/table/delete.md	order_limit_shape	T2	order_by_limit	edition_baseline	edition_baseline	static_reviewed	static_ready	mysql_native		https://dev.mysql.com/doc/refman/8.0/en/delete.html	mysql-8.0.22-manual:50fbd3ef92008443
delete	references/statements/dml/table/delete.md	partition_clause	T2	omitted	edition_baseline	edition_baseline	static_reviewed	static_ready	mysql_native		https://dev.mysql.com/doc/refman/8.0/en/delete.html	mysql-8.0.22-manual:50fbd3ef92008443
delete	references/statements/dml/table/delete.md	partition_clause	T2	named_partition	edition_baseline	edition_baseline	static_reviewed	static_ready	mysql_native		https://dev.mysql.com/doc/refman/8.0/en/delete.html	mysql-8.0.22-manual:50fbd3ef92008443
handler	references/statements/dml/table/handler.md	handler_branch	T1	open	edition_baseline	edition_baseline	static_reviewed	static_ready	mysql_native		https://dev.mysql.com/doc/refman/8.0/en/handler.html	mysql-8.0.22-manual:45efebd60023caaf
handler	references/statements/dml/table/handler.md	handler_branch	T1	read_key	edition_baseline	edition_baseline	static_reviewed	static_ready	mysql_native		https://dev.mysql.com/doc/refman/8.0/en/handler.html	mysql-8.0.22-manual:45efebd60023caaf
handler	references/statements/dml/table/handler.md	handler_branch	T1	read_first	edition_baseline	edition_baseline	static_reviewed	static_ready	mysql_native		https://dev.mysql.com/doc/refman/8.0/en/handler.html	mysql-8.0.22-manual:45efebd60023caaf
handler	references/statements/dml/table/handler.md	handler_branch	T1	read_next	edition_baseline	edition_baseline	static_reviewed	static_ready	mysql_native		https://dev.mysql.com/doc/refman/8.0/en/handler.html	mysql-8.0.22-manual:45efebd60023caaf
handler	references/statements/dml/table/handler.md	handler_branch	T1	read_prev	edition_baseline	edition_baseline	static_reviewed	static_ready	mysql_native		https://dev.mysql.com/doc/refman/8.0/en/handler.html	mysql-8.0.22-manual:45efebd60023caaf
handler	references/statements/dml/table/handler.md	handler_branch	T1	read_last	edition_baseline	edition_baseline	static_reviewed	static_ready	mysql_native		https://dev.mysql.com/doc/refman/8.0/en/handler.html	mysql-8.0.22-manual:45efebd60023caaf
handler	references/statements/dml/table/handler.md	handler_branch	T1	close	edition_baseline	edition_baseline	static_reviewed	static_ready	mysql_native		https://dev.mysql.com/doc/refman/8.0/en/handler.html	mysql-8.0.22-manual:45efebd60023caaf
handler	references/statements/dml/table/handler.md	handler_state	T1	closed	edition_baseline	edition_baseline	static_reviewed	static_ready	mysql_native		https://dev.mysql.com/doc/refman/8.0/en/handler.html	mysql-8.0.22-manual:45efebd60023caaf
handler	references/statements/dml/table/handler.md	handler_state	T1	open	edition_baseline	edition_baseline	static_reviewed	static_ready	mysql_native		https://dev.mysql.com/doc/refman/8.0/en/handler.html	mysql-8.0.22-manual:45efebd60023caaf
handler	references/statements/dml/table/handler.md	handler_state	T1	missing_table	edition_baseline	edition_baseline	static_reviewed	static_ready	mysql_native		https://dev.mysql.com/doc/refman/8.0/en/handler.html	mysql-8.0.22-manual:45efebd60023caaf
handler	references/statements/dml/table/handler.md	handler_state	T1	missing_index	edition_baseline	edition_baseline	static_reviewed	static_ready	mysql_native		https://dev.mysql.com/doc/refman/8.0/en/handler.html	mysql-8.0.22-manual:45efebd60023caaf
handler	references/statements/dml/table/handler.md	expected_status	T1	success	edition_baseline	edition_baseline	static_reviewed	static_ready	mysql_native		https://dev.mysql.com/doc/refman/8.0/en/handler.html	mysql-8.0.22-manual:45efebd60023caaf
handler	references/statements/dml/table/handler.md	expected_status	T1	failure	edition_baseline	edition_baseline	static_reviewed	static_ready	mysql_native		https://dev.mysql.com/doc/refman/8.0/en/handler.html	mysql-8.0.22-manual:45efebd60023caaf
handler	references/statements/dml/table/handler.md	read_direction	T2	not_applicable	edition_baseline	edition_baseline	static_reviewed	static_ready	mysql_native		https://dev.mysql.com/doc/refman/8.0/en/handler.html	mysql-8.0.22-manual:45efebd60023caaf
handler	references/statements/dml/table/handler.md	read_direction	T2	first	edition_baseline	edition_baseline	static_reviewed	static_ready	mysql_native		https://dev.mysql.com/doc/refman/8.0/en/handler.html	mysql-8.0.22-manual:45efebd60023caaf
handler	references/statements/dml/table/handler.md	read_direction	T2	next	edition_baseline	edition_baseline	static_reviewed	static_ready	mysql_native		https://dev.mysql.com/doc/refman/8.0/en/handler.html	mysql-8.0.22-manual:45efebd60023caaf
handler	references/statements/dml/table/handler.md	read_direction	T2	prev	edition_baseline	edition_baseline	static_reviewed	static_ready	mysql_native		https://dev.mysql.com/doc/refman/8.0/en/handler.html	mysql-8.0.22-manual:45efebd60023caaf
handler	references/statements/dml/table/handler.md	read_direction	T2	last	edition_baseline	edition_baseline	static_reviewed	static_ready	mysql_native		https://dev.mysql.com/doc/refman/8.0/en/handler.html	mysql-8.0.22-manual:45efebd60023caaf
handler	references/statements/dml/table/handler.md	read_direction	T2	key_compare	edition_baseline	edition_baseline	static_reviewed	static_ready	mysql_native		https://dev.mysql.com/doc/refman/8.0/en/handler.html	mysql-8.0.22-manual:45efebd60023caaf
handler	references/statements/dml/table/handler.md	where_limit_shape	T2	omitted	edition_baseline	edition_baseline	static_reviewed	static_ready	mysql_native		https://dev.mysql.com/doc/refman/8.0/en/handler.html	mysql-8.0.22-manual:45efebd60023caaf
handler	references/statements/dml/table/handler.md	where_limit_shape	T2	where_filter	edition_baseline	edition_baseline	static_reviewed	static_ready	mysql_native		https://dev.mysql.com/doc/refman/8.0/en/handler.html	mysql-8.0.22-manual:45efebd60023caaf
handler	references/statements/dml/table/handler.md	where_limit_shape	T2	limit	edition_baseline	edition_baseline	static_reviewed	static_ready	mysql_native		https://dev.mysql.com/doc/refman/8.0/en/handler.html	mysql-8.0.22-manual:45efebd60023caaf
handler	references/statements/dml/table/handler.md	where_limit_shape	T2	where_limit	edition_baseline	edition_baseline	static_reviewed	static_ready	mysql_native		https://dev.mysql.com/doc/refman/8.0/en/handler.html	mysql-8.0.22-manual:45efebd60023caaf
insert	references/statements/dml/table/insert.md	statement_branch	T1	values_list	edition_baseline	edition_baseline	static_reviewed	static_ready	mysql_native		https://dev.mysql.com/doc/refman/8.0/en/insert.html	mysql-8.0.22-manual:95ea096e96ba3c6c
insert	references/statements/dml/table/insert.md	statement_branch	T1	set_clause	edition_baseline	edition_baseline	static_reviewed	static_ready	mysql_native		https://dev.mysql.com/doc/refman/8.0/en/insert.html	mysql-8.0.22-manual:95ea096e96ba3c6c
insert	references/statements/dml/table/insert.md	statement_branch	T1	insert_select	edition_baseline	edition_baseline	static_reviewed	static_ready	mysql_native		https://dev.mysql.com/doc/refman/8.0/en/insert.html	mysql-8.0.22-manual:95ea096e96ba3c6c
insert	references/statements/dml/table/insert.md	duplicate_handling	T1	none	edition_baseline	edition_baseline	static_reviewed	static_ready	mysql_native		https://dev.mysql.com/doc/refman/8.0/en/insert.html	mysql-8.0.22-manual:95ea096e96ba3c6c
insert	references/statements/dml/table/insert.md	duplicate_handling	T1	ignore	edition_baseline	edition_baseline	static_reviewed	static_ready	mysql_native		https://dev.mysql.com/doc/refman/8.0/en/insert.html	mysql-8.0.22-manual:95ea096e96ba3c6c
insert	references/statements/dml/table/insert.md	duplicate_handling	T1	on_duplicate_key_update	edition_baseline	edition_baseline	static_reviewed	static_ready	mysql_native		https://dev.mysql.com/doc/refman/8.0/en/insert.html	mysql-8.0.22-manual:95ea096e96ba3c6c
insert	references/statements/dml/table/insert.md	expected_status	T1	success	edition_baseline	edition_baseline	static_reviewed	static_ready	mysql_native		https://dev.mysql.com/doc/refman/8.0/en/insert.html	mysql-8.0.22-manual:95ea096e96ba3c6c
insert	references/statements/dml/table/insert.md	expected_status	T1	failure	edition_baseline	edition_baseline	static_reviewed	static_ready	mysql_native		https://dev.mysql.com/doc/refman/8.0/en/insert.html	mysql-8.0.22-manual:95ea096e96ba3c6c
insert	references/statements/dml/table/insert.md	priority	T2	omitted	edition_baseline	edition_baseline	static_reviewed	static_ready	mysql_native		https://dev.mysql.com/doc/refman/8.0/en/insert.html	mysql-8.0.22-manual:95ea096e96ba3c6c
insert	references/statements/dml/table/insert.md	priority	T2	low_priority	edition_baseline	edition_baseline	static_reviewed	static_ready	mysql_native		https://dev.mysql.com/doc/refman/8.0/en/insert.html	mysql-8.0.22-manual:95ea096e96ba3c6c
insert	references/statements/dml/table/insert.md	priority	T2	high_priority	edition_baseline	edition_baseline	static_reviewed	static_ready	mysql_native		https://dev.mysql.com/doc/refman/8.0/en/insert.html	mysql-8.0.22-manual:95ea096e96ba3c6c
insert	references/statements/dml/table/insert.md	partition_clause	T2	omitted	edition_baseline	edition_baseline	static_reviewed	static_ready	mysql_native		https://dev.mysql.com/doc/refman/8.0/en/insert.html	mysql-8.0.22-manual:95ea096e96ba3c6c
insert	references/statements/dml/table/insert.md	partition_clause	T2	named_partition	edition_baseline	edition_baseline	static_reviewed	static_ready	mysql_native		https://dev.mysql.com/doc/refman/8.0/en/insert.html	mysql-8.0.22-manual:95ea096e96ba3c6c
insert	references/statements/dml/table/insert.md	column_list_shape	T2	explicit	edition_baseline	edition_baseline	static_reviewed	static_ready	mysql_native		https://dev.mysql.com/doc/refman/8.0/en/insert.html	mysql-8.0.22-manual:95ea096e96ba3c6c
insert	references/statements/dml/table/insert.md	column_list_shape	T2	omitted	edition_baseline	edition_baseline	static_reviewed	static_ready	mysql_native		https://dev.mysql.com/doc/refman/8.0/en/insert.html	mysql-8.0.22-manual:95ea096e96ba3c6c
replace	references/statements/dml/table/replace.md	statement_branch	T1	values_list	edition_baseline	edition_baseline	static_reviewed	static_ready	mysql_native		https://dev.mysql.com/doc/refman/8.0/en/replace.html	mysql-8.0.22-manual:aad3e5e508546025
replace	references/statements/dml/table/replace.md	statement_branch	T1	set_clause	edition_baseline	edition_baseline	static_reviewed	static_ready	mysql_native		https://dev.mysql.com/doc/refman/8.0/en/replace.html	mysql-8.0.22-manual:aad3e5e508546025
replace	references/statements/dml/table/replace.md	statement_branch	T1	replace_select	edition_baseline	edition_baseline	static_reviewed	static_ready	mysql_native		https://dev.mysql.com/doc/refman/8.0/en/replace.html	mysql-8.0.22-manual:aad3e5e508546025
replace	references/statements/dml/table/replace.md	statement_branch	T1	replace_table	edition_baseline	edition_baseline	static_reviewed	static_ready	mysql_native		https://dev.mysql.com/doc/refman/8.0/en/replace.html	mysql-8.0.22-manual:aad3e5e508546025
replace	references/statements/dml/table/replace.md	conflict_state	T1	no_conflict	edition_baseline	edition_baseline	static_reviewed	static_ready	mysql_native		https://dev.mysql.com/doc/refman/8.0/en/replace.html	mysql-8.0.22-manual:aad3e5e508546025
replace	references/statements/dml/table/replace.md	conflict_state	T1	duplicate_key	edition_baseline	edition_baseline	static_reviewed	static_ready	mysql_native		https://dev.mysql.com/doc/refman/8.0/en/replace.html	mysql-8.0.22-manual:aad3e5e508546025
replace	references/statements/dml/table/replace.md	expected_status	T1	success	edition_baseline	edition_baseline	static_reviewed	static_ready	mysql_native		https://dev.mysql.com/doc/refman/8.0/en/replace.html	mysql-8.0.22-manual:aad3e5e508546025
replace	references/statements/dml/table/replace.md	expected_status	T1	failure	edition_baseline	edition_baseline	static_reviewed	static_ready	mysql_native		https://dev.mysql.com/doc/refman/8.0/en/replace.html	mysql-8.0.22-manual:aad3e5e508546025
replace	references/statements/dml/table/replace.md	priority_modifier	T2	omitted	edition_baseline	edition_baseline	static_reviewed	static_ready	mysql_native		https://dev.mysql.com/doc/refman/8.0/en/replace.html	mysql-8.0.22-manual:aad3e5e508546025
replace	references/statements/dml/table/replace.md	priority_modifier	T2	low_priority	edition_baseline	edition_baseline	static_reviewed	static_ready	mysql_native		https://dev.mysql.com/doc/refman/8.0/en/replace.html	mysql-8.0.22-manual:aad3e5e508546025
replace	references/statements/dml/table/replace.md	priority_modifier	T2	delayed	edition_baseline	edition_baseline	static_reviewed	static_ready	mysql_native		https://dev.mysql.com/doc/refman/8.0/en/replace.html	mysql-8.0.22-manual:aad3e5e508546025
replace	references/statements/dml/table/replace.md	partition_clause	T2	omitted	edition_baseline	edition_baseline	static_reviewed	static_ready	mysql_native		https://dev.mysql.com/doc/refman/8.0/en/replace.html	mysql-8.0.22-manual:aad3e5e508546025
replace	references/statements/dml/table/replace.md	partition_clause	T2	named_partition	edition_baseline	edition_baseline	static_reviewed	static_ready	mysql_native		https://dev.mysql.com/doc/refman/8.0/en/replace.html	mysql-8.0.22-manual:aad3e5e508546025
update	references/statements/dml/table/update.md	statement_branch	T1	single_table	edition_baseline	edition_baseline	static_reviewed	static_ready	mysql_native		https://dev.mysql.com/doc/refman/8.0/en/update.html	mysql-8.0.22-manual:b81758aaf37db2d7
update	references/statements/dml/table/update.md	statement_branch	T1	multiple_table	edition_baseline	edition_baseline	static_reviewed	static_ready	mysql_native		https://dev.mysql.com/doc/refman/8.0/en/update.html	mysql-8.0.22-manual:b81758aaf37db2d7
update	references/statements/dml/table/update.md	condition_shape	T1	omitted	edition_baseline	edition_baseline	static_reviewed	static_ready	mysql_native		https://dev.mysql.com/doc/refman/8.0/en/update.html	mysql-8.0.22-manual:b81758aaf37db2d7
update	references/statements/dml/table/update.md	condition_shape	T1	where_filter	edition_baseline	edition_baseline	static_reviewed	static_ready	mysql_native		https://dev.mysql.com/doc/refman/8.0/en/update.html	mysql-8.0.22-manual:b81758aaf37db2d7
update	references/statements/dml/table/update.md	condition_shape	T1	join_filter	edition_baseline	edition_baseline	static_reviewed	static_ready	mysql_native		https://dev.mysql.com/doc/refman/8.0/en/update.html	mysql-8.0.22-manual:b81758aaf37db2d7
update	references/statements/dml/table/update.md	expected_status	T1	success	edition_baseline	edition_baseline	static_reviewed	static_ready	mysql_native		https://dev.mysql.com/doc/refman/8.0/en/update.html	mysql-8.0.22-manual:b81758aaf37db2d7
update	references/statements/dml/table/update.md	expected_status	T1	failure	edition_baseline	edition_baseline	static_reviewed	static_ready	mysql_native		https://dev.mysql.com/doc/refman/8.0/en/update.html	mysql-8.0.22-manual:b81758aaf37db2d7
update	references/statements/dml/table/update.md	priority_modifier	T2	omitted	edition_baseline	edition_baseline	static_reviewed	static_ready	mysql_native		https://dev.mysql.com/doc/refman/8.0/en/update.html	mysql-8.0.22-manual:b81758aaf37db2d7
update	references/statements/dml/table/update.md	priority_modifier	T2	low_priority	edition_baseline	edition_baseline	static_reviewed	static_ready	mysql_native		https://dev.mysql.com/doc/refman/8.0/en/update.html	mysql-8.0.22-manual:b81758aaf37db2d7
update	references/statements/dml/table/update.md	ignore_modifier	T2	omitted	edition_baseline	edition_baseline	static_reviewed	static_ready	mysql_native		https://dev.mysql.com/doc/refman/8.0/en/update.html	mysql-8.0.22-manual:b81758aaf37db2d7
update	references/statements/dml/table/update.md	ignore_modifier	T2	ignore	edition_baseline	edition_baseline	static_reviewed	static_ready	mysql_native		https://dev.mysql.com/doc/refman/8.0/en/update.html	mysql-8.0.22-manual:b81758aaf37db2d7
update	references/statements/dml/table/update.md	order_limit_shape	T2	omitted	edition_baseline	edition_baseline	static_reviewed	static_ready	mysql_native		https://dev.mysql.com/doc/refman/8.0/en/update.html	mysql-8.0.22-manual:b81758aaf37db2d7
update	references/statements/dml/table/update.md	order_limit_shape	T2	order_by	edition_baseline	edition_baseline	static_reviewed	static_ready	mysql_native		https://dev.mysql.com/doc/refman/8.0/en/update.html	mysql-8.0.22-manual:b81758aaf37db2d7
update	references/statements/dml/table/update.md	order_limit_shape	T2	limit	edition_baseline	edition_baseline	static_reviewed	static_ready	mysql_native		https://dev.mysql.com/doc/refman/8.0/en/update.html	mysql-8.0.22-manual:b81758aaf37db2d7
update	references/statements/dml/table/update.md	order_limit_shape	T2	order_by_limit	edition_baseline	edition_baseline	static_reviewed	static_ready	mysql_native		https://dev.mysql.com/doc/refman/8.0/en/update.html	mysql-8.0.22-manual:b81758aaf37db2d7
update	references/statements/dml/table/update.md	partition_clause	T2	omitted	edition_baseline	edition_baseline	static_reviewed	static_ready	mysql_native		https://dev.mysql.com/doc/refman/8.0/en/update.html	mysql-8.0.22-manual:b81758aaf37db2d7
update	references/statements/dml/table/update.md	partition_clause	T2	named_partition	edition_baseline	edition_baseline	static_reviewed	static_ready	mysql_native		https://dev.mysql.com/doc/refman/8.0/en/update.html	mysql-8.0.22-manual:b81758aaf37db2d7
deallocate	references/statements/prepared/prepared_statement/deallocate.md	statement_branch	T1	deallocate_prepare	edition_baseline	edition_baseline	static_reviewed	static_ready	mysql_native		https://dev.mysql.com/doc/refman/8.0/en/deallocate-prepare.html	mysql-8.0.22-manual:90130df5f8ec645c
deallocate	references/statements/prepared/prepared_statement/deallocate.md	statement_branch	T1	drop_prepare	edition_baseline	edition_baseline	static_reviewed	static_ready	mysql_native		https://dev.mysql.com/doc/refman/8.0/en/deallocate-prepare.html	mysql-8.0.22-manual:90130df5f8ec645c
deallocate	references/statements/prepared/prepared_statement/deallocate.md	prepared_state	T1	exists	edition_baseline	edition_baseline	static_reviewed	static_ready	mysql_native		https://dev.mysql.com/doc/refman/8.0/en/deallocate-prepare.html	mysql-8.0.22-manual:90130df5f8ec645c
deallocate	references/statements/prepared/prepared_statement/deallocate.md	prepared_state	T1	missing	edition_baseline	edition_baseline	static_reviewed	static_ready	mysql_native		https://dev.mysql.com/doc/refman/8.0/en/deallocate-prepare.html	mysql-8.0.22-manual:90130df5f8ec645c
deallocate	references/statements/prepared/prepared_statement/deallocate.md	expected_status	T1	success	edition_baseline	edition_baseline	static_reviewed	static_ready	mysql_native		https://dev.mysql.com/doc/refman/8.0/en/deallocate-prepare.html	mysql-8.0.22-manual:90130df5f8ec645c
deallocate	references/statements/prepared/prepared_statement/deallocate.md	expected_status	T1	failure	edition_baseline	edition_baseline	static_reviewed	static_ready	mysql_native		https://dev.mysql.com/doc/refman/8.0/en/deallocate-prepare.html	mysql-8.0.22-manual:90130df5f8ec645c
execute	references/statements/prepared/prepared_statement/execute.md	argument_shape	T1	omitted	edition_baseline	edition_baseline	static_reviewed	static_ready	mysql_native		https://dev.mysql.com/doc/refman/8.0/en/execute.html	mysql-8.0.22-manual:c856891ec470f324
execute	references/statements/prepared/prepared_statement/execute.md	argument_shape	T1	one_user_variable	edition_baseline	edition_baseline	static_reviewed	static_ready	mysql_native		https://dev.mysql.com/doc/refman/8.0/en/execute.html	mysql-8.0.22-manual:c856891ec470f324
execute	references/statements/prepared/prepared_statement/execute.md	argument_shape	T1	two_user_variables	edition_baseline	edition_baseline	static_reviewed	static_ready	mysql_native		https://dev.mysql.com/doc/refman/8.0/en/execute.html	mysql-8.0.22-manual:c856891ec470f324
execute	references/statements/prepared/prepared_statement/execute.md	prepared_state	T1	exists	edition_baseline	edition_baseline	static_reviewed	static_ready	mysql_native		https://dev.mysql.com/doc/refman/8.0/en/execute.html	mysql-8.0.22-manual:c856891ec470f324
execute	references/statements/prepared/prepared_statement/execute.md	prepared_state	T1	missing	edition_baseline	edition_baseline	static_reviewed	static_ready	mysql_native		https://dev.mysql.com/doc/refman/8.0/en/execute.html	mysql-8.0.22-manual:c856891ec470f324
execute	references/statements/prepared/prepared_statement/execute.md	expected_status	T1	success	edition_baseline	edition_baseline	static_reviewed	static_ready	mysql_native		https://dev.mysql.com/doc/refman/8.0/en/execute.html	mysql-8.0.22-manual:c856891ec470f324
execute	references/statements/prepared/prepared_statement/execute.md	expected_status	T1	failure	edition_baseline	edition_baseline	static_reviewed	static_ready	mysql_native		https://dev.mysql.com/doc/refman/8.0/en/execute.html	mysql-8.0.22-manual:c856891ec470f324
prepare	references/statements/prepared/prepared_statement/prepare.md	source_shape	T1	string_literal	edition_baseline	edition_baseline	static_reviewed	static_ready	mysql_native		https://dev.mysql.com/doc/refman/8.0/en/prepare.html	mysql-8.0.22-manual:3a949883815972db
prepare	references/statements/prepared/prepared_statement/prepare.md	source_shape	T1	user_variable	edition_baseline	edition_baseline	static_reviewed	static_ready	mysql_native		https://dev.mysql.com/doc/refman/8.0/en/prepare.html	mysql-8.0.22-manual:3a949883815972db
prepare	references/statements/prepared/prepared_statement/prepare.md	marker_shape	T1	no_marker	edition_baseline	edition_baseline	static_reviewed	static_ready	mysql_native		https://dev.mysql.com/doc/refman/8.0/en/prepare.html	mysql-8.0.22-manual:3a949883815972db
prepare	references/statements/prepared/prepared_statement/prepare.md	marker_shape	T1	one_marker	edition_baseline	edition_baseline	static_reviewed	static_ready	mysql_native		https://dev.mysql.com/doc/refman/8.0/en/prepare.html	mysql-8.0.22-manual:3a949883815972db
prepare	references/statements/prepared/prepared_statement/prepare.md	marker_shape	T1	two_markers	edition_baseline	edition_baseline	static_reviewed	static_ready	mysql_native		https://dev.mysql.com/doc/refman/8.0/en/prepare.html	mysql-8.0.22-manual:3a949883815972db
prepare	references/statements/prepared/prepared_statement/prepare.md	expected_status	T1	success	edition_baseline	edition_baseline	static_reviewed	static_ready	mysql_native		https://dev.mysql.com/doc/refman/8.0/en/prepare.html	mysql-8.0.22-manual:3a949883815972db
prepare	references/statements/prepared/prepared_statement/prepare.md	expected_status	T1	failure	edition_baseline	edition_baseline	static_reviewed	static_ready	mysql_native		https://dev.mysql.com/doc/refman/8.0/en/prepare.html	mysql-8.0.22-manual:3a949883815972db
prepare	references/statements/prepared/prepared_statement/prepare.md	name_reuse	T2	new_name	edition_baseline	edition_baseline	static_reviewed	static_ready	mysql_native		https://dev.mysql.com/doc/refman/8.0/en/prepare.html	mysql-8.0.22-manual:3a949883815972db
prepare	references/statements/prepared/prepared_statement/prepare.md	name_reuse	T2	replace_existing	edition_baseline	edition_baseline	static_reviewed	static_ready	mysql_native		https://dev.mysql.com/doc/refman/8.0/en/prepare.html	mysql-8.0.22-manual:3a949883815972db
set_role	references/statements/session/authorization/set_role.md	role_selection	T1	default_roles	edition_baseline	edition_baseline	static_reviewed	static_ready	mysql_native		https://dev.mysql.com/doc/refman/8.0/en/set-role.html	mysql-8.0.22-manual:34cb45f1a0feb570
set_role	references/statements/session/authorization/set_role.md	role_selection	T1	none	edition_baseline	edition_baseline	static_reviewed	static_ready	mysql_native		https://dev.mysql.com/doc/refman/8.0/en/set-role.html	mysql-8.0.22-manual:34cb45f1a0feb570
set_role	references/statements/session/authorization/set_role.md	role_selection	T1	all_roles	edition_baseline	edition_baseline	static_reviewed	static_ready	mysql_native		https://dev.mysql.com/doc/refman/8.0/en/set-role.html	mysql-8.0.22-manual:34cb45f1a0feb570
set_role	references/statements/session/authorization/set_role.md	role_selection	T1	all_except	edition_baseline	edition_baseline	static_reviewed	static_ready	mysql_native		https://dev.mysql.com/doc/refman/8.0/en/set-role.html	mysql-8.0.22-manual:34cb45f1a0feb570
set_role	references/statements/session/authorization/set_role.md	role_selection	T1	explicit_list	edition_baseline	edition_baseline	static_reviewed	static_ready	mysql_native		https://dev.mysql.com/doc/refman/8.0/en/set-role.html	mysql-8.0.22-manual:34cb45f1a0feb570
set_role	references/statements/session/authorization/set_role.md	role_state	T1	granted	edition_baseline	edition_baseline	static_reviewed	static_ready	mysql_native		https://dev.mysql.com/doc/refman/8.0/en/set-role.html	mysql-8.0.22-manual:34cb45f1a0feb570
set_role	references/statements/session/authorization/set_role.md	role_state	T1	not_granted	edition_baseline	edition_baseline	static_reviewed	static_ready	mysql_native		https://dev.mysql.com/doc/refman/8.0/en/set-role.html	mysql-8.0.22-manual:34cb45f1a0feb570
set_role	references/statements/session/authorization/set_role.md	role_state	T1	missing	edition_baseline	edition_baseline	static_reviewed	static_ready	mysql_native		https://dev.mysql.com/doc/refman/8.0/en/set-role.html	mysql-8.0.22-manual:34cb45f1a0feb570
set_role	references/statements/session/authorization/set_role.md	expected_status	T1	success	edition_baseline	edition_baseline	static_reviewed	static_ready	mysql_native		https://dev.mysql.com/doc/refman/8.0/en/set-role.html	mysql-8.0.22-manual:34cb45f1a0feb570
set_role	references/statements/session/authorization/set_role.md	expected_status	T1	failure	edition_baseline	edition_baseline	static_reviewed	static_ready	mysql_native		https://dev.mysql.com/doc/refman/8.0/en/set-role.html	mysql-8.0.22-manual:34cb45f1a0feb570
use	references/statements/session/database/use.md	database_state	T1	exists	edition_baseline	edition_baseline	static_reviewed	static_ready	mysql_native		https://dev.mysql.com/doc/refman/8.0/en/use.html	mysql-8.0.22-manual:72f4582ca523514a
use	references/statements/session/database/use.md	database_state	T1	missing	edition_baseline	edition_baseline	static_reviewed	static_ready	mysql_native		https://dev.mysql.com/doc/refman/8.0/en/use.html	mysql-8.0.22-manual:72f4582ca523514a
use	references/statements/session/database/use.md	privilege_state	T1	has_privilege	edition_baseline	edition_baseline	static_reviewed	static_ready	mysql_native		https://dev.mysql.com/doc/refman/8.0/en/use.html	mysql-8.0.22-manual:72f4582ca523514a
use	references/statements/session/database/use.md	privilege_state	T1	no_privilege	edition_baseline	edition_baseline	static_reviewed	static_ready	mysql_native		https://dev.mysql.com/doc/refman/8.0/en/use.html	mysql-8.0.22-manual:72f4582ca523514a
use	references/statements/session/database/use.md	expected_status	T1	success	edition_baseline	edition_baseline	static_reviewed	static_ready	mysql_native		https://dev.mysql.com/doc/refman/8.0/en/use.html	mysql-8.0.22-manual:72f4582ca523514a
use	references/statements/session/database/use.md	expected_status	T1	failure	edition_baseline	edition_baseline	static_reviewed	static_ready	mysql_native		https://dev.mysql.com/doc/refman/8.0/en/use.html	mysql-8.0.22-manual:72f4582ca523514a
use	references/statements/session/database/use.md	name_shape	T2	simple	edition_baseline	edition_baseline	static_reviewed	static_ready	mysql_native		https://dev.mysql.com/doc/refman/8.0/en/use.html	mysql-8.0.22-manual:72f4582ca523514a
use	references/statements/session/database/use.md	name_shape	T2	quoted	edition_baseline	edition_baseline	static_reviewed	static_ready	mysql_native		https://dev.mysql.com/doc/refman/8.0/en/use.html	mysql-8.0.22-manual:72f4582ca523514a
reset	references/statements/session/runtime_parameter/reset.md	statement_branch	T1	reset_master	edition_baseline	edition_baseline	static_reviewed	static_ready	mysql_native		https://dev.mysql.com/doc/refman/8.0/en/reset.html	mysql-8.0.22-manual:68ab951efc6111c6
reset	references/statements/session/runtime_parameter/reset.md	statement_branch	T1	reset_replica	edition_baseline	edition_baseline	static_reviewed	static_ready	mysql_native		https://dev.mysql.com/doc/refman/8.0/en/reset.html	mysql-8.0.22-manual:68ab951efc6111c6
reset	references/statements/session/runtime_parameter/reset.md	statement_branch	T1	reset_persist	edition_baseline	edition_baseline	static_reviewed	static_ready	mysql_native		https://dev.mysql.com/doc/refman/8.0/en/reset.html	mysql-8.0.22-manual:68ab951efc6111c6
reset	references/statements/session/runtime_parameter/reset.md	target_shape	T1	existing_target	edition_baseline	edition_baseline	static_reviewed	static_ready	mysql_native		https://dev.mysql.com/doc/refman/8.0/en/reset.html	mysql-8.0.22-manual:68ab951efc6111c6
reset	references/statements/session/runtime_parameter/reset.md	target_shape	T1	missing_target	edition_baseline	edition_baseline	static_reviewed	static_ready	mysql_native		https://dev.mysql.com/doc/refman/8.0/en/reset.html	mysql-8.0.22-manual:68ab951efc6111c6
reset	references/statements/session/runtime_parameter/reset.md	expected_status	T1	success	edition_baseline	edition_baseline	static_reviewed	static_ready	mysql_native		https://dev.mysql.com/doc/refman/8.0/en/reset.html	mysql-8.0.22-manual:68ab951efc6111c6
reset	references/statements/session/runtime_parameter/reset.md	expected_status	T1	failure	edition_baseline	edition_baseline	static_reviewed	static_ready	mysql_native		https://dev.mysql.com/doc/refman/8.0/en/reset.html	mysql-8.0.22-manual:68ab951efc6111c6
reset	references/statements/session/runtime_parameter/reset.md	if_exists	T2	omitted	edition_baseline	edition_baseline	static_reviewed	static_ready	mysql_native		https://dev.mysql.com/doc/refman/8.0/en/reset.html	mysql-8.0.22-manual:68ab951efc6111c6
reset	references/statements/session/runtime_parameter/reset.md	if_exists	T2	present	edition_baseline	edition_baseline	static_reviewed	static_ready	mysql_native		https://dev.mysql.com/doc/refman/8.0/en/reset.html	mysql-8.0.22-manual:68ab951efc6111c6
reset	references/statements/session/runtime_parameter/reset.md	privilege_context	T2	sufficient	edition_baseline	edition_baseline	static_reviewed	static_ready	mysql_native		https://dev.mysql.com/doc/refman/8.0/en/reset.html	mysql-8.0.22-manual:68ab951efc6111c6
reset	references/statements/session/runtime_parameter/reset.md	privilege_context	T2	insufficient	edition_baseline	edition_baseline	static_reviewed	static_ready	mysql_native		https://dev.mysql.com/doc/refman/8.0/en/reset.html	mysql-8.0.22-manual:68ab951efc6111c6
set	references/statements/session/runtime_parameter/set.md	statement_branch	T1	user_variable	edition_baseline	edition_baseline	static_reviewed	static_ready	mysql_native		https://dev.mysql.com/doc/refman/8.0/en/set-variable.html	mysql-8.0.22-manual:0f14831c535d70f8
set	references/statements/session/runtime_parameter/set.md	statement_branch	T1	session_system_variable	edition_baseline	edition_baseline	static_reviewed	static_ready	mysql_native		https://dev.mysql.com/doc/refman/8.0/en/set-variable.html	mysql-8.0.22-manual:0f14831c535d70f8
set	references/statements/session/runtime_parameter/set.md	statement_branch	T1	global_system_variable	edition_baseline	edition_baseline	static_reviewed	static_ready	mysql_native		https://dev.mysql.com/doc/refman/8.0/en/set-variable.html	mysql-8.0.22-manual:0f14831c535d70f8
set	references/statements/session/runtime_parameter/set.md	statement_branch	T1	persist_system_variable	edition_baseline	edition_baseline	static_reviewed	static_ready	mysql_native		https://dev.mysql.com/doc/refman/8.0/en/set-variable.html	mysql-8.0.22-manual:0f14831c535d70f8
set	references/statements/session/runtime_parameter/set.md	statement_branch	T1	set_names	edition_baseline	edition_baseline	static_reviewed	static_ready	mysql_native		https://dev.mysql.com/doc/refman/8.0/en/set-variable.html	mysql-8.0.22-manual:0f14831c535d70f8
set	references/statements/session/runtime_parameter/set.md	statement_branch	T1	set_character_set	edition_baseline	edition_baseline	static_reviewed	static_ready	mysql_native		https://dev.mysql.com/doc/refman/8.0/en/set-variable.html	mysql-8.0.22-manual:0f14831c535d70f8
set	references/statements/session/runtime_parameter/set.md	scope_shape	T1	implicit	edition_baseline	edition_baseline	static_reviewed	static_ready	mysql_native		https://dev.mysql.com/doc/refman/8.0/en/set-variable.html	mysql-8.0.22-manual:0f14831c535d70f8
set	references/statements/session/runtime_parameter/set.md	scope_shape	T1	session	edition_baseline	edition_baseline	static_reviewed	static_ready	mysql_native		https://dev.mysql.com/doc/refman/8.0/en/set-variable.html	mysql-8.0.22-manual:0f14831c535d70f8
set	references/statements/session/runtime_parameter/set.md	scope_shape	T1	global	edition_baseline	edition_baseline	static_reviewed	static_ready	mysql_native		https://dev.mysql.com/doc/refman/8.0/en/set-variable.html	mysql-8.0.22-manual:0f14831c535d70f8
set	references/statements/session/runtime_parameter/set.md	scope_shape	T1	persist	edition_baseline	edition_baseline	static_reviewed	static_ready	mysql_native		https://dev.mysql.com/doc/refman/8.0/en/set-variable.html	mysql-8.0.22-manual:0f14831c535d70f8
set	references/statements/session/runtime_parameter/set.md	scope_shape	T1	persist_only	edition_baseline	edition_baseline	static_reviewed	static_ready	mysql_native		https://dev.mysql.com/doc/refman/8.0/en/set-variable.html	mysql-8.0.22-manual:0f14831c535d70f8
set	references/statements/session/runtime_parameter/set.md	expected_status	T1	success	edition_baseline	edition_baseline	static_reviewed	static_ready	mysql_native		https://dev.mysql.com/doc/refman/8.0/en/set-variable.html	mysql-8.0.22-manual:0f14831c535d70f8
set	references/statements/session/runtime_parameter/set.md	expected_status	T1	failure	edition_baseline	edition_baseline	static_reviewed	static_ready	mysql_native		https://dev.mysql.com/doc/refman/8.0/en/set-variable.html	mysql-8.0.22-manual:0f14831c535d70f8
set	references/statements/session/runtime_parameter/set.md	value_shape	T2	literal	edition_baseline	edition_baseline	static_reviewed	static_ready	mysql_native		https://dev.mysql.com/doc/refman/8.0/en/set-variable.html	mysql-8.0.22-manual:0f14831c535d70f8
set	references/statements/session/runtime_parameter/set.md	value_shape	T2	expression	edition_baseline	edition_baseline	static_reviewed	static_ready	mysql_native		https://dev.mysql.com/doc/refman/8.0/en/set-variable.html	mysql-8.0.22-manual:0f14831c535d70f8
set	references/statements/session/runtime_parameter/set.md	value_shape	T2	default_keyword	edition_baseline	edition_baseline	static_reviewed	static_ready	mysql_native		https://dev.mysql.com/doc/refman/8.0/en/set-variable.html	mysql-8.0.22-manual:0f14831c535d70f8
set	references/statements/session/runtime_parameter/set.md	privilege_context	T2	sufficient	edition_baseline	edition_baseline	static_reviewed	static_ready	mysql_native		https://dev.mysql.com/doc/refman/8.0/en/set-variable.html	mysql-8.0.22-manual:0f14831c535d70f8
set	references/statements/session/runtime_parameter/set.md	privilege_context	T2	insufficient	edition_baseline	edition_baseline	static_reviewed	static_ready	mysql_native		https://dev.mysql.com/doc/refman/8.0/en/set-variable.html	mysql-8.0.22-manual:0f14831c535d70f8
show	references/statements/session/runtime_parameter/show.md	statement_branch	T1	variables	edition_baseline	edition_baseline	static_reviewed	static_ready	mysql_native		https://dev.mysql.com/doc/refman/8.0/en/show.html	mysql-8.0.22-manual:dffb9065dd2591c6
show	references/statements/session/runtime_parameter/show.md	statement_branch	T1	status	edition_baseline	edition_baseline	static_reviewed	static_ready	mysql_native		https://dev.mysql.com/doc/refman/8.0/en/show.html	mysql-8.0.22-manual:dffb9065dd2591c6
show	references/statements/session/runtime_parameter/show.md	statement_branch	T1	grants	edition_baseline	edition_baseline	static_reviewed	static_ready	mysql_native		https://dev.mysql.com/doc/refman/8.0/en/show.html	mysql-8.0.22-manual:dffb9065dd2591c6
show	references/statements/session/runtime_parameter/show.md	statement_branch	T1	create_table	edition_baseline	edition_baseline	static_reviewed	static_ready	mysql_native		https://dev.mysql.com/doc/refman/8.0/en/show.html	mysql-8.0.22-manual:dffb9065dd2591c6
show	references/statements/session/runtime_parameter/show.md	statement_branch	T1	warnings	edition_baseline	edition_baseline	static_reviewed	static_ready	mysql_native		https://dev.mysql.com/doc/refman/8.0/en/show.html	mysql-8.0.22-manual:dffb9065dd2591c6
show	references/statements/session/runtime_parameter/show.md	statement_branch	T1	errors	edition_baseline	edition_baseline	static_reviewed	static_ready	mysql_native		https://dev.mysql.com/doc/refman/8.0/en/show.html	mysql-8.0.22-manual:dffb9065dd2591c6
show	references/statements/session/runtime_parameter/show.md	filter_shape	T1	omitted	edition_baseline	edition_baseline	static_reviewed	static_ready	mysql_native		https://dev.mysql.com/doc/refman/8.0/en/show.html	mysql-8.0.22-manual:dffb9065dd2591c6
show	references/statements/session/runtime_parameter/show.md	filter_shape	T1	like_pattern	edition_baseline	edition_baseline	static_reviewed	static_ready	mysql_native		https://dev.mysql.com/doc/refman/8.0/en/show.html	mysql-8.0.22-manual:dffb9065dd2591c6
show	references/statements/session/runtime_parameter/show.md	filter_shape	T1	where_expression	edition_baseline	edition_baseline	static_reviewed	static_ready	mysql_native		https://dev.mysql.com/doc/refman/8.0/en/show.html	mysql-8.0.22-manual:dffb9065dd2591c6
show	references/statements/session/runtime_parameter/show.md	expected_status	T1	success	edition_baseline	edition_baseline	static_reviewed	static_ready	mysql_native		https://dev.mysql.com/doc/refman/8.0/en/show.html	mysql-8.0.22-manual:dffb9065dd2591c6
show	references/statements/session/runtime_parameter/show.md	expected_status	T1	failure	edition_baseline	edition_baseline	static_reviewed	static_ready	mysql_native		https://dev.mysql.com/doc/refman/8.0/en/show.html	mysql-8.0.22-manual:dffb9065dd2591c6
show	references/statements/session/runtime_parameter/show.md	target_shape	T2	none	edition_baseline	edition_baseline	static_reviewed	static_ready	mysql_native		https://dev.mysql.com/doc/refman/8.0/en/show.html	mysql-8.0.22-manual:dffb9065dd2591c6
show	references/statements/session/runtime_parameter/show.md	target_shape	T2	table_name	edition_baseline	edition_baseline	static_reviewed	static_ready	mysql_native		https://dev.mysql.com/doc/refman/8.0/en/show.html	mysql-8.0.22-manual:dffb9065dd2591c6
show	references/statements/session/runtime_parameter/show.md	target_shape	T2	user_account	edition_baseline	edition_baseline	static_reviewed	static_ready	mysql_native		https://dev.mysql.com/doc/refman/8.0/en/show.html	mysql-8.0.22-manual:dffb9065dd2591c6
lock_instance	references/statements/tcl/lock/lock_instance.md	backup_lock_state	T1	not_held	edition_baseline	edition_baseline	static_reviewed	static_ready	mysql_native		https://dev.mysql.com/doc/refman/8.0/en/lock-instance-for-backup.html	mysql-8.0.22-manual:b9d3e82a00bdf66c
lock_instance	references/statements/tcl/lock/lock_instance.md	backup_lock_state	T1	already_held_by_session	edition_baseline	edition_baseline	static_reviewed	static_ready	mysql_native		https://dev.mysql.com/doc/refman/8.0/en/lock-instance-for-backup.html	mysql-8.0.22-manual:b9d3e82a00bdf66c
lock_instance	references/statements/tcl/lock/lock_instance.md	backup_lock_state	T1	held_by_other_session	edition_baseline	edition_baseline	static_reviewed	static_ready	mysql_native		https://dev.mysql.com/doc/refman/8.0/en/lock-instance-for-backup.html	mysql-8.0.22-manual:b9d3e82a00bdf66c
lock_instance	references/statements/tcl/lock/lock_instance.md	privilege_context	T1	has_backup_admin	edition_baseline	edition_baseline	static_reviewed	static_ready	mysql_native		https://dev.mysql.com/doc/refman/8.0/en/lock-instance-for-backup.html	mysql-8.0.22-manual:b9d3e82a00bdf66c
lock_instance	references/statements/tcl/lock/lock_instance.md	privilege_context	T1	missing_backup_admin	edition_baseline	edition_baseline	static_reviewed	static_ready	mysql_native		https://dev.mysql.com/doc/refman/8.0/en/lock-instance-for-backup.html	mysql-8.0.22-manual:b9d3e82a00bdf66c
lock_instance	references/statements/tcl/lock/lock_instance.md	expected_status	T1	success	edition_baseline	edition_baseline	static_reviewed	static_ready	mysql_native		https://dev.mysql.com/doc/refman/8.0/en/lock-instance-for-backup.html	mysql-8.0.22-manual:b9d3e82a00bdf66c
lock_instance	references/statements/tcl/lock/lock_instance.md	expected_status	T1	failure	edition_baseline	edition_baseline	static_reviewed	static_ready	mysql_native		https://dev.mysql.com/doc/refman/8.0/en/lock-instance-for-backup.html	mysql-8.0.22-manual:b9d3e82a00bdf66c
lock_instance	references/statements/tcl/lock/lock_instance.md	execution_mode	T5	isolated_positive	edition_baseline	edition_baseline	static_reviewed	static_ready	mysql_native		https://dev.mysql.com/doc/refman/8.0/en/lock-instance-for-backup.html	mysql-8.0.22-manual:b9d3e82a00bdf66c
lock_instance	references/statements/tcl/lock/lock_instance.md	execution_mode	T5	safe_negative	edition_baseline	edition_baseline	static_reviewed	static_ready	mysql_native		https://dev.mysql.com/doc/refman/8.0/en/lock-instance-for-backup.html	mysql-8.0.22-manual:b9d3e82a00bdf66c
lock_tables	references/statements/tcl/lock/lock_tables.md	target_shape	T1	single_table	edition_baseline	edition_baseline	static_reviewed	static_ready	mysql_native		https://dev.mysql.com/doc/refman/8.0/en/lock-tables.html	mysql-8.0.22-manual:6fce2fe1fa4c850a
lock_tables	references/statements/tcl/lock/lock_tables.md	target_shape	T1	table_alias	edition_baseline	edition_baseline	static_reviewed	static_ready	mysql_native		https://dev.mysql.com/doc/refman/8.0/en/lock-tables.html	mysql-8.0.22-manual:6fce2fe1fa4c850a
lock_tables	references/statements/tcl/lock/lock_tables.md	target_shape	T1	multiple_tables	edition_baseline	edition_baseline	static_reviewed	static_ready	mysql_native		https://dev.mysql.com/doc/refman/8.0/en/lock-tables.html	mysql-8.0.22-manual:6fce2fe1fa4c850a
lock_tables	references/statements/tcl/lock/lock_tables.md	target_shape	T1	missing_table	edition_baseline	edition_baseline	static_reviewed	static_ready	mysql_native		https://dev.mysql.com/doc/refman/8.0/en/lock-tables.html	mysql-8.0.22-manual:6fce2fe1fa4c850a
lock_tables	references/statements/tcl/lock/lock_tables.md	lock_type	T1	read	edition_baseline	edition_baseline	static_reviewed	static_ready	mysql_native		https://dev.mysql.com/doc/refman/8.0/en/lock-tables.html	mysql-8.0.22-manual:6fce2fe1fa4c850a
lock_tables	references/statements/tcl/lock/lock_tables.md	lock_type	T1	read_local	edition_baseline	edition_baseline	static_reviewed	static_ready	mysql_native		https://dev.mysql.com/doc/refman/8.0/en/lock-tables.html	mysql-8.0.22-manual:6fce2fe1fa4c850a
lock_tables	references/statements/tcl/lock/lock_tables.md	lock_type	T1	write	edition_baseline	edition_baseline	static_reviewed	static_ready	mysql_native		https://dev.mysql.com/doc/refman/8.0/en/lock-tables.html	mysql-8.0.22-manual:6fce2fe1fa4c850a
lock_tables	references/statements/tcl/lock/lock_tables.md	lock_type	T1	low_priority_write	edition_baseline	edition_baseline	static_reviewed	static_ready	mysql_native		https://dev.mysql.com/doc/refman/8.0/en/lock-tables.html	mysql-8.0.22-manual:6fce2fe1fa4c850a
lock_tables	references/statements/tcl/lock/lock_tables.md	expected_status	T1	success	edition_baseline	edition_baseline	static_reviewed	static_ready	mysql_native		https://dev.mysql.com/doc/refman/8.0/en/lock-tables.html	mysql-8.0.22-manual:6fce2fe1fa4c850a
lock_tables	references/statements/tcl/lock/lock_tables.md	expected_status	T1	failure	edition_baseline	edition_baseline	static_reviewed	static_ready	mysql_native		https://dev.mysql.com/doc/refman/8.0/en/lock-tables.html	mysql-8.0.22-manual:6fce2fe1fa4c850a
lock_tables	references/statements/tcl/lock/lock_tables.md	transaction_interaction	T2	outside_transaction	edition_baseline	edition_baseline	static_reviewed	static_ready	mysql_native		https://dev.mysql.com/doc/refman/8.0/en/lock-tables.html	mysql-8.0.22-manual:6fce2fe1fa4c850a
lock_tables	references/statements/tcl/lock/lock_tables.md	transaction_interaction	T2	active_transaction	edition_baseline	edition_baseline	static_reviewed	static_ready	mysql_native		https://dev.mysql.com/doc/refman/8.0/en/lock-tables.html	mysql-8.0.22-manual:6fce2fe1fa4c850a
lock_tables	references/statements/tcl/lock/lock_tables.md	privilege_context	T2	has_required_privilege	edition_baseline	edition_baseline	static_reviewed	static_ready	mysql_native		https://dev.mysql.com/doc/refman/8.0/en/lock-tables.html	mysql-8.0.22-manual:6fce2fe1fa4c850a
lock_tables	references/statements/tcl/lock/lock_tables.md	privilege_context	T2	missing_required_privilege	edition_baseline	edition_baseline	static_reviewed	static_ready	mysql_native		https://dev.mysql.com/doc/refman/8.0/en/lock-tables.html	mysql-8.0.22-manual:6fce2fe1fa4c850a
unlock_instance	references/statements/tcl/lock/unlock_instance.md	held_backup_lock_state	T1	held_by_session	edition_baseline	edition_baseline	static_reviewed	static_ready	mysql_native		https://dev.mysql.com/doc/refman/8.0/en/lock-instance-for-backup.html	mysql-8.0.22-manual:cdc6e53306bec9e0
unlock_instance	references/statements/tcl/lock/unlock_instance.md	held_backup_lock_state	T1	not_held	edition_baseline	edition_baseline	static_reviewed	static_ready	mysql_native		https://dev.mysql.com/doc/refman/8.0/en/lock-instance-for-backup.html	mysql-8.0.22-manual:cdc6e53306bec9e0
unlock_instance	references/statements/tcl/lock/unlock_instance.md	held_backup_lock_state	T1	held_by_other_session	edition_baseline	edition_baseline	static_reviewed	static_ready	mysql_native		https://dev.mysql.com/doc/refman/8.0/en/lock-instance-for-backup.html	mysql-8.0.22-manual:cdc6e53306bec9e0
unlock_instance	references/statements/tcl/lock/unlock_instance.md	session_ownership	T1	same_session	edition_baseline	edition_baseline	static_reviewed	static_ready	mysql_native		https://dev.mysql.com/doc/refman/8.0/en/lock-instance-for-backup.html	mysql-8.0.22-manual:cdc6e53306bec9e0
unlock_instance	references/statements/tcl/lock/unlock_instance.md	session_ownership	T1	different_session	edition_baseline	edition_baseline	static_reviewed	static_ready	mysql_native		https://dev.mysql.com/doc/refman/8.0/en/lock-instance-for-backup.html	mysql-8.0.22-manual:cdc6e53306bec9e0
unlock_instance	references/statements/tcl/lock/unlock_instance.md	expected_status	T1	success	edition_baseline	edition_baseline	static_reviewed	static_ready	mysql_native		https://dev.mysql.com/doc/refman/8.0/en/lock-instance-for-backup.html	mysql-8.0.22-manual:cdc6e53306bec9e0
unlock_instance	references/statements/tcl/lock/unlock_instance.md	expected_status	T1	failure	edition_baseline	edition_baseline	static_reviewed	static_ready	mysql_native		https://dev.mysql.com/doc/refman/8.0/en/lock-instance-for-backup.html	mysql-8.0.22-manual:cdc6e53306bec9e0
unlock_instance	references/statements/tcl/lock/unlock_instance.md	execution_mode	T5	isolated_positive	edition_baseline	edition_baseline	static_reviewed	static_ready	mysql_native		https://dev.mysql.com/doc/refman/8.0/en/lock-instance-for-backup.html	mysql-8.0.22-manual:cdc6e53306bec9e0
unlock_instance	references/statements/tcl/lock/unlock_instance.md	execution_mode	T5	safe_negative	edition_baseline	edition_baseline	static_reviewed	static_ready	mysql_native		https://dev.mysql.com/doc/refman/8.0/en/lock-instance-for-backup.html	mysql-8.0.22-manual:cdc6e53306bec9e0
unlock_tables	references/statements/tcl/lock/unlock_tables.md	held_lock_state	T1	locks_held	edition_baseline	edition_baseline	static_reviewed	static_ready	mysql_native		https://dev.mysql.com/doc/refman/8.0/en/lock-tables.html	mysql-8.0.22-manual:e0ec97ce45388c06
unlock_tables	references/statements/tcl/lock/unlock_tables.md	held_lock_state	T1	no_locks_held	edition_baseline	edition_baseline	static_reviewed	static_ready	mysql_native		https://dev.mysql.com/doc/refman/8.0/en/lock-tables.html	mysql-8.0.22-manual:e0ec97ce45388c06
unlock_tables	references/statements/tcl/lock/unlock_tables.md	global_read_lock_state	T1	not_held	edition_baseline	edition_baseline	static_reviewed	static_ready	mysql_native		https://dev.mysql.com/doc/refman/8.0/en/lock-tables.html	mysql-8.0.22-manual:e0ec97ce45388c06
unlock_tables	references/statements/tcl/lock/unlock_tables.md	global_read_lock_state	T1	held_by_session	edition_baseline	edition_baseline	static_reviewed	static_ready	mysql_native		https://dev.mysql.com/doc/refman/8.0/en/lock-tables.html	mysql-8.0.22-manual:e0ec97ce45388c06
unlock_tables	references/statements/tcl/lock/unlock_tables.md	expected_status	T1	success	edition_baseline	edition_baseline	static_reviewed	static_ready	mysql_native		https://dev.mysql.com/doc/refman/8.0/en/lock-tables.html	mysql-8.0.22-manual:e0ec97ce45388c06
unlock_tables	references/statements/tcl/lock/unlock_tables.md	expected_status	T1	failure	edition_baseline	edition_baseline	static_reviewed	static_ready	mysql_native		https://dev.mysql.com/doc/refman/8.0/en/lock-tables.html	mysql-8.0.22-manual:e0ec97ce45388c06
unlock_tables	references/statements/tcl/lock/unlock_tables.md	transaction_interaction	T2	outside_transaction	edition_baseline	edition_baseline	static_reviewed	static_ready	mysql_native		https://dev.mysql.com/doc/refman/8.0/en/lock-tables.html	mysql-8.0.22-manual:e0ec97ce45388c06
unlock_tables	references/statements/tcl/lock/unlock_tables.md	transaction_interaction	T2	active_transaction	edition_baseline	edition_baseline	static_reviewed	static_ready	mysql_native		https://dev.mysql.com/doc/refman/8.0/en/lock-tables.html	mysql-8.0.22-manual:e0ec97ce45388c06
release_savepoint	references/statements/tcl/savepoint/release_savepoint.md	savepoint_state	T1	exists	edition_baseline	edition_baseline	static_reviewed	static_ready	mysql_native		https://dev.mysql.com/doc/refman/8.0/en/savepoint.html	mysql-8.0.22-manual:5ce8b1751bc25708
release_savepoint	references/statements/tcl/savepoint/release_savepoint.md	savepoint_state	T1	missing	edition_baseline	edition_baseline	static_reviewed	static_ready	mysql_native		https://dev.mysql.com/doc/refman/8.0/en/savepoint.html	mysql-8.0.22-manual:5ce8b1751bc25708
release_savepoint	references/statements/tcl/savepoint/release_savepoint.md	savepoint_state	T1	already_released	edition_baseline	edition_baseline	static_reviewed	static_ready	mysql_native		https://dev.mysql.com/doc/refman/8.0/en/savepoint.html	mysql-8.0.22-manual:5ce8b1751bc25708
release_savepoint	references/statements/tcl/savepoint/release_savepoint.md	transaction_state	T1	active_transaction	edition_baseline	edition_baseline	static_reviewed	static_ready	mysql_native		https://dev.mysql.com/doc/refman/8.0/en/savepoint.html	mysql-8.0.22-manual:5ce8b1751bc25708
release_savepoint	references/statements/tcl/savepoint/release_savepoint.md	transaction_state	T1	outside_transaction	edition_baseline	edition_baseline	static_reviewed	static_ready	mysql_native		https://dev.mysql.com/doc/refman/8.0/en/savepoint.html	mysql-8.0.22-manual:5ce8b1751bc25708
release_savepoint	references/statements/tcl/savepoint/release_savepoint.md	expected_status	T1	success	edition_baseline	edition_baseline	static_reviewed	static_ready	mysql_native		https://dev.mysql.com/doc/refman/8.0/en/savepoint.html	mysql-8.0.22-manual:5ce8b1751bc25708
release_savepoint	references/statements/tcl/savepoint/release_savepoint.md	expected_status	T1	failure	edition_baseline	edition_baseline	static_reviewed	static_ready	mysql_native		https://dev.mysql.com/doc/refman/8.0/en/savepoint.html	mysql-8.0.22-manual:5ce8b1751bc25708
release_savepoint	references/statements/tcl/savepoint/release_savepoint.md	name_shape	T2	simple_identifier	edition_baseline	edition_baseline	static_reviewed	static_ready	mysql_native		https://dev.mysql.com/doc/refman/8.0/en/savepoint.html	mysql-8.0.22-manual:5ce8b1751bc25708
release_savepoint	references/statements/tcl/savepoint/release_savepoint.md	name_shape	T2	quoted_reserved	edition_baseline	edition_baseline	static_reviewed	static_ready	mysql_native		https://dev.mysql.com/doc/refman/8.0/en/savepoint.html	mysql-8.0.22-manual:5ce8b1751bc25708
rollback_to_savepoint	references/statements/tcl/savepoint/rollback_to_savepoint.md	savepoint_state	T1	exists	edition_baseline	edition_baseline	static_reviewed	static_ready	mysql_native		https://dev.mysql.com/doc/refman/8.0/en/savepoint.html	mysql-8.0.22-manual:49a3d4ff533b0d41
rollback_to_savepoint	references/statements/tcl/savepoint/rollback_to_savepoint.md	savepoint_state	T1	missing	edition_baseline	edition_baseline	static_reviewed	static_ready	mysql_native		https://dev.mysql.com/doc/refman/8.0/en/savepoint.html	mysql-8.0.22-manual:49a3d4ff533b0d41
rollback_to_savepoint	references/statements/tcl/savepoint/rollback_to_savepoint.md	savepoint_state	T1	released	edition_baseline	edition_baseline	static_reviewed	static_ready	mysql_native		https://dev.mysql.com/doc/refman/8.0/en/savepoint.html	mysql-8.0.22-manual:49a3d4ff533b0d41
rollback_to_savepoint	references/statements/tcl/savepoint/rollback_to_savepoint.md	work_keyword	T1	omitted	edition_baseline	edition_baseline	static_reviewed	static_ready	mysql_native		https://dev.mysql.com/doc/refman/8.0/en/savepoint.html	mysql-8.0.22-manual:49a3d4ff533b0d41
rollback_to_savepoint	references/statements/tcl/savepoint/rollback_to_savepoint.md	work_keyword	T1	present	edition_baseline	edition_baseline	static_reviewed	static_ready	mysql_native		https://dev.mysql.com/doc/refman/8.0/en/savepoint.html	mysql-8.0.22-manual:49a3d4ff533b0d41
rollback_to_savepoint	references/statements/tcl/savepoint/rollback_to_savepoint.md	savepoint_keyword	T1	omitted	edition_baseline	edition_baseline	static_reviewed	static_ready	mysql_native		https://dev.mysql.com/doc/refman/8.0/en/savepoint.html	mysql-8.0.22-manual:49a3d4ff533b0d41
rollback_to_savepoint	references/statements/tcl/savepoint/rollback_to_savepoint.md	savepoint_keyword	T1	present	edition_baseline	edition_baseline	static_reviewed	static_ready	mysql_native		https://dev.mysql.com/doc/refman/8.0/en/savepoint.html	mysql-8.0.22-manual:49a3d4ff533b0d41
rollback_to_savepoint	references/statements/tcl/savepoint/rollback_to_savepoint.md	expected_status	T1	success	edition_baseline	edition_baseline	static_reviewed	static_ready	mysql_native		https://dev.mysql.com/doc/refman/8.0/en/savepoint.html	mysql-8.0.22-manual:49a3d4ff533b0d41
rollback_to_savepoint	references/statements/tcl/savepoint/rollback_to_savepoint.md	expected_status	T1	failure	edition_baseline	edition_baseline	static_reviewed	static_ready	mysql_native		https://dev.mysql.com/doc/refman/8.0/en/savepoint.html	mysql-8.0.22-manual:49a3d4ff533b0d41
rollback_to_savepoint	references/statements/tcl/savepoint/rollback_to_savepoint.md	transaction_state	T2	active_transaction	edition_baseline	edition_baseline	static_reviewed	static_ready	mysql_native		https://dev.mysql.com/doc/refman/8.0/en/savepoint.html	mysql-8.0.22-manual:49a3d4ff533b0d41
rollback_to_savepoint	references/statements/tcl/savepoint/rollback_to_savepoint.md	transaction_state	T2	outside_transaction	edition_baseline	edition_baseline	static_reviewed	static_ready	mysql_native		https://dev.mysql.com/doc/refman/8.0/en/savepoint.html	mysql-8.0.22-manual:49a3d4ff533b0d41
savepoint	references/statements/tcl/savepoint/savepoint.md	transaction_state	T1	active_transaction	edition_baseline	edition_baseline	static_reviewed	static_ready	mysql_native		https://dev.mysql.com/doc/refman/8.0/en/savepoint.html	mysql-8.0.22-manual:6801203cc3901848
savepoint	references/statements/tcl/savepoint/savepoint.md	transaction_state	T1	outside_transaction	edition_baseline	edition_baseline	static_reviewed	static_ready	mysql_native		https://dev.mysql.com/doc/refman/8.0/en/savepoint.html	mysql-8.0.22-manual:6801203cc3901848
savepoint	references/statements/tcl/savepoint/savepoint.md	name_shape	T1	simple_identifier	edition_baseline	edition_baseline	static_reviewed	static_ready	mysql_native		https://dev.mysql.com/doc/refman/8.0/en/savepoint.html	mysql-8.0.22-manual:6801203cc3901848
savepoint	references/statements/tcl/savepoint/savepoint.md	name_shape	T1	quoted_reserved	edition_baseline	edition_baseline	static_reviewed	static_ready	mysql_native		https://dev.mysql.com/doc/refman/8.0/en/savepoint.html	mysql-8.0.22-manual:6801203cc3901848
savepoint	references/statements/tcl/savepoint/savepoint.md	name_shape	T1	long_identifier	edition_baseline	edition_baseline	static_reviewed	static_ready	mysql_native		https://dev.mysql.com/doc/refman/8.0/en/savepoint.html	mysql-8.0.22-manual:6801203cc3901848
savepoint	references/statements/tcl/savepoint/savepoint.md	duplicate_name_behavior	T1	new_name	edition_baseline	edition_baseline	static_reviewed	static_ready	mysql_native		https://dev.mysql.com/doc/refman/8.0/en/savepoint.html	mysql-8.0.22-manual:6801203cc3901848
savepoint	references/statements/tcl/savepoint/savepoint.md	duplicate_name_behavior	T1	replace_existing	edition_baseline	edition_baseline	static_reviewed	static_ready	mysql_native		https://dev.mysql.com/doc/refman/8.0/en/savepoint.html	mysql-8.0.22-manual:6801203cc3901848
savepoint	references/statements/tcl/savepoint/savepoint.md	expected_status	T1	success	edition_baseline	edition_baseline	static_reviewed	static_ready	mysql_native		https://dev.mysql.com/doc/refman/8.0/en/savepoint.html	mysql-8.0.22-manual:6801203cc3901848
savepoint	references/statements/tcl/savepoint/savepoint.md	expected_status	T1	failure	edition_baseline	edition_baseline	static_reviewed	static_ready	mysql_native		https://dev.mysql.com/doc/refman/8.0/en/savepoint.html	mysql-8.0.22-manual:6801203cc3901848
commit	references/statements/tcl/transaction/commit.md	work_keyword	T1	omitted	edition_baseline	edition_baseline	static_reviewed	static_ready	mysql_native		https://dev.mysql.com/doc/refman/8.0/en/commit.html	mysql-8.0.22-manual:ca04ae7eda2877d0
commit	references/statements/tcl/transaction/commit.md	work_keyword	T1	present	edition_baseline	edition_baseline	static_reviewed	static_ready	mysql_native		https://dev.mysql.com/doc/refman/8.0/en/commit.html	mysql-8.0.22-manual:ca04ae7eda2877d0
commit	references/statements/tcl/transaction/commit.md	chain_mode	T1	omitted	edition_baseline	edition_baseline	static_reviewed	static_ready	mysql_native		https://dev.mysql.com/doc/refman/8.0/en/commit.html	mysql-8.0.22-manual:ca04ae7eda2877d0
commit	references/statements/tcl/transaction/commit.md	chain_mode	T1	and_chain	edition_baseline	edition_baseline	static_reviewed	static_ready	mysql_native		https://dev.mysql.com/doc/refman/8.0/en/commit.html	mysql-8.0.22-manual:ca04ae7eda2877d0
commit	references/statements/tcl/transaction/commit.md	chain_mode	T1	and_no_chain	edition_baseline	edition_baseline	static_reviewed	static_ready	mysql_native		https://dev.mysql.com/doc/refman/8.0/en/commit.html	mysql-8.0.22-manual:ca04ae7eda2877d0
commit	references/statements/tcl/transaction/commit.md	release_mode	T1	omitted	edition_baseline	edition_baseline	static_reviewed	static_ready	mysql_native		https://dev.mysql.com/doc/refman/8.0/en/commit.html	mysql-8.0.22-manual:ca04ae7eda2877d0
commit	references/statements/tcl/transaction/commit.md	release_mode	T1	release	edition_baseline	edition_baseline	static_reviewed	static_ready	mysql_native		https://dev.mysql.com/doc/refman/8.0/en/commit.html	mysql-8.0.22-manual:ca04ae7eda2877d0
commit	references/statements/tcl/transaction/commit.md	release_mode	T1	no_release	edition_baseline	edition_baseline	static_reviewed	static_ready	mysql_native		https://dev.mysql.com/doc/refman/8.0/en/commit.html	mysql-8.0.22-manual:ca04ae7eda2877d0
commit	references/statements/tcl/transaction/commit.md	expected_status	T1	success	edition_baseline	edition_baseline	static_reviewed	static_ready	mysql_native		https://dev.mysql.com/doc/refman/8.0/en/commit.html	mysql-8.0.22-manual:ca04ae7eda2877d0
commit	references/statements/tcl/transaction/commit.md	expected_status	T1	failure	edition_baseline	edition_baseline	static_reviewed	static_ready	mysql_native		https://dev.mysql.com/doc/refman/8.0/en/commit.html	mysql-8.0.22-manual:ca04ae7eda2877d0
rollback	references/statements/tcl/transaction/rollback.md	work_keyword	T1	omitted	edition_baseline	edition_baseline	static_reviewed	static_ready	mysql_native		https://dev.mysql.com/doc/refman/8.0/en/commit.html	mysql-8.0.22-manual:624a9b24f8a52b5f
rollback	references/statements/tcl/transaction/rollback.md	work_keyword	T1	present	edition_baseline	edition_baseline	static_reviewed	static_ready	mysql_native		https://dev.mysql.com/doc/refman/8.0/en/commit.html	mysql-8.0.22-manual:624a9b24f8a52b5f
rollback	references/statements/tcl/transaction/rollback.md	chain_mode	T1	omitted	edition_baseline	edition_baseline	static_reviewed	static_ready	mysql_native		https://dev.mysql.com/doc/refman/8.0/en/commit.html	mysql-8.0.22-manual:624a9b24f8a52b5f
rollback	references/statements/tcl/transaction/rollback.md	chain_mode	T1	and_chain	edition_baseline	edition_baseline	static_reviewed	static_ready	mysql_native		https://dev.mysql.com/doc/refman/8.0/en/commit.html	mysql-8.0.22-manual:624a9b24f8a52b5f
rollback	references/statements/tcl/transaction/rollback.md	chain_mode	T1	and_no_chain	edition_baseline	edition_baseline	static_reviewed	static_ready	mysql_native		https://dev.mysql.com/doc/refman/8.0/en/commit.html	mysql-8.0.22-manual:624a9b24f8a52b5f
rollback	references/statements/tcl/transaction/rollback.md	release_mode	T1	omitted	edition_baseline	edition_baseline	static_reviewed	static_ready	mysql_native		https://dev.mysql.com/doc/refman/8.0/en/commit.html	mysql-8.0.22-manual:624a9b24f8a52b5f
rollback	references/statements/tcl/transaction/rollback.md	release_mode	T1	release	edition_baseline	edition_baseline	static_reviewed	static_ready	mysql_native		https://dev.mysql.com/doc/refman/8.0/en/commit.html	mysql-8.0.22-manual:624a9b24f8a52b5f
rollback	references/statements/tcl/transaction/rollback.md	release_mode	T1	no_release	edition_baseline	edition_baseline	static_reviewed	static_ready	mysql_native		https://dev.mysql.com/doc/refman/8.0/en/commit.html	mysql-8.0.22-manual:624a9b24f8a52b5f
rollback	references/statements/tcl/transaction/rollback.md	expected_status	T1	success	edition_baseline	edition_baseline	static_reviewed	static_ready	mysql_native		https://dev.mysql.com/doc/refman/8.0/en/commit.html	mysql-8.0.22-manual:624a9b24f8a52b5f
rollback	references/statements/tcl/transaction/rollback.md	expected_status	T1	failure	edition_baseline	edition_baseline	static_reviewed	static_ready	mysql_native		https://dev.mysql.com/doc/refman/8.0/en/commit.html	mysql-8.0.22-manual:624a9b24f8a52b5f
set_transaction	references/statements/tcl/transaction/set_transaction.md	scope	T1	next_transaction	edition_baseline	edition_baseline	static_reviewed	static_ready	mysql_native		https://dev.mysql.com/doc/refman/8.0/en/set-transaction.html	mysql-8.0.22-manual:3f9ec1b3c549783f
set_transaction	references/statements/tcl/transaction/set_transaction.md	scope	T1	session	edition_baseline	edition_baseline	static_reviewed	static_ready	mysql_native		https://dev.mysql.com/doc/refman/8.0/en/set-transaction.html	mysql-8.0.22-manual:3f9ec1b3c549783f
set_transaction	references/statements/tcl/transaction/set_transaction.md	scope	T1	global	edition_baseline	edition_baseline	static_reviewed	static_ready	mysql_native		https://dev.mysql.com/doc/refman/8.0/en/set-transaction.html	mysql-8.0.22-manual:3f9ec1b3c549783f
set_transaction	references/statements/tcl/transaction/set_transaction.md	characteristic_shape	T1	isolation_only	edition_baseline	edition_baseline	static_reviewed	static_ready	mysql_native		https://dev.mysql.com/doc/refman/8.0/en/set-transaction.html	mysql-8.0.22-manual:3f9ec1b3c549783f
set_transaction	references/statements/tcl/transaction/set_transaction.md	characteristic_shape	T1	access_mode_only	edition_baseline	edition_baseline	static_reviewed	static_ready	mysql_native		https://dev.mysql.com/doc/refman/8.0/en/set-transaction.html	mysql-8.0.22-manual:3f9ec1b3c549783f
set_transaction	references/statements/tcl/transaction/set_transaction.md	characteristic_shape	T1	isolation_and_access_mode	edition_baseline	edition_baseline	static_reviewed	static_ready	mysql_native		https://dev.mysql.com/doc/refman/8.0/en/set-transaction.html	mysql-8.0.22-manual:3f9ec1b3c549783f
set_transaction	references/statements/tcl/transaction/set_transaction.md	transaction_state	T1	outside_transaction	edition_baseline	edition_baseline	static_reviewed	static_ready	mysql_native		https://dev.mysql.com/doc/refman/8.0/en/set-transaction.html	mysql-8.0.22-manual:3f9ec1b3c549783f
set_transaction	references/statements/tcl/transaction/set_transaction.md	transaction_state	T1	active_transaction	edition_baseline	edition_baseline	static_reviewed	static_ready	mysql_native		https://dev.mysql.com/doc/refman/8.0/en/set-transaction.html	mysql-8.0.22-manual:3f9ec1b3c549783f
set_transaction	references/statements/tcl/transaction/set_transaction.md	expected_status	T1	success	edition_baseline	edition_baseline	static_reviewed	static_ready	mysql_native		https://dev.mysql.com/doc/refman/8.0/en/set-transaction.html	mysql-8.0.22-manual:3f9ec1b3c549783f
set_transaction	references/statements/tcl/transaction/set_transaction.md	expected_status	T1	failure	edition_baseline	edition_baseline	static_reviewed	static_ready	mysql_native		https://dev.mysql.com/doc/refman/8.0/en/set-transaction.html	mysql-8.0.22-manual:3f9ec1b3c549783f
set_transaction	references/statements/tcl/transaction/set_transaction.md	isolation_level	T2	read_uncommitted	edition_baseline	edition_baseline	static_reviewed	static_ready	mysql_native		https://dev.mysql.com/doc/refman/8.0/en/set-transaction.html	mysql-8.0.22-manual:3f9ec1b3c549783f
set_transaction	references/statements/tcl/transaction/set_transaction.md	isolation_level	T2	read_committed	edition_baseline	edition_baseline	static_reviewed	static_ready	mysql_native		https://dev.mysql.com/doc/refman/8.0/en/set-transaction.html	mysql-8.0.22-manual:3f9ec1b3c549783f
set_transaction	references/statements/tcl/transaction/set_transaction.md	isolation_level	T2	repeatable_read	edition_baseline	edition_baseline	static_reviewed	static_ready	mysql_native		https://dev.mysql.com/doc/refman/8.0/en/set-transaction.html	mysql-8.0.22-manual:3f9ec1b3c549783f
set_transaction	references/statements/tcl/transaction/set_transaction.md	isolation_level	T2	serializable	edition_baseline	edition_baseline	static_reviewed	static_ready	mysql_native		https://dev.mysql.com/doc/refman/8.0/en/set-transaction.html	mysql-8.0.22-manual:3f9ec1b3c549783f
set_transaction	references/statements/tcl/transaction/set_transaction.md	access_mode	T2	read_write	edition_baseline	edition_baseline	static_reviewed	static_ready	mysql_native		https://dev.mysql.com/doc/refman/8.0/en/set-transaction.html	mysql-8.0.22-manual:3f9ec1b3c549783f
set_transaction	references/statements/tcl/transaction/set_transaction.md	access_mode	T2	read_only	edition_baseline	edition_baseline	static_reviewed	static_ready	mysql_native		https://dev.mysql.com/doc/refman/8.0/en/set-transaction.html	mysql-8.0.22-manual:3f9ec1b3c549783f
start_transaction	references/statements/tcl/transaction/start_transaction.md	statement_branch	T1	start_transaction	edition_baseline	edition_baseline	static_reviewed	static_ready	mysql_native		https://dev.mysql.com/doc/refman/8.0/en/commit.html	mysql-8.0.22-manual:43b5ef61bcac61c5
start_transaction	references/statements/tcl/transaction/start_transaction.md	statement_branch	T1	begin	edition_baseline	edition_baseline	static_reviewed	static_ready	mysql_native		https://dev.mysql.com/doc/refman/8.0/en/commit.html	mysql-8.0.22-manual:43b5ef61bcac61c5
start_transaction	references/statements/tcl/transaction/start_transaction.md	access_mode	T1	omitted	edition_baseline	edition_baseline	static_reviewed	static_ready	mysql_native		https://dev.mysql.com/doc/refman/8.0/en/commit.html	mysql-8.0.22-manual:43b5ef61bcac61c5
start_transaction	references/statements/tcl/transaction/start_transaction.md	access_mode	T1	read_write	edition_baseline	edition_baseline	static_reviewed	static_ready	mysql_native		https://dev.mysql.com/doc/refman/8.0/en/commit.html	mysql-8.0.22-manual:43b5ef61bcac61c5
start_transaction	references/statements/tcl/transaction/start_transaction.md	access_mode	T1	read_only	edition_baseline	edition_baseline	static_reviewed	static_ready	mysql_native		https://dev.mysql.com/doc/refman/8.0/en/commit.html	mysql-8.0.22-manual:43b5ef61bcac61c5
start_transaction	references/statements/tcl/transaction/start_transaction.md	access_mode	T1	consistent_snapshot	edition_baseline	edition_baseline	static_reviewed	static_ready	mysql_native		https://dev.mysql.com/doc/refman/8.0/en/commit.html	mysql-8.0.22-manual:43b5ef61bcac61c5
start_transaction	references/statements/tcl/transaction/start_transaction.md	expected_status	T1	success	edition_baseline	edition_baseline	static_reviewed	static_ready	mysql_native		https://dev.mysql.com/doc/refman/8.0/en/commit.html	mysql-8.0.22-manual:43b5ef61bcac61c5
start_transaction	references/statements/tcl/transaction/start_transaction.md	expected_status	T1	failure	edition_baseline	edition_baseline	static_reviewed	static_ready	mysql_native		https://dev.mysql.com/doc/refman/8.0/en/commit.html	mysql-8.0.22-manual:43b5ef61bcac61c5
xa_commit	references/statements/tcl/xa/xa_commit.md	xid_state	T1	prepared_xid	edition_baseline	edition_baseline	static_reviewed	static_ready	mysql_native		https://dev.mysql.com/doc/refman/8.0/en/xa-statements.html	mysql-8.0.22-manual:039793516f9cee58
xa_commit	references/statements/tcl/xa/xa_commit.md	xid_state	T1	ended_xid	edition_baseline	edition_baseline	static_reviewed	static_ready	mysql_native		https://dev.mysql.com/doc/refman/8.0/en/xa-statements.html	mysql-8.0.22-manual:039793516f9cee58
xa_commit	references/statements/tcl/xa/xa_commit.md	xid_state	T1	active_xid	edition_baseline	edition_baseline	static_reviewed	static_ready	mysql_native		https://dev.mysql.com/doc/refman/8.0/en/xa-statements.html	mysql-8.0.22-manual:039793516f9cee58
xa_commit	references/statements/tcl/xa/xa_commit.md	xid_state	T1	missing_xid	edition_baseline	edition_baseline	static_reviewed	static_ready	mysql_native		https://dev.mysql.com/doc/refman/8.0/en/xa-statements.html	mysql-8.0.22-manual:039793516f9cee58
xa_commit	references/statements/tcl/xa/xa_commit.md	one_phase_shape	T1	omitted	edition_baseline	edition_baseline	static_reviewed	static_ready	mysql_native		https://dev.mysql.com/doc/refman/8.0/en/xa-statements.html	mysql-8.0.22-manual:039793516f9cee58
xa_commit	references/statements/tcl/xa/xa_commit.md	one_phase_shape	T1	one_phase	edition_baseline	edition_baseline	static_reviewed	static_ready	mysql_native		https://dev.mysql.com/doc/refman/8.0/en/xa-statements.html	mysql-8.0.22-manual:039793516f9cee58
xa_commit	references/statements/tcl/xa/xa_commit.md	expected_status	T1	success	edition_baseline	edition_baseline	static_reviewed	static_ready	mysql_native		https://dev.mysql.com/doc/refman/8.0/en/xa-statements.html	mysql-8.0.22-manual:039793516f9cee58
xa_commit	references/statements/tcl/xa/xa_commit.md	expected_status	T1	failure	edition_baseline	edition_baseline	static_reviewed	static_ready	mysql_native		https://dev.mysql.com/doc/refman/8.0/en/xa-statements.html	mysql-8.0.22-manual:039793516f9cee58
xa_end	references/statements/tcl/xa/xa_end.md	xid_state	T1	active_xid	edition_baseline	edition_baseline	static_reviewed	static_ready	mysql_native		https://dev.mysql.com/doc/refman/8.0/en/xa-statements.html	mysql-8.0.22-manual:0ef85a0b96c39d75
xa_end	references/statements/tcl/xa/xa_end.md	xid_state	T1	missing_xid	edition_baseline	edition_baseline	static_reviewed	static_ready	mysql_native		https://dev.mysql.com/doc/refman/8.0/en/xa-statements.html	mysql-8.0.22-manual:0ef85a0b96c39d75
xa_end	references/statements/tcl/xa/xa_end.md	xid_state	T1	prepared_xid	edition_baseline	edition_baseline	static_reviewed	static_ready	mysql_native		https://dev.mysql.com/doc/refman/8.0/en/xa-statements.html	mysql-8.0.22-manual:0ef85a0b96c39d75
xa_end	references/statements/tcl/xa/xa_end.md	suspend_shape	T1	omitted	edition_baseline	edition_baseline	static_reviewed	static_ready	mysql_native		https://dev.mysql.com/doc/refman/8.0/en/xa-statements.html	mysql-8.0.22-manual:0ef85a0b96c39d75
xa_end	references/statements/tcl/xa/xa_end.md	suspend_shape	T1	suspend	edition_baseline	edition_baseline	static_reviewed	static_ready	mysql_native		https://dev.mysql.com/doc/refman/8.0/en/xa-statements.html	mysql-8.0.22-manual:0ef85a0b96c39d75
xa_end	references/statements/tcl/xa/xa_end.md	suspend_shape	T1	suspend_for_migrate	edition_baseline	edition_baseline	static_reviewed	static_ready	mysql_native		https://dev.mysql.com/doc/refman/8.0/en/xa-statements.html	mysql-8.0.22-manual:0ef85a0b96c39d75
xa_end	references/statements/tcl/xa/xa_end.md	expected_status	T1	success	edition_baseline	edition_baseline	static_reviewed	static_ready	mysql_native		https://dev.mysql.com/doc/refman/8.0/en/xa-statements.html	mysql-8.0.22-manual:0ef85a0b96c39d75
xa_end	references/statements/tcl/xa/xa_end.md	expected_status	T1	failure	edition_baseline	edition_baseline	static_reviewed	static_ready	mysql_native		https://dev.mysql.com/doc/refman/8.0/en/xa-statements.html	mysql-8.0.22-manual:0ef85a0b96c39d75
xa_prepare	references/statements/tcl/xa/xa_prepare.md	xid_state	T1	ended_xid	edition_baseline	edition_baseline	static_reviewed	static_ready	mysql_native		https://dev.mysql.com/doc/refman/8.0/en/xa-statements.html	mysql-8.0.22-manual:5ed8fec6a81443d8
xa_prepare	references/statements/tcl/xa/xa_prepare.md	xid_state	T1	active_xid	edition_baseline	edition_baseline	static_reviewed	static_ready	mysql_native		https://dev.mysql.com/doc/refman/8.0/en/xa-statements.html	mysql-8.0.22-manual:5ed8fec6a81443d8
xa_prepare	references/statements/tcl/xa/xa_prepare.md	xid_state	T1	missing_xid	edition_baseline	edition_baseline	static_reviewed	static_ready	mysql_native		https://dev.mysql.com/doc/refman/8.0/en/xa-statements.html	mysql-8.0.22-manual:5ed8fec6a81443d8
xa_prepare	references/statements/tcl/xa/xa_prepare.md	xid_state	T1	already_prepared	edition_baseline	edition_baseline	static_reviewed	static_ready	mysql_native		https://dev.mysql.com/doc/refman/8.0/en/xa-statements.html	mysql-8.0.22-manual:5ed8fec6a81443d8
xa_prepare	references/statements/tcl/xa/xa_prepare.md	expected_status	T1	success	edition_baseline	edition_baseline	static_reviewed	static_ready	mysql_native		https://dev.mysql.com/doc/refman/8.0/en/xa-statements.html	mysql-8.0.22-manual:5ed8fec6a81443d8
xa_prepare	references/statements/tcl/xa/xa_prepare.md	expected_status	T1	failure	edition_baseline	edition_baseline	static_reviewed	static_ready	mysql_native		https://dev.mysql.com/doc/refman/8.0/en/xa-statements.html	mysql-8.0.22-manual:5ed8fec6a81443d8
xa_recover	references/statements/tcl/xa/xa_recover.md	convert_xid_shape	T1	omitted	edition_baseline	edition_baseline	static_reviewed	static_ready	mysql_native		https://dev.mysql.com/doc/refman/8.0/en/xa-statements.html	mysql-8.0.22-manual:4580768dbf9e4238
xa_recover	references/statements/tcl/xa/xa_recover.md	convert_xid_shape	T1	convert_xid	edition_baseline	edition_baseline	static_reviewed	static_ready	mysql_native		https://dev.mysql.com/doc/refman/8.0/en/xa-statements.html	mysql-8.0.22-manual:4580768dbf9e4238
xa_recover	references/statements/tcl/xa/xa_recover.md	privilege_context	T1	sufficient	edition_baseline	edition_baseline	static_reviewed	static_ready	mysql_native		https://dev.mysql.com/doc/refman/8.0/en/xa-statements.html	mysql-8.0.22-manual:4580768dbf9e4238
xa_recover	references/statements/tcl/xa/xa_recover.md	privilege_context	T1	insufficient	edition_baseline	edition_baseline	static_reviewed	static_ready	mysql_native		https://dev.mysql.com/doc/refman/8.0/en/xa-statements.html	mysql-8.0.22-manual:4580768dbf9e4238
xa_recover	references/statements/tcl/xa/xa_recover.md	expected_status	T1	success	edition_baseline	edition_baseline	static_reviewed	static_ready	mysql_native		https://dev.mysql.com/doc/refman/8.0/en/xa-statements.html	mysql-8.0.22-manual:4580768dbf9e4238
xa_recover	references/statements/tcl/xa/xa_recover.md	expected_status	T1	failure	edition_baseline	edition_baseline	static_reviewed	static_ready	mysql_native		https://dev.mysql.com/doc/refman/8.0/en/xa-statements.html	mysql-8.0.22-manual:4580768dbf9e4238
xa_rollback	references/statements/tcl/xa/xa_rollback.md	xid_state	T1	prepared_xid	edition_baseline	edition_baseline	static_reviewed	static_ready	mysql_native		https://dev.mysql.com/doc/refman/8.0/en/xa-statements.html	mysql-8.0.22-manual:430849964ad02ff5
xa_rollback	references/statements/tcl/xa/xa_rollback.md	xid_state	T1	ended_xid	edition_baseline	edition_baseline	static_reviewed	static_ready	mysql_native		https://dev.mysql.com/doc/refman/8.0/en/xa-statements.html	mysql-8.0.22-manual:430849964ad02ff5
xa_rollback	references/statements/tcl/xa/xa_rollback.md	xid_state	T1	active_xid	edition_baseline	edition_baseline	static_reviewed	static_ready	mysql_native		https://dev.mysql.com/doc/refman/8.0/en/xa-statements.html	mysql-8.0.22-manual:430849964ad02ff5
xa_rollback	references/statements/tcl/xa/xa_rollback.md	xid_state	T1	missing_xid	edition_baseline	edition_baseline	static_reviewed	static_ready	mysql_native		https://dev.mysql.com/doc/refman/8.0/en/xa-statements.html	mysql-8.0.22-manual:430849964ad02ff5
xa_rollback	references/statements/tcl/xa/xa_rollback.md	expected_status	T1	success	edition_baseline	edition_baseline	static_reviewed	static_ready	mysql_native		https://dev.mysql.com/doc/refman/8.0/en/xa-statements.html	mysql-8.0.22-manual:430849964ad02ff5
xa_rollback	references/statements/tcl/xa/xa_rollback.md	expected_status	T1	failure	edition_baseline	edition_baseline	static_reviewed	static_ready	mysql_native		https://dev.mysql.com/doc/refman/8.0/en/xa-statements.html	mysql-8.0.22-manual:430849964ad02ff5
xa_start	references/statements/tcl/xa/xa_start.md	statement_branch	T1	start	edition_baseline	edition_baseline	static_reviewed	static_ready	mysql_native		https://dev.mysql.com/doc/refman/8.0/en/xa-statements.html	mysql-8.0.22-manual:0383a627a44cdce1
xa_start	references/statements/tcl/xa/xa_start.md	statement_branch	T1	begin	edition_baseline	edition_baseline	static_reviewed	static_ready	mysql_native		https://dev.mysql.com/doc/refman/8.0/en/xa-statements.html	mysql-8.0.22-manual:0383a627a44cdce1
xa_start	references/statements/tcl/xa/xa_start.md	xid_state	T1	new_xid	edition_baseline	edition_baseline	static_reviewed	static_ready	mysql_native		https://dev.mysql.com/doc/refman/8.0/en/xa-statements.html	mysql-8.0.22-manual:0383a627a44cdce1
xa_start	references/statements/tcl/xa/xa_start.md	xid_state	T1	active_xid	edition_baseline	edition_baseline	static_reviewed	static_ready	mysql_native		https://dev.mysql.com/doc/refman/8.0/en/xa-statements.html	mysql-8.0.22-manual:0383a627a44cdce1
xa_start	references/statements/tcl/xa/xa_start.md	xid_state	T1	prepared_xid	edition_baseline	edition_baseline	static_reviewed	static_ready	mysql_native		https://dev.mysql.com/doc/refman/8.0/en/xa-statements.html	mysql-8.0.22-manual:0383a627a44cdce1
xa_start	references/statements/tcl/xa/xa_start.md	modifier_shape	T1	omitted	edition_baseline	edition_baseline	static_reviewed	static_ready	mysql_native		https://dev.mysql.com/doc/refman/8.0/en/xa-statements.html	mysql-8.0.22-manual:0383a627a44cdce1
xa_start	references/statements/tcl/xa/xa_start.md	modifier_shape	T1	join	edition_baseline	edition_baseline	static_reviewed	static_ready	mysql_native		https://dev.mysql.com/doc/refman/8.0/en/xa-statements.html	mysql-8.0.22-manual:0383a627a44cdce1
xa_start	references/statements/tcl/xa/xa_start.md	modifier_shape	T1	resume	edition_baseline	edition_baseline	static_reviewed	static_ready	mysql_native		https://dev.mysql.com/doc/refman/8.0/en/xa-statements.html	mysql-8.0.22-manual:0383a627a44cdce1
xa_start	references/statements/tcl/xa/xa_start.md	expected_status	T1	success	edition_baseline	edition_baseline	static_reviewed	static_ready	mysql_native		https://dev.mysql.com/doc/refman/8.0/en/xa-statements.html	mysql-8.0.22-manual:0383a627a44cdce1
xa_start	references/statements/tcl/xa/xa_start.md	expected_status	T1	failure	edition_baseline	edition_baseline	static_reviewed	static_ready	mysql_native		https://dev.mysql.com/doc/refman/8.0/en/xa-statements.html	mysql-8.0.22-manual:0383a627a44cdce1
import_table	references/statements/utility/data_transfer/import_table.md	sdi_file_state	T1	exists	edition_baseline	edition_baseline	static_reviewed	static_ready	mysql_native		https://dev.mysql.com/doc/refman/8.0/en/import-table.html	mysql-8.0.22-manual:83f92415cd34ca1c
import_table	references/statements/utility/data_transfer/import_table.md	sdi_file_state	T1	missing	edition_baseline	edition_baseline	static_reviewed	static_ready	mysql_native		https://dev.mysql.com/doc/refman/8.0/en/import-table.html	mysql-8.0.22-manual:83f92415cd34ca1c
import_table	references/statements/utility/data_transfer/import_table.md	sdi_file_state	T1	malformed	edition_baseline	edition_baseline	static_reviewed	static_ready	mysql_native		https://dev.mysql.com/doc/refman/8.0/en/import-table.html	mysql-8.0.22-manual:83f92415cd34ca1c
import_table	references/statements/utility/data_transfer/import_table.md	schema_conflict_state	T1	no_conflict	edition_baseline	edition_baseline	static_reviewed	static_ready	mysql_native		https://dev.mysql.com/doc/refman/8.0/en/import-table.html	mysql-8.0.22-manual:83f92415cd34ca1c
import_table	references/statements/utility/data_transfer/import_table.md	schema_conflict_state	T1	table_already_exists	edition_baseline	edition_baseline	static_reviewed	static_ready	mysql_native		https://dev.mysql.com/doc/refman/8.0/en/import-table.html	mysql-8.0.22-manual:83f92415cd34ca1c
import_table	references/statements/utility/data_transfer/import_table.md	expected_status	T1	success	edition_baseline	edition_baseline	static_reviewed	static_ready	mysql_native		https://dev.mysql.com/doc/refman/8.0/en/import-table.html	mysql-8.0.22-manual:83f92415cd34ca1c
import_table	references/statements/utility/data_transfer/import_table.md	expected_status	T1	failure	edition_baseline	edition_baseline	static_reviewed	static_ready	mysql_native		https://dev.mysql.com/doc/refman/8.0/en/import-table.html	mysql-8.0.22-manual:83f92415cd34ca1c
import_table	references/statements/utility/data_transfer/import_table.md	engine_shape	T2	supported	edition_baseline	edition_baseline	static_reviewed	static_ready	mysql_native		https://dev.mysql.com/doc/refman/8.0/en/import-table.html	mysql-8.0.22-manual:83f92415cd34ca1c
import_table	references/statements/utility/data_transfer/import_table.md	engine_shape	T2	unsupported	edition_baseline	edition_baseline	static_reviewed	static_ready	mysql_native		https://dev.mysql.com/doc/refman/8.0/en/import-table.html	mysql-8.0.22-manual:83f92415cd34ca1c
import_table	references/statements/utility/data_transfer/import_table.md	privilege_context	T2	sufficient	edition_baseline	edition_baseline	static_reviewed	static_ready	mysql_native		https://dev.mysql.com/doc/refman/8.0/en/import-table.html	mysql-8.0.22-manual:83f92415cd34ca1c
import_table	references/statements/utility/data_transfer/import_table.md	privilege_context	T2	insufficient	edition_baseline	edition_baseline	static_reviewed	static_ready	mysql_native		https://dev.mysql.com/doc/refman/8.0/en/import-table.html	mysql-8.0.22-manual:83f92415cd34ca1c
load_data	references/statements/utility/data_transfer/load_data.md	local_shape	T1	server_file	edition_baseline	edition_baseline	static_reviewed	static_ready	mysql_native		https://dev.mysql.com/doc/refman/8.0/en/load-data.html	mysql-8.0.22-manual:02ab6687ed30d23c
load_data	references/statements/utility/data_transfer/load_data.md	local_shape	T1	local_file	edition_baseline	edition_baseline	static_reviewed	static_ready	mysql_native		https://dev.mysql.com/doc/refman/8.0/en/load-data.html	mysql-8.0.22-manual:02ab6687ed30d23c
load_data	references/statements/utility/data_transfer/load_data.md	duplicate_handling	T1	omitted	edition_baseline	edition_baseline	static_reviewed	static_ready	mysql_native		https://dev.mysql.com/doc/refman/8.0/en/load-data.html	mysql-8.0.22-manual:02ab6687ed30d23c
load_data	references/statements/utility/data_transfer/load_data.md	duplicate_handling	T1	replace	edition_baseline	edition_baseline	static_reviewed	static_ready	mysql_native		https://dev.mysql.com/doc/refman/8.0/en/load-data.html	mysql-8.0.22-manual:02ab6687ed30d23c
load_data	references/statements/utility/data_transfer/load_data.md	duplicate_handling	T1	ignore	edition_baseline	edition_baseline	static_reviewed	static_ready	mysql_native		https://dev.mysql.com/doc/refman/8.0/en/load-data.html	mysql-8.0.22-manual:02ab6687ed30d23c
load_data	references/statements/utility/data_transfer/load_data.md	file_state	T1	exists	edition_baseline	edition_baseline	static_reviewed	static_ready	mysql_native		https://dev.mysql.com/doc/refman/8.0/en/load-data.html	mysql-8.0.22-manual:02ab6687ed30d23c
load_data	references/statements/utility/data_transfer/load_data.md	file_state	T1	missing	edition_baseline	edition_baseline	static_reviewed	static_ready	mysql_native		https://dev.mysql.com/doc/refman/8.0/en/load-data.html	mysql-8.0.22-manual:02ab6687ed30d23c
load_data	references/statements/utility/data_transfer/load_data.md	file_state	T1	inaccessible	edition_baseline	edition_baseline	static_reviewed	static_ready	mysql_native		https://dev.mysql.com/doc/refman/8.0/en/load-data.html	mysql-8.0.22-manual:02ab6687ed30d23c
load_data	references/statements/utility/data_transfer/load_data.md	expected_status	T1	success	edition_baseline	edition_baseline	static_reviewed	static_ready	mysql_native		https://dev.mysql.com/doc/refman/8.0/en/load-data.html	mysql-8.0.22-manual:02ab6687ed30d23c
load_data	references/statements/utility/data_transfer/load_data.md	expected_status	T1	failure	edition_baseline	edition_baseline	static_reviewed	static_ready	mysql_native		https://dev.mysql.com/doc/refman/8.0/en/load-data.html	mysql-8.0.22-manual:02ab6687ed30d23c
load_data	references/statements/utility/data_transfer/load_data.md	field_line_shape	T2	default_format	edition_baseline	edition_baseline	static_reviewed	static_ready	mysql_native		https://dev.mysql.com/doc/refman/8.0/en/load-data.html	mysql-8.0.22-manual:02ab6687ed30d23c
load_data	references/statements/utility/data_transfer/load_data.md	field_line_shape	T2	csv_format	edition_baseline	edition_baseline	static_reviewed	static_ready	mysql_native		https://dev.mysql.com/doc/refman/8.0/en/load-data.html	mysql-8.0.22-manual:02ab6687ed30d23c
load_data	references/statements/utility/data_transfer/load_data.md	field_line_shape	T2	custom_terminated	edition_baseline	edition_baseline	static_reviewed	static_ready	mysql_native		https://dev.mysql.com/doc/refman/8.0/en/load-data.html	mysql-8.0.22-manual:02ab6687ed30d23c
load_data	references/statements/utility/data_transfer/load_data.md	column_mapping_shape	T2	omitted	edition_baseline	edition_baseline	static_reviewed	static_ready	mysql_native		https://dev.mysql.com/doc/refman/8.0/en/load-data.html	mysql-8.0.22-manual:02ab6687ed30d23c
load_data	references/statements/utility/data_transfer/load_data.md	column_mapping_shape	T2	column_list	edition_baseline	edition_baseline	static_reviewed	static_ready	mysql_native		https://dev.mysql.com/doc/refman/8.0/en/load-data.html	mysql-8.0.22-manual:02ab6687ed30d23c
load_data	references/statements/utility/data_transfer/load_data.md	column_mapping_shape	T2	user_variables	edition_baseline	edition_baseline	static_reviewed	static_ready	mysql_native		https://dev.mysql.com/doc/refman/8.0/en/load-data.html	mysql-8.0.22-manual:02ab6687ed30d23c
load_data	references/statements/utility/data_transfer/load_data.md	set_clause_shape	T2	omitted	edition_baseline	edition_baseline	static_reviewed	static_ready	mysql_native		https://dev.mysql.com/doc/refman/8.0/en/load-data.html	mysql-8.0.22-manual:02ab6687ed30d23c
load_data	references/statements/utility/data_transfer/load_data.md	set_clause_shape	T2	transform_column	edition_baseline	edition_baseline	static_reviewed	static_ready	mysql_native		https://dev.mysql.com/doc/refman/8.0/en/load-data.html	mysql-8.0.22-manual:02ab6687ed30d23c
load_data	references/statements/utility/data_transfer/load_data.md	privilege_context	T2	sufficient	edition_baseline	edition_baseline	static_reviewed	static_ready	mysql_native		https://dev.mysql.com/doc/refman/8.0/en/load-data.html	mysql-8.0.22-manual:02ab6687ed30d23c
load_data	references/statements/utility/data_transfer/load_data.md	privilege_context	T2	insufficient	edition_baseline	edition_baseline	static_reviewed	static_ready	mysql_native		https://dev.mysql.com/doc/refman/8.0/en/load-data.html	mysql-8.0.22-manual:02ab6687ed30d23c
load_xml	references/statements/utility/data_transfer/load_xml.md	local_shape	T1	server_file	edition_baseline	edition_baseline	static_reviewed	static_ready	mysql_native		https://dev.mysql.com/doc/refman/8.0/en/load-xml.html	mysql-8.0.22-manual:55e2d35ff387b0d7
load_xml	references/statements/utility/data_transfer/load_xml.md	local_shape	T1	local_file	edition_baseline	edition_baseline	static_reviewed	static_ready	mysql_native		https://dev.mysql.com/doc/refman/8.0/en/load-xml.html	mysql-8.0.22-manual:55e2d35ff387b0d7
load_xml	references/statements/utility/data_transfer/load_xml.md	duplicate_handling	T1	omitted	edition_baseline	edition_baseline	static_reviewed	static_ready	mysql_native		https://dev.mysql.com/doc/refman/8.0/en/load-xml.html	mysql-8.0.22-manual:55e2d35ff387b0d7
load_xml	references/statements/utility/data_transfer/load_xml.md	duplicate_handling	T1	replace	edition_baseline	edition_baseline	static_reviewed	static_ready	mysql_native		https://dev.mysql.com/doc/refman/8.0/en/load-xml.html	mysql-8.0.22-manual:55e2d35ff387b0d7
load_xml	references/statements/utility/data_transfer/load_xml.md	duplicate_handling	T1	ignore	edition_baseline	edition_baseline	static_reviewed	static_ready	mysql_native		https://dev.mysql.com/doc/refman/8.0/en/load-xml.html	mysql-8.0.22-manual:55e2d35ff387b0d7
load_xml	references/statements/utility/data_transfer/load_xml.md	row_tag_shape	T1	default_row	edition_baseline	edition_baseline	static_reviewed	static_ready	mysql_native		https://dev.mysql.com/doc/refman/8.0/en/load-xml.html	mysql-8.0.22-manual:55e2d35ff387b0d7
load_xml	references/statements/utility/data_transfer/load_xml.md	row_tag_shape	T1	custom_tag	edition_baseline	edition_baseline	static_reviewed	static_ready	mysql_native		https://dev.mysql.com/doc/refman/8.0/en/load-xml.html	mysql-8.0.22-manual:55e2d35ff387b0d7
load_xml	references/statements/utility/data_transfer/load_xml.md	expected_status	T1	success	edition_baseline	edition_baseline	static_reviewed	static_ready	mysql_native		https://dev.mysql.com/doc/refman/8.0/en/load-xml.html	mysql-8.0.22-manual:55e2d35ff387b0d7
load_xml	references/statements/utility/data_transfer/load_xml.md	expected_status	T1	failure	edition_baseline	edition_baseline	static_reviewed	static_ready	mysql_native		https://dev.mysql.com/doc/refman/8.0/en/load-xml.html	mysql-8.0.22-manual:55e2d35ff387b0d7
load_xml	references/statements/utility/data_transfer/load_xml.md	field_mapping_shape	T2	omitted	edition_baseline	edition_baseline	static_reviewed	static_ready	mysql_native		https://dev.mysql.com/doc/refman/8.0/en/load-xml.html	mysql-8.0.22-manual:55e2d35ff387b0d7
load_xml	references/statements/utility/data_transfer/load_xml.md	field_mapping_shape	T2	field_list	edition_baseline	edition_baseline	static_reviewed	static_ready	mysql_native		https://dev.mysql.com/doc/refman/8.0/en/load-xml.html	mysql-8.0.22-manual:55e2d35ff387b0d7
load_xml	references/statements/utility/data_transfer/load_xml.md	field_mapping_shape	T2	user_variables	edition_baseline	edition_baseline	static_reviewed	static_ready	mysql_native		https://dev.mysql.com/doc/refman/8.0/en/load-xml.html	mysql-8.0.22-manual:55e2d35ff387b0d7
load_xml	references/statements/utility/data_transfer/load_xml.md	set_clause_shape	T2	omitted	edition_baseline	edition_baseline	static_reviewed	static_ready	mysql_native		https://dev.mysql.com/doc/refman/8.0/en/load-xml.html	mysql-8.0.22-manual:55e2d35ff387b0d7
load_xml	references/statements/utility/data_transfer/load_xml.md	set_clause_shape	T2	transform_column	edition_baseline	edition_baseline	static_reviewed	static_ready	mysql_native		https://dev.mysql.com/doc/refman/8.0/en/load-xml.html	mysql-8.0.22-manual:55e2d35ff387b0d7
load_xml	references/statements/utility/data_transfer/load_xml.md	file_state	T2	exists	edition_baseline	edition_baseline	static_reviewed	static_ready	mysql_native		https://dev.mysql.com/doc/refman/8.0/en/load-xml.html	mysql-8.0.22-manual:55e2d35ff387b0d7
load_xml	references/statements/utility/data_transfer/load_xml.md	file_state	T2	missing	edition_baseline	edition_baseline	static_reviewed	static_ready	mysql_native		https://dev.mysql.com/doc/refman/8.0/en/load-xml.html	mysql-8.0.22-manual:55e2d35ff387b0d7
load_xml	references/statements/utility/data_transfer/load_xml.md	file_state	T2	malformed	edition_baseline	edition_baseline	static_reviewed	static_ready	mysql_native		https://dev.mysql.com/doc/refman/8.0/en/load-xml.html	mysql-8.0.22-manual:55e2d35ff387b0d7
help	references/statements/utility/help/help.md	search_shape	T1	contents	edition_baseline	edition_baseline	static_reviewed	static_ready	mysql_native		https://dev.mysql.com/doc/refman/8.0/en/help.html	mysql-8.0.22-manual:675d7efd8d5f8e4a
help	references/statements/utility/help/help.md	search_shape	T1	category	edition_baseline	edition_baseline	static_reviewed	static_ready	mysql_native		https://dev.mysql.com/doc/refman/8.0/en/help.html	mysql-8.0.22-manual:675d7efd8d5f8e4a
help	references/statements/utility/help/help.md	search_shape	T1	topic	edition_baseline	edition_baseline	static_reviewed	static_ready	mysql_native		https://dev.mysql.com/doc/refman/8.0/en/help.html	mysql-8.0.22-manual:675d7efd8d5f8e4a
help	references/statements/utility/help/help.md	search_shape	T1	pattern	edition_baseline	edition_baseline	static_reviewed	static_ready	mysql_native		https://dev.mysql.com/doc/refman/8.0/en/help.html	mysql-8.0.22-manual:675d7efd8d5f8e4a
help	references/statements/utility/help/help.md	search_shape	T1	unknown	edition_baseline	edition_baseline	static_reviewed	static_ready	mysql_native		https://dev.mysql.com/doc/refman/8.0/en/help.html	mysql-8.0.22-manual:675d7efd8d5f8e4a
help	references/statements/utility/help/help.md	help_table_state	T1	initialized	edition_baseline	edition_baseline	static_reviewed	static_ready	mysql_native		https://dev.mysql.com/doc/refman/8.0/en/help.html	mysql-8.0.22-manual:675d7efd8d5f8e4a
help	references/statements/utility/help/help.md	help_table_state	T1	missing	edition_baseline	edition_baseline	static_reviewed	static_ready	mysql_native		https://dev.mysql.com/doc/refman/8.0/en/help.html	mysql-8.0.22-manual:675d7efd8d5f8e4a
help	references/statements/utility/help/help.md	expected_status	T1	success	edition_baseline	edition_baseline	static_reviewed	static_ready	mysql_native		https://dev.mysql.com/doc/refman/8.0/en/help.html	mysql-8.0.22-manual:675d7efd8d5f8e4a
help	references/statements/utility/help/help.md	expected_status	T1	failure	edition_baseline	edition_baseline	static_reviewed	static_ready	mysql_native		https://dev.mysql.com/doc/refman/8.0/en/help.html	mysql-8.0.22-manual:675d7efd8d5f8e4a
check_table	references/statements/utility/maintenance/check_table.md	target_state	T1	table_exists	edition_baseline	edition_baseline	static_reviewed	static_ready	mysql_native		https://dev.mysql.com/doc/refman/8.0/en/check-table.html	mysql-8.0.22-manual:5cb1feb121d1e0c8
check_table	references/statements/utility/maintenance/check_table.md	target_state	T1	view_exists	edition_baseline	edition_baseline	static_reviewed	static_ready	mysql_native		https://dev.mysql.com/doc/refman/8.0/en/check-table.html	mysql-8.0.22-manual:5cb1feb121d1e0c8
check_table	references/statements/utility/maintenance/check_table.md	target_state	T1	missing	edition_baseline	edition_baseline	static_reviewed	static_ready	mysql_native		https://dev.mysql.com/doc/refman/8.0/en/check-table.html	mysql-8.0.22-manual:5cb1feb121d1e0c8
check_table	references/statements/utility/maintenance/check_table.md	check_option	T1	omitted	edition_baseline	edition_baseline	static_reviewed	static_ready	mysql_native		https://dev.mysql.com/doc/refman/8.0/en/check-table.html	mysql-8.0.22-manual:5cb1feb121d1e0c8
check_table	references/statements/utility/maintenance/check_table.md	check_option	T1	for_upgrade	edition_baseline	edition_baseline	static_reviewed	static_ready	mysql_native		https://dev.mysql.com/doc/refman/8.0/en/check-table.html	mysql-8.0.22-manual:5cb1feb121d1e0c8
check_table	references/statements/utility/maintenance/check_table.md	check_option	T1	quick	edition_baseline	edition_baseline	static_reviewed	static_ready	mysql_native		https://dev.mysql.com/doc/refman/8.0/en/check-table.html	mysql-8.0.22-manual:5cb1feb121d1e0c8
check_table	references/statements/utility/maintenance/check_table.md	check_option	T1	fast	edition_baseline	edition_baseline	static_reviewed	static_ready	mysql_native		https://dev.mysql.com/doc/refman/8.0/en/check-table.html	mysql-8.0.22-manual:5cb1feb121d1e0c8
check_table	references/statements/utility/maintenance/check_table.md	check_option	T1	medium	edition_baseline	edition_baseline	static_reviewed	static_ready	mysql_native		https://dev.mysql.com/doc/refman/8.0/en/check-table.html	mysql-8.0.22-manual:5cb1feb121d1e0c8
check_table	references/statements/utility/maintenance/check_table.md	check_option	T1	extended	edition_baseline	edition_baseline	static_reviewed	static_ready	mysql_native		https://dev.mysql.com/doc/refman/8.0/en/check-table.html	mysql-8.0.22-manual:5cb1feb121d1e0c8
check_table	references/statements/utility/maintenance/check_table.md	check_option	T1	changed	edition_baseline	edition_baseline	static_reviewed	static_ready	mysql_native		https://dev.mysql.com/doc/refman/8.0/en/check-table.html	mysql-8.0.22-manual:5cb1feb121d1e0c8
check_table	references/statements/utility/maintenance/check_table.md	expected_status	T1	success	edition_baseline	edition_baseline	static_reviewed	static_ready	mysql_native		https://dev.mysql.com/doc/refman/8.0/en/check-table.html	mysql-8.0.22-manual:5cb1feb121d1e0c8
check_table	references/statements/utility/maintenance/check_table.md	expected_status	T1	failure	edition_baseline	edition_baseline	static_reviewed	static_ready	mysql_native		https://dev.mysql.com/doc/refman/8.0/en/check-table.html	mysql-8.0.22-manual:5cb1feb121d1e0c8
check_table	references/statements/utility/maintenance/check_table.md	engine_shape	T2	innodb	edition_baseline	edition_baseline	static_reviewed	static_ready	mysql_native		https://dev.mysql.com/doc/refman/8.0/en/check-table.html	mysql-8.0.22-manual:5cb1feb121d1e0c8
check_table	references/statements/utility/maintenance/check_table.md	engine_shape	T2	myisam	edition_baseline	edition_baseline	static_reviewed	static_ready	mysql_native		https://dev.mysql.com/doc/refman/8.0/en/check-table.html	mysql-8.0.22-manual:5cb1feb121d1e0c8
check_table	references/statements/utility/maintenance/check_table.md	engine_shape	T2	archive	edition_baseline	edition_baseline	static_reviewed	static_ready	mysql_native		https://dev.mysql.com/doc/refman/8.0/en/check-table.html	mysql-8.0.22-manual:5cb1feb121d1e0c8
check_table	references/statements/utility/maintenance/check_table.md	engine_shape	T2	csv	edition_baseline	edition_baseline	static_reviewed	static_ready	mysql_native		https://dev.mysql.com/doc/refman/8.0/en/check-table.html	mysql-8.0.22-manual:5cb1feb121d1e0c8
checksum_table	references/statements/utility/maintenance/checksum_table.md	target_state	T1	table_exists	edition_baseline	edition_baseline	static_reviewed	static_ready	mysql_native		https://dev.mysql.com/doc/refman/8.0/en/checksum-table.html	mysql-8.0.22-manual:e5e8b09ba7eb058c
checksum_table	references/statements/utility/maintenance/checksum_table.md	target_state	T1	view_exists	edition_baseline	edition_baseline	static_reviewed	static_ready	mysql_native		https://dev.mysql.com/doc/refman/8.0/en/checksum-table.html	mysql-8.0.22-manual:e5e8b09ba7eb058c
checksum_table	references/statements/utility/maintenance/checksum_table.md	target_state	T1	missing	edition_baseline	edition_baseline	static_reviewed	static_ready	mysql_native		https://dev.mysql.com/doc/refman/8.0/en/checksum-table.html	mysql-8.0.22-manual:e5e8b09ba7eb058c
checksum_table	references/statements/utility/maintenance/checksum_table.md	checksum_option	T1	omitted	edition_baseline	edition_baseline	static_reviewed	static_ready	mysql_native		https://dev.mysql.com/doc/refman/8.0/en/checksum-table.html	mysql-8.0.22-manual:e5e8b09ba7eb058c
checksum_table	references/statements/utility/maintenance/checksum_table.md	checksum_option	T1	quick	edition_baseline	edition_baseline	static_reviewed	static_ready	mysql_native		https://dev.mysql.com/doc/refman/8.0/en/checksum-table.html	mysql-8.0.22-manual:e5e8b09ba7eb058c
checksum_table	references/statements/utility/maintenance/checksum_table.md	checksum_option	T1	extended	edition_baseline	edition_baseline	static_reviewed	static_ready	mysql_native		https://dev.mysql.com/doc/refman/8.0/en/checksum-table.html	mysql-8.0.22-manual:e5e8b09ba7eb058c
checksum_table	references/statements/utility/maintenance/checksum_table.md	expected_status	T1	success	edition_baseline	edition_baseline	static_reviewed	static_ready	mysql_native		https://dev.mysql.com/doc/refman/8.0/en/checksum-table.html	mysql-8.0.22-manual:e5e8b09ba7eb058c
checksum_table	references/statements/utility/maintenance/checksum_table.md	expected_status	T1	failure	edition_baseline	edition_baseline	static_reviewed	static_ready	mysql_native		https://dev.mysql.com/doc/refman/8.0/en/checksum-table.html	mysql-8.0.22-manual:e5e8b09ba7eb058c
checksum_table	references/statements/utility/maintenance/checksum_table.md	engine_shape	T2	innodb	edition_baseline	edition_baseline	static_reviewed	static_ready	mysql_native		https://dev.mysql.com/doc/refman/8.0/en/checksum-table.html	mysql-8.0.22-manual:e5e8b09ba7eb058c
checksum_table	references/statements/utility/maintenance/checksum_table.md	engine_shape	T2	myisam	edition_baseline	edition_baseline	static_reviewed	static_ready	mysql_native		https://dev.mysql.com/doc/refman/8.0/en/checksum-table.html	mysql-8.0.22-manual:e5e8b09ba7eb058c
optimize_table	references/statements/utility/maintenance/optimize_table.md	target_state	T1	table_exists	edition_baseline	edition_baseline	static_reviewed	static_ready	mysql_native		https://dev.mysql.com/doc/refman/8.0/en/optimize-table.html	mysql-8.0.22-manual:89320c52a38e97f2
optimize_table	references/statements/utility/maintenance/optimize_table.md	target_state	T1	view_exists	edition_baseline	edition_baseline	static_reviewed	static_ready	mysql_native		https://dev.mysql.com/doc/refman/8.0/en/optimize-table.html	mysql-8.0.22-manual:89320c52a38e97f2
optimize_table	references/statements/utility/maintenance/optimize_table.md	target_state	T1	missing	edition_baseline	edition_baseline	static_reviewed	static_ready	mysql_native		https://dev.mysql.com/doc/refman/8.0/en/optimize-table.html	mysql-8.0.22-manual:89320c52a38e97f2
optimize_table	references/statements/utility/maintenance/optimize_table.md	binlog_modifier	T1	omitted	edition_baseline	edition_baseline	static_reviewed	static_ready	mysql_native		https://dev.mysql.com/doc/refman/8.0/en/optimize-table.html	mysql-8.0.22-manual:89320c52a38e97f2
optimize_table	references/statements/utility/maintenance/optimize_table.md	binlog_modifier	T1	no_write_to_binlog	edition_baseline	edition_baseline	static_reviewed	static_ready	mysql_native		https://dev.mysql.com/doc/refman/8.0/en/optimize-table.html	mysql-8.0.22-manual:89320c52a38e97f2
optimize_table	references/statements/utility/maintenance/optimize_table.md	binlog_modifier	T1	local	edition_baseline	edition_baseline	static_reviewed	static_ready	mysql_native		https://dev.mysql.com/doc/refman/8.0/en/optimize-table.html	mysql-8.0.22-manual:89320c52a38e97f2
optimize_table	references/statements/utility/maintenance/optimize_table.md	expected_status	T1	success	edition_baseline	edition_baseline	static_reviewed	static_ready	mysql_native		https://dev.mysql.com/doc/refman/8.0/en/optimize-table.html	mysql-8.0.22-manual:89320c52a38e97f2
optimize_table	references/statements/utility/maintenance/optimize_table.md	expected_status	T1	failure	edition_baseline	edition_baseline	static_reviewed	static_ready	mysql_native		https://dev.mysql.com/doc/refman/8.0/en/optimize-table.html	mysql-8.0.22-manual:89320c52a38e97f2
optimize_table	references/statements/utility/maintenance/optimize_table.md	engine_shape	T2	innodb	edition_baseline	edition_baseline	static_reviewed	static_ready	mysql_native		https://dev.mysql.com/doc/refman/8.0/en/optimize-table.html	mysql-8.0.22-manual:89320c52a38e97f2
optimize_table	references/statements/utility/maintenance/optimize_table.md	engine_shape	T2	myisam	edition_baseline	edition_baseline	static_reviewed	static_ready	mysql_native		https://dev.mysql.com/doc/refman/8.0/en/optimize-table.html	mysql-8.0.22-manual:89320c52a38e97f2
optimize_table	references/statements/utility/maintenance/optimize_table.md	engine_shape	T2	archive	edition_baseline	edition_baseline	static_reviewed	static_ready	mysql_native		https://dev.mysql.com/doc/refman/8.0/en/optimize-table.html	mysql-8.0.22-manual:89320c52a38e97f2
repair_table	references/statements/utility/maintenance/repair_table.md	target_state	T1	table_exists	edition_baseline	edition_baseline	static_reviewed	static_ready	mysql_native		https://dev.mysql.com/doc/refman/8.0/en/repair-table.html	mysql-8.0.22-manual:0ef7fce296ffdf3a
repair_table	references/statements/utility/maintenance/repair_table.md	target_state	T1	view_exists	edition_baseline	edition_baseline	static_reviewed	static_ready	mysql_native		https://dev.mysql.com/doc/refman/8.0/en/repair-table.html	mysql-8.0.22-manual:0ef7fce296ffdf3a
repair_table	references/statements/utility/maintenance/repair_table.md	target_state	T1	missing	edition_baseline	edition_baseline	static_reviewed	static_ready	mysql_native		https://dev.mysql.com/doc/refman/8.0/en/repair-table.html	mysql-8.0.22-manual:0ef7fce296ffdf3a
repair_table	references/statements/utility/maintenance/repair_table.md	repair_option	T1	omitted	edition_baseline	edition_baseline	static_reviewed	static_ready	mysql_native		https://dev.mysql.com/doc/refman/8.0/en/repair-table.html	mysql-8.0.22-manual:0ef7fce296ffdf3a
repair_table	references/statements/utility/maintenance/repair_table.md	repair_option	T1	quick	edition_baseline	edition_baseline	static_reviewed	static_ready	mysql_native		https://dev.mysql.com/doc/refman/8.0/en/repair-table.html	mysql-8.0.22-manual:0ef7fce296ffdf3a
repair_table	references/statements/utility/maintenance/repair_table.md	repair_option	T1	extended	edition_baseline	edition_baseline	static_reviewed	static_ready	mysql_native		https://dev.mysql.com/doc/refman/8.0/en/repair-table.html	mysql-8.0.22-manual:0ef7fce296ffdf3a
repair_table	references/statements/utility/maintenance/repair_table.md	repair_option	T1	use_frm	edition_baseline	edition_baseline	static_reviewed	static_ready	mysql_native		https://dev.mysql.com/doc/refman/8.0/en/repair-table.html	mysql-8.0.22-manual:0ef7fce296ffdf3a
repair_table	references/statements/utility/maintenance/repair_table.md	expected_status	T1	success	edition_baseline	edition_baseline	static_reviewed	static_ready	mysql_native		https://dev.mysql.com/doc/refman/8.0/en/repair-table.html	mysql-8.0.22-manual:0ef7fce296ffdf3a
repair_table	references/statements/utility/maintenance/repair_table.md	expected_status	T1	failure	edition_baseline	edition_baseline	static_reviewed	static_ready	mysql_native		https://dev.mysql.com/doc/refman/8.0/en/repair-table.html	mysql-8.0.22-manual:0ef7fce296ffdf3a
repair_table	references/statements/utility/maintenance/repair_table.md	binlog_modifier	T2	omitted	edition_baseline	edition_baseline	static_reviewed	static_ready	mysql_native		https://dev.mysql.com/doc/refman/8.0/en/repair-table.html	mysql-8.0.22-manual:0ef7fce296ffdf3a
repair_table	references/statements/utility/maintenance/repair_table.md	binlog_modifier	T2	no_write_to_binlog	edition_baseline	edition_baseline	static_reviewed	static_ready	mysql_native		https://dev.mysql.com/doc/refman/8.0/en/repair-table.html	mysql-8.0.22-manual:0ef7fce296ffdf3a
repair_table	references/statements/utility/maintenance/repair_table.md	binlog_modifier	T2	local	edition_baseline	edition_baseline	static_reviewed	static_ready	mysql_native		https://dev.mysql.com/doc/refman/8.0/en/repair-table.html	mysql-8.0.22-manual:0ef7fce296ffdf3a
repair_table	references/statements/utility/maintenance/repair_table.md	engine_shape	T2	myisam	edition_baseline	edition_baseline	static_reviewed	static_ready	mysql_native		https://dev.mysql.com/doc/refman/8.0/en/repair-table.html	mysql-8.0.22-manual:0ef7fce296ffdf3a
repair_table	references/statements/utility/maintenance/repair_table.md	engine_shape	T2	archive	edition_baseline	edition_baseline	static_reviewed	static_ready	mysql_native		https://dev.mysql.com/doc/refman/8.0/en/repair-table.html	mysql-8.0.22-manual:0ef7fce296ffdf3a
repair_table	references/statements/utility/maintenance/repair_table.md	engine_shape	T2	csv	edition_baseline	edition_baseline	static_reviewed	static_ready	mysql_native		https://dev.mysql.com/doc/refman/8.0/en/repair-table.html	mysql-8.0.22-manual:0ef7fce296ffdf3a
repair_table	references/statements/utility/maintenance/repair_table.md	engine_shape	T2	innodb_unsupported	edition_baseline	edition_baseline	static_reviewed	static_ready	mysql_native		https://dev.mysql.com/doc/refman/8.0/en/repair-table.html	mysql-8.0.22-manual:0ef7fce296ffdf3a
explain	references/statements/utility/plan/explain.md	statement_branch	T1	query_plan	edition_baseline	edition_baseline	static_reviewed	static_ready	mysql_native		https://dev.mysql.com/doc/refman/8.0/en/explain.html	mysql-8.0.22-manual:a6abe63d1724b285
explain	references/statements/utility/plan/explain.md	statement_branch	T1	analyze_query	edition_baseline	edition_baseline	static_reviewed	static_ready	mysql_native		https://dev.mysql.com/doc/refman/8.0/en/explain.html	mysql-8.0.22-manual:a6abe63d1724b285
explain	references/statements/utility/plan/explain.md	statement_branch	T1	table_describe	edition_baseline	edition_baseline	static_reviewed	static_ready	mysql_native		https://dev.mysql.com/doc/refman/8.0/en/explain.html	mysql-8.0.22-manual:a6abe63d1724b285
explain	references/statements/utility/plan/explain.md	target_shape	T1	select_statement	edition_baseline	edition_baseline	static_reviewed	static_ready	mysql_native		https://dev.mysql.com/doc/refman/8.0/en/explain.html	mysql-8.0.22-manual:a6abe63d1724b285
explain	references/statements/utility/plan/explain.md	target_shape	T1	dml_statement	edition_baseline	edition_baseline	static_reviewed	static_ready	mysql_native		https://dev.mysql.com/doc/refman/8.0/en/explain.html	mysql-8.0.22-manual:a6abe63d1724b285
explain	references/statements/utility/plan/explain.md	target_shape	T1	table_name	edition_baseline	edition_baseline	static_reviewed	static_ready	mysql_native		https://dev.mysql.com/doc/refman/8.0/en/explain.html	mysql-8.0.22-manual:a6abe63d1724b285
explain	references/statements/utility/plan/explain.md	expected_status	T1	success	edition_baseline	edition_baseline	static_reviewed	static_ready	mysql_native		https://dev.mysql.com/doc/refman/8.0/en/explain.html	mysql-8.0.22-manual:a6abe63d1724b285
explain	references/statements/utility/plan/explain.md	expected_status	T1	failure	edition_baseline	edition_baseline	static_reviewed	static_ready	mysql_native		https://dev.mysql.com/doc/refman/8.0/en/explain.html	mysql-8.0.22-manual:a6abe63d1724b285
explain	references/statements/utility/plan/explain.md	format_shape	T2	omitted	edition_baseline	edition_baseline	static_reviewed	static_ready	mysql_native		https://dev.mysql.com/doc/refman/8.0/en/explain.html	mysql-8.0.22-manual:a6abe63d1724b285
explain	references/statements/utility/plan/explain.md	format_shape	T2	traditional	edition_baseline	edition_baseline	static_reviewed	static_ready	mysql_native		https://dev.mysql.com/doc/refman/8.0/en/explain.html	mysql-8.0.22-manual:a6abe63d1724b285
explain	references/statements/utility/plan/explain.md	format_shape	T2	json	edition_baseline	edition_baseline	static_reviewed	static_ready	mysql_native		https://dev.mysql.com/doc/refman/8.0/en/explain.html	mysql-8.0.22-manual:a6abe63d1724b285
explain	references/statements/utility/plan/explain.md	format_shape	T2	tree	edition_baseline	edition_baseline	static_reviewed	static_ready	mysql_native		https://dev.mysql.com/doc/refman/8.0/en/explain.html	mysql-8.0.22-manual:a6abe63d1724b285
analyze_table	references/statements/utility/statistics/analyze_table.md	statement_branch	T1	key_distribution	edition_baseline	edition_baseline	static_reviewed	static_ready	mysql_native		https://dev.mysql.com/doc/refman/8.0/en/analyze-table.html	mysql-8.0.22-manual:05977f722e35ec35
analyze_table	references/statements/utility/statistics/analyze_table.md	statement_branch	T1	update_histogram	edition_baseline	edition_baseline	static_reviewed	static_ready	mysql_native		https://dev.mysql.com/doc/refman/8.0/en/analyze-table.html	mysql-8.0.22-manual:05977f722e35ec35
analyze_table	references/statements/utility/statistics/analyze_table.md	statement_branch	T1	drop_histogram	edition_baseline	edition_baseline	static_reviewed	static_ready	mysql_native		https://dev.mysql.com/doc/refman/8.0/en/analyze-table.html	mysql-8.0.22-manual:05977f722e35ec35
analyze_table	references/statements/utility/statistics/analyze_table.md	table_state	T1	exists	edition_baseline	edition_baseline	static_reviewed	static_ready	mysql_native		https://dev.mysql.com/doc/refman/8.0/en/analyze-table.html	mysql-8.0.22-manual:05977f722e35ec35
analyze_table	references/statements/utility/statistics/analyze_table.md	table_state	T1	missing	edition_baseline	edition_baseline	static_reviewed	static_ready	mysql_native		https://dev.mysql.com/doc/refman/8.0/en/analyze-table.html	mysql-8.0.22-manual:05977f722e35ec35
analyze_table	references/statements/utility/statistics/analyze_table.md	expected_status	T1	success	edition_baseline	edition_baseline	static_reviewed	static_ready	mysql_native		https://dev.mysql.com/doc/refman/8.0/en/analyze-table.html	mysql-8.0.22-manual:05977f722e35ec35
analyze_table	references/statements/utility/statistics/analyze_table.md	expected_status	T1	failure	edition_baseline	edition_baseline	static_reviewed	static_ready	mysql_native		https://dev.mysql.com/doc/refman/8.0/en/analyze-table.html	mysql-8.0.22-manual:05977f722e35ec35
analyze_table	references/statements/utility/statistics/analyze_table.md	binlog_modifier	T2	omitted	edition_baseline	edition_baseline	static_reviewed	static_ready	mysql_native		https://dev.mysql.com/doc/refman/8.0/en/analyze-table.html	mysql-8.0.22-manual:05977f722e35ec35
analyze_table	references/statements/utility/statistics/analyze_table.md	binlog_modifier	T2	no_write_to_binlog	edition_baseline	edition_baseline	static_reviewed	static_ready	mysql_native		https://dev.mysql.com/doc/refman/8.0/en/analyze-table.html	mysql-8.0.22-manual:05977f722e35ec35
analyze_table	references/statements/utility/statistics/analyze_table.md	binlog_modifier	T2	local	edition_baseline	edition_baseline	static_reviewed	static_ready	mysql_native		https://dev.mysql.com/doc/refman/8.0/en/analyze-table.html	mysql-8.0.22-manual:05977f722e35ec35
analyze_table	references/statements/utility/statistics/analyze_table.md	histogram_bucket_shape	T2	omitted	edition_baseline	edition_baseline	static_reviewed	static_ready	mysql_native		https://dev.mysql.com/doc/refman/8.0/en/analyze-table.html	mysql-8.0.22-manual:05977f722e35ec35
analyze_table	references/statements/utility/statistics/analyze_table.md	histogram_bucket_shape	T2	with_10_buckets	edition_baseline	edition_baseline	static_reviewed	static_ready	mysql_native		https://dev.mysql.com/doc/refman/8.0/en/analyze-table.html	mysql-8.0.22-manual:05977f722e35ec35
