statement_key	factor	value	disposition	source_8_0_22	source_8_0_41	official_locator	review_status	notes
alter_database	charset_option	omitted	unchanged	references/statements/ddl/database/alter_database.md	references/statements/ddl/database/alter_database.md	https://dev.mysql.com/doc/refman/8.0/en/alter-database.html	static_reviewed	No statement factor/value change was identified in the 8.0.23-8.0.41 release boundary review.
alter_database	charset_option	utf8mb4	unchanged	references/statements/ddl/database/alter_database.md	references/statements/ddl/database/alter_database.md	https://dev.mysql.com/doc/refman/8.0/en/alter-database.html	static_reviewed	No statement factor/value change was identified in the 8.0.23-8.0.41 release boundary review.
alter_database	collation_option	omitted	unchanged	references/statements/ddl/database/alter_database.md	references/statements/ddl/database/alter_database.md	https://dev.mysql.com/doc/refman/8.0/en/alter-database.html	static_reviewed	No statement factor/value change was identified in the 8.0.23-8.0.41 release boundary review.
alter_database	collation_option	utf8mb4_0900_ai_ci	unchanged	references/statements/ddl/database/alter_database.md	references/statements/ddl/database/alter_database.md	https://dev.mysql.com/doc/refman/8.0/en/alter-database.html	static_reviewed	No statement factor/value change was identified in the 8.0.23-8.0.41 release boundary review.
alter_database	database_name_shape	explicit	unchanged	references/statements/ddl/database/alter_database.md	references/statements/ddl/database/alter_database.md	https://dev.mysql.com/doc/refman/8.0/en/alter-database.html	static_reviewed	No statement factor/value change was identified in the 8.0.23-8.0.41 release boundary review.
alter_database	database_name_shape	omitted_current	unchanged	references/statements/ddl/database/alter_database.md	references/statements/ddl/database/alter_database.md	https://dev.mysql.com/doc/refman/8.0/en/alter-database.html	static_reviewed	No statement factor/value change was identified in the 8.0.23-8.0.41 release boundary review.
alter_database	encryption_option	default	unchanged	references/statements/ddl/database/alter_database.md	references/statements/ddl/database/alter_database.md	https://dev.mysql.com/doc/refman/8.0/en/alter-database.html	static_reviewed	No statement factor/value change was identified in the 8.0.23-8.0.41 release boundary review.
alter_database	encryption_option	n	unchanged	references/statements/ddl/database/alter_database.md	references/statements/ddl/database/alter_database.md	https://dev.mysql.com/doc/refman/8.0/en/alter-database.html	static_reviewed	No statement factor/value change was identified in the 8.0.23-8.0.41 release boundary review.
alter_database	encryption_option	omitted	unchanged	references/statements/ddl/database/alter_database.md	references/statements/ddl/database/alter_database.md	https://dev.mysql.com/doc/refman/8.0/en/alter-database.html	static_reviewed	No statement factor/value change was identified in the 8.0.23-8.0.41 release boundary review.
alter_database	encryption_option	y	unchanged	references/statements/ddl/database/alter_database.md	references/statements/ddl/database/alter_database.md	https://dev.mysql.com/doc/refman/8.0/en/alter-database.html	static_reviewed	No statement factor/value change was identified in the 8.0.23-8.0.41 release boundary review.
alter_database	expected_status	failure	unchanged	references/statements/ddl/database/alter_database.md	references/statements/ddl/database/alter_database.md	https://dev.mysql.com/doc/refman/8.0/en/alter-database.html	static_reviewed	No statement factor/value change was identified in the 8.0.23-8.0.41 release boundary review.
alter_database	expected_status	success	unchanged	references/statements/ddl/database/alter_database.md	references/statements/ddl/database/alter_database.md	https://dev.mysql.com/doc/refman/8.0/en/alter-database.html	static_reviewed	No statement factor/value change was identified in the 8.0.23-8.0.41 release boundary review.
alter_database	read_only_option	default	unchanged	references/statements/ddl/database/alter_database.md	references/statements/ddl/database/alter_database.md	https://dev.mysql.com/doc/refman/8.0/en/alter-database.html	static_reviewed	No statement factor/value change was identified in the 8.0.23-8.0.41 release boundary review.
alter_database	read_only_option	omitted	unchanged	references/statements/ddl/database/alter_database.md	references/statements/ddl/database/alter_database.md	https://dev.mysql.com/doc/refman/8.0/en/alter-database.html	static_reviewed	No statement factor/value change was identified in the 8.0.23-8.0.41 release boundary review.
alter_database	read_only_option	one	unchanged	references/statements/ddl/database/alter_database.md	references/statements/ddl/database/alter_database.md	https://dev.mysql.com/doc/refman/8.0/en/alter-database.html	static_reviewed	No statement factor/value change was identified in the 8.0.23-8.0.41 release boundary review.
alter_database	read_only_option	zero	unchanged	references/statements/ddl/database/alter_database.md	references/statements/ddl/database/alter_database.md	https://dev.mysql.com/doc/refman/8.0/en/alter-database.html	static_reviewed	No statement factor/value change was identified in the 8.0.23-8.0.41 release boundary review.
alter_database	statement_branch	database_keyword	unchanged	references/statements/ddl/database/alter_database.md	references/statements/ddl/database/alter_database.md	https://dev.mysql.com/doc/refman/8.0/en/alter-database.html	static_reviewed	No statement factor/value change was identified in the 8.0.23-8.0.41 release boundary review.
alter_database	statement_branch	schema_keyword	unchanged	references/statements/ddl/database/alter_database.md	references/statements/ddl/database/alter_database.md	https://dev.mysql.com/doc/refman/8.0/en/alter-database.html	static_reviewed	No statement factor/value change was identified in the 8.0.23-8.0.41 release boundary review.
alter_event	alteration_shape	comment	unchanged	references/statements/ddl/event/alter_event.md	references/statements/ddl/event/alter_event.md	https://dev.mysql.com/doc/refman/8.0/en/alter-event.html	static_reviewed	No statement factor/value change was identified in the 8.0.23-8.0.41 release boundary review.
alter_event	alteration_shape	enable_disable	unchanged	references/statements/ddl/event/alter_event.md	references/statements/ddl/event/alter_event.md	https://dev.mysql.com/doc/refman/8.0/en/alter-event.html	static_reviewed	No statement factor/value change was identified in the 8.0.23-8.0.41 release boundary review.
alter_event	alteration_shape	rename	unchanged	references/statements/ddl/event/alter_event.md	references/statements/ddl/event/alter_event.md	https://dev.mysql.com/doc/refman/8.0/en/alter-event.html	static_reviewed	No statement factor/value change was identified in the 8.0.23-8.0.41 release boundary review.
alter_event	alteration_shape	replace_body	unchanged	references/statements/ddl/event/alter_event.md	references/statements/ddl/event/alter_event.md	https://dev.mysql.com/doc/refman/8.0/en/alter-event.html	static_reviewed	No statement factor/value change was identified in the 8.0.23-8.0.41 release boundary review.
alter_event	alteration_shape	reschedule	unchanged	references/statements/ddl/event/alter_event.md	references/statements/ddl/event/alter_event.md	https://dev.mysql.com/doc/refman/8.0/en/alter-event.html	static_reviewed	No statement factor/value change was identified in the 8.0.23-8.0.41 release boundary review.
alter_event	enable_state	disable	unchanged	references/statements/ddl/event/alter_event.md	references/statements/ddl/event/alter_event.md	https://dev.mysql.com/doc/refman/8.0/en/alter-event.html	static_reviewed	No statement factor/value change was identified in the 8.0.23-8.0.41 release boundary review.
alter_event	enable_state	disable_on_slave	unchanged	references/statements/ddl/event/alter_event.md	references/statements/ddl/event/alter_event.md	https://dev.mysql.com/doc/refman/8.0/en/alter-event.html	static_reviewed	No statement factor/value change was identified in the 8.0.23-8.0.41 release boundary review.
alter_event	enable_state	enable	unchanged	references/statements/ddl/event/alter_event.md	references/statements/ddl/event/alter_event.md	https://dev.mysql.com/doc/refman/8.0/en/alter-event.html	static_reviewed	No statement factor/value change was identified in the 8.0.23-8.0.41 release boundary review.
alter_event	event_state	exists	unchanged	references/statements/ddl/event/alter_event.md	references/statements/ddl/event/alter_event.md	https://dev.mysql.com/doc/refman/8.0/en/alter-event.html	static_reviewed	No statement factor/value change was identified in the 8.0.23-8.0.41 release boundary review.
alter_event	event_state	missing	unchanged	references/statements/ddl/event/alter_event.md	references/statements/ddl/event/alter_event.md	https://dev.mysql.com/doc/refman/8.0/en/alter-event.html	static_reviewed	No statement factor/value change was identified in the 8.0.23-8.0.41 release boundary review.
alter_event	expected_status	failure	unchanged	references/statements/ddl/event/alter_event.md	references/statements/ddl/event/alter_event.md	https://dev.mysql.com/doc/refman/8.0/en/alter-event.html	static_reviewed	No statement factor/value change was identified in the 8.0.23-8.0.41 release boundary review.
alter_event	expected_status	success	unchanged	references/statements/ddl/event/alter_event.md	references/statements/ddl/event/alter_event.md	https://dev.mysql.com/doc/refman/8.0/en/alter-event.html	static_reviewed	No statement factor/value change was identified in the 8.0.23-8.0.41 release boundary review.
alter_event	schedule_shape	at_timestamp	unchanged	references/statements/ddl/event/alter_event.md	references/statements/ddl/event/alter_event.md	https://dev.mysql.com/doc/refman/8.0/en/alter-event.html	static_reviewed	No statement factor/value change was identified in the 8.0.23-8.0.41 release boundary review.
alter_event	schedule_shape	every_interval	unchanged	references/statements/ddl/event/alter_event.md	references/statements/ddl/event/alter_event.md	https://dev.mysql.com/doc/refman/8.0/en/alter-event.html	static_reviewed	No statement factor/value change was identified in the 8.0.23-8.0.41 release boundary review.
alter_function	characteristic_shape	comment	unchanged	references/statements/ddl/function/alter_function.md	references/statements/ddl/function/alter_function.md	https://dev.mysql.com/doc/refman/8.0/en/alter-function.html	static_reviewed	No statement factor/value change was identified in the 8.0.23-8.0.41 release boundary review.
alter_function	characteristic_shape	deterministic	unchanged	references/statements/ddl/function/alter_function.md	references/statements/ddl/function/alter_function.md	https://dev.mysql.com/doc/refman/8.0/en/alter-function.html	static_reviewed	No statement factor/value change was identified in the 8.0.23-8.0.41 release boundary review.
alter_function	characteristic_shape	sql_security_definer	unchanged	references/statements/ddl/function/alter_function.md	references/statements/ddl/function/alter_function.md	https://dev.mysql.com/doc/refman/8.0/en/alter-function.html	static_reviewed	No statement factor/value change was identified in the 8.0.23-8.0.41 release boundary review.
alter_function	characteristic_shape	sql_security_invoker	unchanged	references/statements/ddl/function/alter_function.md	references/statements/ddl/function/alter_function.md	https://dev.mysql.com/doc/refman/8.0/en/alter-function.html	static_reviewed	No statement factor/value change was identified in the 8.0.23-8.0.41 release boundary review.
alter_function	expected_status	failure	unchanged	references/statements/ddl/function/alter_function.md	references/statements/ddl/function/alter_function.md	https://dev.mysql.com/doc/refman/8.0/en/alter-function.html	static_reviewed	No statement factor/value change was identified in the 8.0.23-8.0.41 release boundary review.
alter_function	expected_status	success	unchanged	references/statements/ddl/function/alter_function.md	references/statements/ddl/function/alter_function.md	https://dev.mysql.com/doc/refman/8.0/en/alter-function.html	static_reviewed	No statement factor/value change was identified in the 8.0.23-8.0.41 release boundary review.
alter_function	function_state	exists	unchanged	references/statements/ddl/function/alter_function.md	references/statements/ddl/function/alter_function.md	https://dev.mysql.com/doc/refman/8.0/en/alter-function.html	static_reviewed	No statement factor/value change was identified in the 8.0.23-8.0.41 release boundary review.
alter_function	function_state	missing	unchanged	references/statements/ddl/function/alter_function.md	references/statements/ddl/function/alter_function.md	https://dev.mysql.com/doc/refman/8.0/en/alter-function.html	static_reviewed	No statement factor/value change was identified in the 8.0.23-8.0.41 release boundary review.
alter_function	function_state	wrong_routine_type	unchanged	references/statements/ddl/function/alter_function.md	references/statements/ddl/function/alter_function.md	https://dev.mysql.com/doc/refman/8.0/en/alter-function.html	static_reviewed	No statement factor/value change was identified in the 8.0.23-8.0.41 release boundary review.
alter_instance	action_branch	disable_redo_log	changed	references/statements/admin/instance/alter_instance.md	references/statements/admin/instance/alter_instance.md	https://dev.mysql.com/doc/relnotes/mysql/8.0/en/news-8-0-24.html	static_reviewed	Statement semantics or syntax changed in the cited intervening release.
alter_instance	action_branch	enable_redo_log	changed	references/statements/admin/instance/alter_instance.md	references/statements/admin/instance/alter_instance.md	https://dev.mysql.com/doc/relnotes/mysql/8.0/en/news-8-0-24.html	static_reviewed	Statement semantics or syntax changed in the cited intervening release.
alter_instance	action_branch	reload_keyring	added		references/statements/admin/instance/alter_instance.md	https://dev.mysql.com/doc/relnotes/mysql/8.0/en/news-8-0-24.html	static_reviewed	Factor/value is available in 8.0.41 and absent from the 8.0.22 edition.
alter_instance	action_branch	reload_tls	changed	references/statements/admin/instance/alter_instance.md	references/statements/admin/instance/alter_instance.md	https://dev.mysql.com/doc/relnotes/mysql/8.0/en/news-8-0-24.html	static_reviewed	Statement semantics or syntax changed in the cited intervening release.
alter_instance	action_branch	rotate_binlog_master_key	changed	references/statements/admin/instance/alter_instance.md	references/statements/admin/instance/alter_instance.md	https://dev.mysql.com/doc/relnotes/mysql/8.0/en/news-8-0-24.html	static_reviewed	Statement semantics or syntax changed in the cited intervening release.
alter_instance	action_branch	rotate_innodb_master_key	changed	references/statements/admin/instance/alter_instance.md	references/statements/admin/instance/alter_instance.md	https://dev.mysql.com/doc/relnotes/mysql/8.0/en/news-8-0-24.html	static_reviewed	Statement semantics or syntax changed in the cited intervening release.
alter_instance	execution_mode	isolated_positive	changed	references/statements/admin/instance/alter_instance.md	references/statements/admin/instance/alter_instance.md	https://dev.mysql.com/doc/relnotes/mysql/8.0/en/news-8-0-24.html	static_reviewed	Statement semantics or syntax changed in the cited intervening release.
alter_instance	execution_mode	safe_negative	changed	references/statements/admin/instance/alter_instance.md	references/statements/admin/instance/alter_instance.md	https://dev.mysql.com/doc/relnotes/mysql/8.0/en/news-8-0-24.html	static_reviewed	Statement semantics or syntax changed in the cited intervening release.
alter_instance	execution_mode	skip_destructive	changed	references/statements/admin/instance/alter_instance.md	references/statements/admin/instance/alter_instance.md	https://dev.mysql.com/doc/relnotes/mysql/8.0/en/news-8-0-24.html	static_reviewed	Statement semantics or syntax changed in the cited intervening release.
alter_instance	expected_status	failure	changed	references/statements/admin/instance/alter_instance.md	references/statements/admin/instance/alter_instance.md	https://dev.mysql.com/doc/relnotes/mysql/8.0/en/news-8-0-24.html	static_reviewed	Statement semantics or syntax changed in the cited intervening release.
alter_instance	expected_status	success	changed	references/statements/admin/instance/alter_instance.md	references/statements/admin/instance/alter_instance.md	https://dev.mysql.com/doc/relnotes/mysql/8.0/en/news-8-0-24.html	static_reviewed	Statement semantics or syntax changed in the cited intervening release.
alter_instance	privilege_state	has_required_privilege	changed	references/statements/admin/instance/alter_instance.md	references/statements/admin/instance/alter_instance.md	https://dev.mysql.com/doc/relnotes/mysql/8.0/en/news-8-0-24.html	static_reviewed	Statement semantics or syntax changed in the cited intervening release.
alter_instance	privilege_state	missing_required_privilege	changed	references/statements/admin/instance/alter_instance.md	references/statements/admin/instance/alter_instance.md	https://dev.mysql.com/doc/relnotes/mysql/8.0/en/news-8-0-24.html	static_reviewed	Statement semantics or syntax changed in the cited intervening release.
alter_logfile_group	execution_mode	isolated_positive	unchanged	references/statements/ddl/logfile_group/alter_logfile_group.md	references/statements/ddl/logfile_group/alter_logfile_group.md	https://dev.mysql.com/doc/refman/8.0/en/alter-logfile-group.html	static_reviewed	No statement factor/value change was identified in the 8.0.23-8.0.41 release boundary review.
alter_logfile_group	execution_mode	safe_negative	unchanged	references/statements/ddl/logfile_group/alter_logfile_group.md	references/statements/ddl/logfile_group/alter_logfile_group.md	https://dev.mysql.com/doc/refman/8.0/en/alter-logfile-group.html	static_reviewed	No statement factor/value change was identified in the 8.0.23-8.0.41 release boundary review.
alter_logfile_group	execution_mode	skip_ndb	unchanged	references/statements/ddl/logfile_group/alter_logfile_group.md	references/statements/ddl/logfile_group/alter_logfile_group.md	https://dev.mysql.com/doc/refman/8.0/en/alter-logfile-group.html	static_reviewed	No statement factor/value change was identified in the 8.0.23-8.0.41 release boundary review.
alter_logfile_group	expected_status	failure	unchanged	references/statements/ddl/logfile_group/alter_logfile_group.md	references/statements/ddl/logfile_group/alter_logfile_group.md	https://dev.mysql.com/doc/refman/8.0/en/alter-logfile-group.html	static_reviewed	No statement factor/value change was identified in the 8.0.23-8.0.41 release boundary review.
alter_logfile_group	expected_status	success	unchanged	references/statements/ddl/logfile_group/alter_logfile_group.md	references/statements/ddl/logfile_group/alter_logfile_group.md	https://dev.mysql.com/doc/refman/8.0/en/alter-logfile-group.html	static_reviewed	No statement factor/value change was identified in the 8.0.23-8.0.41 release boundary review.
alter_logfile_group	logfile_group_state	exists	unchanged	references/statements/ddl/logfile_group/alter_logfile_group.md	references/statements/ddl/logfile_group/alter_logfile_group.md	https://dev.mysql.com/doc/refman/8.0/en/alter-logfile-group.html	static_reviewed	No statement factor/value change was identified in the 8.0.23-8.0.41 release boundary review.
alter_logfile_group	logfile_group_state	missing	unchanged	references/statements/ddl/logfile_group/alter_logfile_group.md	references/statements/ddl/logfile_group/alter_logfile_group.md	https://dev.mysql.com/doc/refman/8.0/en/alter-logfile-group.html	static_reviewed	No statement factor/value change was identified in the 8.0.23-8.0.41 release boundary review.
alter_logfile_group	logfile_group_state	wrong_engine	unchanged	references/statements/ddl/logfile_group/alter_logfile_group.md	references/statements/ddl/logfile_group/alter_logfile_group.md	https://dev.mysql.com/doc/refman/8.0/en/alter-logfile-group.html	static_reviewed	No statement factor/value change was identified in the 8.0.23-8.0.41 release boundary review.
alter_logfile_group	undofile_shape	duplicate_file	unchanged	references/statements/ddl/logfile_group/alter_logfile_group.md	references/statements/ddl/logfile_group/alter_logfile_group.md	https://dev.mysql.com/doc/refman/8.0/en/alter-logfile-group.html	static_reviewed	No statement factor/value change was identified in the 8.0.23-8.0.41 release boundary review.
alter_logfile_group	undofile_shape	missing_undofile	unchanged	references/statements/ddl/logfile_group/alter_logfile_group.md	references/statements/ddl/logfile_group/alter_logfile_group.md	https://dev.mysql.com/doc/refman/8.0/en/alter-logfile-group.html	static_reviewed	No statement factor/value change was identified in the 8.0.23-8.0.41 release boundary review.
alter_logfile_group	undofile_shape	relative_file	unchanged	references/statements/ddl/logfile_group/alter_logfile_group.md	references/statements/ddl/logfile_group/alter_logfile_group.md	https://dev.mysql.com/doc/refman/8.0/en/alter-logfile-group.html	static_reviewed	No statement factor/value change was identified in the 8.0.23-8.0.41 release boundary review.
alter_procedure	characteristic_shape	comment	unchanged	references/statements/ddl/procedure/alter_procedure.md	references/statements/ddl/procedure/alter_procedure.md	https://dev.mysql.com/doc/refman/8.0/en/alter-procedure.html	static_reviewed	No statement factor/value change was identified in the 8.0.23-8.0.41 release boundary review.
alter_procedure	characteristic_shape	sql_security_definer	unchanged	references/statements/ddl/procedure/alter_procedure.md	references/statements/ddl/procedure/alter_procedure.md	https://dev.mysql.com/doc/refman/8.0/en/alter-procedure.html	static_reviewed	No statement factor/value change was identified in the 8.0.23-8.0.41 release boundary review.
alter_procedure	characteristic_shape	sql_security_invoker	unchanged	references/statements/ddl/procedure/alter_procedure.md	references/statements/ddl/procedure/alter_procedure.md	https://dev.mysql.com/doc/refman/8.0/en/alter-procedure.html	static_reviewed	No statement factor/value change was identified in the 8.0.23-8.0.41 release boundary review.
alter_procedure	expected_status	failure	unchanged	references/statements/ddl/procedure/alter_procedure.md	references/statements/ddl/procedure/alter_procedure.md	https://dev.mysql.com/doc/refman/8.0/en/alter-procedure.html	static_reviewed	No statement factor/value change was identified in the 8.0.23-8.0.41 release boundary review.
alter_procedure	expected_status	success	unchanged	references/statements/ddl/procedure/alter_procedure.md	references/statements/ddl/procedure/alter_procedure.md	https://dev.mysql.com/doc/refman/8.0/en/alter-procedure.html	static_reviewed	No statement factor/value change was identified in the 8.0.23-8.0.41 release boundary review.
alter_procedure	procedure_state	exists	unchanged	references/statements/ddl/procedure/alter_procedure.md	references/statements/ddl/procedure/alter_procedure.md	https://dev.mysql.com/doc/refman/8.0/en/alter-procedure.html	static_reviewed	No statement factor/value change was identified in the 8.0.23-8.0.41 release boundary review.
alter_procedure	procedure_state	missing	unchanged	references/statements/ddl/procedure/alter_procedure.md	references/statements/ddl/procedure/alter_procedure.md	https://dev.mysql.com/doc/refman/8.0/en/alter-procedure.html	static_reviewed	No statement factor/value change was identified in the 8.0.23-8.0.41 release boundary review.
alter_procedure	procedure_state	wrong_routine_type	unchanged	references/statements/ddl/procedure/alter_procedure.md	references/statements/ddl/procedure/alter_procedure.md	https://dev.mysql.com/doc/refman/8.0/en/alter-procedure.html	static_reviewed	No statement factor/value change was identified in the 8.0.23-8.0.41 release boundary review.
alter_resource_group	alteration_shape	change_priority	unchanged	references/statements/admin/resource_group/alter_resource_group.md	references/statements/admin/resource_group/alter_resource_group.md	https://dev.mysql.com/doc/refman/8.0/en/alter-resource-group.html	static_reviewed	No statement factor/value change was identified in the 8.0.23-8.0.41 release boundary review.
alter_resource_group	alteration_shape	change_vcpu	unchanged	references/statements/admin/resource_group/alter_resource_group.md	references/statements/admin/resource_group/alter_resource_group.md	https://dev.mysql.com/doc/refman/8.0/en/alter-resource-group.html	static_reviewed	No statement factor/value change was identified in the 8.0.23-8.0.41 release boundary review.
alter_resource_group	alteration_shape	enable_disable	unchanged	references/statements/admin/resource_group/alter_resource_group.md	references/statements/admin/resource_group/alter_resource_group.md	https://dev.mysql.com/doc/refman/8.0/en/alter-resource-group.html	static_reviewed	No statement factor/value change was identified in the 8.0.23-8.0.41 release boundary review.
alter_resource_group	alteration_shape	force	unchanged	references/statements/admin/resource_group/alter_resource_group.md	references/statements/admin/resource_group/alter_resource_group.md	https://dev.mysql.com/doc/refman/8.0/en/alter-resource-group.html	static_reviewed	No statement factor/value change was identified in the 8.0.23-8.0.41 release boundary review.
alter_resource_group	execution_mode	isolated_positive	unchanged	references/statements/admin/resource_group/alter_resource_group.md	references/statements/admin/resource_group/alter_resource_group.md	https://dev.mysql.com/doc/refman/8.0/en/alter-resource-group.html	static_reviewed	No statement factor/value change was identified in the 8.0.23-8.0.41 release boundary review.
alter_resource_group	execution_mode	metadata_only	unchanged	references/statements/admin/resource_group/alter_resource_group.md	references/statements/admin/resource_group/alter_resource_group.md	https://dev.mysql.com/doc/refman/8.0/en/alter-resource-group.html	static_reviewed	No statement factor/value change was identified in the 8.0.23-8.0.41 release boundary review.
alter_resource_group	execution_mode	safe_negative	unchanged	references/statements/admin/resource_group/alter_resource_group.md	references/statements/admin/resource_group/alter_resource_group.md	https://dev.mysql.com/doc/refman/8.0/en/alter-resource-group.html	static_reviewed	No statement factor/value change was identified in the 8.0.23-8.0.41 release boundary review.
alter_resource_group	expected_status	failure	unchanged	references/statements/admin/resource_group/alter_resource_group.md	references/statements/admin/resource_group/alter_resource_group.md	https://dev.mysql.com/doc/refman/8.0/en/alter-resource-group.html	static_reviewed	No statement factor/value change was identified in the 8.0.23-8.0.41 release boundary review.
alter_resource_group	expected_status	success	unchanged	references/statements/admin/resource_group/alter_resource_group.md	references/statements/admin/resource_group/alter_resource_group.md	https://dev.mysql.com/doc/refman/8.0/en/alter-resource-group.html	static_reviewed	No statement factor/value change was identified in the 8.0.23-8.0.41 release boundary review.
alter_resource_group	group_state	builtin_group	unchanged	references/statements/admin/resource_group/alter_resource_group.md	references/statements/admin/resource_group/alter_resource_group.md	https://dev.mysql.com/doc/refman/8.0/en/alter-resource-group.html	static_reviewed	No statement factor/value change was identified in the 8.0.23-8.0.41 release boundary review.
alter_resource_group	group_state	exists	unchanged	references/statements/admin/resource_group/alter_resource_group.md	references/statements/admin/resource_group/alter_resource_group.md	https://dev.mysql.com/doc/refman/8.0/en/alter-resource-group.html	static_reviewed	No statement factor/value change was identified in the 8.0.23-8.0.41 release boundary review.
alter_resource_group	group_state	missing	unchanged	references/statements/admin/resource_group/alter_resource_group.md	references/statements/admin/resource_group/alter_resource_group.md	https://dev.mysql.com/doc/refman/8.0/en/alter-resource-group.html	static_reviewed	No statement factor/value change was identified in the 8.0.23-8.0.41 release boundary review.
alter_schema	charset_option	omitted	unchanged	references/statements/ddl/schema/alter_schema.md	references/statements/ddl/schema/alter_schema.md	https://dev.mysql.com/doc/refman/8.0/en/alter-database.html	static_reviewed	No statement factor/value change was identified in the 8.0.23-8.0.41 release boundary review.
alter_schema	charset_option	utf8mb4	unchanged	references/statements/ddl/schema/alter_schema.md	references/statements/ddl/schema/alter_schema.md	https://dev.mysql.com/doc/refman/8.0/en/alter-database.html	static_reviewed	No statement factor/value change was identified in the 8.0.23-8.0.41 release boundary review.
alter_schema	collation_option	omitted	unchanged	references/statements/ddl/schema/alter_schema.md	references/statements/ddl/schema/alter_schema.md	https://dev.mysql.com/doc/refman/8.0/en/alter-database.html	static_reviewed	No statement factor/value change was identified in the 8.0.23-8.0.41 release boundary review.
alter_schema	collation_option	utf8mb4_0900_ai_ci	unchanged	references/statements/ddl/schema/alter_schema.md	references/statements/ddl/schema/alter_schema.md	https://dev.mysql.com/doc/refman/8.0/en/alter-database.html	static_reviewed	No statement factor/value change was identified in the 8.0.23-8.0.41 release boundary review.
alter_schema	encryption_option	default	unchanged	references/statements/ddl/schema/alter_schema.md	references/statements/ddl/schema/alter_schema.md	https://dev.mysql.com/doc/refman/8.0/en/alter-database.html	static_reviewed	No statement factor/value change was identified in the 8.0.23-8.0.41 release boundary review.
alter_schema	encryption_option	n	unchanged	references/statements/ddl/schema/alter_schema.md	references/statements/ddl/schema/alter_schema.md	https://dev.mysql.com/doc/refman/8.0/en/alter-database.html	static_reviewed	No statement factor/value change was identified in the 8.0.23-8.0.41 release boundary review.
alter_schema	encryption_option	omitted	unchanged	references/statements/ddl/schema/alter_schema.md	references/statements/ddl/schema/alter_schema.md	https://dev.mysql.com/doc/refman/8.0/en/alter-database.html	static_reviewed	No statement factor/value change was identified in the 8.0.23-8.0.41 release boundary review.
alter_schema	encryption_option	y	unchanged	references/statements/ddl/schema/alter_schema.md	references/statements/ddl/schema/alter_schema.md	https://dev.mysql.com/doc/refman/8.0/en/alter-database.html	static_reviewed	No statement factor/value change was identified in the 8.0.23-8.0.41 release boundary review.
alter_schema	expected_status	failure	unchanged	references/statements/ddl/schema/alter_schema.md	references/statements/ddl/schema/alter_schema.md	https://dev.mysql.com/doc/refman/8.0/en/alter-database.html	static_reviewed	No statement factor/value change was identified in the 8.0.23-8.0.41 release boundary review.
alter_schema	expected_status	success	unchanged	references/statements/ddl/schema/alter_schema.md	references/statements/ddl/schema/alter_schema.md	https://dev.mysql.com/doc/refman/8.0/en/alter-database.html	static_reviewed	No statement factor/value change was identified in the 8.0.23-8.0.41 release boundary review.
alter_schema	read_only_option	default	unchanged	references/statements/ddl/schema/alter_schema.md	references/statements/ddl/schema/alter_schema.md	https://dev.mysql.com/doc/refman/8.0/en/alter-database.html	static_reviewed	No statement factor/value change was identified in the 8.0.23-8.0.41 release boundary review.
alter_schema	read_only_option	omitted	unchanged	references/statements/ddl/schema/alter_schema.md	references/statements/ddl/schema/alter_schema.md	https://dev.mysql.com/doc/refman/8.0/en/alter-database.html	static_reviewed	No statement factor/value change was identified in the 8.0.23-8.0.41 release boundary review.
alter_schema	read_only_option	one	unchanged	references/statements/ddl/schema/alter_schema.md	references/statements/ddl/schema/alter_schema.md	https://dev.mysql.com/doc/refman/8.0/en/alter-database.html	static_reviewed	No statement factor/value change was identified in the 8.0.23-8.0.41 release boundary review.
alter_schema	read_only_option	zero	unchanged	references/statements/ddl/schema/alter_schema.md	references/statements/ddl/schema/alter_schema.md	https://dev.mysql.com/doc/refman/8.0/en/alter-database.html	static_reviewed	No statement factor/value change was identified in the 8.0.23-8.0.41 release boundary review.
alter_schema	schema_name_shape	explicit	unchanged	references/statements/ddl/schema/alter_schema.md	references/statements/ddl/schema/alter_schema.md	https://dev.mysql.com/doc/refman/8.0/en/alter-database.html	static_reviewed	No statement factor/value change was identified in the 8.0.23-8.0.41 release boundary review.
alter_schema	schema_name_shape	omitted_current	unchanged	references/statements/ddl/schema/alter_schema.md	references/statements/ddl/schema/alter_schema.md	https://dev.mysql.com/doc/refman/8.0/en/alter-database.html	static_reviewed	No statement factor/value change was identified in the 8.0.23-8.0.41 release boundary review.
alter_server	execution_mode	isolated_positive	unchanged	references/statements/ddl/server/alter_server.md	references/statements/ddl/server/alter_server.md	https://dev.mysql.com/doc/refman/8.0/en/alter-server.html	static_reviewed	No statement factor/value change was identified in the 8.0.23-8.0.41 release boundary review.
alter_server	execution_mode	metadata_only	unchanged	references/statements/ddl/server/alter_server.md	references/statements/ddl/server/alter_server.md	https://dev.mysql.com/doc/refman/8.0/en/alter-server.html	static_reviewed	No statement factor/value change was identified in the 8.0.23-8.0.41 release boundary review.
alter_server	execution_mode	safe_negative	unchanged	references/statements/ddl/server/alter_server.md	references/statements/ddl/server/alter_server.md	https://dev.mysql.com/doc/refman/8.0/en/alter-server.html	static_reviewed	No statement factor/value change was identified in the 8.0.23-8.0.41 release boundary review.
alter_server	expected_status	failure	unchanged	references/statements/ddl/server/alter_server.md	references/statements/ddl/server/alter_server.md	https://dev.mysql.com/doc/refman/8.0/en/alter-server.html	static_reviewed	No statement factor/value change was identified in the 8.0.23-8.0.41 release boundary review.
alter_server	expected_status	success	unchanged	references/statements/ddl/server/alter_server.md	references/statements/ddl/server/alter_server.md	https://dev.mysql.com/doc/refman/8.0/en/alter-server.html	static_reviewed	No statement factor/value change was identified in the 8.0.23-8.0.41 release boundary review.
alter_server	option_update_shape	change_database	unchanged	references/statements/ddl/server/alter_server.md	references/statements/ddl/server/alter_server.md	https://dev.mysql.com/doc/refman/8.0/en/alter-server.html	static_reviewed	No statement factor/value change was identified in the 8.0.23-8.0.41 release boundary review.
alter_server	option_update_shape	change_host	unchanged	references/statements/ddl/server/alter_server.md	references/statements/ddl/server/alter_server.md	https://dev.mysql.com/doc/refman/8.0/en/alter-server.html	static_reviewed	No statement factor/value change was identified in the 8.0.23-8.0.41 release boundary review.
alter_server	option_update_shape	invalid_option	unchanged	references/statements/ddl/server/alter_server.md	references/statements/ddl/server/alter_server.md	https://dev.mysql.com/doc/refman/8.0/en/alter-server.html	static_reviewed	No statement factor/value change was identified in the 8.0.23-8.0.41 release boundary review.
alter_server	server_state	exists	unchanged	references/statements/ddl/server/alter_server.md	references/statements/ddl/server/alter_server.md	https://dev.mysql.com/doc/refman/8.0/en/alter-server.html	static_reviewed	No statement factor/value change was identified in the 8.0.23-8.0.41 release boundary review.
alter_server	server_state	missing	unchanged	references/statements/ddl/server/alter_server.md	references/statements/ddl/server/alter_server.md	https://dev.mysql.com/doc/refman/8.0/en/alter-server.html	static_reviewed	No statement factor/value change was identified in the 8.0.23-8.0.41 release boundary review.
alter_table	algorithm_option	copy	unchanged	references/statements/ddl/table/alter_table.md	references/statements/ddl/table/alter_table.md	https://dev.mysql.com/doc/refman/8.0/en/alter-table.html	static_reviewed	No statement factor/value change was identified in the 8.0.23-8.0.41 release boundary review.
alter_table	algorithm_option	default	unchanged	references/statements/ddl/table/alter_table.md	references/statements/ddl/table/alter_table.md	https://dev.mysql.com/doc/refman/8.0/en/alter-table.html	static_reviewed	No statement factor/value change was identified in the 8.0.23-8.0.41 release boundary review.
alter_table	algorithm_option	inplace	unchanged	references/statements/ddl/table/alter_table.md	references/statements/ddl/table/alter_table.md	https://dev.mysql.com/doc/refman/8.0/en/alter-table.html	static_reviewed	No statement factor/value change was identified in the 8.0.23-8.0.41 release boundary review.
alter_table	algorithm_option	instant	unchanged	references/statements/ddl/table/alter_table.md	references/statements/ddl/table/alter_table.md	https://dev.mysql.com/doc/refman/8.0/en/alter-table.html	static_reviewed	No statement factor/value change was identified in the 8.0.23-8.0.41 release boundary review.
alter_table	algorithm_option	omitted	unchanged	references/statements/ddl/table/alter_table.md	references/statements/ddl/table/alter_table.md	https://dev.mysql.com/doc/refman/8.0/en/alter-table.html	static_reviewed	No statement factor/value change was identified in the 8.0.23-8.0.41 release boundary review.
alter_table	alter_branch	add_check	unchanged	references/statements/ddl/table/alter_table.md	references/statements/ddl/table/alter_table.md	https://dev.mysql.com/doc/refman/8.0/en/alter-table.html	static_reviewed	No statement factor/value change was identified in the 8.0.23-8.0.41 release boundary review.
alter_table	alter_branch	add_column	unchanged	references/statements/ddl/table/alter_table.md	references/statements/ddl/table/alter_table.md	https://dev.mysql.com/doc/refman/8.0/en/alter-table.html	static_reviewed	No statement factor/value change was identified in the 8.0.23-8.0.41 release boundary review.
alter_table	alter_branch	add_foreign_key	unchanged	references/statements/ddl/table/alter_table.md	references/statements/ddl/table/alter_table.md	https://dev.mysql.com/doc/refman/8.0/en/alter-table.html	static_reviewed	No statement factor/value change was identified in the 8.0.23-8.0.41 release boundary review.
alter_table	alter_branch	add_index	unchanged	references/statements/ddl/table/alter_table.md	references/statements/ddl/table/alter_table.md	https://dev.mysql.com/doc/refman/8.0/en/alter-table.html	static_reviewed	No statement factor/value change was identified in the 8.0.23-8.0.41 release boundary review.
alter_table	alter_branch	add_primary_key	unchanged	references/statements/ddl/table/alter_table.md	references/statements/ddl/table/alter_table.md	https://dev.mysql.com/doc/refman/8.0/en/alter-table.html	static_reviewed	No statement factor/value change was identified in the 8.0.23-8.0.41 release boundary review.
alter_table	alter_branch	alter_index_visibility	unchanged	references/statements/ddl/table/alter_table.md	references/statements/ddl/table/alter_table.md	https://dev.mysql.com/doc/refman/8.0/en/alter-table.html	static_reviewed	No statement factor/value change was identified in the 8.0.23-8.0.41 release boundary review.
alter_table	alter_branch	change_column	unchanged	references/statements/ddl/table/alter_table.md	references/statements/ddl/table/alter_table.md	https://dev.mysql.com/doc/refman/8.0/en/alter-table.html	static_reviewed	No statement factor/value change was identified in the 8.0.23-8.0.41 release boundary review.
alter_table	alter_branch	drop_check	unchanged	references/statements/ddl/table/alter_table.md	references/statements/ddl/table/alter_table.md	https://dev.mysql.com/doc/refman/8.0/en/alter-table.html	static_reviewed	No statement factor/value change was identified in the 8.0.23-8.0.41 release boundary review.
alter_table	alter_branch	drop_column	unchanged	references/statements/ddl/table/alter_table.md	references/statements/ddl/table/alter_table.md	https://dev.mysql.com/doc/refman/8.0/en/alter-table.html	static_reviewed	No statement factor/value change was identified in the 8.0.23-8.0.41 release boundary review.
alter_table	alter_branch	drop_foreign_key	unchanged	references/statements/ddl/table/alter_table.md	references/statements/ddl/table/alter_table.md	https://dev.mysql.com/doc/refman/8.0/en/alter-table.html	static_reviewed	No statement factor/value change was identified in the 8.0.23-8.0.41 release boundary review.
alter_table	alter_branch	drop_index	unchanged	references/statements/ddl/table/alter_table.md	references/statements/ddl/table/alter_table.md	https://dev.mysql.com/doc/refman/8.0/en/alter-table.html	static_reviewed	No statement factor/value change was identified in the 8.0.23-8.0.41 release boundary review.
alter_table	alter_branch	drop_primary_key	unchanged	references/statements/ddl/table/alter_table.md	references/statements/ddl/table/alter_table.md	https://dev.mysql.com/doc/refman/8.0/en/alter-table.html	static_reviewed	No statement factor/value change was identified in the 8.0.23-8.0.41 release boundary review.
alter_table	alter_branch	modify_column	unchanged	references/statements/ddl/table/alter_table.md	references/statements/ddl/table/alter_table.md	https://dev.mysql.com/doc/refman/8.0/en/alter-table.html	static_reviewed	No statement factor/value change was identified in the 8.0.23-8.0.41 release boundary review.
alter_table	alter_branch	partition_options	unchanged	references/statements/ddl/table/alter_table.md	references/statements/ddl/table/alter_table.md	https://dev.mysql.com/doc/refman/8.0/en/alter-table.html	static_reviewed	No statement factor/value change was identified in the 8.0.23-8.0.41 release boundary review.
alter_table	alter_branch	rename_column	unchanged	references/statements/ddl/table/alter_table.md	references/statements/ddl/table/alter_table.md	https://dev.mysql.com/doc/refman/8.0/en/alter-table.html	static_reviewed	No statement factor/value change was identified in the 8.0.23-8.0.41 release boundary review.
alter_table	alter_branch	rename_index	unchanged	references/statements/ddl/table/alter_table.md	references/statements/ddl/table/alter_table.md	https://dev.mysql.com/doc/refman/8.0/en/alter-table.html	static_reviewed	No statement factor/value change was identified in the 8.0.23-8.0.41 release boundary review.
alter_table	alter_branch	rename_table	unchanged	references/statements/ddl/table/alter_table.md	references/statements/ddl/table/alter_table.md	https://dev.mysql.com/doc/refman/8.0/en/alter-table.html	static_reviewed	No statement factor/value change was identified in the 8.0.23-8.0.41 release boundary review.
alter_table	alter_branch	table_options	unchanged	references/statements/ddl/table/alter_table.md	references/statements/ddl/table/alter_table.md	https://dev.mysql.com/doc/refman/8.0/en/alter-table.html	static_reviewed	No statement factor/value change was identified in the 8.0.23-8.0.41 release boundary review.
alter_table	column_position_shape	after_column	unchanged	references/statements/ddl/table/alter_table.md	references/statements/ddl/table/alter_table.md	https://dev.mysql.com/doc/refman/8.0/en/alter-table.html	static_reviewed	No statement factor/value change was identified in the 8.0.23-8.0.41 release boundary review.
alter_table	column_position_shape	first	unchanged	references/statements/ddl/table/alter_table.md	references/statements/ddl/table/alter_table.md	https://dev.mysql.com/doc/refman/8.0/en/alter-table.html	static_reviewed	No statement factor/value change was identified in the 8.0.23-8.0.41 release boundary review.
alter_table	column_position_shape	omitted	unchanged	references/statements/ddl/table/alter_table.md	references/statements/ddl/table/alter_table.md	https://dev.mysql.com/doc/refman/8.0/en/alter-table.html	static_reviewed	No statement factor/value change was identified in the 8.0.23-8.0.41 release boundary review.
alter_table	expected_status	failure	unchanged	references/statements/ddl/table/alter_table.md	references/statements/ddl/table/alter_table.md	https://dev.mysql.com/doc/refman/8.0/en/alter-table.html	static_reviewed	No statement factor/value change was identified in the 8.0.23-8.0.41 release boundary review.
alter_table	expected_status	success	unchanged	references/statements/ddl/table/alter_table.md	references/statements/ddl/table/alter_table.md	https://dev.mysql.com/doc/refman/8.0/en/alter-table.html	static_reviewed	No statement factor/value change was identified in the 8.0.23-8.0.41 release boundary review.
alter_table	index_visibility_shape	invisible	unchanged	references/statements/ddl/table/alter_table.md	references/statements/ddl/table/alter_table.md	https://dev.mysql.com/doc/refman/8.0/en/alter-table.html	static_reviewed	No statement factor/value change was identified in the 8.0.23-8.0.41 release boundary review.
alter_table	index_visibility_shape	omitted	unchanged	references/statements/ddl/table/alter_table.md	references/statements/ddl/table/alter_table.md	https://dev.mysql.com/doc/refman/8.0/en/alter-table.html	static_reviewed	No statement factor/value change was identified in the 8.0.23-8.0.41 release boundary review.
alter_table	index_visibility_shape	visible	unchanged	references/statements/ddl/table/alter_table.md	references/statements/ddl/table/alter_table.md	https://dev.mysql.com/doc/refman/8.0/en/alter-table.html	static_reviewed	No statement factor/value change was identified in the 8.0.23-8.0.41 release boundary review.
alter_table	invalid_combination	autoextend_size_8_0_23_excluded	unchanged	references/statements/ddl/table/alter_table.md	references/statements/ddl/table/alter_table.md	https://dev.mysql.com/doc/refman/8.0/en/alter-table.html	static_reviewed	No statement factor/value change was identified in the 8.0.23-8.0.41 release boundary review.
alter_table	invalid_combination	invisible_column_8_0_23_excluded	unchanged	references/statements/ddl/table/alter_table.md	references/statements/ddl/table/alter_table.md	https://dev.mysql.com/doc/refman/8.0/en/alter-table.html	static_reviewed	No statement factor/value change was identified in the 8.0.23-8.0.41 release boundary review.
alter_table	invalid_combination	none	unchanged	references/statements/ddl/table/alter_table.md	references/statements/ddl/table/alter_table.md	https://dev.mysql.com/doc/refman/8.0/en/alter-table.html	static_reviewed	No statement factor/value change was identified in the 8.0.23-8.0.41 release boundary review.
alter_table	lock_option	default	unchanged	references/statements/ddl/table/alter_table.md	references/statements/ddl/table/alter_table.md	https://dev.mysql.com/doc/refman/8.0/en/alter-table.html	static_reviewed	No statement factor/value change was identified in the 8.0.23-8.0.41 release boundary review.
alter_table	lock_option	exclusive	unchanged	references/statements/ddl/table/alter_table.md	references/statements/ddl/table/alter_table.md	https://dev.mysql.com/doc/refman/8.0/en/alter-table.html	static_reviewed	No statement factor/value change was identified in the 8.0.23-8.0.41 release boundary review.
alter_table	lock_option	none	unchanged	references/statements/ddl/table/alter_table.md	references/statements/ddl/table/alter_table.md	https://dev.mysql.com/doc/refman/8.0/en/alter-table.html	static_reviewed	No statement factor/value change was identified in the 8.0.23-8.0.41 release boundary review.
alter_table	lock_option	omitted	unchanged	references/statements/ddl/table/alter_table.md	references/statements/ddl/table/alter_table.md	https://dev.mysql.com/doc/refman/8.0/en/alter-table.html	static_reviewed	No statement factor/value change was identified in the 8.0.23-8.0.41 release boundary review.
alter_table	lock_option	shared	unchanged	references/statements/ddl/table/alter_table.md	references/statements/ddl/table/alter_table.md	https://dev.mysql.com/doc/refman/8.0/en/alter-table.html	static_reviewed	No statement factor/value change was identified in the 8.0.23-8.0.41 release boundary review.
alter_table	table_state	exists	unchanged	references/statements/ddl/table/alter_table.md	references/statements/ddl/table/alter_table.md	https://dev.mysql.com/doc/refman/8.0/en/alter-table.html	static_reviewed	No statement factor/value change was identified in the 8.0.23-8.0.41 release boundary review.
alter_table	table_state	missing	unchanged	references/statements/ddl/table/alter_table.md	references/statements/ddl/table/alter_table.md	https://dev.mysql.com/doc/refman/8.0/en/alter-table.html	static_reviewed	No statement factor/value change was identified in the 8.0.23-8.0.41 release boundary review.
alter_table	table_state	wrong_object_type	unchanged	references/statements/ddl/table/alter_table.md	references/statements/ddl/table/alter_table.md	https://dev.mysql.com/doc/refman/8.0/en/alter-table.html	static_reviewed	No statement factor/value change was identified in the 8.0.23-8.0.41 release boundary review.
alter_table	validation_option	omitted	unchanged	references/statements/ddl/table/alter_table.md	references/statements/ddl/table/alter_table.md	https://dev.mysql.com/doc/refman/8.0/en/alter-table.html	static_reviewed	No statement factor/value change was identified in the 8.0.23-8.0.41 release boundary review.
alter_table	validation_option	with_validation	unchanged	references/statements/ddl/table/alter_table.md	references/statements/ddl/table/alter_table.md	https://dev.mysql.com/doc/refman/8.0/en/alter-table.html	static_reviewed	No statement factor/value change was identified in the 8.0.23-8.0.41 release boundary review.
alter_table	validation_option	without_validation	unchanged	references/statements/ddl/table/alter_table.md	references/statements/ddl/table/alter_table.md	https://dev.mysql.com/doc/refman/8.0/en/alter-table.html	static_reviewed	No statement factor/value change was identified in the 8.0.23-8.0.41 release boundary review.
alter_tablespace	alteration_shape	add_datafile	unchanged	references/statements/ddl/tablespace/alter_tablespace.md	references/statements/ddl/tablespace/alter_tablespace.md	https://dev.mysql.com/doc/refman/8.0/en/alter-tablespace.html	static_reviewed	No statement factor/value change was identified in the 8.0.23-8.0.41 release boundary review.
alter_tablespace	alteration_shape	ndb_drop_file	unchanged	references/statements/ddl/tablespace/alter_tablespace.md	references/statements/ddl/tablespace/alter_tablespace.md	https://dev.mysql.com/doc/refman/8.0/en/alter-tablespace.html	static_reviewed	No statement factor/value change was identified in the 8.0.23-8.0.41 release boundary review.
alter_tablespace	alteration_shape	set_active	unchanged	references/statements/ddl/tablespace/alter_tablespace.md	references/statements/ddl/tablespace/alter_tablespace.md	https://dev.mysql.com/doc/refman/8.0/en/alter-tablespace.html	static_reviewed	No statement factor/value change was identified in the 8.0.23-8.0.41 release boundary review.
alter_tablespace	alteration_shape	set_inactive	unchanged	references/statements/ddl/tablespace/alter_tablespace.md	references/statements/ddl/tablespace/alter_tablespace.md	https://dev.mysql.com/doc/refman/8.0/en/alter-tablespace.html	static_reviewed	No statement factor/value change was identified in the 8.0.23-8.0.41 release boundary review.
alter_tablespace	execution_mode	isolated_positive	unchanged	references/statements/ddl/tablespace/alter_tablespace.md	references/statements/ddl/tablespace/alter_tablespace.md	https://dev.mysql.com/doc/refman/8.0/en/alter-tablespace.html	static_reviewed	No statement factor/value change was identified in the 8.0.23-8.0.41 release boundary review.
alter_tablespace	execution_mode	safe_negative	unchanged	references/statements/ddl/tablespace/alter_tablespace.md	references/statements/ddl/tablespace/alter_tablespace.md	https://dev.mysql.com/doc/refman/8.0/en/alter-tablespace.html	static_reviewed	No statement factor/value change was identified in the 8.0.23-8.0.41 release boundary review.
alter_tablespace	execution_mode	skip_ndb	unchanged	references/statements/ddl/tablespace/alter_tablespace.md	references/statements/ddl/tablespace/alter_tablespace.md	https://dev.mysql.com/doc/refman/8.0/en/alter-tablespace.html	static_reviewed	No statement factor/value change was identified in the 8.0.23-8.0.41 release boundary review.
alter_tablespace	expected_status	failure	unchanged	references/statements/ddl/tablespace/alter_tablespace.md	references/statements/ddl/tablespace/alter_tablespace.md	https://dev.mysql.com/doc/refman/8.0/en/alter-tablespace.html	static_reviewed	No statement factor/value change was identified in the 8.0.23-8.0.41 release boundary review.
alter_tablespace	expected_status	success	unchanged	references/statements/ddl/tablespace/alter_tablespace.md	references/statements/ddl/tablespace/alter_tablespace.md	https://dev.mysql.com/doc/refman/8.0/en/alter-tablespace.html	static_reviewed	No statement factor/value change was identified in the 8.0.23-8.0.41 release boundary review.
alter_tablespace	tablespace_state	exists	unchanged	references/statements/ddl/tablespace/alter_tablespace.md	references/statements/ddl/tablespace/alter_tablespace.md	https://dev.mysql.com/doc/refman/8.0/en/alter-tablespace.html	static_reviewed	No statement factor/value change was identified in the 8.0.23-8.0.41 release boundary review.
alter_tablespace	tablespace_state	missing	unchanged	references/statements/ddl/tablespace/alter_tablespace.md	references/statements/ddl/tablespace/alter_tablespace.md	https://dev.mysql.com/doc/refman/8.0/en/alter-tablespace.html	static_reviewed	No statement factor/value change was identified in the 8.0.23-8.0.41 release boundary review.
alter_tablespace	tablespace_state	non_empty	unchanged	references/statements/ddl/tablespace/alter_tablespace.md	references/statements/ddl/tablespace/alter_tablespace.md	https://dev.mysql.com/doc/refman/8.0/en/alter-tablespace.html	static_reviewed	No statement factor/value change was identified in the 8.0.23-8.0.41 release boundary review.
alter_user	account_lock_shape	lock	changed	references/statements/account/user/alter_user.md	references/statements/account/user/alter_user.md	https://dev.mysql.com/doc/relnotes/mysql/8.0/en/news-8-0-27.html	static_reviewed	Statement semantics or syntax changed in the cited intervening release.
alter_user	account_lock_shape	omitted	changed	references/statements/account/user/alter_user.md	references/statements/account/user/alter_user.md	https://dev.mysql.com/doc/relnotes/mysql/8.0/en/news-8-0-27.html	static_reviewed	Statement semantics or syntax changed in the cited intervening release.
alter_user	account_lock_shape	unlock	changed	references/statements/account/user/alter_user.md	references/statements/account/user/alter_user.md	https://dev.mysql.com/doc/relnotes/mysql/8.0/en/news-8-0-27.html	static_reviewed	Statement semantics or syntax changed in the cited intervening release.
alter_user	account_state	exists	changed	references/statements/account/user/alter_user.md	references/statements/account/user/alter_user.md	https://dev.mysql.com/doc/relnotes/mysql/8.0/en/news-8-0-27.html	static_reviewed	Statement semantics or syntax changed in the cited intervening release.
alter_user	account_state	missing	changed	references/statements/account/user/alter_user.md	references/statements/account/user/alter_user.md	https://dev.mysql.com/doc/relnotes/mysql/8.0/en/news-8-0-27.html	static_reviewed	Statement semantics or syntax changed in the cited intervening release.
alter_user	alter_branch	account_lock	changed	references/statements/account/user/alter_user.md	references/statements/account/user/alter_user.md	https://dev.mysql.com/doc/relnotes/mysql/8.0/en/news-8-0-27.html	static_reviewed	Statement semantics or syntax changed in the cited intervening release.
alter_user	alter_branch	authentication	changed	references/statements/account/user/alter_user.md	references/statements/account/user/alter_user.md	https://dev.mysql.com/doc/relnotes/mysql/8.0/en/news-8-0-27.html	static_reviewed	Statement semantics or syntax changed in the cited intervening release.
alter_user	alter_branch	comment_attribute	changed	references/statements/account/user/alter_user.md	references/statements/account/user/alter_user.md	https://dev.mysql.com/doc/relnotes/mysql/8.0/en/news-8-0-27.html	static_reviewed	Statement semantics or syntax changed in the cited intervening release.
alter_user	alter_branch	password_expire	changed	references/statements/account/user/alter_user.md	references/statements/account/user/alter_user.md	https://dev.mysql.com/doc/relnotes/mysql/8.0/en/news-8-0-27.html	static_reviewed	Statement semantics or syntax changed in the cited intervening release.
alter_user	alter_branch	resource_limits	changed	references/statements/account/user/alter_user.md	references/statements/account/user/alter_user.md	https://dev.mysql.com/doc/relnotes/mysql/8.0/en/news-8-0-27.html	static_reviewed	Statement semantics or syntax changed in the cited intervening release.
alter_user	attribute_shape	attribute_json	changed	references/statements/account/user/alter_user.md	references/statements/account/user/alter_user.md	https://dev.mysql.com/doc/relnotes/mysql/8.0/en/news-8-0-27.html	static_reviewed	Statement semantics or syntax changed in the cited intervening release.
alter_user	attribute_shape	comment	changed	references/statements/account/user/alter_user.md	references/statements/account/user/alter_user.md	https://dev.mysql.com/doc/relnotes/mysql/8.0/en/news-8-0-27.html	static_reviewed	Statement semantics or syntax changed in the cited intervening release.
alter_user	attribute_shape	omitted	changed	references/statements/account/user/alter_user.md	references/statements/account/user/alter_user.md	https://dev.mysql.com/doc/relnotes/mysql/8.0/en/news-8-0-27.html	static_reviewed	Statement semantics or syntax changed in the cited intervening release.
alter_user	auth_shape	add_authentication_factor	added		references/statements/account/user/alter_user.md	https://dev.mysql.com/doc/relnotes/mysql/8.0/en/news-8-0-27.html	static_reviewed	Factor/value is available in 8.0.41 and absent from the 8.0.22 edition.
alter_user	auth_shape	discard_old_password	changed	references/statements/account/user/alter_user.md	references/statements/account/user/alter_user.md	https://dev.mysql.com/doc/relnotes/mysql/8.0/en/news-8-0-27.html	static_reviewed	Statement semantics or syntax changed in the cited intervening release.
alter_user	auth_shape	drop_authentication_factor	added		references/statements/account/user/alter_user.md	https://dev.mysql.com/doc/relnotes/mysql/8.0/en/news-8-0-27.html	static_reviewed	Factor/value is available in 8.0.41 and absent from the 8.0.22 edition.
alter_user	auth_shape	identified_by_password	changed	references/statements/account/user/alter_user.md	references/statements/account/user/alter_user.md	https://dev.mysql.com/doc/relnotes/mysql/8.0/en/news-8-0-27.html	static_reviewed	Statement semantics or syntax changed in the cited intervening release.
alter_user	auth_shape	identified_with_plugin	changed	references/statements/account/user/alter_user.md	references/statements/account/user/alter_user.md	https://dev.mysql.com/doc/relnotes/mysql/8.0/en/news-8-0-27.html	static_reviewed	Statement semantics or syntax changed in the cited intervening release.
alter_user	auth_shape	modify_authentication_factor	added		references/statements/account/user/alter_user.md	https://dev.mysql.com/doc/relnotes/mysql/8.0/en/news-8-0-27.html	static_reviewed	Factor/value is available in 8.0.41 and absent from the 8.0.22 edition.
alter_user	expected_status	failure	changed	references/statements/account/user/alter_user.md	references/statements/account/user/alter_user.md	https://dev.mysql.com/doc/relnotes/mysql/8.0/en/news-8-0-27.html	static_reviewed	Statement semantics or syntax changed in the cited intervening release.
alter_user	expected_status	success	changed	references/statements/account/user/alter_user.md	references/statements/account/user/alter_user.md	https://dev.mysql.com/doc/relnotes/mysql/8.0/en/news-8-0-27.html	static_reviewed	Statement semantics or syntax changed in the cited intervening release.
alter_user	if_exists	omitted	changed	references/statements/account/user/alter_user.md	references/statements/account/user/alter_user.md	https://dev.mysql.com/doc/relnotes/mysql/8.0/en/news-8-0-27.html	static_reviewed	Statement semantics or syntax changed in the cited intervening release.
alter_user	if_exists	present	changed	references/statements/account/user/alter_user.md	references/statements/account/user/alter_user.md	https://dev.mysql.com/doc/relnotes/mysql/8.0/en/news-8-0-27.html	static_reviewed	Statement semantics or syntax changed in the cited intervening release.
alter_user	password_lifecycle_shape	omitted	changed	references/statements/account/user/alter_user.md	references/statements/account/user/alter_user.md	https://dev.mysql.com/doc/relnotes/mysql/8.0/en/news-8-0-27.html	static_reviewed	Statement semantics or syntax changed in the cited intervening release.
alter_user	password_lifecycle_shape	password_expire	changed	references/statements/account/user/alter_user.md	references/statements/account/user/alter_user.md	https://dev.mysql.com/doc/relnotes/mysql/8.0/en/news-8-0-27.html	static_reviewed	Statement semantics or syntax changed in the cited intervening release.
alter_user	password_lifecycle_shape	password_history	changed	references/statements/account/user/alter_user.md	references/statements/account/user/alter_user.md	https://dev.mysql.com/doc/relnotes/mysql/8.0/en/news-8-0-27.html	static_reviewed	Statement semantics or syntax changed in the cited intervening release.
alter_user	password_lifecycle_shape	password_reuse_interval	changed	references/statements/account/user/alter_user.md	references/statements/account/user/alter_user.md	https://dev.mysql.com/doc/relnotes/mysql/8.0/en/news-8-0-27.html	static_reviewed	Statement semantics or syntax changed in the cited intervening release.
alter_view	algorithm	merge	unchanged	references/statements/ddl/view/alter_view.md	references/statements/ddl/view/alter_view.md	https://dev.mysql.com/doc/refman/8.0/en/alter-view.html	static_reviewed	No statement factor/value change was identified in the 8.0.23-8.0.41 release boundary review.
alter_view	algorithm	omitted	unchanged	references/statements/ddl/view/alter_view.md	references/statements/ddl/view/alter_view.md	https://dev.mysql.com/doc/refman/8.0/en/alter-view.html	static_reviewed	No statement factor/value change was identified in the 8.0.23-8.0.41 release boundary review.
alter_view	algorithm	temptable	unchanged	references/statements/ddl/view/alter_view.md	references/statements/ddl/view/alter_view.md	https://dev.mysql.com/doc/refman/8.0/en/alter-view.html	static_reviewed	No statement factor/value change was identified in the 8.0.23-8.0.41 release boundary review.
alter_view	algorithm	undefined	unchanged	references/statements/ddl/view/alter_view.md	references/statements/ddl/view/alter_view.md	https://dev.mysql.com/doc/refman/8.0/en/alter-view.html	static_reviewed	No statement factor/value change was identified in the 8.0.23-8.0.41 release boundary review.
alter_view	check_option	cascaded	unchanged	references/statements/ddl/view/alter_view.md	references/statements/ddl/view/alter_view.md	https://dev.mysql.com/doc/refman/8.0/en/alter-view.html	static_reviewed	No statement factor/value change was identified in the 8.0.23-8.0.41 release boundary review.
alter_view	check_option	local	unchanged	references/statements/ddl/view/alter_view.md	references/statements/ddl/view/alter_view.md	https://dev.mysql.com/doc/refman/8.0/en/alter-view.html	static_reviewed	No statement factor/value change was identified in the 8.0.23-8.0.41 release boundary review.
alter_view	check_option	omitted	unchanged	references/statements/ddl/view/alter_view.md	references/statements/ddl/view/alter_view.md	https://dev.mysql.com/doc/refman/8.0/en/alter-view.html	static_reviewed	No statement factor/value change was identified in the 8.0.23-8.0.41 release boundary review.
alter_view	expected_status	failure	unchanged	references/statements/ddl/view/alter_view.md	references/statements/ddl/view/alter_view.md	https://dev.mysql.com/doc/refman/8.0/en/alter-view.html	static_reviewed	No statement factor/value change was identified in the 8.0.23-8.0.41 release boundary review.
alter_view	expected_status	success	unchanged	references/statements/ddl/view/alter_view.md	references/statements/ddl/view/alter_view.md	https://dev.mysql.com/doc/refman/8.0/en/alter-view.html	static_reviewed	No statement factor/value change was identified in the 8.0.23-8.0.41 release boundary review.
alter_view	security_type	definer	unchanged	references/statements/ddl/view/alter_view.md	references/statements/ddl/view/alter_view.md	https://dev.mysql.com/doc/refman/8.0/en/alter-view.html	static_reviewed	No statement factor/value change was identified in the 8.0.23-8.0.41 release boundary review.
alter_view	security_type	invoker	unchanged	references/statements/ddl/view/alter_view.md	references/statements/ddl/view/alter_view.md	https://dev.mysql.com/doc/refman/8.0/en/alter-view.html	static_reviewed	No statement factor/value change was identified in the 8.0.23-8.0.41 release boundary review.
alter_view	security_type	omitted	unchanged	references/statements/ddl/view/alter_view.md	references/statements/ddl/view/alter_view.md	https://dev.mysql.com/doc/refman/8.0/en/alter-view.html	static_reviewed	No statement factor/value change was identified in the 8.0.23-8.0.41 release boundary review.
alter_view	view_state	exists	unchanged	references/statements/ddl/view/alter_view.md	references/statements/ddl/view/alter_view.md	https://dev.mysql.com/doc/refman/8.0/en/alter-view.html	static_reviewed	No statement factor/value change was identified in the 8.0.23-8.0.41 release boundary review.
alter_view	view_state	missing	unchanged	references/statements/ddl/view/alter_view.md	references/statements/ddl/view/alter_view.md	https://dev.mysql.com/doc/refman/8.0/en/alter-view.html	static_reviewed	No statement factor/value change was identified in the 8.0.23-8.0.41 release boundary review.
analyze_table	binlog_modifier	local	changed	references/statements/utility/statistics/analyze_table.md	references/statements/utility/statistics/analyze_table.md	https://dev.mysql.com/doc/relnotes/mysql/8.0/en/news-8-0-31.html	static_reviewed	Statement semantics or syntax changed in the cited intervening release.
analyze_table	binlog_modifier	no_write_to_binlog	changed	references/statements/utility/statistics/analyze_table.md	references/statements/utility/statistics/analyze_table.md	https://dev.mysql.com/doc/relnotes/mysql/8.0/en/news-8-0-31.html	static_reviewed	Statement semantics or syntax changed in the cited intervening release.
analyze_table	binlog_modifier	omitted	changed	references/statements/utility/statistics/analyze_table.md	references/statements/utility/statistics/analyze_table.md	https://dev.mysql.com/doc/relnotes/mysql/8.0/en/news-8-0-31.html	static_reviewed	Statement semantics or syntax changed in the cited intervening release.
analyze_table	expected_status	failure	changed	references/statements/utility/statistics/analyze_table.md	references/statements/utility/statistics/analyze_table.md	https://dev.mysql.com/doc/relnotes/mysql/8.0/en/news-8-0-31.html	static_reviewed	Statement semantics or syntax changed in the cited intervening release.
analyze_table	expected_status	success	changed	references/statements/utility/statistics/analyze_table.md	references/statements/utility/statistics/analyze_table.md	https://dev.mysql.com/doc/relnotes/mysql/8.0/en/news-8-0-31.html	static_reviewed	Statement semantics or syntax changed in the cited intervening release.
analyze_table	histogram_bucket_shape	omitted	changed	references/statements/utility/statistics/analyze_table.md	references/statements/utility/statistics/analyze_table.md	https://dev.mysql.com/doc/relnotes/mysql/8.0/en/news-8-0-31.html	static_reviewed	Statement semantics or syntax changed in the cited intervening release.
analyze_table	histogram_bucket_shape	using_data_json	added		references/statements/utility/statistics/analyze_table.md	https://dev.mysql.com/doc/relnotes/mysql/8.0/en/news-8-0-31.html	static_reviewed	Factor/value is available in 8.0.41 and absent from the 8.0.22 edition.
analyze_table	histogram_bucket_shape	with_10_buckets	changed	references/statements/utility/statistics/analyze_table.md	references/statements/utility/statistics/analyze_table.md	https://dev.mysql.com/doc/relnotes/mysql/8.0/en/news-8-0-31.html	static_reviewed	Statement semantics or syntax changed in the cited intervening release.
analyze_table	statement_branch	drop_histogram	changed	references/statements/utility/statistics/analyze_table.md	references/statements/utility/statistics/analyze_table.md	https://dev.mysql.com/doc/relnotes/mysql/8.0/en/news-8-0-31.html	static_reviewed	Statement semantics or syntax changed in the cited intervening release.
analyze_table	statement_branch	key_distribution	changed	references/statements/utility/statistics/analyze_table.md	references/statements/utility/statistics/analyze_table.md	https://dev.mysql.com/doc/relnotes/mysql/8.0/en/news-8-0-31.html	static_reviewed	Statement semantics or syntax changed in the cited intervening release.
analyze_table	statement_branch	update_histogram	changed	references/statements/utility/statistics/analyze_table.md	references/statements/utility/statistics/analyze_table.md	https://dev.mysql.com/doc/relnotes/mysql/8.0/en/news-8-0-31.html	static_reviewed	Statement semantics or syntax changed in the cited intervening release.
analyze_table	table_state	exists	changed	references/statements/utility/statistics/analyze_table.md	references/statements/utility/statistics/analyze_table.md	https://dev.mysql.com/doc/relnotes/mysql/8.0/en/news-8-0-31.html	static_reviewed	Statement semantics or syntax changed in the cited intervening release.
analyze_table	table_state	missing	changed	references/statements/utility/statistics/analyze_table.md	references/statements/utility/statistics/analyze_table.md	https://dev.mysql.com/doc/relnotes/mysql/8.0/en/news-8-0-31.html	static_reviewed	Statement semantics or syntax changed in the cited intervening release.
call	expected_status	failure	unchanged	references/statements/dml/routine/call.md	references/statements/dml/routine/call.md	https://dev.mysql.com/doc/refman/8.0/en/call.html	static_reviewed	No statement factor/value change was identified in the 8.0.23-8.0.41 release boundary review.
call	expected_status	success	unchanged	references/statements/dml/routine/call.md	references/statements/dml/routine/call.md	https://dev.mysql.com/doc/refman/8.0/en/call.html	static_reviewed	No statement factor/value change was identified in the 8.0.23-8.0.41 release boundary review.
call	parameter_shape	in_parameter	unchanged	references/statements/dml/routine/call.md	references/statements/dml/routine/call.md	https://dev.mysql.com/doc/refman/8.0/en/call.html	static_reviewed	No statement factor/value change was identified in the 8.0.23-8.0.41 release boundary review.
call	parameter_shape	inout_parameter	unchanged	references/statements/dml/routine/call.md	references/statements/dml/routine/call.md	https://dev.mysql.com/doc/refman/8.0/en/call.html	static_reviewed	No statement factor/value change was identified in the 8.0.23-8.0.41 release boundary review.
call	parameter_shape	no_parameter	unchanged	references/statements/dml/routine/call.md	references/statements/dml/routine/call.md	https://dev.mysql.com/doc/refman/8.0/en/call.html	static_reviewed	No statement factor/value change was identified in the 8.0.23-8.0.41 release boundary review.
call	parameter_shape	out_parameter	unchanged	references/statements/dml/routine/call.md	references/statements/dml/routine/call.md	https://dev.mysql.com/doc/refman/8.0/en/call.html	static_reviewed	No statement factor/value change was identified in the 8.0.23-8.0.41 release boundary review.
call	parentheses_shape	omitted_when_no_arg	unchanged	references/statements/dml/routine/call.md	references/statements/dml/routine/call.md	https://dev.mysql.com/doc/refman/8.0/en/call.html	static_reviewed	No statement factor/value change was identified in the 8.0.23-8.0.41 release boundary review.
call	parentheses_shape	present	unchanged	references/statements/dml/routine/call.md	references/statements/dml/routine/call.md	https://dev.mysql.com/doc/refman/8.0/en/call.html	static_reviewed	No statement factor/value change was identified in the 8.0.23-8.0.41 release boundary review.
call	prepared_call_shape	not_prepared	unchanged	references/statements/dml/routine/call.md	references/statements/dml/routine/call.md	https://dev.mysql.com/doc/refman/8.0/en/call.html	static_reviewed	No statement factor/value change was identified in the 8.0.23-8.0.41 release boundary review.
call	prepared_call_shape	prepared_with_markers	unchanged	references/statements/dml/routine/call.md	references/statements/dml/routine/call.md	https://dev.mysql.com/doc/refman/8.0/en/call.html	static_reviewed	No statement factor/value change was identified in the 8.0.23-8.0.41 release boundary review.
call	procedure_state	exists	unchanged	references/statements/dml/routine/call.md	references/statements/dml/routine/call.md	https://dev.mysql.com/doc/refman/8.0/en/call.html	static_reviewed	No statement factor/value change was identified in the 8.0.23-8.0.41 release boundary review.
call	procedure_state	missing	unchanged	references/statements/dml/routine/call.md	references/statements/dml/routine/call.md	https://dev.mysql.com/doc/refman/8.0/en/call.html	static_reviewed	No statement factor/value change was identified in the 8.0.23-8.0.41 release boundary review.
call	procedure_state	wrong_routine_type	unchanged	references/statements/dml/routine/call.md	references/statements/dml/routine/call.md	https://dev.mysql.com/doc/refman/8.0/en/call.html	static_reviewed	No statement factor/value change was identified in the 8.0.23-8.0.41 release boundary review.
check_table	check_option	changed	unchanged	references/statements/utility/maintenance/check_table.md	references/statements/utility/maintenance/check_table.md	https://dev.mysql.com/doc/refman/8.0/en/check-table.html	static_reviewed	No statement factor/value change was identified in the 8.0.23-8.0.41 release boundary review.
check_table	check_option	extended	unchanged	references/statements/utility/maintenance/check_table.md	references/statements/utility/maintenance/check_table.md	https://dev.mysql.com/doc/refman/8.0/en/check-table.html	static_reviewed	No statement factor/value change was identified in the 8.0.23-8.0.41 release boundary review.
check_table	check_option	fast	unchanged	references/statements/utility/maintenance/check_table.md	references/statements/utility/maintenance/check_table.md	https://dev.mysql.com/doc/refman/8.0/en/check-table.html	static_reviewed	No statement factor/value change was identified in the 8.0.23-8.0.41 release boundary review.
check_table	check_option	for_upgrade	unchanged	references/statements/utility/maintenance/check_table.md	references/statements/utility/maintenance/check_table.md	https://dev.mysql.com/doc/refman/8.0/en/check-table.html	static_reviewed	No statement factor/value change was identified in the 8.0.23-8.0.41 release boundary review.
check_table	check_option	medium	unchanged	references/statements/utility/maintenance/check_table.md	references/statements/utility/maintenance/check_table.md	https://dev.mysql.com/doc/refman/8.0/en/check-table.html	static_reviewed	No statement factor/value change was identified in the 8.0.23-8.0.41 release boundary review.
check_table	check_option	omitted	unchanged	references/statements/utility/maintenance/check_table.md	references/statements/utility/maintenance/check_table.md	https://dev.mysql.com/doc/refman/8.0/en/check-table.html	static_reviewed	No statement factor/value change was identified in the 8.0.23-8.0.41 release boundary review.
check_table	check_option	quick	unchanged	references/statements/utility/maintenance/check_table.md	references/statements/utility/maintenance/check_table.md	https://dev.mysql.com/doc/refman/8.0/en/check-table.html	static_reviewed	No statement factor/value change was identified in the 8.0.23-8.0.41 release boundary review.
check_table	engine_shape	archive	unchanged	references/statements/utility/maintenance/check_table.md	references/statements/utility/maintenance/check_table.md	https://dev.mysql.com/doc/refman/8.0/en/check-table.html	static_reviewed	No statement factor/value change was identified in the 8.0.23-8.0.41 release boundary review.
check_table	engine_shape	csv	unchanged	references/statements/utility/maintenance/check_table.md	references/statements/utility/maintenance/check_table.md	https://dev.mysql.com/doc/refman/8.0/en/check-table.html	static_reviewed	No statement factor/value change was identified in the 8.0.23-8.0.41 release boundary review.
check_table	engine_shape	innodb	unchanged	references/statements/utility/maintenance/check_table.md	references/statements/utility/maintenance/check_table.md	https://dev.mysql.com/doc/refman/8.0/en/check-table.html	static_reviewed	No statement factor/value change was identified in the 8.0.23-8.0.41 release boundary review.
check_table	engine_shape	myisam	unchanged	references/statements/utility/maintenance/check_table.md	references/statements/utility/maintenance/check_table.md	https://dev.mysql.com/doc/refman/8.0/en/check-table.html	static_reviewed	No statement factor/value change was identified in the 8.0.23-8.0.41 release boundary review.
check_table	expected_status	failure	unchanged	references/statements/utility/maintenance/check_table.md	references/statements/utility/maintenance/check_table.md	https://dev.mysql.com/doc/refman/8.0/en/check-table.html	static_reviewed	No statement factor/value change was identified in the 8.0.23-8.0.41 release boundary review.
check_table	expected_status	success	unchanged	references/statements/utility/maintenance/check_table.md	references/statements/utility/maintenance/check_table.md	https://dev.mysql.com/doc/refman/8.0/en/check-table.html	static_reviewed	No statement factor/value change was identified in the 8.0.23-8.0.41 release boundary review.
check_table	target_state	missing	unchanged	references/statements/utility/maintenance/check_table.md	references/statements/utility/maintenance/check_table.md	https://dev.mysql.com/doc/refman/8.0/en/check-table.html	static_reviewed	No statement factor/value change was identified in the 8.0.23-8.0.41 release boundary review.
check_table	target_state	table_exists	unchanged	references/statements/utility/maintenance/check_table.md	references/statements/utility/maintenance/check_table.md	https://dev.mysql.com/doc/refman/8.0/en/check-table.html	static_reviewed	No statement factor/value change was identified in the 8.0.23-8.0.41 release boundary review.
check_table	target_state	view_exists	unchanged	references/statements/utility/maintenance/check_table.md	references/statements/utility/maintenance/check_table.md	https://dev.mysql.com/doc/refman/8.0/en/check-table.html	static_reviewed	No statement factor/value change was identified in the 8.0.23-8.0.41 release boundary review.
checksum_table	checksum_option	extended	unchanged	references/statements/utility/maintenance/checksum_table.md	references/statements/utility/maintenance/checksum_table.md	https://dev.mysql.com/doc/refman/8.0/en/checksum-table.html	static_reviewed	No statement factor/value change was identified in the 8.0.23-8.0.41 release boundary review.
checksum_table	checksum_option	omitted	unchanged	references/statements/utility/maintenance/checksum_table.md	references/statements/utility/maintenance/checksum_table.md	https://dev.mysql.com/doc/refman/8.0/en/checksum-table.html	static_reviewed	No statement factor/value change was identified in the 8.0.23-8.0.41 release boundary review.
checksum_table	checksum_option	quick	unchanged	references/statements/utility/maintenance/checksum_table.md	references/statements/utility/maintenance/checksum_table.md	https://dev.mysql.com/doc/refman/8.0/en/checksum-table.html	static_reviewed	No statement factor/value change was identified in the 8.0.23-8.0.41 release boundary review.
checksum_table	engine_shape	innodb	unchanged	references/statements/utility/maintenance/checksum_table.md	references/statements/utility/maintenance/checksum_table.md	https://dev.mysql.com/doc/refman/8.0/en/checksum-table.html	static_reviewed	No statement factor/value change was identified in the 8.0.23-8.0.41 release boundary review.
checksum_table	engine_shape	myisam	unchanged	references/statements/utility/maintenance/checksum_table.md	references/statements/utility/maintenance/checksum_table.md	https://dev.mysql.com/doc/refman/8.0/en/checksum-table.html	static_reviewed	No statement factor/value change was identified in the 8.0.23-8.0.41 release boundary review.
checksum_table	expected_status	failure	unchanged	references/statements/utility/maintenance/checksum_table.md	references/statements/utility/maintenance/checksum_table.md	https://dev.mysql.com/doc/refman/8.0/en/checksum-table.html	static_reviewed	No statement factor/value change was identified in the 8.0.23-8.0.41 release boundary review.
checksum_table	expected_status	success	unchanged	references/statements/utility/maintenance/checksum_table.md	references/statements/utility/maintenance/checksum_table.md	https://dev.mysql.com/doc/refman/8.0/en/checksum-table.html	static_reviewed	No statement factor/value change was identified in the 8.0.23-8.0.41 release boundary review.
checksum_table	target_state	missing	unchanged	references/statements/utility/maintenance/checksum_table.md	references/statements/utility/maintenance/checksum_table.md	https://dev.mysql.com/doc/refman/8.0/en/checksum-table.html	static_reviewed	No statement factor/value change was identified in the 8.0.23-8.0.41 release boundary review.
checksum_table	target_state	table_exists	unchanged	references/statements/utility/maintenance/checksum_table.md	references/statements/utility/maintenance/checksum_table.md	https://dev.mysql.com/doc/refman/8.0/en/checksum-table.html	static_reviewed	No statement factor/value change was identified in the 8.0.23-8.0.41 release boundary review.
checksum_table	target_state	view_exists	unchanged	references/statements/utility/maintenance/checksum_table.md	references/statements/utility/maintenance/checksum_table.md	https://dev.mysql.com/doc/refman/8.0/en/checksum-table.html	static_reviewed	No statement factor/value change was identified in the 8.0.23-8.0.41 release boundary review.
close	cursor_state	closed	unchanged	references/statements/cursor/cursor/close.md	references/statements/cursor/cursor/close.md	https://dev.mysql.com/doc/refman/8.0/en/close.html	static_reviewed	No statement factor/value change was identified in the 8.0.23-8.0.41 release boundary review.
close	cursor_state	missing	unchanged	references/statements/cursor/cursor/close.md	references/statements/cursor/cursor/close.md	https://dev.mysql.com/doc/refman/8.0/en/close.html	static_reviewed	No statement factor/value change was identified in the 8.0.23-8.0.41 release boundary review.
close	cursor_state	open	unchanged	references/statements/cursor/cursor/close.md	references/statements/cursor/cursor/close.md	https://dev.mysql.com/doc/refman/8.0/en/close.html	static_reviewed	No statement factor/value change was identified in the 8.0.23-8.0.41 release boundary review.
close	expected_status	failure	unchanged	references/statements/cursor/cursor/close.md	references/statements/cursor/cursor/close.md	https://dev.mysql.com/doc/refman/8.0/en/close.html	static_reviewed	No statement factor/value change was identified in the 8.0.23-8.0.41 release boundary review.
close	expected_status	success	unchanged	references/statements/cursor/cursor/close.md	references/statements/cursor/cursor/close.md	https://dev.mysql.com/doc/refman/8.0/en/close.html	static_reviewed	No statement factor/value change was identified in the 8.0.23-8.0.41 release boundary review.
commit	chain_mode	and_chain	unchanged	references/statements/tcl/transaction/commit.md	references/statements/tcl/transaction/commit.md	https://dev.mysql.com/doc/refman/8.0/en/commit.html	static_reviewed	No statement factor/value change was identified in the 8.0.23-8.0.41 release boundary review.
commit	chain_mode	and_no_chain	unchanged	references/statements/tcl/transaction/commit.md	references/statements/tcl/transaction/commit.md	https://dev.mysql.com/doc/refman/8.0/en/commit.html	static_reviewed	No statement factor/value change was identified in the 8.0.23-8.0.41 release boundary review.
commit	chain_mode	omitted	unchanged	references/statements/tcl/transaction/commit.md	references/statements/tcl/transaction/commit.md	https://dev.mysql.com/doc/refman/8.0/en/commit.html	static_reviewed	No statement factor/value change was identified in the 8.0.23-8.0.41 release boundary review.
commit	expected_status	failure	unchanged	references/statements/tcl/transaction/commit.md	references/statements/tcl/transaction/commit.md	https://dev.mysql.com/doc/refman/8.0/en/commit.html	static_reviewed	No statement factor/value change was identified in the 8.0.23-8.0.41 release boundary review.
commit	expected_status	success	unchanged	references/statements/tcl/transaction/commit.md	references/statements/tcl/transaction/commit.md	https://dev.mysql.com/doc/refman/8.0/en/commit.html	static_reviewed	No statement factor/value change was identified in the 8.0.23-8.0.41 release boundary review.
commit	release_mode	no_release	unchanged	references/statements/tcl/transaction/commit.md	references/statements/tcl/transaction/commit.md	https://dev.mysql.com/doc/refman/8.0/en/commit.html	static_reviewed	No statement factor/value change was identified in the 8.0.23-8.0.41 release boundary review.
commit	release_mode	omitted	unchanged	references/statements/tcl/transaction/commit.md	references/statements/tcl/transaction/commit.md	https://dev.mysql.com/doc/refman/8.0/en/commit.html	static_reviewed	No statement factor/value change was identified in the 8.0.23-8.0.41 release boundary review.
commit	release_mode	release	unchanged	references/statements/tcl/transaction/commit.md	references/statements/tcl/transaction/commit.md	https://dev.mysql.com/doc/refman/8.0/en/commit.html	static_reviewed	No statement factor/value change was identified in the 8.0.23-8.0.41 release boundary review.
commit	work_keyword	omitted	unchanged	references/statements/tcl/transaction/commit.md	references/statements/tcl/transaction/commit.md	https://dev.mysql.com/doc/refman/8.0/en/commit.html	static_reviewed	No statement factor/value change was identified in the 8.0.23-8.0.41 release boundary review.
commit	work_keyword	present	unchanged	references/statements/tcl/transaction/commit.md	references/statements/tcl/transaction/commit.md	https://dev.mysql.com/doc/refman/8.0/en/commit.html	static_reviewed	No statement factor/value change was identified in the 8.0.23-8.0.41 release boundary review.
create_database	charset_option	omitted	unchanged	references/statements/ddl/database/create_database.md	references/statements/ddl/database/create_database.md	https://dev.mysql.com/doc/refman/8.0/en/create-database.html	static_reviewed	No statement factor/value change was identified in the 8.0.23-8.0.41 release boundary review.
create_database	charset_option	utf8mb4	unchanged	references/statements/ddl/database/create_database.md	references/statements/ddl/database/create_database.md	https://dev.mysql.com/doc/refman/8.0/en/create-database.html	static_reviewed	No statement factor/value change was identified in the 8.0.23-8.0.41 release boundary review.
create_database	collation_option	omitted	unchanged	references/statements/ddl/database/create_database.md	references/statements/ddl/database/create_database.md	https://dev.mysql.com/doc/refman/8.0/en/create-database.html	static_reviewed	No statement factor/value change was identified in the 8.0.23-8.0.41 release boundary review.
create_database	collation_option	utf8mb4_0900_ai_ci	unchanged	references/statements/ddl/database/create_database.md	references/statements/ddl/database/create_database.md	https://dev.mysql.com/doc/refman/8.0/en/create-database.html	static_reviewed	No statement factor/value change was identified in the 8.0.23-8.0.41 release boundary review.
create_database	encryption_option	default	unchanged	references/statements/ddl/database/create_database.md	references/statements/ddl/database/create_database.md	https://dev.mysql.com/doc/refman/8.0/en/create-database.html	static_reviewed	No statement factor/value change was identified in the 8.0.23-8.0.41 release boundary review.
create_database	encryption_option	n	unchanged	references/statements/ddl/database/create_database.md	references/statements/ddl/database/create_database.md	https://dev.mysql.com/doc/refman/8.0/en/create-database.html	static_reviewed	No statement factor/value change was identified in the 8.0.23-8.0.41 release boundary review.
create_database	encryption_option	omitted	unchanged	references/statements/ddl/database/create_database.md	references/statements/ddl/database/create_database.md	https://dev.mysql.com/doc/refman/8.0/en/create-database.html	static_reviewed	No statement factor/value change was identified in the 8.0.23-8.0.41 release boundary review.
create_database	encryption_option	y	unchanged	references/statements/ddl/database/create_database.md	references/statements/ddl/database/create_database.md	https://dev.mysql.com/doc/refman/8.0/en/create-database.html	static_reviewed	No statement factor/value change was identified in the 8.0.23-8.0.41 release boundary review.
create_database	expected_status	failure	unchanged	references/statements/ddl/database/create_database.md	references/statements/ddl/database/create_database.md	https://dev.mysql.com/doc/refman/8.0/en/create-database.html	static_reviewed	No statement factor/value change was identified in the 8.0.23-8.0.41 release boundary review.
create_database	expected_status	success	unchanged	references/statements/ddl/database/create_database.md	references/statements/ddl/database/create_database.md	https://dev.mysql.com/doc/refman/8.0/en/create-database.html	static_reviewed	No statement factor/value change was identified in the 8.0.23-8.0.41 release boundary review.
create_database	if_not_exists	omitted	unchanged	references/statements/ddl/database/create_database.md	references/statements/ddl/database/create_database.md	https://dev.mysql.com/doc/refman/8.0/en/create-database.html	static_reviewed	No statement factor/value change was identified in the 8.0.23-8.0.41 release boundary review.
create_database	if_not_exists	present	unchanged	references/statements/ddl/database/create_database.md	references/statements/ddl/database/create_database.md	https://dev.mysql.com/doc/refman/8.0/en/create-database.html	static_reviewed	No statement factor/value change was identified in the 8.0.23-8.0.41 release boundary review.
create_database	statement_branch	database_keyword	unchanged	references/statements/ddl/database/create_database.md	references/statements/ddl/database/create_database.md	https://dev.mysql.com/doc/refman/8.0/en/create-database.html	static_reviewed	No statement factor/value change was identified in the 8.0.23-8.0.41 release boundary review.
create_database	statement_branch	schema_keyword	unchanged	references/statements/ddl/database/create_database.md	references/statements/ddl/database/create_database.md	https://dev.mysql.com/doc/refman/8.0/en/create-database.html	static_reviewed	No statement factor/value change was identified in the 8.0.23-8.0.41 release boundary review.
create_event	body_shape	compound_block	unchanged	references/statements/ddl/event/create_event.md	references/statements/ddl/event/create_event.md	https://dev.mysql.com/doc/refman/8.0/en/create-event.html	static_reviewed	No statement factor/value change was identified in the 8.0.23-8.0.41 release boundary review.
create_event	body_shape	invalid_body	unchanged	references/statements/ddl/event/create_event.md	references/statements/ddl/event/create_event.md	https://dev.mysql.com/doc/refman/8.0/en/create-event.html	static_reviewed	No statement factor/value change was identified in the 8.0.23-8.0.41 release boundary review.
create_event	body_shape	single_statement	unchanged	references/statements/ddl/event/create_event.md	references/statements/ddl/event/create_event.md	https://dev.mysql.com/doc/refman/8.0/en/create-event.html	static_reviewed	No statement factor/value change was identified in the 8.0.23-8.0.41 release boundary review.
create_event	completion_shape	not_preserve	unchanged	references/statements/ddl/event/create_event.md	references/statements/ddl/event/create_event.md	https://dev.mysql.com/doc/refman/8.0/en/create-event.html	static_reviewed	No statement factor/value change was identified in the 8.0.23-8.0.41 release boundary review.
create_event	completion_shape	omitted	unchanged	references/statements/ddl/event/create_event.md	references/statements/ddl/event/create_event.md	https://dev.mysql.com/doc/refman/8.0/en/create-event.html	static_reviewed	No statement factor/value change was identified in the 8.0.23-8.0.41 release boundary review.
create_event	completion_shape	preserve	unchanged	references/statements/ddl/event/create_event.md	references/statements/ddl/event/create_event.md	https://dev.mysql.com/doc/refman/8.0/en/create-event.html	static_reviewed	No statement factor/value change was identified in the 8.0.23-8.0.41 release boundary review.
create_event	definer_shape	current_user	unchanged	references/statements/ddl/event/create_event.md	references/statements/ddl/event/create_event.md	https://dev.mysql.com/doc/refman/8.0/en/create-event.html	static_reviewed	No statement factor/value change was identified in the 8.0.23-8.0.41 release boundary review.
create_event	definer_shape	explicit_user	unchanged	references/statements/ddl/event/create_event.md	references/statements/ddl/event/create_event.md	https://dev.mysql.com/doc/refman/8.0/en/create-event.html	static_reviewed	No statement factor/value change was identified in the 8.0.23-8.0.41 release boundary review.
create_event	definer_shape	omitted	unchanged	references/statements/ddl/event/create_event.md	references/statements/ddl/event/create_event.md	https://dev.mysql.com/doc/refman/8.0/en/create-event.html	static_reviewed	No statement factor/value change was identified in the 8.0.23-8.0.41 release boundary review.
create_event	enable_state	disable	unchanged	references/statements/ddl/event/create_event.md	references/statements/ddl/event/create_event.md	https://dev.mysql.com/doc/refman/8.0/en/create-event.html	static_reviewed	No statement factor/value change was identified in the 8.0.23-8.0.41 release boundary review.
create_event	enable_state	disable_on_slave	unchanged	references/statements/ddl/event/create_event.md	references/statements/ddl/event/create_event.md	https://dev.mysql.com/doc/refman/8.0/en/create-event.html	static_reviewed	No statement factor/value change was identified in the 8.0.23-8.0.41 release boundary review.
create_event	enable_state	enable	unchanged	references/statements/ddl/event/create_event.md	references/statements/ddl/event/create_event.md	https://dev.mysql.com/doc/refman/8.0/en/create-event.html	static_reviewed	No statement factor/value change was identified in the 8.0.23-8.0.41 release boundary review.
create_event	expected_status	failure	unchanged	references/statements/ddl/event/create_event.md	references/statements/ddl/event/create_event.md	https://dev.mysql.com/doc/refman/8.0/en/create-event.html	static_reviewed	No statement factor/value change was identified in the 8.0.23-8.0.41 release boundary review.
create_event	expected_status	success	unchanged	references/statements/ddl/event/create_event.md	references/statements/ddl/event/create_event.md	https://dev.mysql.com/doc/refman/8.0/en/create-event.html	static_reviewed	No statement factor/value change was identified in the 8.0.23-8.0.41 release boundary review.
create_event	if_not_exists	omitted	unchanged	references/statements/ddl/event/create_event.md	references/statements/ddl/event/create_event.md	https://dev.mysql.com/doc/refman/8.0/en/create-event.html	static_reviewed	No statement factor/value change was identified in the 8.0.23-8.0.41 release boundary review.
create_event	if_not_exists	present	unchanged	references/statements/ddl/event/create_event.md	references/statements/ddl/event/create_event.md	https://dev.mysql.com/doc/refman/8.0/en/create-event.html	static_reviewed	No statement factor/value change was identified in the 8.0.23-8.0.41 release boundary review.
create_event	schedule_shape	at_timestamp	unchanged	references/statements/ddl/event/create_event.md	references/statements/ddl/event/create_event.md	https://dev.mysql.com/doc/refman/8.0/en/create-event.html	static_reviewed	No statement factor/value change was identified in the 8.0.23-8.0.41 release boundary review.
create_event	schedule_shape	every_interval	unchanged	references/statements/ddl/event/create_event.md	references/statements/ddl/event/create_event.md	https://dev.mysql.com/doc/refman/8.0/en/create-event.html	static_reviewed	No statement factor/value change was identified in the 8.0.23-8.0.41 release boundary review.
create_event	schedule_shape	starts_ends	unchanged	references/statements/ddl/event/create_event.md	references/statements/ddl/event/create_event.md	https://dev.mysql.com/doc/refman/8.0/en/create-event.html	static_reviewed	No statement factor/value change was identified in the 8.0.23-8.0.41 release boundary review.
create_function	body_shape	compound_block	changed	references/statements/ddl/function/create_function.md	references/statements/ddl/function/create_function.md	https://dev.mysql.com/doc/relnotes/mysql/8.0/en/news-8-0-29.html	static_reviewed	Statement semantics or syntax changed in the cited intervening release.
create_function	body_shape	invalid_body	changed	references/statements/ddl/function/create_function.md	references/statements/ddl/function/create_function.md	https://dev.mysql.com/doc/relnotes/mysql/8.0/en/news-8-0-29.html	static_reviewed	Statement semantics or syntax changed in the cited intervening release.
create_function	body_shape	return_literal	changed	references/statements/ddl/function/create_function.md	references/statements/ddl/function/create_function.md	https://dev.mysql.com/doc/relnotes/mysql/8.0/en/news-8-0-29.html	static_reviewed	Statement semantics or syntax changed in the cited intervening release.
create_function	data_access_shape	contains_sql	changed	references/statements/ddl/function/create_function.md	references/statements/ddl/function/create_function.md	https://dev.mysql.com/doc/relnotes/mysql/8.0/en/news-8-0-29.html	static_reviewed	Statement semantics or syntax changed in the cited intervening release.
create_function	data_access_shape	modifies_sql_data	changed	references/statements/ddl/function/create_function.md	references/statements/ddl/function/create_function.md	https://dev.mysql.com/doc/relnotes/mysql/8.0/en/news-8-0-29.html	static_reviewed	Statement semantics or syntax changed in the cited intervening release.
create_function	data_access_shape	no_sql	changed	references/statements/ddl/function/create_function.md	references/statements/ddl/function/create_function.md	https://dev.mysql.com/doc/relnotes/mysql/8.0/en/news-8-0-29.html	static_reviewed	Statement semantics or syntax changed in the cited intervening release.
create_function	data_access_shape	omitted	changed	references/statements/ddl/function/create_function.md	references/statements/ddl/function/create_function.md	https://dev.mysql.com/doc/relnotes/mysql/8.0/en/news-8-0-29.html	static_reviewed	Statement semantics or syntax changed in the cited intervening release.
create_function	data_access_shape	reads_sql_data	changed	references/statements/ddl/function/create_function.md	references/statements/ddl/function/create_function.md	https://dev.mysql.com/doc/relnotes/mysql/8.0/en/news-8-0-29.html	static_reviewed	Statement semantics or syntax changed in the cited intervening release.
create_function	determinism_shape	deterministic	changed	references/statements/ddl/function/create_function.md	references/statements/ddl/function/create_function.md	https://dev.mysql.com/doc/relnotes/mysql/8.0/en/news-8-0-29.html	static_reviewed	Statement semantics or syntax changed in the cited intervening release.
create_function	determinism_shape	not_deterministic	changed	references/statements/ddl/function/create_function.md	references/statements/ddl/function/create_function.md	https://dev.mysql.com/doc/relnotes/mysql/8.0/en/news-8-0-29.html	static_reviewed	Statement semantics or syntax changed in the cited intervening release.
create_function	determinism_shape	omitted	changed	references/statements/ddl/function/create_function.md	references/statements/ddl/function/create_function.md	https://dev.mysql.com/doc/relnotes/mysql/8.0/en/news-8-0-29.html	static_reviewed	Statement semantics or syntax changed in the cited intervening release.
create_function	expected_status	failure	changed	references/statements/ddl/function/create_function.md	references/statements/ddl/function/create_function.md	https://dev.mysql.com/doc/relnotes/mysql/8.0/en/news-8-0-29.html	static_reviewed	Statement semantics or syntax changed in the cited intervening release.
create_function	expected_status	success	changed	references/statements/ddl/function/create_function.md	references/statements/ddl/function/create_function.md	https://dev.mysql.com/doc/relnotes/mysql/8.0/en/news-8-0-29.html	static_reviewed	Statement semantics or syntax changed in the cited intervening release.
create_function	if_not_exists	omitted	added		references/statements/ddl/function/create_function.md	https://dev.mysql.com/doc/relnotes/mysql/8.0/en/news-8-0-29.html	static_reviewed	Factor/value is available in 8.0.41 and absent from the 8.0.22 edition.
create_function	if_not_exists	present	added		references/statements/ddl/function/create_function.md	https://dev.mysql.com/doc/relnotes/mysql/8.0/en/news-8-0-29.html	static_reviewed	Factor/value is available in 8.0.41 and absent from the 8.0.22 edition.
create_function	parameter_shape	multiple_parameters	changed	references/statements/ddl/function/create_function.md	references/statements/ddl/function/create_function.md	https://dev.mysql.com/doc/relnotes/mysql/8.0/en/news-8-0-29.html	static_reviewed	Statement semantics or syntax changed in the cited intervening release.
create_function	parameter_shape	none	changed	references/statements/ddl/function/create_function.md	references/statements/ddl/function/create_function.md	https://dev.mysql.com/doc/relnotes/mysql/8.0/en/news-8-0-29.html	static_reviewed	Statement semantics or syntax changed in the cited intervening release.
create_function	parameter_shape	one_parameter	changed	references/statements/ddl/function/create_function.md	references/statements/ddl/function/create_function.md	https://dev.mysql.com/doc/relnotes/mysql/8.0/en/news-8-0-29.html	static_reviewed	Statement semantics or syntax changed in the cited intervening release.
create_function	return_type_shape	int_type	changed	references/statements/ddl/function/create_function.md	references/statements/ddl/function/create_function.md	https://dev.mysql.com/doc/relnotes/mysql/8.0/en/news-8-0-29.html	static_reviewed	Statement semantics or syntax changed in the cited intervening release.
create_function	return_type_shape	json_type	changed	references/statements/ddl/function/create_function.md	references/statements/ddl/function/create_function.md	https://dev.mysql.com/doc/relnotes/mysql/8.0/en/news-8-0-29.html	static_reviewed	Statement semantics or syntax changed in the cited intervening release.
create_function	return_type_shape	varchar_type	changed	references/statements/ddl/function/create_function.md	references/statements/ddl/function/create_function.md	https://dev.mysql.com/doc/relnotes/mysql/8.0/en/news-8-0-29.html	static_reviewed	Statement semantics or syntax changed in the cited intervening release.
create_function	security_shape	definer	changed	references/statements/ddl/function/create_function.md	references/statements/ddl/function/create_function.md	https://dev.mysql.com/doc/relnotes/mysql/8.0/en/news-8-0-29.html	static_reviewed	Statement semantics or syntax changed in the cited intervening release.
create_function	security_shape	invoker	changed	references/statements/ddl/function/create_function.md	references/statements/ddl/function/create_function.md	https://dev.mysql.com/doc/relnotes/mysql/8.0/en/news-8-0-29.html	static_reviewed	Statement semantics or syntax changed in the cited intervening release.
create_function	security_shape	omitted	changed	references/statements/ddl/function/create_function.md	references/statements/ddl/function/create_function.md	https://dev.mysql.com/doc/relnotes/mysql/8.0/en/news-8-0-29.html	static_reviewed	Statement semantics or syntax changed in the cited intervening release.
create_function_loadable	aggregate_keyword	aggregate	changed	references/statements/admin/loadable_function/create_function_loadable.md	references/statements/admin/loadable_function/create_function_loadable.md	https://dev.mysql.com/doc/relnotes/mysql/8.0/en/news-8-0-29.html	static_reviewed	Statement semantics or syntax changed in the cited intervening release.
create_function_loadable	aggregate_keyword	omitted	changed	references/statements/admin/loadable_function/create_function_loadable.md	references/statements/admin/loadable_function/create_function_loadable.md	https://dev.mysql.com/doc/relnotes/mysql/8.0/en/news-8-0-29.html	static_reviewed	Statement semantics or syntax changed in the cited intervening release.
create_function_loadable	execution_mode	isolated_positive	changed	references/statements/admin/loadable_function/create_function_loadable.md	references/statements/admin/loadable_function/create_function_loadable.md	https://dev.mysql.com/doc/relnotes/mysql/8.0/en/news-8-0-29.html	static_reviewed	Statement semantics or syntax changed in the cited intervening release.
create_function_loadable	execution_mode	safe_negative	changed	references/statements/admin/loadable_function/create_function_loadable.md	references/statements/admin/loadable_function/create_function_loadable.md	https://dev.mysql.com/doc/relnotes/mysql/8.0/en/news-8-0-29.html	static_reviewed	Statement semantics or syntax changed in the cited intervening release.
create_function_loadable	execution_mode	skip_dynamic_load	changed	references/statements/admin/loadable_function/create_function_loadable.md	references/statements/admin/loadable_function/create_function_loadable.md	https://dev.mysql.com/doc/relnotes/mysql/8.0/en/news-8-0-29.html	static_reviewed	Statement semantics or syntax changed in the cited intervening release.
create_function_loadable	expected_status	failure	changed	references/statements/admin/loadable_function/create_function_loadable.md	references/statements/admin/loadable_function/create_function_loadable.md	https://dev.mysql.com/doc/relnotes/mysql/8.0/en/news-8-0-29.html	static_reviewed	Statement semantics or syntax changed in the cited intervening release.
create_function_loadable	expected_status	success	changed	references/statements/admin/loadable_function/create_function_loadable.md	references/statements/admin/loadable_function/create_function_loadable.md	https://dev.mysql.com/doc/relnotes/mysql/8.0/en/news-8-0-29.html	static_reviewed	Statement semantics or syntax changed in the cited intervening release.
create_function_loadable	if_not_exists	omitted	added		references/statements/admin/loadable_function/create_function_loadable.md	https://dev.mysql.com/doc/relnotes/mysql/8.0/en/news-8-0-29.html	static_reviewed	Factor/value is available in 8.0.41 and absent from the 8.0.22 edition.
create_function_loadable	if_not_exists	present	added		references/statements/admin/loadable_function/create_function_loadable.md	https://dev.mysql.com/doc/relnotes/mysql/8.0/en/news-8-0-29.html	static_reviewed	Factor/value is available in 8.0.41 and absent from the 8.0.22 edition.
create_function_loadable	return_type	decimal	changed	references/statements/admin/loadable_function/create_function_loadable.md	references/statements/admin/loadable_function/create_function_loadable.md	https://dev.mysql.com/doc/relnotes/mysql/8.0/en/news-8-0-29.html	static_reviewed	Statement semantics or syntax changed in the cited intervening release.
create_function_loadable	return_type	integer	changed	references/statements/admin/loadable_function/create_function_loadable.md	references/statements/admin/loadable_function/create_function_loadable.md	https://dev.mysql.com/doc/relnotes/mysql/8.0/en/news-8-0-29.html	static_reviewed	Statement semantics or syntax changed in the cited intervening release.
create_function_loadable	return_type	real	changed	references/statements/admin/loadable_function/create_function_loadable.md	references/statements/admin/loadable_function/create_function_loadable.md	https://dev.mysql.com/doc/relnotes/mysql/8.0/en/news-8-0-29.html	static_reviewed	Statement semantics or syntax changed in the cited intervening release.
create_function_loadable	return_type	string	changed	references/statements/admin/loadable_function/create_function_loadable.md	references/statements/admin/loadable_function/create_function_loadable.md	https://dev.mysql.com/doc/relnotes/mysql/8.0/en/news-8-0-29.html	static_reviewed	Statement semantics or syntax changed in the cited intervening release.
create_function_loadable	soname_shape	existing_library	changed	references/statements/admin/loadable_function/create_function_loadable.md	references/statements/admin/loadable_function/create_function_loadable.md	https://dev.mysql.com/doc/relnotes/mysql/8.0/en/news-8-0-29.html	static_reviewed	Statement semantics or syntax changed in the cited intervening release.
create_function_loadable	soname_shape	invalid_soname	changed	references/statements/admin/loadable_function/create_function_loadable.md	references/statements/admin/loadable_function/create_function_loadable.md	https://dev.mysql.com/doc/relnotes/mysql/8.0/en/news-8-0-29.html	static_reviewed	Statement semantics or syntax changed in the cited intervening release.
create_function_loadable	soname_shape	missing_library	changed	references/statements/admin/loadable_function/create_function_loadable.md	references/statements/admin/loadable_function/create_function_loadable.md	https://dev.mysql.com/doc/relnotes/mysql/8.0/en/news-8-0-29.html	static_reviewed	Statement semantics or syntax changed in the cited intervening release.
create_index	algorithm_lock	copy_shared	unchanged	references/statements/ddl/index/create_index.md	references/statements/ddl/index/create_index.md	https://dev.mysql.com/doc/refman/8.0/en/create-index.html	static_reviewed	No statement factor/value change was identified in the 8.0.23-8.0.41 release boundary review.
create_index	algorithm_lock	inplace_none	unchanged	references/statements/ddl/index/create_index.md	references/statements/ddl/index/create_index.md	https://dev.mysql.com/doc/refman/8.0/en/create-index.html	static_reviewed	No statement factor/value change was identified in the 8.0.23-8.0.41 release boundary review.
create_index	algorithm_lock	omitted	unchanged	references/statements/ddl/index/create_index.md	references/statements/ddl/index/create_index.md	https://dev.mysql.com/doc/refman/8.0/en/create-index.html	static_reviewed	No statement factor/value change was identified in the 8.0.23-8.0.41 release boundary review.
create_index	expected_status	failure	unchanged	references/statements/ddl/index/create_index.md	references/statements/ddl/index/create_index.md	https://dev.mysql.com/doc/refman/8.0/en/create-index.html	static_reviewed	No statement factor/value change was identified in the 8.0.23-8.0.41 release boundary review.
create_index	expected_status	success	unchanged	references/statements/ddl/index/create_index.md	references/statements/ddl/index/create_index.md	https://dev.mysql.com/doc/refman/8.0/en/create-index.html	static_reviewed	No statement factor/value change was identified in the 8.0.23-8.0.41 release boundary review.
create_index	index_kind	fulltext	unchanged	references/statements/ddl/index/create_index.md	references/statements/ddl/index/create_index.md	https://dev.mysql.com/doc/refman/8.0/en/create-index.html	static_reviewed	No statement factor/value change was identified in the 8.0.23-8.0.41 release boundary review.
create_index	index_kind	normal	unchanged	references/statements/ddl/index/create_index.md	references/statements/ddl/index/create_index.md	https://dev.mysql.com/doc/refman/8.0/en/create-index.html	static_reviewed	No statement factor/value change was identified in the 8.0.23-8.0.41 release boundary review.
create_index	index_kind	spatial	unchanged	references/statements/ddl/index/create_index.md	references/statements/ddl/index/create_index.md	https://dev.mysql.com/doc/refman/8.0/en/create-index.html	static_reviewed	No statement factor/value change was identified in the 8.0.23-8.0.41 release boundary review.
create_index	index_kind	unique	unchanged	references/statements/ddl/index/create_index.md	references/statements/ddl/index/create_index.md	https://dev.mysql.com/doc/refman/8.0/en/create-index.html	static_reviewed	No statement factor/value change was identified in the 8.0.23-8.0.41 release boundary review.
create_index	index_name_shape	explicit	unchanged	references/statements/ddl/index/create_index.md	references/statements/ddl/index/create_index.md	https://dev.mysql.com/doc/refman/8.0/en/create-index.html	static_reviewed	No statement factor/value change was identified in the 8.0.23-8.0.41 release boundary review.
create_index	index_name_shape	quoted_reserved	unchanged	references/statements/ddl/index/create_index.md	references/statements/ddl/index/create_index.md	https://dev.mysql.com/doc/refman/8.0/en/create-index.html	static_reviewed	No statement factor/value change was identified in the 8.0.23-8.0.41 release boundary review.
create_index	index_type	btree	unchanged	references/statements/ddl/index/create_index.md	references/statements/ddl/index/create_index.md	https://dev.mysql.com/doc/refman/8.0/en/create-index.html	static_reviewed	No statement factor/value change was identified in the 8.0.23-8.0.41 release boundary review.
create_index	index_type	hash	unchanged	references/statements/ddl/index/create_index.md	references/statements/ddl/index/create_index.md	https://dev.mysql.com/doc/refman/8.0/en/create-index.html	static_reviewed	No statement factor/value change was identified in the 8.0.23-8.0.41 release boundary review.
create_index	index_type	omitted	unchanged	references/statements/ddl/index/create_index.md	references/statements/ddl/index/create_index.md	https://dev.mysql.com/doc/refman/8.0/en/create-index.html	static_reviewed	No statement factor/value change was identified in the 8.0.23-8.0.41 release boundary review.
create_index	invalid_combination	fulltext_on_int	unchanged	references/statements/ddl/index/create_index.md	references/statements/ddl/index/create_index.md	https://dev.mysql.com/doc/refman/8.0/en/create-index.html	static_reviewed	No statement factor/value change was identified in the 8.0.23-8.0.41 release boundary review.
create_index	invalid_combination	none	unchanged	references/statements/ddl/index/create_index.md	references/statements/ddl/index/create_index.md	https://dev.mysql.com/doc/refman/8.0/en/create-index.html	static_reviewed	No statement factor/value change was identified in the 8.0.23-8.0.41 release boundary review.
create_index	invalid_combination	spatial_on_nullable	unchanged	references/statements/ddl/index/create_index.md	references/statements/ddl/index/create_index.md	https://dev.mysql.com/doc/refman/8.0/en/create-index.html	static_reviewed	No statement factor/value change was identified in the 8.0.23-8.0.41 release boundary review.
create_index	key_part_shape	column	unchanged	references/statements/ddl/index/create_index.md	references/statements/ddl/index/create_index.md	https://dev.mysql.com/doc/refman/8.0/en/create-index.html	static_reviewed	No statement factor/value change was identified in the 8.0.23-8.0.41 release boundary review.
create_index	key_part_shape	descending_column	unchanged	references/statements/ddl/index/create_index.md	references/statements/ddl/index/create_index.md	https://dev.mysql.com/doc/refman/8.0/en/create-index.html	static_reviewed	No statement factor/value change was identified in the 8.0.23-8.0.41 release boundary review.
create_index	key_part_shape	functional_key_part	unchanged	references/statements/ddl/index/create_index.md	references/statements/ddl/index/create_index.md	https://dev.mysql.com/doc/refman/8.0/en/create-index.html	static_reviewed	No statement factor/value change was identified in the 8.0.23-8.0.41 release boundary review.
create_index	key_part_shape	prefix_length	unchanged	references/statements/ddl/index/create_index.md	references/statements/ddl/index/create_index.md	https://dev.mysql.com/doc/refman/8.0/en/create-index.html	static_reviewed	No statement factor/value change was identified in the 8.0.23-8.0.41 release boundary review.
create_index	parser_clause	ngram_parser	unchanged	references/statements/ddl/index/create_index.md	references/statements/ddl/index/create_index.md	https://dev.mysql.com/doc/refman/8.0/en/create-index.html	static_reviewed	No statement factor/value change was identified in the 8.0.23-8.0.41 release boundary review.
create_index	parser_clause	omitted	unchanged	references/statements/ddl/index/create_index.md	references/statements/ddl/index/create_index.md	https://dev.mysql.com/doc/refman/8.0/en/create-index.html	static_reviewed	No statement factor/value change was identified in the 8.0.23-8.0.41 release boundary review.
create_index	prefix_length	omitted	unchanged	references/statements/ddl/index/create_index.md	references/statements/ddl/index/create_index.md	https://dev.mysql.com/doc/refman/8.0/en/create-index.html	static_reviewed	No statement factor/value change was identified in the 8.0.23-8.0.41 release boundary review.
create_index	prefix_length	varchar_prefix	unchanged	references/statements/ddl/index/create_index.md	references/statements/ddl/index/create_index.md	https://dev.mysql.com/doc/refman/8.0/en/create-index.html	static_reviewed	No statement factor/value change was identified in the 8.0.23-8.0.41 release boundary review.
create_index	visibility	invisible	unchanged	references/statements/ddl/index/create_index.md	references/statements/ddl/index/create_index.md	https://dev.mysql.com/doc/refman/8.0/en/create-index.html	static_reviewed	No statement factor/value change was identified in the 8.0.23-8.0.41 release boundary review.
create_index	visibility	omitted	unchanged	references/statements/ddl/index/create_index.md	references/statements/ddl/index/create_index.md	https://dev.mysql.com/doc/refman/8.0/en/create-index.html	static_reviewed	No statement factor/value change was identified in the 8.0.23-8.0.41 release boundary review.
create_index	visibility	visible	unchanged	references/statements/ddl/index/create_index.md	references/statements/ddl/index/create_index.md	https://dev.mysql.com/doc/refman/8.0/en/create-index.html	static_reviewed	No statement factor/value change was identified in the 8.0.23-8.0.41 release boundary review.
create_logfile_group	engine_shape	innodb_invalid	unchanged	references/statements/ddl/logfile_group/create_logfile_group.md	references/statements/ddl/logfile_group/create_logfile_group.md	https://dev.mysql.com/doc/refman/8.0/en/create-logfile-group.html	static_reviewed	No statement factor/value change was identified in the 8.0.23-8.0.41 release boundary review.
create_logfile_group	engine_shape	ndb	unchanged	references/statements/ddl/logfile_group/create_logfile_group.md	references/statements/ddl/logfile_group/create_logfile_group.md	https://dev.mysql.com/doc/refman/8.0/en/create-logfile-group.html	static_reviewed	No statement factor/value change was identified in the 8.0.23-8.0.41 release boundary review.
create_logfile_group	engine_shape	ndbcluster	unchanged	references/statements/ddl/logfile_group/create_logfile_group.md	references/statements/ddl/logfile_group/create_logfile_group.md	https://dev.mysql.com/doc/refman/8.0/en/create-logfile-group.html	static_reviewed	No statement factor/value change was identified in the 8.0.23-8.0.41 release boundary review.
create_logfile_group	execution_mode	isolated_positive	unchanged	references/statements/ddl/logfile_group/create_logfile_group.md	references/statements/ddl/logfile_group/create_logfile_group.md	https://dev.mysql.com/doc/refman/8.0/en/create-logfile-group.html	static_reviewed	No statement factor/value change was identified in the 8.0.23-8.0.41 release boundary review.
create_logfile_group	execution_mode	safe_negative	unchanged	references/statements/ddl/logfile_group/create_logfile_group.md	references/statements/ddl/logfile_group/create_logfile_group.md	https://dev.mysql.com/doc/refman/8.0/en/create-logfile-group.html	static_reviewed	No statement factor/value change was identified in the 8.0.23-8.0.41 release boundary review.
create_logfile_group	execution_mode	skip_ndb	unchanged	references/statements/ddl/logfile_group/create_logfile_group.md	references/statements/ddl/logfile_group/create_logfile_group.md	https://dev.mysql.com/doc/refman/8.0/en/create-logfile-group.html	static_reviewed	No statement factor/value change was identified in the 8.0.23-8.0.41 release boundary review.
create_logfile_group	expected_status	failure	unchanged	references/statements/ddl/logfile_group/create_logfile_group.md	references/statements/ddl/logfile_group/create_logfile_group.md	https://dev.mysql.com/doc/refman/8.0/en/create-logfile-group.html	static_reviewed	No statement factor/value change was identified in the 8.0.23-8.0.41 release boundary review.
create_logfile_group	expected_status	success	unchanged	references/statements/ddl/logfile_group/create_logfile_group.md	references/statements/ddl/logfile_group/create_logfile_group.md	https://dev.mysql.com/doc/refman/8.0/en/create-logfile-group.html	static_reviewed	No statement factor/value change was identified in the 8.0.23-8.0.41 release boundary review.
create_logfile_group	undofile_shape	absolute_file	unchanged	references/statements/ddl/logfile_group/create_logfile_group.md	references/statements/ddl/logfile_group/create_logfile_group.md	https://dev.mysql.com/doc/refman/8.0/en/create-logfile-group.html	static_reviewed	No statement factor/value change was identified in the 8.0.23-8.0.41 release boundary review.
create_logfile_group	undofile_shape	missing_undofile	unchanged	references/statements/ddl/logfile_group/create_logfile_group.md	references/statements/ddl/logfile_group/create_logfile_group.md	https://dev.mysql.com/doc/refman/8.0/en/create-logfile-group.html	static_reviewed	No statement factor/value change was identified in the 8.0.23-8.0.41 release boundary review.
create_logfile_group	undofile_shape	relative_file	unchanged	references/statements/ddl/logfile_group/create_logfile_group.md	references/statements/ddl/logfile_group/create_logfile_group.md	https://dev.mysql.com/doc/refman/8.0/en/create-logfile-group.html	static_reviewed	No statement factor/value change was identified in the 8.0.23-8.0.41 release boundary review.
create_procedure	body_shape	compound_block	changed	references/statements/ddl/procedure/create_procedure.md	references/statements/ddl/procedure/create_procedure.md	https://dev.mysql.com/doc/relnotes/mysql/8.0/en/news-8-0-29.html	static_reviewed	Statement semantics or syntax changed in the cited intervening release.
create_procedure	body_shape	invalid_body	changed	references/statements/ddl/procedure/create_procedure.md	references/statements/ddl/procedure/create_procedure.md	https://dev.mysql.com/doc/relnotes/mysql/8.0/en/news-8-0-29.html	static_reviewed	Statement semantics or syntax changed in the cited intervening release.
create_procedure	body_shape	single_statement	changed	references/statements/ddl/procedure/create_procedure.md	references/statements/ddl/procedure/create_procedure.md	https://dev.mysql.com/doc/relnotes/mysql/8.0/en/news-8-0-29.html	static_reviewed	Statement semantics or syntax changed in the cited intervening release.
create_procedure	comment_shape	comment	changed	references/statements/ddl/procedure/create_procedure.md	references/statements/ddl/procedure/create_procedure.md	https://dev.mysql.com/doc/relnotes/mysql/8.0/en/news-8-0-29.html	static_reviewed	Statement semantics or syntax changed in the cited intervening release.
create_procedure	comment_shape	omitted	changed	references/statements/ddl/procedure/create_procedure.md	references/statements/ddl/procedure/create_procedure.md	https://dev.mysql.com/doc/relnotes/mysql/8.0/en/news-8-0-29.html	static_reviewed	Statement semantics or syntax changed in the cited intervening release.
create_procedure	definer_shape	current_user	changed	references/statements/ddl/procedure/create_procedure.md	references/statements/ddl/procedure/create_procedure.md	https://dev.mysql.com/doc/relnotes/mysql/8.0/en/news-8-0-29.html	static_reviewed	Statement semantics or syntax changed in the cited intervening release.
create_procedure	definer_shape	explicit_user	changed	references/statements/ddl/procedure/create_procedure.md	references/statements/ddl/procedure/create_procedure.md	https://dev.mysql.com/doc/relnotes/mysql/8.0/en/news-8-0-29.html	static_reviewed	Statement semantics or syntax changed in the cited intervening release.
create_procedure	definer_shape	omitted	changed	references/statements/ddl/procedure/create_procedure.md	references/statements/ddl/procedure/create_procedure.md	https://dev.mysql.com/doc/relnotes/mysql/8.0/en/news-8-0-29.html	static_reviewed	Statement semantics or syntax changed in the cited intervening release.
create_procedure	expected_status	failure	changed	references/statements/ddl/procedure/create_procedure.md	references/statements/ddl/procedure/create_procedure.md	https://dev.mysql.com/doc/relnotes/mysql/8.0/en/news-8-0-29.html	static_reviewed	Statement semantics or syntax changed in the cited intervening release.
create_procedure	expected_status	success	changed	references/statements/ddl/procedure/create_procedure.md	references/statements/ddl/procedure/create_procedure.md	https://dev.mysql.com/doc/relnotes/mysql/8.0/en/news-8-0-29.html	static_reviewed	Statement semantics or syntax changed in the cited intervening release.
create_procedure	if_not_exists	omitted	added		references/statements/ddl/procedure/create_procedure.md	https://dev.mysql.com/doc/relnotes/mysql/8.0/en/news-8-0-29.html	static_reviewed	Factor/value is available in 8.0.41 and absent from the 8.0.22 edition.
create_procedure	if_not_exists	present	added		references/statements/ddl/procedure/create_procedure.md	https://dev.mysql.com/doc/relnotes/mysql/8.0/en/news-8-0-29.html	static_reviewed	Factor/value is available in 8.0.41 and absent from the 8.0.22 edition.
create_procedure	parameter_shape	in_parameter	changed	references/statements/ddl/procedure/create_procedure.md	references/statements/ddl/procedure/create_procedure.md	https://dev.mysql.com/doc/relnotes/mysql/8.0/en/news-8-0-29.html	static_reviewed	Statement semantics or syntax changed in the cited intervening release.
create_procedure	parameter_shape	inout_parameter	changed	references/statements/ddl/procedure/create_procedure.md	references/statements/ddl/procedure/create_procedure.md	https://dev.mysql.com/doc/relnotes/mysql/8.0/en/news-8-0-29.html	static_reviewed	Statement semantics or syntax changed in the cited intervening release.
create_procedure	parameter_shape	none	changed	references/statements/ddl/procedure/create_procedure.md	references/statements/ddl/procedure/create_procedure.md	https://dev.mysql.com/doc/relnotes/mysql/8.0/en/news-8-0-29.html	static_reviewed	Statement semantics or syntax changed in the cited intervening release.
create_procedure	parameter_shape	out_parameter	changed	references/statements/ddl/procedure/create_procedure.md	references/statements/ddl/procedure/create_procedure.md	https://dev.mysql.com/doc/relnotes/mysql/8.0/en/news-8-0-29.html	static_reviewed	Statement semantics or syntax changed in the cited intervening release.
create_procedure	security_shape	definer	changed	references/statements/ddl/procedure/create_procedure.md	references/statements/ddl/procedure/create_procedure.md	https://dev.mysql.com/doc/relnotes/mysql/8.0/en/news-8-0-29.html	static_reviewed	Statement semantics or syntax changed in the cited intervening release.
create_procedure	security_shape	invoker	changed	references/statements/ddl/procedure/create_procedure.md	references/statements/ddl/procedure/create_procedure.md	https://dev.mysql.com/doc/relnotes/mysql/8.0/en/news-8-0-29.html	static_reviewed	Statement semantics or syntax changed in the cited intervening release.
create_procedure	security_shape	omitted	changed	references/statements/ddl/procedure/create_procedure.md	references/statements/ddl/procedure/create_procedure.md	https://dev.mysql.com/doc/relnotes/mysql/8.0/en/news-8-0-29.html	static_reviewed	Statement semantics or syntax changed in the cited intervening release.
create_resource_group	execution_mode	isolated_positive	unchanged	references/statements/admin/resource_group/create_resource_group.md	references/statements/admin/resource_group/create_resource_group.md	https://dev.mysql.com/doc/refman/8.0/en/create-resource-group.html	static_reviewed	No statement factor/value change was identified in the 8.0.23-8.0.41 release boundary review.
create_resource_group	execution_mode	metadata_only	unchanged	references/statements/admin/resource_group/create_resource_group.md	references/statements/admin/resource_group/create_resource_group.md	https://dev.mysql.com/doc/refman/8.0/en/create-resource-group.html	static_reviewed	No statement factor/value change was identified in the 8.0.23-8.0.41 release boundary review.
create_resource_group	execution_mode	safe_negative	unchanged	references/statements/admin/resource_group/create_resource_group.md	references/statements/admin/resource_group/create_resource_group.md	https://dev.mysql.com/doc/refman/8.0/en/create-resource-group.html	static_reviewed	No statement factor/value change was identified in the 8.0.23-8.0.41 release boundary review.
create_resource_group	expected_status	failure	unchanged	references/statements/admin/resource_group/create_resource_group.md	references/statements/admin/resource_group/create_resource_group.md	https://dev.mysql.com/doc/refman/8.0/en/create-resource-group.html	static_reviewed	No statement factor/value change was identified in the 8.0.23-8.0.41 release boundary review.
create_resource_group	expected_status	success	unchanged	references/statements/admin/resource_group/create_resource_group.md	references/statements/admin/resource_group/create_resource_group.md	https://dev.mysql.com/doc/refman/8.0/en/create-resource-group.html	static_reviewed	No statement factor/value change was identified in the 8.0.23-8.0.41 release boundary review.
create_resource_group	group_type	system	unchanged	references/statements/admin/resource_group/create_resource_group.md	references/statements/admin/resource_group/create_resource_group.md	https://dev.mysql.com/doc/refman/8.0/en/create-resource-group.html	static_reviewed	No statement factor/value change was identified in the 8.0.23-8.0.41 release boundary review.
create_resource_group	group_type	user	unchanged	references/statements/admin/resource_group/create_resource_group.md	references/statements/admin/resource_group/create_resource_group.md	https://dev.mysql.com/doc/refman/8.0/en/create-resource-group.html	static_reviewed	No statement factor/value change was identified in the 8.0.23-8.0.41 release boundary review.
create_resource_group	vcpu_shape	invalid_cpu	unchanged	references/statements/admin/resource_group/create_resource_group.md	references/statements/admin/resource_group/create_resource_group.md	https://dev.mysql.com/doc/refman/8.0/en/create-resource-group.html	static_reviewed	No statement factor/value change was identified in the 8.0.23-8.0.41 release boundary review.
create_resource_group	vcpu_shape	omitted	unchanged	references/statements/admin/resource_group/create_resource_group.md	references/statements/admin/resource_group/create_resource_group.md	https://dev.mysql.com/doc/refman/8.0/en/create-resource-group.html	static_reviewed	No statement factor/value change was identified in the 8.0.23-8.0.41 release boundary review.
create_resource_group	vcpu_shape	range	unchanged	references/statements/admin/resource_group/create_resource_group.md	references/statements/admin/resource_group/create_resource_group.md	https://dev.mysql.com/doc/refman/8.0/en/create-resource-group.html	static_reviewed	No statement factor/value change was identified in the 8.0.23-8.0.41 release boundary review.
create_resource_group	vcpu_shape	single_cpu	unchanged	references/statements/admin/resource_group/create_resource_group.md	references/statements/admin/resource_group/create_resource_group.md	https://dev.mysql.com/doc/refman/8.0/en/create-resource-group.html	static_reviewed	No statement factor/value change was identified in the 8.0.23-8.0.41 release boundary review.
create_role	expected_status	failure	unchanged	references/statements/account/role/create_role.md	references/statements/account/role/create_role.md	https://dev.mysql.com/doc/refman/8.0/en/create-role.html	static_reviewed	No statement factor/value change was identified in the 8.0.23-8.0.41 release boundary review.
create_role	expected_status	success	unchanged	references/statements/account/role/create_role.md	references/statements/account/role/create_role.md	https://dev.mysql.com/doc/refman/8.0/en/create-role.html	static_reviewed	No statement factor/value change was identified in the 8.0.23-8.0.41 release boundary review.
create_role	if_not_exists	omitted	unchanged	references/statements/account/role/create_role.md	references/statements/account/role/create_role.md	https://dev.mysql.com/doc/refman/8.0/en/create-role.html	static_reviewed	No statement factor/value change was identified in the 8.0.23-8.0.41 release boundary review.
create_role	if_not_exists	present	unchanged	references/statements/account/role/create_role.md	references/statements/account/role/create_role.md	https://dev.mysql.com/doc/refman/8.0/en/create-role.html	static_reviewed	No statement factor/value change was identified in the 8.0.23-8.0.41 release boundary review.
create_role	role_name_shape	quoted_role	unchanged	references/statements/account/role/create_role.md	references/statements/account/role/create_role.md	https://dev.mysql.com/doc/refman/8.0/en/create-role.html	static_reviewed	No statement factor/value change was identified in the 8.0.23-8.0.41 release boundary review.
create_role	role_name_shape	simple_role	unchanged	references/statements/account/role/create_role.md	references/statements/account/role/create_role.md	https://dev.mysql.com/doc/refman/8.0/en/create-role.html	static_reviewed	No statement factor/value change was identified in the 8.0.23-8.0.41 release boundary review.
create_role	role_state	already_exists	unchanged	references/statements/account/role/create_role.md	references/statements/account/role/create_role.md	https://dev.mysql.com/doc/refman/8.0/en/create-role.html	static_reviewed	No statement factor/value change was identified in the 8.0.23-8.0.41 release boundary review.
create_role	role_state	missing	unchanged	references/statements/account/role/create_role.md	references/statements/account/role/create_role.md	https://dev.mysql.com/doc/refman/8.0/en/create-role.html	static_reviewed	No statement factor/value change was identified in the 8.0.23-8.0.41 release boundary review.
create_schema	charset_option	omitted	unchanged	references/statements/ddl/schema/create_schema.md	references/statements/ddl/schema/create_schema.md	https://dev.mysql.com/doc/refman/8.0/en/create-database.html	static_reviewed	No statement factor/value change was identified in the 8.0.23-8.0.41 release boundary review.
create_schema	charset_option	utf8mb4	unchanged	references/statements/ddl/schema/create_schema.md	references/statements/ddl/schema/create_schema.md	https://dev.mysql.com/doc/refman/8.0/en/create-database.html	static_reviewed	No statement factor/value change was identified in the 8.0.23-8.0.41 release boundary review.
create_schema	collation_option	omitted	unchanged	references/statements/ddl/schema/create_schema.md	references/statements/ddl/schema/create_schema.md	https://dev.mysql.com/doc/refman/8.0/en/create-database.html	static_reviewed	No statement factor/value change was identified in the 8.0.23-8.0.41 release boundary review.
create_schema	collation_option	utf8mb4_0900_ai_ci	unchanged	references/statements/ddl/schema/create_schema.md	references/statements/ddl/schema/create_schema.md	https://dev.mysql.com/doc/refman/8.0/en/create-database.html	static_reviewed	No statement factor/value change was identified in the 8.0.23-8.0.41 release boundary review.
create_schema	encryption_option	default	unchanged	references/statements/ddl/schema/create_schema.md	references/statements/ddl/schema/create_schema.md	https://dev.mysql.com/doc/refman/8.0/en/create-database.html	static_reviewed	No statement factor/value change was identified in the 8.0.23-8.0.41 release boundary review.
create_schema	encryption_option	n	unchanged	references/statements/ddl/schema/create_schema.md	references/statements/ddl/schema/create_schema.md	https://dev.mysql.com/doc/refman/8.0/en/create-database.html	static_reviewed	No statement factor/value change was identified in the 8.0.23-8.0.41 release boundary review.
create_schema	encryption_option	omitted	unchanged	references/statements/ddl/schema/create_schema.md	references/statements/ddl/schema/create_schema.md	https://dev.mysql.com/doc/refman/8.0/en/create-database.html	static_reviewed	No statement factor/value change was identified in the 8.0.23-8.0.41 release boundary review.
create_schema	encryption_option	y	unchanged	references/statements/ddl/schema/create_schema.md	references/statements/ddl/schema/create_schema.md	https://dev.mysql.com/doc/refman/8.0/en/create-database.html	static_reviewed	No statement factor/value change was identified in the 8.0.23-8.0.41 release boundary review.
create_schema	expected_status	failure	unchanged	references/statements/ddl/schema/create_schema.md	references/statements/ddl/schema/create_schema.md	https://dev.mysql.com/doc/refman/8.0/en/create-database.html	static_reviewed	No statement factor/value change was identified in the 8.0.23-8.0.41 release boundary review.
create_schema	expected_status	success	unchanged	references/statements/ddl/schema/create_schema.md	references/statements/ddl/schema/create_schema.md	https://dev.mysql.com/doc/refman/8.0/en/create-database.html	static_reviewed	No statement factor/value change was identified in the 8.0.23-8.0.41 release boundary review.
create_schema	if_not_exists	omitted	unchanged	references/statements/ddl/schema/create_schema.md	references/statements/ddl/schema/create_schema.md	https://dev.mysql.com/doc/refman/8.0/en/create-database.html	static_reviewed	No statement factor/value change was identified in the 8.0.23-8.0.41 release boundary review.
create_schema	if_not_exists	present	unchanged	references/statements/ddl/schema/create_schema.md	references/statements/ddl/schema/create_schema.md	https://dev.mysql.com/doc/refman/8.0/en/create-database.html	static_reviewed	No statement factor/value change was identified in the 8.0.23-8.0.41 release boundary review.
create_server	execution_mode	isolated_positive	unchanged	references/statements/ddl/server/create_server.md	references/statements/ddl/server/create_server.md	https://dev.mysql.com/doc/refman/8.0/en/create-server.html	static_reviewed	No statement factor/value change was identified in the 8.0.23-8.0.41 release boundary review.
create_server	execution_mode	metadata_only	unchanged	references/statements/ddl/server/create_server.md	references/statements/ddl/server/create_server.md	https://dev.mysql.com/doc/refman/8.0/en/create-server.html	static_reviewed	No statement factor/value change was identified in the 8.0.23-8.0.41 release boundary review.
create_server	execution_mode	safe_negative	unchanged	references/statements/ddl/server/create_server.md	references/statements/ddl/server/create_server.md	https://dev.mysql.com/doc/refman/8.0/en/create-server.html	static_reviewed	No statement factor/value change was identified in the 8.0.23-8.0.41 release boundary review.
create_server	expected_status	failure	unchanged	references/statements/ddl/server/create_server.md	references/statements/ddl/server/create_server.md	https://dev.mysql.com/doc/refman/8.0/en/create-server.html	static_reviewed	No statement factor/value change was identified in the 8.0.23-8.0.41 release boundary review.
create_server	expected_status	success	unchanged	references/statements/ddl/server/create_server.md	references/statements/ddl/server/create_server.md	https://dev.mysql.com/doc/refman/8.0/en/create-server.html	static_reviewed	No statement factor/value change was identified in the 8.0.23-8.0.41 release boundary review.
create_server	option_shape	full_connection	unchanged	references/statements/ddl/server/create_server.md	references/statements/ddl/server/create_server.md	https://dev.mysql.com/doc/refman/8.0/en/create-server.html	static_reviewed	No statement factor/value change was identified in the 8.0.23-8.0.41 release boundary review.
create_server	option_shape	minimal_host_db_user	unchanged	references/statements/ddl/server/create_server.md	references/statements/ddl/server/create_server.md	https://dev.mysql.com/doc/refman/8.0/en/create-server.html	static_reviewed	No statement factor/value change was identified in the 8.0.23-8.0.41 release boundary review.
create_server	option_shape	missing_required_option	unchanged	references/statements/ddl/server/create_server.md	references/statements/ddl/server/create_server.md	https://dev.mysql.com/doc/refman/8.0/en/create-server.html	static_reviewed	No statement factor/value change was identified in the 8.0.23-8.0.41 release boundary review.
create_server	server_state	duplicate_name	unchanged	references/statements/ddl/server/create_server.md	references/statements/ddl/server/create_server.md	https://dev.mysql.com/doc/refman/8.0/en/create-server.html	static_reviewed	No statement factor/value change was identified in the 8.0.23-8.0.41 release boundary review.
create_server	server_state	new_name	unchanged	references/statements/ddl/server/create_server.md	references/statements/ddl/server/create_server.md	https://dev.mysql.com/doc/refman/8.0/en/create-server.html	static_reviewed	No statement factor/value change was identified in the 8.0.23-8.0.41 release boundary review.
create_spatial_reference_system	attribute_shape	invalid_wkt	unchanged	references/statements/ddl/spatial_reference_system/create_spatial_reference_system.md	references/statements/ddl/spatial_reference_system/create_spatial_reference_system.md	https://dev.mysql.com/doc/refman/8.0/en/create-spatial-reference-system.html	static_reviewed	No statement factor/value change was identified in the 8.0.23-8.0.41 release boundary review.
create_spatial_reference_system	attribute_shape	missing_attribute	unchanged	references/statements/ddl/spatial_reference_system/create_spatial_reference_system.md	references/statements/ddl/spatial_reference_system/create_spatial_reference_system.md	https://dev.mysql.com/doc/refman/8.0/en/create-spatial-reference-system.html	static_reviewed	No statement factor/value change was identified in the 8.0.23-8.0.41 release boundary review.
create_spatial_reference_system	attribute_shape	required_geographic	unchanged	references/statements/ddl/spatial_reference_system/create_spatial_reference_system.md	references/statements/ddl/spatial_reference_system/create_spatial_reference_system.md	https://dev.mysql.com/doc/refman/8.0/en/create-spatial-reference-system.html	static_reviewed	No statement factor/value change was identified in the 8.0.23-8.0.41 release boundary review.
create_spatial_reference_system	attribute_shape	required_projected	unchanged	references/statements/ddl/spatial_reference_system/create_spatial_reference_system.md	references/statements/ddl/spatial_reference_system/create_spatial_reference_system.md	https://dev.mysql.com/doc/refman/8.0/en/create-spatial-reference-system.html	static_reviewed	No statement factor/value change was identified in the 8.0.23-8.0.41 release boundary review.
create_spatial_reference_system	expected_status	failure	unchanged	references/statements/ddl/spatial_reference_system/create_spatial_reference_system.md	references/statements/ddl/spatial_reference_system/create_spatial_reference_system.md	https://dev.mysql.com/doc/refman/8.0/en/create-spatial-reference-system.html	static_reviewed	No statement factor/value change was identified in the 8.0.23-8.0.41 release boundary review.
create_spatial_reference_system	expected_status	success	unchanged	references/statements/ddl/spatial_reference_system/create_spatial_reference_system.md	references/statements/ddl/spatial_reference_system/create_spatial_reference_system.md	https://dev.mysql.com/doc/refman/8.0/en/create-spatial-reference-system.html	static_reviewed	No statement factor/value change was identified in the 8.0.23-8.0.41 release boundary review.
create_spatial_reference_system	if_not_exists	omitted	unchanged	references/statements/ddl/spatial_reference_system/create_spatial_reference_system.md	references/statements/ddl/spatial_reference_system/create_spatial_reference_system.md	https://dev.mysql.com/doc/refman/8.0/en/create-spatial-reference-system.html	static_reviewed	No statement factor/value change was identified in the 8.0.23-8.0.41 release boundary review.
create_spatial_reference_system	if_not_exists	present	unchanged	references/statements/ddl/spatial_reference_system/create_spatial_reference_system.md	references/statements/ddl/spatial_reference_system/create_spatial_reference_system.md	https://dev.mysql.com/doc/refman/8.0/en/create-spatial-reference-system.html	static_reviewed	No statement factor/value change was identified in the 8.0.23-8.0.41 release boundary review.
create_spatial_reference_system	replace_shape	omitted	unchanged	references/statements/ddl/spatial_reference_system/create_spatial_reference_system.md	references/statements/ddl/spatial_reference_system/create_spatial_reference_system.md	https://dev.mysql.com/doc/refman/8.0/en/create-spatial-reference-system.html	static_reviewed	No statement factor/value change was identified in the 8.0.23-8.0.41 release boundary review.
create_spatial_reference_system	replace_shape	or_replace	unchanged	references/statements/ddl/spatial_reference_system/create_spatial_reference_system.md	references/statements/ddl/spatial_reference_system/create_spatial_reference_system.md	https://dev.mysql.com/doc/refman/8.0/en/create-spatial-reference-system.html	static_reviewed	No statement factor/value change was identified in the 8.0.23-8.0.41 release boundary review.
create_spatial_reference_system	srid_shape	duplicate_srid	unchanged	references/statements/ddl/spatial_reference_system/create_spatial_reference_system.md	references/statements/ddl/spatial_reference_system/create_spatial_reference_system.md	https://dev.mysql.com/doc/refman/8.0/en/create-spatial-reference-system.html	static_reviewed	No statement factor/value change was identified in the 8.0.23-8.0.41 release boundary review.
create_spatial_reference_system	srid_shape	reserved_range	unchanged	references/statements/ddl/spatial_reference_system/create_spatial_reference_system.md	references/statements/ddl/spatial_reference_system/create_spatial_reference_system.md	https://dev.mysql.com/doc/refman/8.0/en/create-spatial-reference-system.html	static_reviewed	No statement factor/value change was identified in the 8.0.23-8.0.41 release boundary review.
create_spatial_reference_system	srid_shape	user_range	unchanged	references/statements/ddl/spatial_reference_system/create_spatial_reference_system.md	references/statements/ddl/spatial_reference_system/create_spatial_reference_system.md	https://dev.mysql.com/doc/refman/8.0/en/create-spatial-reference-system.html	static_reviewed	No statement factor/value change was identified in the 8.0.23-8.0.41 release boundary review.
create_table	column_visibility	invisible	added		references/statements/ddl/table/create_table.md	https://dev.mysql.com/doc/relnotes/mysql/8.0/en/news-8-0-23.html	static_reviewed	Factor/value is available in 8.0.41 and absent from the 8.0.22 edition.
create_table	column_visibility	visible	added		references/statements/ddl/table/create_table.md	https://dev.mysql.com/doc/relnotes/mysql/8.0/en/news-8-0-23.html	static_reviewed	Factor/value is available in 8.0.41 and absent from the 8.0.22 edition.
create_table	constraint_shape	check_enforced	changed	references/statements/ddl/table/create_table.md	references/statements/ddl/table/create_table.md	https://dev.mysql.com/doc/relnotes/mysql/8.0/en/news-8-0-23.html	static_reviewed	Statement semantics or syntax changed in the cited intervening release.
create_table	constraint_shape	check_not_enforced	changed	references/statements/ddl/table/create_table.md	references/statements/ddl/table/create_table.md	https://dev.mysql.com/doc/relnotes/mysql/8.0/en/news-8-0-23.html	static_reviewed	Statement semantics or syntax changed in the cited intervening release.
create_table	constraint_shape	foreign_key	changed	references/statements/ddl/table/create_table.md	references/statements/ddl/table/create_table.md	https://dev.mysql.com/doc/relnotes/mysql/8.0/en/news-8-0-23.html	static_reviewed	Statement semantics or syntax changed in the cited intervening release.
create_table	constraint_shape	primary_key	changed	references/statements/ddl/table/create_table.md	references/statements/ddl/table/create_table.md	https://dev.mysql.com/doc/relnotes/mysql/8.0/en/news-8-0-23.html	static_reviewed	Statement semantics or syntax changed in the cited intervening release.
create_table	constraint_shape	unique_key	changed	references/statements/ddl/table/create_table.md	references/statements/ddl/table/create_table.md	https://dev.mysql.com/doc/relnotes/mysql/8.0/en/news-8-0-23.html	static_reviewed	Statement semantics or syntax changed in the cited intervening release.
create_table	data_type_family	json	changed	references/statements/ddl/table/create_table.md	references/statements/ddl/table/create_table.md	https://dev.mysql.com/doc/relnotes/mysql/8.0/en/news-8-0-23.html	static_reviewed	Statement semantics or syntax changed in the cited intervening release.
create_table	data_type_family	numeric	changed	references/statements/ddl/table/create_table.md	references/statements/ddl/table/create_table.md	https://dev.mysql.com/doc/relnotes/mysql/8.0/en/news-8-0-23.html	static_reviewed	Statement semantics or syntax changed in the cited intervening release.
create_table	data_type_family	spatial	changed	references/statements/ddl/table/create_table.md	references/statements/ddl/table/create_table.md	https://dev.mysql.com/doc/relnotes/mysql/8.0/en/news-8-0-23.html	static_reviewed	Statement semantics or syntax changed in the cited intervening release.
create_table	data_type_family	string	changed	references/statements/ddl/table/create_table.md	references/statements/ddl/table/create_table.md	https://dev.mysql.com/doc/relnotes/mysql/8.0/en/news-8-0-23.html	static_reviewed	Statement semantics or syntax changed in the cited intervening release.
create_table	data_type_family	temporal	changed	references/statements/ddl/table/create_table.md	references/statements/ddl/table/create_table.md	https://dev.mysql.com/doc/relnotes/mysql/8.0/en/news-8-0-23.html	static_reviewed	Statement semantics or syntax changed in the cited intervening release.
create_table	duplicate_table_state	name_already_exists	changed	references/statements/ddl/table/create_table.md	references/statements/ddl/table/create_table.md	https://dev.mysql.com/doc/relnotes/mysql/8.0/en/news-8-0-23.html	static_reviewed	Statement semantics or syntax changed in the cited intervening release.
create_table	duplicate_table_state	no_conflict	changed	references/statements/ddl/table/create_table.md	references/statements/ddl/table/create_table.md	https://dev.mysql.com/doc/relnotes/mysql/8.0/en/news-8-0-23.html	static_reviewed	Statement semantics or syntax changed in the cited intervening release.
create_table	expected_status	failure	changed	references/statements/ddl/table/create_table.md	references/statements/ddl/table/create_table.md	https://dev.mysql.com/doc/relnotes/mysql/8.0/en/news-8-0-23.html	static_reviewed	Statement semantics or syntax changed in the cited intervening release.
create_table	expected_status	success	changed	references/statements/ddl/table/create_table.md	references/statements/ddl/table/create_table.md	https://dev.mysql.com/doc/relnotes/mysql/8.0/en/news-8-0-23.html	static_reviewed	Statement semantics or syntax changed in the cited intervening release.
create_table	generated_column_shape	omitted	changed	references/statements/ddl/table/create_table.md	references/statements/ddl/table/create_table.md	https://dev.mysql.com/doc/relnotes/mysql/8.0/en/news-8-0-23.html	static_reviewed	Statement semantics or syntax changed in the cited intervening release.
create_table	generated_column_shape	stored	changed	references/statements/ddl/table/create_table.md	references/statements/ddl/table/create_table.md	https://dev.mysql.com/doc/relnotes/mysql/8.0/en/news-8-0-23.html	static_reviewed	Statement semantics or syntax changed in the cited intervening release.
create_table	generated_column_shape	virtual	changed	references/statements/ddl/table/create_table.md	references/statements/ddl/table/create_table.md	https://dev.mysql.com/doc/relnotes/mysql/8.0/en/news-8-0-23.html	static_reviewed	Statement semantics or syntax changed in the cited intervening release.
create_table	if_not_exists	omitted	changed	references/statements/ddl/table/create_table.md	references/statements/ddl/table/create_table.md	https://dev.mysql.com/doc/relnotes/mysql/8.0/en/news-8-0-23.html	static_reviewed	Statement semantics or syntax changed in the cited intervening release.
create_table	if_not_exists	present	changed	references/statements/ddl/table/create_table.md	references/statements/ddl/table/create_table.md	https://dev.mysql.com/doc/relnotes/mysql/8.0/en/news-8-0-23.html	static_reviewed	Statement semantics or syntax changed in the cited intervening release.
create_table	statement_branch	column_definition	changed	references/statements/ddl/table/create_table.md	references/statements/ddl/table/create_table.md	https://dev.mysql.com/doc/relnotes/mysql/8.0/en/news-8-0-23.html	static_reviewed	Statement semantics or syntax changed in the cited intervening release.
create_table	statement_branch	create_like	changed	references/statements/ddl/table/create_table.md	references/statements/ddl/table/create_table.md	https://dev.mysql.com/doc/relnotes/mysql/8.0/en/news-8-0-23.html	static_reviewed	Statement semantics or syntax changed in the cited intervening release.
create_table	statement_branch	create_select	changed	references/statements/ddl/table/create_table.md	references/statements/ddl/table/create_table.md	https://dev.mysql.com/doc/relnotes/mysql/8.0/en/news-8-0-23.html	static_reviewed	Statement semantics or syntax changed in the cited intervening release.
create_table	table_kind	permanent	changed	references/statements/ddl/table/create_table.md	references/statements/ddl/table/create_table.md	https://dev.mysql.com/doc/relnotes/mysql/8.0/en/news-8-0-23.html	static_reviewed	Statement semantics or syntax changed in the cited intervening release.
create_table	table_kind	temporary	changed	references/statements/ddl/table/create_table.md	references/statements/ddl/table/create_table.md	https://dev.mysql.com/doc/relnotes/mysql/8.0/en/news-8-0-23.html	static_reviewed	Statement semantics or syntax changed in the cited intervening release.
create_table	table_name_shape	quoted_reserved	changed	references/statements/ddl/table/create_table.md	references/statements/ddl/table/create_table.md	https://dev.mysql.com/doc/relnotes/mysql/8.0/en/news-8-0-23.html	static_reviewed	Statement semantics or syntax changed in the cited intervening release.
create_table	table_name_shape	unquoted_lower	changed	references/statements/ddl/table/create_table.md	references/statements/ddl/table/create_table.md	https://dev.mysql.com/doc/relnotes/mysql/8.0/en/news-8-0-23.html	static_reviewed	Statement semantics or syntax changed in the cited intervening release.
create_table	table_option_shape	charset_collate	changed	references/statements/ddl/table/create_table.md	references/statements/ddl/table/create_table.md	https://dev.mysql.com/doc/relnotes/mysql/8.0/en/news-8-0-23.html	static_reviewed	Statement semantics or syntax changed in the cited intervening release.
create_table	table_option_shape	encryption	changed	references/statements/ddl/table/create_table.md	references/statements/ddl/table/create_table.md	https://dev.mysql.com/doc/relnotes/mysql/8.0/en/news-8-0-23.html	static_reviewed	Statement semantics or syntax changed in the cited intervening release.
create_table	table_option_shape	engine_innodb	changed	references/statements/ddl/table/create_table.md	references/statements/ddl/table/create_table.md	https://dev.mysql.com/doc/relnotes/mysql/8.0/en/news-8-0-23.html	static_reviewed	Statement semantics or syntax changed in the cited intervening release.
create_table	table_option_shape	engine_memory	changed	references/statements/ddl/table/create_table.md	references/statements/ddl/table/create_table.md	https://dev.mysql.com/doc/relnotes/mysql/8.0/en/news-8-0-23.html	static_reviewed	Statement semantics or syntax changed in the cited intervening release.
create_tablespace	datafile_shape	absolute_file	unchanged	references/statements/ddl/tablespace/create_tablespace.md	references/statements/ddl/tablespace/create_tablespace.md	https://dev.mysql.com/doc/refman/8.0/en/create-tablespace.html	static_reviewed	No statement factor/value change was identified in the 8.0.23-8.0.41 release boundary review.
create_tablespace	datafile_shape	missing_datafile	unchanged	references/statements/ddl/tablespace/create_tablespace.md	references/statements/ddl/tablespace/create_tablespace.md	https://dev.mysql.com/doc/refman/8.0/en/create-tablespace.html	static_reviewed	No statement factor/value change was identified in the 8.0.23-8.0.41 release boundary review.
create_tablespace	datafile_shape	relative_file	unchanged	references/statements/ddl/tablespace/create_tablespace.md	references/statements/ddl/tablespace/create_tablespace.md	https://dev.mysql.com/doc/refman/8.0/en/create-tablespace.html	static_reviewed	No statement factor/value change was identified in the 8.0.23-8.0.41 release boundary review.
create_tablespace	execution_mode	isolated_positive	unchanged	references/statements/ddl/tablespace/create_tablespace.md	references/statements/ddl/tablespace/create_tablespace.md	https://dev.mysql.com/doc/refman/8.0/en/create-tablespace.html	static_reviewed	No statement factor/value change was identified in the 8.0.23-8.0.41 release boundary review.
create_tablespace	execution_mode	safe_negative	unchanged	references/statements/ddl/tablespace/create_tablespace.md	references/statements/ddl/tablespace/create_tablespace.md	https://dev.mysql.com/doc/refman/8.0/en/create-tablespace.html	static_reviewed	No statement factor/value change was identified in the 8.0.23-8.0.41 release boundary review.
create_tablespace	execution_mode	skip_ndb	unchanged	references/statements/ddl/tablespace/create_tablespace.md	references/statements/ddl/tablespace/create_tablespace.md	https://dev.mysql.com/doc/refman/8.0/en/create-tablespace.html	static_reviewed	No statement factor/value change was identified in the 8.0.23-8.0.41 release boundary review.
create_tablespace	expected_status	failure	unchanged	references/statements/ddl/tablespace/create_tablespace.md	references/statements/ddl/tablespace/create_tablespace.md	https://dev.mysql.com/doc/refman/8.0/en/create-tablespace.html	static_reviewed	No statement factor/value change was identified in the 8.0.23-8.0.41 release boundary review.
create_tablespace	expected_status	success	unchanged	references/statements/ddl/tablespace/create_tablespace.md	references/statements/ddl/tablespace/create_tablespace.md	https://dev.mysql.com/doc/refman/8.0/en/create-tablespace.html	static_reviewed	No statement factor/value change was identified in the 8.0.23-8.0.41 release boundary review.
create_tablespace	tablespace_kind	innodb_general	unchanged	references/statements/ddl/tablespace/create_tablespace.md	references/statements/ddl/tablespace/create_tablespace.md	https://dev.mysql.com/doc/refman/8.0/en/create-tablespace.html	static_reviewed	No statement factor/value change was identified in the 8.0.23-8.0.41 release boundary review.
create_tablespace	tablespace_kind	ndb_disk_data	unchanged	references/statements/ddl/tablespace/create_tablespace.md	references/statements/ddl/tablespace/create_tablespace.md	https://dev.mysql.com/doc/refman/8.0/en/create-tablespace.html	static_reviewed	No statement factor/value change was identified in the 8.0.23-8.0.41 release boundary review.
create_tablespace	tablespace_kind	undo	unchanged	references/statements/ddl/tablespace/create_tablespace.md	references/statements/ddl/tablespace/create_tablespace.md	https://dev.mysql.com/doc/refman/8.0/en/create-tablespace.html	static_reviewed	No statement factor/value change was identified in the 8.0.23-8.0.41 release boundary review.
create_trigger	body_shape	audit_insert	changed	references/statements/ddl/trigger/create_trigger.md	references/statements/ddl/trigger/create_trigger.md	https://dev.mysql.com/doc/relnotes/mysql/8.0/en/news-8-0-29.html	static_reviewed	Statement semantics or syntax changed in the cited intervening release.
create_trigger	body_shape	invalid_body	changed	references/statements/ddl/trigger/create_trigger.md	references/statements/ddl/trigger/create_trigger.md	https://dev.mysql.com/doc/relnotes/mysql/8.0/en/news-8-0-29.html	static_reviewed	Statement semantics or syntax changed in the cited intervening release.
create_trigger	body_shape	set_new_value	changed	references/statements/ddl/trigger/create_trigger.md	references/statements/ddl/trigger/create_trigger.md	https://dev.mysql.com/doc/relnotes/mysql/8.0/en/news-8-0-29.html	static_reviewed	Statement semantics or syntax changed in the cited intervening release.
create_trigger	definer_shape	current_user	changed	references/statements/ddl/trigger/create_trigger.md	references/statements/ddl/trigger/create_trigger.md	https://dev.mysql.com/doc/relnotes/mysql/8.0/en/news-8-0-29.html	static_reviewed	Statement semantics or syntax changed in the cited intervening release.
create_trigger	definer_shape	explicit_user	changed	references/statements/ddl/trigger/create_trigger.md	references/statements/ddl/trigger/create_trigger.md	https://dev.mysql.com/doc/relnotes/mysql/8.0/en/news-8-0-29.html	static_reviewed	Statement semantics or syntax changed in the cited intervening release.
create_trigger	definer_shape	omitted	changed	references/statements/ddl/trigger/create_trigger.md	references/statements/ddl/trigger/create_trigger.md	https://dev.mysql.com/doc/relnotes/mysql/8.0/en/news-8-0-29.html	static_reviewed	Statement semantics or syntax changed in the cited intervening release.
create_trigger	expected_status	failure	changed	references/statements/ddl/trigger/create_trigger.md	references/statements/ddl/trigger/create_trigger.md	https://dev.mysql.com/doc/relnotes/mysql/8.0/en/news-8-0-29.html	static_reviewed	Statement semantics or syntax changed in the cited intervening release.
create_trigger	expected_status	success	changed	references/statements/ddl/trigger/create_trigger.md	references/statements/ddl/trigger/create_trigger.md	https://dev.mysql.com/doc/relnotes/mysql/8.0/en/news-8-0-29.html	static_reviewed	Statement semantics or syntax changed in the cited intervening release.
create_trigger	if_not_exists	omitted	added		references/statements/ddl/trigger/create_trigger.md	https://dev.mysql.com/doc/relnotes/mysql/8.0/en/news-8-0-29.html	static_reviewed	Factor/value is available in 8.0.41 and absent from the 8.0.22 edition.
create_trigger	if_not_exists	present	added		references/statements/ddl/trigger/create_trigger.md	https://dev.mysql.com/doc/relnotes/mysql/8.0/en/news-8-0-29.html	static_reviewed	Factor/value is available in 8.0.41 and absent from the 8.0.22 edition.
create_trigger	trigger_event	delete	changed	references/statements/ddl/trigger/create_trigger.md	references/statements/ddl/trigger/create_trigger.md	https://dev.mysql.com/doc/relnotes/mysql/8.0/en/news-8-0-29.html	static_reviewed	Statement semantics or syntax changed in the cited intervening release.
create_trigger	trigger_event	insert	changed	references/statements/ddl/trigger/create_trigger.md	references/statements/ddl/trigger/create_trigger.md	https://dev.mysql.com/doc/relnotes/mysql/8.0/en/news-8-0-29.html	static_reviewed	Statement semantics or syntax changed in the cited intervening release.
create_trigger	trigger_event	update	changed	references/statements/ddl/trigger/create_trigger.md	references/statements/ddl/trigger/create_trigger.md	https://dev.mysql.com/doc/relnotes/mysql/8.0/en/news-8-0-29.html	static_reviewed	Statement semantics or syntax changed in the cited intervening release.
create_trigger	trigger_order	follows	changed	references/statements/ddl/trigger/create_trigger.md	references/statements/ddl/trigger/create_trigger.md	https://dev.mysql.com/doc/relnotes/mysql/8.0/en/news-8-0-29.html	static_reviewed	Statement semantics or syntax changed in the cited intervening release.
create_trigger	trigger_order	omitted	changed	references/statements/ddl/trigger/create_trigger.md	references/statements/ddl/trigger/create_trigger.md	https://dev.mysql.com/doc/relnotes/mysql/8.0/en/news-8-0-29.html	static_reviewed	Statement semantics or syntax changed in the cited intervening release.
create_trigger	trigger_order	precedes	changed	references/statements/ddl/trigger/create_trigger.md	references/statements/ddl/trigger/create_trigger.md	https://dev.mysql.com/doc/relnotes/mysql/8.0/en/news-8-0-29.html	static_reviewed	Statement semantics or syntax changed in the cited intervening release.
create_trigger	trigger_time	after	changed	references/statements/ddl/trigger/create_trigger.md	references/statements/ddl/trigger/create_trigger.md	https://dev.mysql.com/doc/relnotes/mysql/8.0/en/news-8-0-29.html	static_reviewed	Statement semantics or syntax changed in the cited intervening release.
create_trigger	trigger_time	before	changed	references/statements/ddl/trigger/create_trigger.md	references/statements/ddl/trigger/create_trigger.md	https://dev.mysql.com/doc/relnotes/mysql/8.0/en/news-8-0-29.html	static_reviewed	Statement semantics or syntax changed in the cited intervening release.
create_user	account_lock_shape	lock	changed	references/statements/account/user/create_user.md	references/statements/account/user/create_user.md	https://dev.mysql.com/doc/relnotes/mysql/8.0/en/news-8-0-27.html	static_reviewed	Statement semantics or syntax changed in the cited intervening release.
create_user	account_lock_shape	omitted	changed	references/statements/account/user/create_user.md	references/statements/account/user/create_user.md	https://dev.mysql.com/doc/relnotes/mysql/8.0/en/news-8-0-27.html	static_reviewed	Statement semantics or syntax changed in the cited intervening release.
create_user	account_lock_shape	unlock	changed	references/statements/account/user/create_user.md	references/statements/account/user/create_user.md	https://dev.mysql.com/doc/relnotes/mysql/8.0/en/news-8-0-27.html	static_reviewed	Statement semantics or syntax changed in the cited intervening release.
create_user	account_name_shape	quoted_user	changed	references/statements/account/user/create_user.md	references/statements/account/user/create_user.md	https://dev.mysql.com/doc/relnotes/mysql/8.0/en/news-8-0-27.html	static_reviewed	Statement semantics or syntax changed in the cited intervening release.
create_user	account_name_shape	user_localhost	changed	references/statements/account/user/create_user.md	references/statements/account/user/create_user.md	https://dev.mysql.com/doc/relnotes/mysql/8.0/en/news-8-0-27.html	static_reviewed	Statement semantics or syntax changed in the cited intervening release.
create_user	account_name_shape	user_percent_host	changed	references/statements/account/user/create_user.md	references/statements/account/user/create_user.md	https://dev.mysql.com/doc/relnotes/mysql/8.0/en/news-8-0-27.html	static_reviewed	Statement semantics or syntax changed in the cited intervening release.
create_user	auth_shape	identified_by_password	changed	references/statements/account/user/create_user.md	references/statements/account/user/create_user.md	https://dev.mysql.com/doc/relnotes/mysql/8.0/en/news-8-0-27.html	static_reviewed	Statement semantics or syntax changed in the cited intervening release.
create_user	auth_shape	identified_with_plugin	changed	references/statements/account/user/create_user.md	references/statements/account/user/create_user.md	https://dev.mysql.com/doc/relnotes/mysql/8.0/en/news-8-0-27.html	static_reviewed	Statement semantics or syntax changed in the cited intervening release.
create_user	auth_shape	omitted	changed	references/statements/account/user/create_user.md	references/statements/account/user/create_user.md	https://dev.mysql.com/doc/relnotes/mysql/8.0/en/news-8-0-27.html	static_reviewed	Statement semantics or syntax changed in the cited intervening release.
create_user	auth_shape	random_password	changed	references/statements/account/user/create_user.md	references/statements/account/user/create_user.md	https://dev.mysql.com/doc/relnotes/mysql/8.0/en/news-8-0-27.html	static_reviewed	Statement semantics or syntax changed in the cited intervening release.
create_user	auth_shape	three_factor	added		references/statements/account/user/create_user.md	https://dev.mysql.com/doc/relnotes/mysql/8.0/en/news-8-0-27.html	static_reviewed	Factor/value is available in 8.0.41 and absent from the 8.0.22 edition.
create_user	auth_shape	two_factor	added		references/statements/account/user/create_user.md	https://dev.mysql.com/doc/relnotes/mysql/8.0/en/news-8-0-27.html	static_reviewed	Factor/value is available in 8.0.41 and absent from the 8.0.22 edition.
create_user	default_role_shape	default_role	changed	references/statements/account/user/create_user.md	references/statements/account/user/create_user.md	https://dev.mysql.com/doc/relnotes/mysql/8.0/en/news-8-0-27.html	static_reviewed	Statement semantics or syntax changed in the cited intervening release.
create_user	default_role_shape	omitted	changed	references/statements/account/user/create_user.md	references/statements/account/user/create_user.md	https://dev.mysql.com/doc/relnotes/mysql/8.0/en/news-8-0-27.html	static_reviewed	Statement semantics or syntax changed in the cited intervening release.
create_user	expected_status	failure	changed	references/statements/account/user/create_user.md	references/statements/account/user/create_user.md	https://dev.mysql.com/doc/relnotes/mysql/8.0/en/news-8-0-27.html	static_reviewed	Statement semantics or syntax changed in the cited intervening release.
create_user	expected_status	success	changed	references/statements/account/user/create_user.md	references/statements/account/user/create_user.md	https://dev.mysql.com/doc/relnotes/mysql/8.0/en/news-8-0-27.html	static_reviewed	Statement semantics or syntax changed in the cited intervening release.
create_user	if_not_exists	omitted	changed	references/statements/account/user/create_user.md	references/statements/account/user/create_user.md	https://dev.mysql.com/doc/relnotes/mysql/8.0/en/news-8-0-27.html	static_reviewed	Statement semantics or syntax changed in the cited intervening release.
create_user	if_not_exists	present	changed	references/statements/account/user/create_user.md	references/statements/account/user/create_user.md	https://dev.mysql.com/doc/relnotes/mysql/8.0/en/news-8-0-27.html	static_reviewed	Statement semantics or syntax changed in the cited intervening release.
create_user	password_lifecycle_shape	failed_login_attempts	changed	references/statements/account/user/create_user.md	references/statements/account/user/create_user.md	https://dev.mysql.com/doc/relnotes/mysql/8.0/en/news-8-0-27.html	static_reviewed	Statement semantics or syntax changed in the cited intervening release.
create_user	password_lifecycle_shape	omitted	changed	references/statements/account/user/create_user.md	references/statements/account/user/create_user.md	https://dev.mysql.com/doc/relnotes/mysql/8.0/en/news-8-0-27.html	static_reviewed	Statement semantics or syntax changed in the cited intervening release.
create_user	password_lifecycle_shape	password_expire	changed	references/statements/account/user/create_user.md	references/statements/account/user/create_user.md	https://dev.mysql.com/doc/relnotes/mysql/8.0/en/news-8-0-27.html	static_reviewed	Statement semantics or syntax changed in the cited intervening release.
create_user	password_lifecycle_shape	password_history	changed	references/statements/account/user/create_user.md	references/statements/account/user/create_user.md	https://dev.mysql.com/doc/relnotes/mysql/8.0/en/news-8-0-27.html	static_reviewed	Statement semantics or syntax changed in the cited intervening release.
create_user	ssl_require_shape	omitted	changed	references/statements/account/user/create_user.md	references/statements/account/user/create_user.md	https://dev.mysql.com/doc/relnotes/mysql/8.0/en/news-8-0-27.html	static_reviewed	Statement semantics or syntax changed in the cited intervening release.
create_user	ssl_require_shape	ssl	changed	references/statements/account/user/create_user.md	references/statements/account/user/create_user.md	https://dev.mysql.com/doc/relnotes/mysql/8.0/en/news-8-0-27.html	static_reviewed	Statement semantics or syntax changed in the cited intervening release.
create_user	ssl_require_shape	x509	changed	references/statements/account/user/create_user.md	references/statements/account/user/create_user.md	https://dev.mysql.com/doc/relnotes/mysql/8.0/en/news-8-0-27.html	static_reviewed	Statement semantics or syntax changed in the cited intervening release.
create_view	algorithm	merge	unchanged	references/statements/ddl/view/create_view.md	references/statements/ddl/view/create_view.md	https://dev.mysql.com/doc/refman/8.0/en/create-view.html	static_reviewed	No statement factor/value change was identified in the 8.0.23-8.0.41 release boundary review.
create_view	algorithm	omitted	unchanged	references/statements/ddl/view/create_view.md	references/statements/ddl/view/create_view.md	https://dev.mysql.com/doc/refman/8.0/en/create-view.html	static_reviewed	No statement factor/value change was identified in the 8.0.23-8.0.41 release boundary review.
create_view	algorithm	temptable	unchanged	references/statements/ddl/view/create_view.md	references/statements/ddl/view/create_view.md	https://dev.mysql.com/doc/refman/8.0/en/create-view.html	static_reviewed	No statement factor/value change was identified in the 8.0.23-8.0.41 release boundary review.
create_view	algorithm	undefined	unchanged	references/statements/ddl/view/create_view.md	references/statements/ddl/view/create_view.md	https://dev.mysql.com/doc/refman/8.0/en/create-view.html	static_reviewed	No statement factor/value change was identified in the 8.0.23-8.0.41 release boundary review.
create_view	check_option	cascaded	unchanged	references/statements/ddl/view/create_view.md	references/statements/ddl/view/create_view.md	https://dev.mysql.com/doc/refman/8.0/en/create-view.html	static_reviewed	No statement factor/value change was identified in the 8.0.23-8.0.41 release boundary review.
create_view	check_option	local	unchanged	references/statements/ddl/view/create_view.md	references/statements/ddl/view/create_view.md	https://dev.mysql.com/doc/refman/8.0/en/create-view.html	static_reviewed	No statement factor/value change was identified in the 8.0.23-8.0.41 release boundary review.
create_view	check_option	omitted	unchanged	references/statements/ddl/view/create_view.md	references/statements/ddl/view/create_view.md	https://dev.mysql.com/doc/refman/8.0/en/create-view.html	static_reviewed	No statement factor/value change was identified in the 8.0.23-8.0.41 release boundary review.
create_view	column_list_shape	explicit	unchanged	references/statements/ddl/view/create_view.md	references/statements/ddl/view/create_view.md	https://dev.mysql.com/doc/refman/8.0/en/create-view.html	static_reviewed	No statement factor/value change was identified in the 8.0.23-8.0.41 release boundary review.
create_view	column_list_shape	omitted	unchanged	references/statements/ddl/view/create_view.md	references/statements/ddl/view/create_view.md	https://dev.mysql.com/doc/refman/8.0/en/create-view.html	static_reviewed	No statement factor/value change was identified in the 8.0.23-8.0.41 release boundary review.
create_view	expected_status	failure	unchanged	references/statements/ddl/view/create_view.md	references/statements/ddl/view/create_view.md	https://dev.mysql.com/doc/refman/8.0/en/create-view.html	static_reviewed	No statement factor/value change was identified in the 8.0.23-8.0.41 release boundary review.
create_view	expected_status	success	unchanged	references/statements/ddl/view/create_view.md	references/statements/ddl/view/create_view.md	https://dev.mysql.com/doc/refman/8.0/en/create-view.html	static_reviewed	No statement factor/value change was identified in the 8.0.23-8.0.41 release boundary review.
create_view	or_replace	omitted	unchanged	references/statements/ddl/view/create_view.md	references/statements/ddl/view/create_view.md	https://dev.mysql.com/doc/refman/8.0/en/create-view.html	static_reviewed	No statement factor/value change was identified in the 8.0.23-8.0.41 release boundary review.
create_view	or_replace	present	unchanged	references/statements/ddl/view/create_view.md	references/statements/ddl/view/create_view.md	https://dev.mysql.com/doc/refman/8.0/en/create-view.html	static_reviewed	No statement factor/value change was identified in the 8.0.23-8.0.41 release boundary review.
create_view	security_type	definer	unchanged	references/statements/ddl/view/create_view.md	references/statements/ddl/view/create_view.md	https://dev.mysql.com/doc/refman/8.0/en/create-view.html	static_reviewed	No statement factor/value change was identified in the 8.0.23-8.0.41 release boundary review.
create_view	security_type	invoker	unchanged	references/statements/ddl/view/create_view.md	references/statements/ddl/view/create_view.md	https://dev.mysql.com/doc/refman/8.0/en/create-view.html	static_reviewed	No statement factor/value change was identified in the 8.0.23-8.0.41 release boundary review.
create_view	security_type	omitted	unchanged	references/statements/ddl/view/create_view.md	references/statements/ddl/view/create_view.md	https://dev.mysql.com/doc/refman/8.0/en/create-view.html	static_reviewed	No statement factor/value change was identified in the 8.0.23-8.0.41 release boundary review.
deallocate	expected_status	failure	unchanged	references/statements/prepared/prepared_statement/deallocate.md	references/statements/prepared/prepared_statement/deallocate.md	https://dev.mysql.com/doc/refman/8.0/en/deallocate-prepare.html	static_reviewed	No statement factor/value change was identified in the 8.0.23-8.0.41 release boundary review.
deallocate	expected_status	success	unchanged	references/statements/prepared/prepared_statement/deallocate.md	references/statements/prepared/prepared_statement/deallocate.md	https://dev.mysql.com/doc/refman/8.0/en/deallocate-prepare.html	static_reviewed	No statement factor/value change was identified in the 8.0.23-8.0.41 release boundary review.
deallocate	prepared_state	exists	unchanged	references/statements/prepared/prepared_statement/deallocate.md	references/statements/prepared/prepared_statement/deallocate.md	https://dev.mysql.com/doc/refman/8.0/en/deallocate-prepare.html	static_reviewed	No statement factor/value change was identified in the 8.0.23-8.0.41 release boundary review.
deallocate	prepared_state	missing	unchanged	references/statements/prepared/prepared_statement/deallocate.md	references/statements/prepared/prepared_statement/deallocate.md	https://dev.mysql.com/doc/refman/8.0/en/deallocate-prepare.html	static_reviewed	No statement factor/value change was identified in the 8.0.23-8.0.41 release boundary review.
deallocate	statement_branch	deallocate_prepare	unchanged	references/statements/prepared/prepared_statement/deallocate.md	references/statements/prepared/prepared_statement/deallocate.md	https://dev.mysql.com/doc/refman/8.0/en/deallocate-prepare.html	static_reviewed	No statement factor/value change was identified in the 8.0.23-8.0.41 release boundary review.
deallocate	statement_branch	drop_prepare	unchanged	references/statements/prepared/prepared_statement/deallocate.md	references/statements/prepared/prepared_statement/deallocate.md	https://dev.mysql.com/doc/refman/8.0/en/deallocate-prepare.html	static_reviewed	No statement factor/value change was identified in the 8.0.23-8.0.41 release boundary review.
declare	declaration_order_state	after_handler_invalid	unchanged	references/statements/cursor/cursor/declare.md	references/statements/cursor/cursor/declare.md	https://dev.mysql.com/doc/refman/8.0/en/declare-cursor.html	static_reviewed	No statement factor/value change was identified in the 8.0.23-8.0.41 release boundary review.
declare	declaration_order_state	before_handlers	unchanged	references/statements/cursor/cursor/declare.md	references/statements/cursor/cursor/declare.md	https://dev.mysql.com/doc/refman/8.0/en/declare-cursor.html	static_reviewed	No statement factor/value change was identified in the 8.0.23-8.0.41 release boundary review.
declare	expected_status	failure	unchanged	references/statements/cursor/cursor/declare.md	references/statements/cursor/cursor/declare.md	https://dev.mysql.com/doc/refman/8.0/en/declare-cursor.html	static_reviewed	No statement factor/value change was identified in the 8.0.23-8.0.41 release boundary review.
declare	expected_status	success	unchanged	references/statements/cursor/cursor/declare.md	references/statements/cursor/cursor/declare.md	https://dev.mysql.com/doc/refman/8.0/en/declare-cursor.html	static_reviewed	No statement factor/value change was identified in the 8.0.23-8.0.41 release boundary review.
declare	query_shape	join_select	unchanged	references/statements/cursor/cursor/declare.md	references/statements/cursor/cursor/declare.md	https://dev.mysql.com/doc/refman/8.0/en/declare-cursor.html	static_reviewed	No statement factor/value change was identified in the 8.0.23-8.0.41 release boundary review.
declare	query_shape	select_with_into_invalid	unchanged	references/statements/cursor/cursor/declare.md	references/statements/cursor/cursor/declare.md	https://dev.mysql.com/doc/refman/8.0/en/declare-cursor.html	static_reviewed	No statement factor/value change was identified in the 8.0.23-8.0.41 release boundary review.
declare	query_shape	simple_select	unchanged	references/statements/cursor/cursor/declare.md	references/statements/cursor/cursor/declare.md	https://dev.mysql.com/doc/refman/8.0/en/declare-cursor.html	static_reviewed	No statement factor/value change was identified in the 8.0.23-8.0.41 release boundary review.
delete	condition_shape	join_filter	unchanged	references/statements/dml/table/delete.md	references/statements/dml/table/delete.md	https://dev.mysql.com/doc/refman/8.0/en/delete.html	static_reviewed	No statement factor/value change was identified in the 8.0.23-8.0.41 release boundary review.
delete	condition_shape	omitted	unchanged	references/statements/dml/table/delete.md	references/statements/dml/table/delete.md	https://dev.mysql.com/doc/refman/8.0/en/delete.html	static_reviewed	No statement factor/value change was identified in the 8.0.23-8.0.41 release boundary review.
delete	condition_shape	where_filter	unchanged	references/statements/dml/table/delete.md	references/statements/dml/table/delete.md	https://dev.mysql.com/doc/refman/8.0/en/delete.html	static_reviewed	No statement factor/value change was identified in the 8.0.23-8.0.41 release boundary review.
delete	expected_status	failure	unchanged	references/statements/dml/table/delete.md	references/statements/dml/table/delete.md	https://dev.mysql.com/doc/refman/8.0/en/delete.html	static_reviewed	No statement factor/value change was identified in the 8.0.23-8.0.41 release boundary review.
delete	expected_status	success	unchanged	references/statements/dml/table/delete.md	references/statements/dml/table/delete.md	https://dev.mysql.com/doc/refman/8.0/en/delete.html	static_reviewed	No statement factor/value change was identified in the 8.0.23-8.0.41 release boundary review.
delete	ignore_modifier	ignore	unchanged	references/statements/dml/table/delete.md	references/statements/dml/table/delete.md	https://dev.mysql.com/doc/refman/8.0/en/delete.html	static_reviewed	No statement factor/value change was identified in the 8.0.23-8.0.41 release boundary review.
delete	ignore_modifier	omitted	unchanged	references/statements/dml/table/delete.md	references/statements/dml/table/delete.md	https://dev.mysql.com/doc/refman/8.0/en/delete.html	static_reviewed	No statement factor/value change was identified in the 8.0.23-8.0.41 release boundary review.
delete	order_limit_shape	limit	unchanged	references/statements/dml/table/delete.md	references/statements/dml/table/delete.md	https://dev.mysql.com/doc/refman/8.0/en/delete.html	static_reviewed	No statement factor/value change was identified in the 8.0.23-8.0.41 release boundary review.
delete	order_limit_shape	omitted	unchanged	references/statements/dml/table/delete.md	references/statements/dml/table/delete.md	https://dev.mysql.com/doc/refman/8.0/en/delete.html	static_reviewed	No statement factor/value change was identified in the 8.0.23-8.0.41 release boundary review.
delete	order_limit_shape	order_by	unchanged	references/statements/dml/table/delete.md	references/statements/dml/table/delete.md	https://dev.mysql.com/doc/refman/8.0/en/delete.html	static_reviewed	No statement factor/value change was identified in the 8.0.23-8.0.41 release boundary review.
delete	order_limit_shape	order_by_limit	unchanged	references/statements/dml/table/delete.md	references/statements/dml/table/delete.md	https://dev.mysql.com/doc/refman/8.0/en/delete.html	static_reviewed	No statement factor/value change was identified in the 8.0.23-8.0.41 release boundary review.
delete	partition_clause	named_partition	unchanged	references/statements/dml/table/delete.md	references/statements/dml/table/delete.md	https://dev.mysql.com/doc/refman/8.0/en/delete.html	static_reviewed	No statement factor/value change was identified in the 8.0.23-8.0.41 release boundary review.
delete	partition_clause	omitted	unchanged	references/statements/dml/table/delete.md	references/statements/dml/table/delete.md	https://dev.mysql.com/doc/refman/8.0/en/delete.html	static_reviewed	No statement factor/value change was identified in the 8.0.23-8.0.41 release boundary review.
delete	priority_modifier	low_priority	unchanged	references/statements/dml/table/delete.md	references/statements/dml/table/delete.md	https://dev.mysql.com/doc/refman/8.0/en/delete.html	static_reviewed	No statement factor/value change was identified in the 8.0.23-8.0.41 release boundary review.
delete	priority_modifier	omitted	unchanged	references/statements/dml/table/delete.md	references/statements/dml/table/delete.md	https://dev.mysql.com/doc/refman/8.0/en/delete.html	static_reviewed	No statement factor/value change was identified in the 8.0.23-8.0.41 release boundary review.
delete	quick_modifier	omitted	unchanged	references/statements/dml/table/delete.md	references/statements/dml/table/delete.md	https://dev.mysql.com/doc/refman/8.0/en/delete.html	static_reviewed	No statement factor/value change was identified in the 8.0.23-8.0.41 release boundary review.
delete	quick_modifier	quick	unchanged	references/statements/dml/table/delete.md	references/statements/dml/table/delete.md	https://dev.mysql.com/doc/refman/8.0/en/delete.html	static_reviewed	No statement factor/value change was identified in the 8.0.23-8.0.41 release boundary review.
delete	statement_branch	multiple_table_from	unchanged	references/statements/dml/table/delete.md	references/statements/dml/table/delete.md	https://dev.mysql.com/doc/refman/8.0/en/delete.html	static_reviewed	No statement factor/value change was identified in the 8.0.23-8.0.41 release boundary review.
delete	statement_branch	multiple_table_using	unchanged	references/statements/dml/table/delete.md	references/statements/dml/table/delete.md	https://dev.mysql.com/doc/refman/8.0/en/delete.html	static_reviewed	No statement factor/value change was identified in the 8.0.23-8.0.41 release boundary review.
delete	statement_branch	single_table	unchanged	references/statements/dml/table/delete.md	references/statements/dml/table/delete.md	https://dev.mysql.com/doc/refman/8.0/en/delete.html	static_reviewed	No statement factor/value change was identified in the 8.0.23-8.0.41 release boundary review.
do	expected_status	failure	unchanged	references/statements/dml/expression/do.md	references/statements/dml/expression/do.md	https://dev.mysql.com/doc/refman/8.0/en/do.html	static_reviewed	No statement factor/value change was identified in the 8.0.23-8.0.41 release boundary review.
do	expected_status	success	unchanged	references/statements/dml/expression/do.md	references/statements/dml/expression/do.md	https://dev.mysql.com/doc/refman/8.0/en/do.html	static_reviewed	No statement factor/value change was identified in the 8.0.23-8.0.41 release boundary review.
do	expression_shape	assignment_expression	unchanged	references/statements/dml/expression/do.md	references/statements/dml/expression/do.md	https://dev.mysql.com/doc/refman/8.0/en/do.html	static_reviewed	No statement factor/value change was identified in the 8.0.23-8.0.41 release boundary review.
do	expression_shape	function_call	unchanged	references/statements/dml/expression/do.md	references/statements/dml/expression/do.md	https://dev.mysql.com/doc/refman/8.0/en/do.html	static_reviewed	No statement factor/value change was identified in the 8.0.23-8.0.41 release boundary review.
do	expression_shape	invalid_expression	unchanged	references/statements/dml/expression/do.md	references/statements/dml/expression/do.md	https://dev.mysql.com/doc/refman/8.0/en/do.html	static_reviewed	No statement factor/value change was identified in the 8.0.23-8.0.41 release boundary review.
do	expression_shape	literal_expression	unchanged	references/statements/dml/expression/do.md	references/statements/dml/expression/do.md	https://dev.mysql.com/doc/refman/8.0/en/do.html	static_reviewed	No statement factor/value change was identified in the 8.0.23-8.0.41 release boundary review.
do	side_effect_shape	none	unchanged	references/statements/dml/expression/do.md	references/statements/dml/expression/do.md	https://dev.mysql.com/doc/refman/8.0/en/do.html	static_reviewed	No statement factor/value change was identified in the 8.0.23-8.0.41 release boundary review.
do	side_effect_shape	user_variable_assignment	unchanged	references/statements/dml/expression/do.md	references/statements/dml/expression/do.md	https://dev.mysql.com/doc/refman/8.0/en/do.html	static_reviewed	No statement factor/value change was identified in the 8.0.23-8.0.41 release boundary review.
drop_database	database_state	exists	unchanged	references/statements/ddl/database/drop_database.md	references/statements/ddl/database/drop_database.md	https://dev.mysql.com/doc/refman/8.0/en/drop-database.html	static_reviewed	No statement factor/value change was identified in the 8.0.23-8.0.41 release boundary review.
drop_database	database_state	missing	unchanged	references/statements/ddl/database/drop_database.md	references/statements/ddl/database/drop_database.md	https://dev.mysql.com/doc/refman/8.0/en/drop-database.html	static_reviewed	No statement factor/value change was identified in the 8.0.23-8.0.41 release boundary review.
drop_database	expected_status	failure	unchanged	references/statements/ddl/database/drop_database.md	references/statements/ddl/database/drop_database.md	https://dev.mysql.com/doc/refman/8.0/en/drop-database.html	static_reviewed	No statement factor/value change was identified in the 8.0.23-8.0.41 release boundary review.
drop_database	expected_status	success	unchanged	references/statements/ddl/database/drop_database.md	references/statements/ddl/database/drop_database.md	https://dev.mysql.com/doc/refman/8.0/en/drop-database.html	static_reviewed	No statement factor/value change was identified in the 8.0.23-8.0.41 release boundary review.
drop_database	if_exists	omitted	unchanged	references/statements/ddl/database/drop_database.md	references/statements/ddl/database/drop_database.md	https://dev.mysql.com/doc/refman/8.0/en/drop-database.html	static_reviewed	No statement factor/value change was identified in the 8.0.23-8.0.41 release boundary review.
drop_database	if_exists	present	unchanged	references/statements/ddl/database/drop_database.md	references/statements/ddl/database/drop_database.md	https://dev.mysql.com/doc/refman/8.0/en/drop-database.html	static_reviewed	No statement factor/value change was identified in the 8.0.23-8.0.41 release boundary review.
drop_database	statement_branch	database_keyword	unchanged	references/statements/ddl/database/drop_database.md	references/statements/ddl/database/drop_database.md	https://dev.mysql.com/doc/refman/8.0/en/drop-database.html	static_reviewed	No statement factor/value change was identified in the 8.0.23-8.0.41 release boundary review.
drop_database	statement_branch	schema_keyword	unchanged	references/statements/ddl/database/drop_database.md	references/statements/ddl/database/drop_database.md	https://dev.mysql.com/doc/refman/8.0/en/drop-database.html	static_reviewed	No statement factor/value change was identified in the 8.0.23-8.0.41 release boundary review.
drop_event	event_state	exists	unchanged	references/statements/ddl/event/drop_event.md	references/statements/ddl/event/drop_event.md	https://dev.mysql.com/doc/refman/8.0/en/drop-event.html	static_reviewed	No statement factor/value change was identified in the 8.0.23-8.0.41 release boundary review.
drop_event	event_state	missing	unchanged	references/statements/ddl/event/drop_event.md	references/statements/ddl/event/drop_event.md	https://dev.mysql.com/doc/refman/8.0/en/drop-event.html	static_reviewed	No statement factor/value change was identified in the 8.0.23-8.0.41 release boundary review.
drop_event	expected_status	failure	unchanged	references/statements/ddl/event/drop_event.md	references/statements/ddl/event/drop_event.md	https://dev.mysql.com/doc/refman/8.0/en/drop-event.html	static_reviewed	No statement factor/value change was identified in the 8.0.23-8.0.41 release boundary review.
drop_event	expected_status	success	unchanged	references/statements/ddl/event/drop_event.md	references/statements/ddl/event/drop_event.md	https://dev.mysql.com/doc/refman/8.0/en/drop-event.html	static_reviewed	No statement factor/value change was identified in the 8.0.23-8.0.41 release boundary review.
drop_event	if_exists	omitted	unchanged	references/statements/ddl/event/drop_event.md	references/statements/ddl/event/drop_event.md	https://dev.mysql.com/doc/refman/8.0/en/drop-event.html	static_reviewed	No statement factor/value change was identified in the 8.0.23-8.0.41 release boundary review.
drop_event	if_exists	present	unchanged	references/statements/ddl/event/drop_event.md	references/statements/ddl/event/drop_event.md	https://dev.mysql.com/doc/refman/8.0/en/drop-event.html	static_reviewed	No statement factor/value change was identified in the 8.0.23-8.0.41 release boundary review.
drop_function	expected_status	failure	unchanged	references/statements/ddl/function/drop_function.md	references/statements/ddl/function/drop_function.md	https://dev.mysql.com/doc/refman/8.0/en/drop-procedure.html	static_reviewed	No statement factor/value change was identified in the 8.0.23-8.0.41 release boundary review.
drop_function	expected_status	success	unchanged	references/statements/ddl/function/drop_function.md	references/statements/ddl/function/drop_function.md	https://dev.mysql.com/doc/refman/8.0/en/drop-procedure.html	static_reviewed	No statement factor/value change was identified in the 8.0.23-8.0.41 release boundary review.
drop_function	function_state	exists	unchanged	references/statements/ddl/function/drop_function.md	references/statements/ddl/function/drop_function.md	https://dev.mysql.com/doc/refman/8.0/en/drop-procedure.html	static_reviewed	No statement factor/value change was identified in the 8.0.23-8.0.41 release boundary review.
drop_function	function_state	missing	unchanged	references/statements/ddl/function/drop_function.md	references/statements/ddl/function/drop_function.md	https://dev.mysql.com/doc/refman/8.0/en/drop-procedure.html	static_reviewed	No statement factor/value change was identified in the 8.0.23-8.0.41 release boundary review.
drop_function	function_state	wrong_routine_type	unchanged	references/statements/ddl/function/drop_function.md	references/statements/ddl/function/drop_function.md	https://dev.mysql.com/doc/refman/8.0/en/drop-procedure.html	static_reviewed	No statement factor/value change was identified in the 8.0.23-8.0.41 release boundary review.
drop_function	if_exists	omitted	unchanged	references/statements/ddl/function/drop_function.md	references/statements/ddl/function/drop_function.md	https://dev.mysql.com/doc/refman/8.0/en/drop-procedure.html	static_reviewed	No statement factor/value change was identified in the 8.0.23-8.0.41 release boundary review.
drop_function	if_exists	present	unchanged	references/statements/ddl/function/drop_function.md	references/statements/ddl/function/drop_function.md	https://dev.mysql.com/doc/refman/8.0/en/drop-procedure.html	static_reviewed	No statement factor/value change was identified in the 8.0.23-8.0.41 release boundary review.
drop_function_loadable	execution_mode	isolated_positive	unchanged	references/statements/admin/loadable_function/drop_function_loadable.md	references/statements/admin/loadable_function/drop_function_loadable.md	https://dev.mysql.com/doc/refman/8.0/en/drop-function-loadable.html	static_reviewed	No statement factor/value change was identified in the 8.0.23-8.0.41 release boundary review.
drop_function_loadable	execution_mode	safe_negative	unchanged	references/statements/admin/loadable_function/drop_function_loadable.md	references/statements/admin/loadable_function/drop_function_loadable.md	https://dev.mysql.com/doc/refman/8.0/en/drop-function-loadable.html	static_reviewed	No statement factor/value change was identified in the 8.0.23-8.0.41 release boundary review.
drop_function_loadable	execution_mode	skip_dynamic_load	unchanged	references/statements/admin/loadable_function/drop_function_loadable.md	references/statements/admin/loadable_function/drop_function_loadable.md	https://dev.mysql.com/doc/refman/8.0/en/drop-function-loadable.html	static_reviewed	No statement factor/value change was identified in the 8.0.23-8.0.41 release boundary review.
drop_function_loadable	expected_status	failure	unchanged	references/statements/admin/loadable_function/drop_function_loadable.md	references/statements/admin/loadable_function/drop_function_loadable.md	https://dev.mysql.com/doc/refman/8.0/en/drop-function-loadable.html	static_reviewed	No statement factor/value change was identified in the 8.0.23-8.0.41 release boundary review.
drop_function_loadable	expected_status	success	unchanged	references/statements/admin/loadable_function/drop_function_loadable.md	references/statements/admin/loadable_function/drop_function_loadable.md	https://dev.mysql.com/doc/refman/8.0/en/drop-function-loadable.html	static_reviewed	No statement factor/value change was identified in the 8.0.23-8.0.41 release boundary review.
drop_function_loadable	function_state	builtin_or_stored_function	unchanged	references/statements/admin/loadable_function/drop_function_loadable.md	references/statements/admin/loadable_function/drop_function_loadable.md	https://dev.mysql.com/doc/refman/8.0/en/drop-function-loadable.html	static_reviewed	No statement factor/value change was identified in the 8.0.23-8.0.41 release boundary review.
drop_function_loadable	function_state	missing	unchanged	references/statements/admin/loadable_function/drop_function_loadable.md	references/statements/admin/loadable_function/drop_function_loadable.md	https://dev.mysql.com/doc/refman/8.0/en/drop-function-loadable.html	static_reviewed	No statement factor/value change was identified in the 8.0.23-8.0.41 release boundary review.
drop_function_loadable	function_state	registered_test_function	unchanged	references/statements/admin/loadable_function/drop_function_loadable.md	references/statements/admin/loadable_function/drop_function_loadable.md	https://dev.mysql.com/doc/refman/8.0/en/drop-function-loadable.html	static_reviewed	No statement factor/value change was identified in the 8.0.23-8.0.41 release boundary review.
drop_function_loadable	privilege_context	has_required_privilege	unchanged	references/statements/admin/loadable_function/drop_function_loadable.md	references/statements/admin/loadable_function/drop_function_loadable.md	https://dev.mysql.com/doc/refman/8.0/en/drop-function-loadable.html	static_reviewed	No statement factor/value change was identified in the 8.0.23-8.0.41 release boundary review.
drop_function_loadable	privilege_context	missing_required_privilege	unchanged	references/statements/admin/loadable_function/drop_function_loadable.md	references/statements/admin/loadable_function/drop_function_loadable.md	https://dev.mysql.com/doc/refman/8.0/en/drop-function-loadable.html	static_reviewed	No statement factor/value change was identified in the 8.0.23-8.0.41 release boundary review.
drop_index	algorithm_lock	copy_shared	unchanged	references/statements/ddl/index/drop_index.md	references/statements/ddl/index/drop_index.md	https://dev.mysql.com/doc/refman/8.0/en/drop-index.html	static_reviewed	No statement factor/value change was identified in the 8.0.23-8.0.41 release boundary review.
drop_index	algorithm_lock	inplace_none	unchanged	references/statements/ddl/index/drop_index.md	references/statements/ddl/index/drop_index.md	https://dev.mysql.com/doc/refman/8.0/en/drop-index.html	static_reviewed	No statement factor/value change was identified in the 8.0.23-8.0.41 release boundary review.
drop_index	algorithm_lock	omitted	unchanged	references/statements/ddl/index/drop_index.md	references/statements/ddl/index/drop_index.md	https://dev.mysql.com/doc/refman/8.0/en/drop-index.html	static_reviewed	No statement factor/value change was identified in the 8.0.23-8.0.41 release boundary review.
drop_index	expected_status	failure	unchanged	references/statements/ddl/index/drop_index.md	references/statements/ddl/index/drop_index.md	https://dev.mysql.com/doc/refman/8.0/en/drop-index.html	static_reviewed	No statement factor/value change was identified in the 8.0.23-8.0.41 release boundary review.
drop_index	expected_status	success	unchanged	references/statements/ddl/index/drop_index.md	references/statements/ddl/index/drop_index.md	https://dev.mysql.com/doc/refman/8.0/en/drop-index.html	static_reviewed	No statement factor/value change was identified in the 8.0.23-8.0.41 release boundary review.
drop_index	index_state	exists	unchanged	references/statements/ddl/index/drop_index.md	references/statements/ddl/index/drop_index.md	https://dev.mysql.com/doc/refman/8.0/en/drop-index.html	static_reviewed	No statement factor/value change was identified in the 8.0.23-8.0.41 release boundary review.
drop_index	index_state	missing	unchanged	references/statements/ddl/index/drop_index.md	references/statements/ddl/index/drop_index.md	https://dev.mysql.com/doc/refman/8.0/en/drop-index.html	static_reviewed	No statement factor/value change was identified in the 8.0.23-8.0.41 release boundary review.
drop_index	table_state	exists	unchanged	references/statements/ddl/index/drop_index.md	references/statements/ddl/index/drop_index.md	https://dev.mysql.com/doc/refman/8.0/en/drop-index.html	static_reviewed	No statement factor/value change was identified in the 8.0.23-8.0.41 release boundary review.
drop_index	table_state	missing	unchanged	references/statements/ddl/index/drop_index.md	references/statements/ddl/index/drop_index.md	https://dev.mysql.com/doc/refman/8.0/en/drop-index.html	static_reviewed	No statement factor/value change was identified in the 8.0.23-8.0.41 release boundary review.
drop_logfile_group	engine_shape	innodb_invalid	unchanged	references/statements/ddl/logfile_group/drop_logfile_group.md	references/statements/ddl/logfile_group/drop_logfile_group.md	https://dev.mysql.com/doc/refman/8.0/en/drop-logfile-group.html	static_reviewed	No statement factor/value change was identified in the 8.0.23-8.0.41 release boundary review.
drop_logfile_group	engine_shape	ndb	unchanged	references/statements/ddl/logfile_group/drop_logfile_group.md	references/statements/ddl/logfile_group/drop_logfile_group.md	https://dev.mysql.com/doc/refman/8.0/en/drop-logfile-group.html	static_reviewed	No statement factor/value change was identified in the 8.0.23-8.0.41 release boundary review.
drop_logfile_group	engine_shape	ndbcluster	unchanged	references/statements/ddl/logfile_group/drop_logfile_group.md	references/statements/ddl/logfile_group/drop_logfile_group.md	https://dev.mysql.com/doc/refman/8.0/en/drop-logfile-group.html	static_reviewed	No statement factor/value change was identified in the 8.0.23-8.0.41 release boundary review.
drop_logfile_group	execution_mode	isolated_positive	unchanged	references/statements/ddl/logfile_group/drop_logfile_group.md	references/statements/ddl/logfile_group/drop_logfile_group.md	https://dev.mysql.com/doc/refman/8.0/en/drop-logfile-group.html	static_reviewed	No statement factor/value change was identified in the 8.0.23-8.0.41 release boundary review.
drop_logfile_group	execution_mode	safe_negative	unchanged	references/statements/ddl/logfile_group/drop_logfile_group.md	references/statements/ddl/logfile_group/drop_logfile_group.md	https://dev.mysql.com/doc/refman/8.0/en/drop-logfile-group.html	static_reviewed	No statement factor/value change was identified in the 8.0.23-8.0.41 release boundary review.
drop_logfile_group	execution_mode	skip_ndb	unchanged	references/statements/ddl/logfile_group/drop_logfile_group.md	references/statements/ddl/logfile_group/drop_logfile_group.md	https://dev.mysql.com/doc/refman/8.0/en/drop-logfile-group.html	static_reviewed	No statement factor/value change was identified in the 8.0.23-8.0.41 release boundary review.
drop_logfile_group	expected_status	failure	unchanged	references/statements/ddl/logfile_group/drop_logfile_group.md	references/statements/ddl/logfile_group/drop_logfile_group.md	https://dev.mysql.com/doc/refman/8.0/en/drop-logfile-group.html	static_reviewed	No statement factor/value change was identified in the 8.0.23-8.0.41 release boundary review.
drop_logfile_group	expected_status	success	unchanged	references/statements/ddl/logfile_group/drop_logfile_group.md	references/statements/ddl/logfile_group/drop_logfile_group.md	https://dev.mysql.com/doc/refman/8.0/en/drop-logfile-group.html	static_reviewed	No statement factor/value change was identified in the 8.0.23-8.0.41 release boundary review.
drop_logfile_group	logfile_group_state	exists	unchanged	references/statements/ddl/logfile_group/drop_logfile_group.md	references/statements/ddl/logfile_group/drop_logfile_group.md	https://dev.mysql.com/doc/refman/8.0/en/drop-logfile-group.html	static_reviewed	No statement factor/value change was identified in the 8.0.23-8.0.41 release boundary review.
drop_logfile_group	logfile_group_state	missing	unchanged	references/statements/ddl/logfile_group/drop_logfile_group.md	references/statements/ddl/logfile_group/drop_logfile_group.md	https://dev.mysql.com/doc/refman/8.0/en/drop-logfile-group.html	static_reviewed	No statement factor/value change was identified in the 8.0.23-8.0.41 release boundary review.
drop_logfile_group	logfile_group_state	tablespace_depends	unchanged	references/statements/ddl/logfile_group/drop_logfile_group.md	references/statements/ddl/logfile_group/drop_logfile_group.md	https://dev.mysql.com/doc/refman/8.0/en/drop-logfile-group.html	static_reviewed	No statement factor/value change was identified in the 8.0.23-8.0.41 release boundary review.
drop_procedure	expected_status	failure	unchanged	references/statements/ddl/procedure/drop_procedure.md	references/statements/ddl/procedure/drop_procedure.md	https://dev.mysql.com/doc/refman/8.0/en/drop-procedure.html	static_reviewed	No statement factor/value change was identified in the 8.0.23-8.0.41 release boundary review.
drop_procedure	expected_status	success	unchanged	references/statements/ddl/procedure/drop_procedure.md	references/statements/ddl/procedure/drop_procedure.md	https://dev.mysql.com/doc/refman/8.0/en/drop-procedure.html	static_reviewed	No statement factor/value change was identified in the 8.0.23-8.0.41 release boundary review.
drop_procedure	if_exists	omitted	unchanged	references/statements/ddl/procedure/drop_procedure.md	references/statements/ddl/procedure/drop_procedure.md	https://dev.mysql.com/doc/refman/8.0/en/drop-procedure.html	static_reviewed	No statement factor/value change was identified in the 8.0.23-8.0.41 release boundary review.
drop_procedure	if_exists	present	unchanged	references/statements/ddl/procedure/drop_procedure.md	references/statements/ddl/procedure/drop_procedure.md	https://dev.mysql.com/doc/refman/8.0/en/drop-procedure.html	static_reviewed	No statement factor/value change was identified in the 8.0.23-8.0.41 release boundary review.
drop_procedure	procedure_state	exists	unchanged	references/statements/ddl/procedure/drop_procedure.md	references/statements/ddl/procedure/drop_procedure.md	https://dev.mysql.com/doc/refman/8.0/en/drop-procedure.html	static_reviewed	No statement factor/value change was identified in the 8.0.23-8.0.41 release boundary review.
drop_procedure	procedure_state	missing	unchanged	references/statements/ddl/procedure/drop_procedure.md	references/statements/ddl/procedure/drop_procedure.md	https://dev.mysql.com/doc/refman/8.0/en/drop-procedure.html	static_reviewed	No statement factor/value change was identified in the 8.0.23-8.0.41 release boundary review.
drop_procedure	procedure_state	wrong_routine_type	unchanged	references/statements/ddl/procedure/drop_procedure.md	references/statements/ddl/procedure/drop_procedure.md	https://dev.mysql.com/doc/refman/8.0/en/drop-procedure.html	static_reviewed	No statement factor/value change was identified in the 8.0.23-8.0.41 release boundary review.
drop_resource_group	execution_mode	isolated_positive	unchanged	references/statements/admin/resource_group/drop_resource_group.md	references/statements/admin/resource_group/drop_resource_group.md	https://dev.mysql.com/doc/refman/8.0/en/drop-resource-group.html	static_reviewed	No statement factor/value change was identified in the 8.0.23-8.0.41 release boundary review.
drop_resource_group	execution_mode	metadata_only	unchanged	references/statements/admin/resource_group/drop_resource_group.md	references/statements/admin/resource_group/drop_resource_group.md	https://dev.mysql.com/doc/refman/8.0/en/drop-resource-group.html	static_reviewed	No statement factor/value change was identified in the 8.0.23-8.0.41 release boundary review.
drop_resource_group	execution_mode	safe_negative	unchanged	references/statements/admin/resource_group/drop_resource_group.md	references/statements/admin/resource_group/drop_resource_group.md	https://dev.mysql.com/doc/refman/8.0/en/drop-resource-group.html	static_reviewed	No statement factor/value change was identified in the 8.0.23-8.0.41 release boundary review.
drop_resource_group	expected_status	failure	unchanged	references/statements/admin/resource_group/drop_resource_group.md	references/statements/admin/resource_group/drop_resource_group.md	https://dev.mysql.com/doc/refman/8.0/en/drop-resource-group.html	static_reviewed	No statement factor/value change was identified in the 8.0.23-8.0.41 release boundary review.
drop_resource_group	expected_status	success	unchanged	references/statements/admin/resource_group/drop_resource_group.md	references/statements/admin/resource_group/drop_resource_group.md	https://dev.mysql.com/doc/refman/8.0/en/drop-resource-group.html	static_reviewed	No statement factor/value change was identified in the 8.0.23-8.0.41 release boundary review.
drop_resource_group	force_shape	force	unchanged	references/statements/admin/resource_group/drop_resource_group.md	references/statements/admin/resource_group/drop_resource_group.md	https://dev.mysql.com/doc/refman/8.0/en/drop-resource-group.html	static_reviewed	No statement factor/value change was identified in the 8.0.23-8.0.41 release boundary review.
drop_resource_group	force_shape	omitted	unchanged	references/statements/admin/resource_group/drop_resource_group.md	references/statements/admin/resource_group/drop_resource_group.md	https://dev.mysql.com/doc/refman/8.0/en/drop-resource-group.html	static_reviewed	No statement factor/value change was identified in the 8.0.23-8.0.41 release boundary review.
drop_resource_group	group_state	assigned_threads	unchanged	references/statements/admin/resource_group/drop_resource_group.md	references/statements/admin/resource_group/drop_resource_group.md	https://dev.mysql.com/doc/refman/8.0/en/drop-resource-group.html	static_reviewed	No statement factor/value change was identified in the 8.0.23-8.0.41 release boundary review.
drop_resource_group	group_state	builtin_group	unchanged	references/statements/admin/resource_group/drop_resource_group.md	references/statements/admin/resource_group/drop_resource_group.md	https://dev.mysql.com/doc/refman/8.0/en/drop-resource-group.html	static_reviewed	No statement factor/value change was identified in the 8.0.23-8.0.41 release boundary review.
drop_resource_group	group_state	exists	unchanged	references/statements/admin/resource_group/drop_resource_group.md	references/statements/admin/resource_group/drop_resource_group.md	https://dev.mysql.com/doc/refman/8.0/en/drop-resource-group.html	static_reviewed	No statement factor/value change was identified in the 8.0.23-8.0.41 release boundary review.
drop_resource_group	group_state	missing	unchanged	references/statements/admin/resource_group/drop_resource_group.md	references/statements/admin/resource_group/drop_resource_group.md	https://dev.mysql.com/doc/refman/8.0/en/drop-resource-group.html	static_reviewed	No statement factor/value change was identified in the 8.0.23-8.0.41 release boundary review.
drop_role	expected_status	failure	unchanged	references/statements/account/role/drop_role.md	references/statements/account/role/drop_role.md	https://dev.mysql.com/doc/refman/8.0/en/drop-role.html	static_reviewed	No statement factor/value change was identified in the 8.0.23-8.0.41 release boundary review.
drop_role	expected_status	success	unchanged	references/statements/account/role/drop_role.md	references/statements/account/role/drop_role.md	https://dev.mysql.com/doc/refman/8.0/en/drop-role.html	static_reviewed	No statement factor/value change was identified in the 8.0.23-8.0.41 release boundary review.
drop_role	if_exists	omitted	unchanged	references/statements/account/role/drop_role.md	references/statements/account/role/drop_role.md	https://dev.mysql.com/doc/refman/8.0/en/drop-role.html	static_reviewed	No statement factor/value change was identified in the 8.0.23-8.0.41 release boundary review.
drop_role	if_exists	present	unchanged	references/statements/account/role/drop_role.md	references/statements/account/role/drop_role.md	https://dev.mysql.com/doc/refman/8.0/en/drop-role.html	static_reviewed	No statement factor/value change was identified in the 8.0.23-8.0.41 release boundary review.
drop_role	role_state	exists	unchanged	references/statements/account/role/drop_role.md	references/statements/account/role/drop_role.md	https://dev.mysql.com/doc/refman/8.0/en/drop-role.html	static_reviewed	No statement factor/value change was identified in the 8.0.23-8.0.41 release boundary review.
drop_role	role_state	missing	unchanged	references/statements/account/role/drop_role.md	references/statements/account/role/drop_role.md	https://dev.mysql.com/doc/refman/8.0/en/drop-role.html	static_reviewed	No statement factor/value change was identified in the 8.0.23-8.0.41 release boundary review.
drop_schema	expected_status	failure	unchanged	references/statements/ddl/schema/drop_schema.md	references/statements/ddl/schema/drop_schema.md	https://dev.mysql.com/doc/refman/8.0/en/drop-database.html	static_reviewed	No statement factor/value change was identified in the 8.0.23-8.0.41 release boundary review.
drop_schema	expected_status	success	unchanged	references/statements/ddl/schema/drop_schema.md	references/statements/ddl/schema/drop_schema.md	https://dev.mysql.com/doc/refman/8.0/en/drop-database.html	static_reviewed	No statement factor/value change was identified in the 8.0.23-8.0.41 release boundary review.
drop_schema	if_exists	omitted	unchanged	references/statements/ddl/schema/drop_schema.md	references/statements/ddl/schema/drop_schema.md	https://dev.mysql.com/doc/refman/8.0/en/drop-database.html	static_reviewed	No statement factor/value change was identified in the 8.0.23-8.0.41 release boundary review.
drop_schema	if_exists	present	unchanged	references/statements/ddl/schema/drop_schema.md	references/statements/ddl/schema/drop_schema.md	https://dev.mysql.com/doc/refman/8.0/en/drop-database.html	static_reviewed	No statement factor/value change was identified in the 8.0.23-8.0.41 release boundary review.
drop_schema	schema_state	exists	unchanged	references/statements/ddl/schema/drop_schema.md	references/statements/ddl/schema/drop_schema.md	https://dev.mysql.com/doc/refman/8.0/en/drop-database.html	static_reviewed	No statement factor/value change was identified in the 8.0.23-8.0.41 release boundary review.
drop_schema	schema_state	missing	unchanged	references/statements/ddl/schema/drop_schema.md	references/statements/ddl/schema/drop_schema.md	https://dev.mysql.com/doc/refman/8.0/en/drop-database.html	static_reviewed	No statement factor/value change was identified in the 8.0.23-8.0.41 release boundary review.
drop_server	execution_mode	isolated_positive	unchanged	references/statements/ddl/server/drop_server.md	references/statements/ddl/server/drop_server.md	https://dev.mysql.com/doc/refman/8.0/en/drop-server.html	static_reviewed	No statement factor/value change was identified in the 8.0.23-8.0.41 release boundary review.
drop_server	execution_mode	metadata_only	unchanged	references/statements/ddl/server/drop_server.md	references/statements/ddl/server/drop_server.md	https://dev.mysql.com/doc/refman/8.0/en/drop-server.html	static_reviewed	No statement factor/value change was identified in the 8.0.23-8.0.41 release boundary review.
drop_server	execution_mode	safe_negative	unchanged	references/statements/ddl/server/drop_server.md	references/statements/ddl/server/drop_server.md	https://dev.mysql.com/doc/refman/8.0/en/drop-server.html	static_reviewed	No statement factor/value change was identified in the 8.0.23-8.0.41 release boundary review.
drop_server	expected_status	failure	unchanged	references/statements/ddl/server/drop_server.md	references/statements/ddl/server/drop_server.md	https://dev.mysql.com/doc/refman/8.0/en/drop-server.html	static_reviewed	No statement factor/value change was identified in the 8.0.23-8.0.41 release boundary review.
drop_server	expected_status	success	unchanged	references/statements/ddl/server/drop_server.md	references/statements/ddl/server/drop_server.md	https://dev.mysql.com/doc/refman/8.0/en/drop-server.html	static_reviewed	No statement factor/value change was identified in the 8.0.23-8.0.41 release boundary review.
drop_server	if_exists	omitted	unchanged	references/statements/ddl/server/drop_server.md	references/statements/ddl/server/drop_server.md	https://dev.mysql.com/doc/refman/8.0/en/drop-server.html	static_reviewed	No statement factor/value change was identified in the 8.0.23-8.0.41 release boundary review.
drop_server	if_exists	present	unchanged	references/statements/ddl/server/drop_server.md	references/statements/ddl/server/drop_server.md	https://dev.mysql.com/doc/refman/8.0/en/drop-server.html	static_reviewed	No statement factor/value change was identified in the 8.0.23-8.0.41 release boundary review.
drop_server	server_state	exists	unchanged	references/statements/ddl/server/drop_server.md	references/statements/ddl/server/drop_server.md	https://dev.mysql.com/doc/refman/8.0/en/drop-server.html	static_reviewed	No statement factor/value change was identified in the 8.0.23-8.0.41 release boundary review.
drop_server	server_state	missing	unchanged	references/statements/ddl/server/drop_server.md	references/statements/ddl/server/drop_server.md	https://dev.mysql.com/doc/refman/8.0/en/drop-server.html	static_reviewed	No statement factor/value change was identified in the 8.0.23-8.0.41 release boundary review.
drop_spatial_reference_system	execution_mode	isolated_positive	unchanged	references/statements/ddl/spatial_reference_system/drop_spatial_reference_system.md	references/statements/ddl/spatial_reference_system/drop_spatial_reference_system.md	https://dev.mysql.com/doc/refman/8.0/en/drop-spatial-reference-system.html	static_reviewed	No statement factor/value change was identified in the 8.0.23-8.0.41 release boundary review.
drop_spatial_reference_system	execution_mode	metadata_only	unchanged	references/statements/ddl/spatial_reference_system/drop_spatial_reference_system.md	references/statements/ddl/spatial_reference_system/drop_spatial_reference_system.md	https://dev.mysql.com/doc/refman/8.0/en/drop-spatial-reference-system.html	static_reviewed	No statement factor/value change was identified in the 8.0.23-8.0.41 release boundary review.
drop_spatial_reference_system	execution_mode	safe_negative	unchanged	references/statements/ddl/spatial_reference_system/drop_spatial_reference_system.md	references/statements/ddl/spatial_reference_system/drop_spatial_reference_system.md	https://dev.mysql.com/doc/refman/8.0/en/drop-spatial-reference-system.html	static_reviewed	No statement factor/value change was identified in the 8.0.23-8.0.41 release boundary review.
drop_spatial_reference_system	expected_status	failure	unchanged	references/statements/ddl/spatial_reference_system/drop_spatial_reference_system.md	references/statements/ddl/spatial_reference_system/drop_spatial_reference_system.md	https://dev.mysql.com/doc/refman/8.0/en/drop-spatial-reference-system.html	static_reviewed	No statement factor/value change was identified in the 8.0.23-8.0.41 release boundary review.
drop_spatial_reference_system	expected_status	success	unchanged	references/statements/ddl/spatial_reference_system/drop_spatial_reference_system.md	references/statements/ddl/spatial_reference_system/drop_spatial_reference_system.md	https://dev.mysql.com/doc/refman/8.0/en/drop-spatial-reference-system.html	static_reviewed	No statement factor/value change was identified in the 8.0.23-8.0.41 release boundary review.
drop_spatial_reference_system	if_exists	omitted	unchanged	references/statements/ddl/spatial_reference_system/drop_spatial_reference_system.md	references/statements/ddl/spatial_reference_system/drop_spatial_reference_system.md	https://dev.mysql.com/doc/refman/8.0/en/drop-spatial-reference-system.html	static_reviewed	No statement factor/value change was identified in the 8.0.23-8.0.41 release boundary review.
drop_spatial_reference_system	if_exists	present	unchanged	references/statements/ddl/spatial_reference_system/drop_spatial_reference_system.md	references/statements/ddl/spatial_reference_system/drop_spatial_reference_system.md	https://dev.mysql.com/doc/refman/8.0/en/drop-spatial-reference-system.html	static_reviewed	No statement factor/value change was identified in the 8.0.23-8.0.41 release boundary review.
drop_spatial_reference_system	srid_state	column_dependency	unchanged	references/statements/ddl/spatial_reference_system/drop_spatial_reference_system.md	references/statements/ddl/spatial_reference_system/drop_spatial_reference_system.md	https://dev.mysql.com/doc/refman/8.0/en/drop-spatial-reference-system.html	static_reviewed	No statement factor/value change was identified in the 8.0.23-8.0.41 release boundary review.
drop_spatial_reference_system	srid_state	missing	unchanged	references/statements/ddl/spatial_reference_system/drop_spatial_reference_system.md	references/statements/ddl/spatial_reference_system/drop_spatial_reference_system.md	https://dev.mysql.com/doc/refman/8.0/en/drop-spatial-reference-system.html	static_reviewed	No statement factor/value change was identified in the 8.0.23-8.0.41 release boundary review.
drop_spatial_reference_system	srid_state	reserved_or_builtin	unchanged	references/statements/ddl/spatial_reference_system/drop_spatial_reference_system.md	references/statements/ddl/spatial_reference_system/drop_spatial_reference_system.md	https://dev.mysql.com/doc/refman/8.0/en/drop-spatial-reference-system.html	static_reviewed	No statement factor/value change was identified in the 8.0.23-8.0.41 release boundary review.
drop_spatial_reference_system	srid_state	user_defined_exists	unchanged	references/statements/ddl/spatial_reference_system/drop_spatial_reference_system.md	references/statements/ddl/spatial_reference_system/drop_spatial_reference_system.md	https://dev.mysql.com/doc/refman/8.0/en/drop-spatial-reference-system.html	static_reviewed	No statement factor/value change was identified in the 8.0.23-8.0.41 release boundary review.
drop_table	expected_status	failure	unchanged	references/statements/ddl/table/drop_table.md	references/statements/ddl/table/drop_table.md	https://dev.mysql.com/doc/refman/8.0/en/drop-table.html	static_reviewed	No statement factor/value change was identified in the 8.0.23-8.0.41 release boundary review.
drop_table	expected_status	success	unchanged	references/statements/ddl/table/drop_table.md	references/statements/ddl/table/drop_table.md	https://dev.mysql.com/doc/refman/8.0/en/drop-table.html	static_reviewed	No statement factor/value change was identified in the 8.0.23-8.0.41 release boundary review.
drop_table	if_exists	omitted	unchanged	references/statements/ddl/table/drop_table.md	references/statements/ddl/table/drop_table.md	https://dev.mysql.com/doc/refman/8.0/en/drop-table.html	static_reviewed	No statement factor/value change was identified in the 8.0.23-8.0.41 release boundary review.
drop_table	if_exists	present	unchanged	references/statements/ddl/table/drop_table.md	references/statements/ddl/table/drop_table.md	https://dev.mysql.com/doc/refman/8.0/en/drop-table.html	static_reviewed	No statement factor/value change was identified in the 8.0.23-8.0.41 release boundary review.
drop_table	multi_table_shape	multiple	unchanged	references/statements/ddl/table/drop_table.md	references/statements/ddl/table/drop_table.md	https://dev.mysql.com/doc/refman/8.0/en/drop-table.html	static_reviewed	No statement factor/value change was identified in the 8.0.23-8.0.41 release boundary review.
drop_table	multi_table_shape	single	unchanged	references/statements/ddl/table/drop_table.md	references/statements/ddl/table/drop_table.md	https://dev.mysql.com/doc/refman/8.0/en/drop-table.html	static_reviewed	No statement factor/value change was identified in the 8.0.23-8.0.41 release boundary review.
drop_table	restrict_cascade	cascade	unchanged	references/statements/ddl/table/drop_table.md	references/statements/ddl/table/drop_table.md	https://dev.mysql.com/doc/refman/8.0/en/drop-table.html	static_reviewed	No statement factor/value change was identified in the 8.0.23-8.0.41 release boundary review.
drop_table	restrict_cascade	omitted	unchanged	references/statements/ddl/table/drop_table.md	references/statements/ddl/table/drop_table.md	https://dev.mysql.com/doc/refman/8.0/en/drop-table.html	static_reviewed	No statement factor/value change was identified in the 8.0.23-8.0.41 release boundary review.
drop_table	restrict_cascade	restrict	unchanged	references/statements/ddl/table/drop_table.md	references/statements/ddl/table/drop_table.md	https://dev.mysql.com/doc/refman/8.0/en/drop-table.html	static_reviewed	No statement factor/value change was identified in the 8.0.23-8.0.41 release boundary review.
drop_table	table_state	exists	unchanged	references/statements/ddl/table/drop_table.md	references/statements/ddl/table/drop_table.md	https://dev.mysql.com/doc/refman/8.0/en/drop-table.html	static_reviewed	No statement factor/value change was identified in the 8.0.23-8.0.41 release boundary review.
drop_table	table_state	missing	unchanged	references/statements/ddl/table/drop_table.md	references/statements/ddl/table/drop_table.md	https://dev.mysql.com/doc/refman/8.0/en/drop-table.html	static_reviewed	No statement factor/value change was identified in the 8.0.23-8.0.41 release boundary review.
drop_table	temporary_clause	omitted	unchanged	references/statements/ddl/table/drop_table.md	references/statements/ddl/table/drop_table.md	https://dev.mysql.com/doc/refman/8.0/en/drop-table.html	static_reviewed	No statement factor/value change was identified in the 8.0.23-8.0.41 release boundary review.
drop_table	temporary_clause	temporary	unchanged	references/statements/ddl/table/drop_table.md	references/statements/ddl/table/drop_table.md	https://dev.mysql.com/doc/refman/8.0/en/drop-table.html	static_reviewed	No statement factor/value change was identified in the 8.0.23-8.0.41 release boundary review.
drop_tablespace	execution_mode	isolated_positive	unchanged	references/statements/ddl/tablespace/drop_tablespace.md	references/statements/ddl/tablespace/drop_tablespace.md	https://dev.mysql.com/doc/refman/8.0/en/drop-tablespace.html	static_reviewed	No statement factor/value change was identified in the 8.0.23-8.0.41 release boundary review.
drop_tablespace	execution_mode	safe_negative	unchanged	references/statements/ddl/tablespace/drop_tablespace.md	references/statements/ddl/tablespace/drop_tablespace.md	https://dev.mysql.com/doc/refman/8.0/en/drop-tablespace.html	static_reviewed	No statement factor/value change was identified in the 8.0.23-8.0.41 release boundary review.
drop_tablespace	execution_mode	skip_ndb	unchanged	references/statements/ddl/tablespace/drop_tablespace.md	references/statements/ddl/tablespace/drop_tablespace.md	https://dev.mysql.com/doc/refman/8.0/en/drop-tablespace.html	static_reviewed	No statement factor/value change was identified in the 8.0.23-8.0.41 release boundary review.
drop_tablespace	expected_status	failure	unchanged	references/statements/ddl/tablespace/drop_tablespace.md	references/statements/ddl/tablespace/drop_tablespace.md	https://dev.mysql.com/doc/refman/8.0/en/drop-tablespace.html	static_reviewed	No statement factor/value change was identified in the 8.0.23-8.0.41 release boundary review.
drop_tablespace	expected_status	success	unchanged	references/statements/ddl/tablespace/drop_tablespace.md	references/statements/ddl/tablespace/drop_tablespace.md	https://dev.mysql.com/doc/refman/8.0/en/drop-tablespace.html	static_reviewed	No statement factor/value change was identified in the 8.0.23-8.0.41 release boundary review.
drop_tablespace	tablespace_kind	innodb_general	unchanged	references/statements/ddl/tablespace/drop_tablespace.md	references/statements/ddl/tablespace/drop_tablespace.md	https://dev.mysql.com/doc/refman/8.0/en/drop-tablespace.html	static_reviewed	No statement factor/value change was identified in the 8.0.23-8.0.41 release boundary review.
drop_tablespace	tablespace_kind	ndb_disk_data	unchanged	references/statements/ddl/tablespace/drop_tablespace.md	references/statements/ddl/tablespace/drop_tablespace.md	https://dev.mysql.com/doc/refman/8.0/en/drop-tablespace.html	static_reviewed	No statement factor/value change was identified in the 8.0.23-8.0.41 release boundary review.
drop_tablespace	tablespace_kind	undo	unchanged	references/statements/ddl/tablespace/drop_tablespace.md	references/statements/ddl/tablespace/drop_tablespace.md	https://dev.mysql.com/doc/refman/8.0/en/drop-tablespace.html	static_reviewed	No statement factor/value change was identified in the 8.0.23-8.0.41 release boundary review.
drop_tablespace	tablespace_state	empty_exists	unchanged	references/statements/ddl/tablespace/drop_tablespace.md	references/statements/ddl/tablespace/drop_tablespace.md	https://dev.mysql.com/doc/refman/8.0/en/drop-tablespace.html	static_reviewed	No statement factor/value change was identified in the 8.0.23-8.0.41 release boundary review.
drop_tablespace	tablespace_state	missing	unchanged	references/statements/ddl/tablespace/drop_tablespace.md	references/statements/ddl/tablespace/drop_tablespace.md	https://dev.mysql.com/doc/refman/8.0/en/drop-tablespace.html	static_reviewed	No statement factor/value change was identified in the 8.0.23-8.0.41 release boundary review.
drop_tablespace	tablespace_state	non_empty_exists	unchanged	references/statements/ddl/tablespace/drop_tablespace.md	references/statements/ddl/tablespace/drop_tablespace.md	https://dev.mysql.com/doc/refman/8.0/en/drop-tablespace.html	static_reviewed	No statement factor/value change was identified in the 8.0.23-8.0.41 release boundary review.
drop_trigger	expected_status	failure	unchanged	references/statements/ddl/trigger/drop_trigger.md	references/statements/ddl/trigger/drop_trigger.md	https://dev.mysql.com/doc/refman/8.0/en/drop-trigger.html	static_reviewed	No statement factor/value change was identified in the 8.0.23-8.0.41 release boundary review.
drop_trigger	expected_status	success	unchanged	references/statements/ddl/trigger/drop_trigger.md	references/statements/ddl/trigger/drop_trigger.md	https://dev.mysql.com/doc/refman/8.0/en/drop-trigger.html	static_reviewed	No statement factor/value change was identified in the 8.0.23-8.0.41 release boundary review.
drop_trigger	if_exists	omitted	unchanged	references/statements/ddl/trigger/drop_trigger.md	references/statements/ddl/trigger/drop_trigger.md	https://dev.mysql.com/doc/refman/8.0/en/drop-trigger.html	static_reviewed	No statement factor/value change was identified in the 8.0.23-8.0.41 release boundary review.
drop_trigger	if_exists	present	unchanged	references/statements/ddl/trigger/drop_trigger.md	references/statements/ddl/trigger/drop_trigger.md	https://dev.mysql.com/doc/refman/8.0/en/drop-trigger.html	static_reviewed	No statement factor/value change was identified in the 8.0.23-8.0.41 release boundary review.
drop_trigger	trigger_state	exists	unchanged	references/statements/ddl/trigger/drop_trigger.md	references/statements/ddl/trigger/drop_trigger.md	https://dev.mysql.com/doc/refman/8.0/en/drop-trigger.html	static_reviewed	No statement factor/value change was identified in the 8.0.23-8.0.41 release boundary review.
drop_trigger	trigger_state	missing	unchanged	references/statements/ddl/trigger/drop_trigger.md	references/statements/ddl/trigger/drop_trigger.md	https://dev.mysql.com/doc/refman/8.0/en/drop-trigger.html	static_reviewed	No statement factor/value change was identified in the 8.0.23-8.0.41 release boundary review.
drop_trigger	trigger_state	table_dropped	unchanged	references/statements/ddl/trigger/drop_trigger.md	references/statements/ddl/trigger/drop_trigger.md	https://dev.mysql.com/doc/refman/8.0/en/drop-trigger.html	static_reviewed	No statement factor/value change was identified in the 8.0.23-8.0.41 release boundary review.
drop_user	account_state	exists	unchanged	references/statements/account/user/drop_user.md	references/statements/account/user/drop_user.md	https://dev.mysql.com/doc/refman/8.0/en/drop-user.html	static_reviewed	No statement factor/value change was identified in the 8.0.23-8.0.41 release boundary review.
drop_user	account_state	missing	unchanged	references/statements/account/user/drop_user.md	references/statements/account/user/drop_user.md	https://dev.mysql.com/doc/refman/8.0/en/drop-user.html	static_reviewed	No statement factor/value change was identified in the 8.0.23-8.0.41 release boundary review.
drop_user	expected_status	failure	unchanged	references/statements/account/user/drop_user.md	references/statements/account/user/drop_user.md	https://dev.mysql.com/doc/refman/8.0/en/drop-user.html	static_reviewed	No statement factor/value change was identified in the 8.0.23-8.0.41 release boundary review.
drop_user	expected_status	success	unchanged	references/statements/account/user/drop_user.md	references/statements/account/user/drop_user.md	https://dev.mysql.com/doc/refman/8.0/en/drop-user.html	static_reviewed	No statement factor/value change was identified in the 8.0.23-8.0.41 release boundary review.
drop_user	if_exists	omitted	unchanged	references/statements/account/user/drop_user.md	references/statements/account/user/drop_user.md	https://dev.mysql.com/doc/refman/8.0/en/drop-user.html	static_reviewed	No statement factor/value change was identified in the 8.0.23-8.0.41 release boundary review.
drop_user	if_exists	present	unchanged	references/statements/account/user/drop_user.md	references/statements/account/user/drop_user.md	https://dev.mysql.com/doc/refman/8.0/en/drop-user.html	static_reviewed	No statement factor/value change was identified in the 8.0.23-8.0.41 release boundary review.
drop_user	stored_object_dependency	none	unchanged	references/statements/account/user/drop_user.md	references/statements/account/user/drop_user.md	https://dev.mysql.com/doc/refman/8.0/en/drop-user.html	static_reviewed	No statement factor/value change was identified in the 8.0.23-8.0.41 release boundary review.
drop_user	stored_object_dependency	orphan_or_adopt_risk	unchanged	references/statements/account/user/drop_user.md	references/statements/account/user/drop_user.md	https://dev.mysql.com/doc/refman/8.0/en/drop-user.html	static_reviewed	No statement factor/value change was identified in the 8.0.23-8.0.41 release boundary review.
drop_view	expected_status	failure	unchanged	references/statements/ddl/view/drop_view.md	references/statements/ddl/view/drop_view.md	https://dev.mysql.com/doc/refman/8.0/en/drop-view.html	static_reviewed	No statement factor/value change was identified in the 8.0.23-8.0.41 release boundary review.
drop_view	expected_status	success	unchanged	references/statements/ddl/view/drop_view.md	references/statements/ddl/view/drop_view.md	https://dev.mysql.com/doc/refman/8.0/en/drop-view.html	static_reviewed	No statement factor/value change was identified in the 8.0.23-8.0.41 release boundary review.
drop_view	if_exists	omitted	unchanged	references/statements/ddl/view/drop_view.md	references/statements/ddl/view/drop_view.md	https://dev.mysql.com/doc/refman/8.0/en/drop-view.html	static_reviewed	No statement factor/value change was identified in the 8.0.23-8.0.41 release boundary review.
drop_view	if_exists	present	unchanged	references/statements/ddl/view/drop_view.md	references/statements/ddl/view/drop_view.md	https://dev.mysql.com/doc/refman/8.0/en/drop-view.html	static_reviewed	No statement factor/value change was identified in the 8.0.23-8.0.41 release boundary review.
drop_view	multi_view_shape	multiple	unchanged	references/statements/ddl/view/drop_view.md	references/statements/ddl/view/drop_view.md	https://dev.mysql.com/doc/refman/8.0/en/drop-view.html	static_reviewed	No statement factor/value change was identified in the 8.0.23-8.0.41 release boundary review.
drop_view	multi_view_shape	single	unchanged	references/statements/ddl/view/drop_view.md	references/statements/ddl/view/drop_view.md	https://dev.mysql.com/doc/refman/8.0/en/drop-view.html	static_reviewed	No statement factor/value change was identified in the 8.0.23-8.0.41 release boundary review.
drop_view	restrict_cascade	cascade	unchanged	references/statements/ddl/view/drop_view.md	references/statements/ddl/view/drop_view.md	https://dev.mysql.com/doc/refman/8.0/en/drop-view.html	static_reviewed	No statement factor/value change was identified in the 8.0.23-8.0.41 release boundary review.
drop_view	restrict_cascade	omitted	unchanged	references/statements/ddl/view/drop_view.md	references/statements/ddl/view/drop_view.md	https://dev.mysql.com/doc/refman/8.0/en/drop-view.html	static_reviewed	No statement factor/value change was identified in the 8.0.23-8.0.41 release boundary review.
drop_view	restrict_cascade	restrict	unchanged	references/statements/ddl/view/drop_view.md	references/statements/ddl/view/drop_view.md	https://dev.mysql.com/doc/refman/8.0/en/drop-view.html	static_reviewed	No statement factor/value change was identified in the 8.0.23-8.0.41 release boundary review.
drop_view	view_state	exists	unchanged	references/statements/ddl/view/drop_view.md	references/statements/ddl/view/drop_view.md	https://dev.mysql.com/doc/refman/8.0/en/drop-view.html	static_reviewed	No statement factor/value change was identified in the 8.0.23-8.0.41 release boundary review.
drop_view	view_state	missing	unchanged	references/statements/ddl/view/drop_view.md	references/statements/ddl/view/drop_view.md	https://dev.mysql.com/doc/refman/8.0/en/drop-view.html	static_reviewed	No statement factor/value change was identified in the 8.0.23-8.0.41 release boundary review.
execute	argument_shape	omitted	unchanged	references/statements/prepared/prepared_statement/execute.md	references/statements/prepared/prepared_statement/execute.md	https://dev.mysql.com/doc/refman/8.0/en/execute.html	static_reviewed	No statement factor/value change was identified in the 8.0.23-8.0.41 release boundary review.
execute	argument_shape	one_user_variable	unchanged	references/statements/prepared/prepared_statement/execute.md	references/statements/prepared/prepared_statement/execute.md	https://dev.mysql.com/doc/refman/8.0/en/execute.html	static_reviewed	No statement factor/value change was identified in the 8.0.23-8.0.41 release boundary review.
execute	argument_shape	two_user_variables	unchanged	references/statements/prepared/prepared_statement/execute.md	references/statements/prepared/prepared_statement/execute.md	https://dev.mysql.com/doc/refman/8.0/en/execute.html	static_reviewed	No statement factor/value change was identified in the 8.0.23-8.0.41 release boundary review.
execute	expected_status	failure	unchanged	references/statements/prepared/prepared_statement/execute.md	references/statements/prepared/prepared_statement/execute.md	https://dev.mysql.com/doc/refman/8.0/en/execute.html	static_reviewed	No statement factor/value change was identified in the 8.0.23-8.0.41 release boundary review.
execute	expected_status	success	unchanged	references/statements/prepared/prepared_statement/execute.md	references/statements/prepared/prepared_statement/execute.md	https://dev.mysql.com/doc/refman/8.0/en/execute.html	static_reviewed	No statement factor/value change was identified in the 8.0.23-8.0.41 release boundary review.
execute	prepared_state	exists	unchanged	references/statements/prepared/prepared_statement/execute.md	references/statements/prepared/prepared_statement/execute.md	https://dev.mysql.com/doc/refman/8.0/en/execute.html	static_reviewed	No statement factor/value change was identified in the 8.0.23-8.0.41 release boundary review.
execute	prepared_state	missing	unchanged	references/statements/prepared/prepared_statement/execute.md	references/statements/prepared/prepared_statement/execute.md	https://dev.mysql.com/doc/refman/8.0/en/execute.html	static_reviewed	No statement factor/value change was identified in the 8.0.23-8.0.41 release boundary review.
explain	expected_status	failure	unchanged	references/statements/utility/plan/explain.md	references/statements/utility/plan/explain.md	https://dev.mysql.com/doc/refman/8.0/en/explain.html	static_reviewed	No statement factor/value change was identified in the 8.0.23-8.0.41 release boundary review.
explain	expected_status	success	unchanged	references/statements/utility/plan/explain.md	references/statements/utility/plan/explain.md	https://dev.mysql.com/doc/refman/8.0/en/explain.html	static_reviewed	No statement factor/value change was identified in the 8.0.23-8.0.41 release boundary review.
explain	format_shape	json	unchanged	references/statements/utility/plan/explain.md	references/statements/utility/plan/explain.md	https://dev.mysql.com/doc/refman/8.0/en/explain.html	static_reviewed	No statement factor/value change was identified in the 8.0.23-8.0.41 release boundary review.
explain	format_shape	omitted	unchanged	references/statements/utility/plan/explain.md	references/statements/utility/plan/explain.md	https://dev.mysql.com/doc/refman/8.0/en/explain.html	static_reviewed	No statement factor/value change was identified in the 8.0.23-8.0.41 release boundary review.
explain	format_shape	traditional	unchanged	references/statements/utility/plan/explain.md	references/statements/utility/plan/explain.md	https://dev.mysql.com/doc/refman/8.0/en/explain.html	static_reviewed	No statement factor/value change was identified in the 8.0.23-8.0.41 release boundary review.
explain	format_shape	tree	unchanged	references/statements/utility/plan/explain.md	references/statements/utility/plan/explain.md	https://dev.mysql.com/doc/refman/8.0/en/explain.html	static_reviewed	No statement factor/value change was identified in the 8.0.23-8.0.41 release boundary review.
explain	statement_branch	analyze_query	unchanged	references/statements/utility/plan/explain.md	references/statements/utility/plan/explain.md	https://dev.mysql.com/doc/refman/8.0/en/explain.html	static_reviewed	No statement factor/value change was identified in the 8.0.23-8.0.41 release boundary review.
explain	statement_branch	query_plan	unchanged	references/statements/utility/plan/explain.md	references/statements/utility/plan/explain.md	https://dev.mysql.com/doc/refman/8.0/en/explain.html	static_reviewed	No statement factor/value change was identified in the 8.0.23-8.0.41 release boundary review.
explain	statement_branch	table_describe	unchanged	references/statements/utility/plan/explain.md	references/statements/utility/plan/explain.md	https://dev.mysql.com/doc/refman/8.0/en/explain.html	static_reviewed	No statement factor/value change was identified in the 8.0.23-8.0.41 release boundary review.
explain	target_shape	dml_statement	unchanged	references/statements/utility/plan/explain.md	references/statements/utility/plan/explain.md	https://dev.mysql.com/doc/refman/8.0/en/explain.html	static_reviewed	No statement factor/value change was identified in the 8.0.23-8.0.41 release boundary review.
explain	target_shape	select_statement	unchanged	references/statements/utility/plan/explain.md	references/statements/utility/plan/explain.md	https://dev.mysql.com/doc/refman/8.0/en/explain.html	static_reviewed	No statement factor/value change was identified in the 8.0.23-8.0.41 release boundary review.
explain	target_shape	table_name	unchanged	references/statements/utility/plan/explain.md	references/statements/utility/plan/explain.md	https://dev.mysql.com/doc/refman/8.0/en/explain.html	static_reviewed	No statement factor/value change was identified in the 8.0.23-8.0.41 release boundary review.
fetch	cursor_state	closed	unchanged	references/statements/cursor/cursor/fetch.md	references/statements/cursor/cursor/fetch.md	https://dev.mysql.com/doc/refman/8.0/en/fetch.html	static_reviewed	No statement factor/value change was identified in the 8.0.23-8.0.41 release boundary review.
fetch	cursor_state	missing	unchanged	references/statements/cursor/cursor/fetch.md	references/statements/cursor/cursor/fetch.md	https://dev.mysql.com/doc/refman/8.0/en/fetch.html	static_reviewed	No statement factor/value change was identified in the 8.0.23-8.0.41 release boundary review.
fetch	cursor_state	open_has_row	unchanged	references/statements/cursor/cursor/fetch.md	references/statements/cursor/cursor/fetch.md	https://dev.mysql.com/doc/refman/8.0/en/fetch.html	static_reviewed	No statement factor/value change was identified in the 8.0.23-8.0.41 release boundary review.
fetch	cursor_state	open_no_more_rows	unchanged	references/statements/cursor/cursor/fetch.md	references/statements/cursor/cursor/fetch.md	https://dev.mysql.com/doc/refman/8.0/en/fetch.html	static_reviewed	No statement factor/value change was identified in the 8.0.23-8.0.41 release boundary review.
fetch	destination_shape	matching_count	unchanged	references/statements/cursor/cursor/fetch.md	references/statements/cursor/cursor/fetch.md	https://dev.mysql.com/doc/refman/8.0/en/fetch.html	static_reviewed	No statement factor/value change was identified in the 8.0.23-8.0.41 release boundary review.
fetch	destination_shape	too_few	unchanged	references/statements/cursor/cursor/fetch.md	references/statements/cursor/cursor/fetch.md	https://dev.mysql.com/doc/refman/8.0/en/fetch.html	static_reviewed	No statement factor/value change was identified in the 8.0.23-8.0.41 release boundary review.
fetch	destination_shape	too_many	unchanged	references/statements/cursor/cursor/fetch.md	references/statements/cursor/cursor/fetch.md	https://dev.mysql.com/doc/refman/8.0/en/fetch.html	static_reviewed	No statement factor/value change was identified in the 8.0.23-8.0.41 release boundary review.
fetch	expected_status	failure	unchanged	references/statements/cursor/cursor/fetch.md	references/statements/cursor/cursor/fetch.md	https://dev.mysql.com/doc/refman/8.0/en/fetch.html	static_reviewed	No statement factor/value change was identified in the 8.0.23-8.0.41 release boundary review.
fetch	expected_status	success	unchanged	references/statements/cursor/cursor/fetch.md	references/statements/cursor/cursor/fetch.md	https://dev.mysql.com/doc/refman/8.0/en/fetch.html	static_reviewed	No statement factor/value change was identified in the 8.0.23-8.0.41 release boundary review.
flush	binlog_modifier	local	unchanged	references/statements/admin/server/flush.md	references/statements/admin/server/flush.md	https://dev.mysql.com/doc/refman/8.0/en/flush.html	static_reviewed	No statement factor/value change was identified in the 8.0.23-8.0.41 release boundary review.
flush	binlog_modifier	no_write_to_binlog	unchanged	references/statements/admin/server/flush.md	references/statements/admin/server/flush.md	https://dev.mysql.com/doc/refman/8.0/en/flush.html	static_reviewed	No statement factor/value change was identified in the 8.0.23-8.0.41 release boundary review.
flush	binlog_modifier	omitted	unchanged	references/statements/admin/server/flush.md	references/statements/admin/server/flush.md	https://dev.mysql.com/doc/refman/8.0/en/flush.html	static_reviewed	No statement factor/value change was identified in the 8.0.23-8.0.41 release boundary review.
flush	expected_status	failure	unchanged	references/statements/admin/server/flush.md	references/statements/admin/server/flush.md	https://dev.mysql.com/doc/refman/8.0/en/flush.html	static_reviewed	No statement factor/value change was identified in the 8.0.23-8.0.41 release boundary review.
flush	expected_status	success	unchanged	references/statements/admin/server/flush.md	references/statements/admin/server/flush.md	https://dev.mysql.com/doc/refman/8.0/en/flush.html	static_reviewed	No statement factor/value change was identified in the 8.0.23-8.0.41 release boundary review.
flush	flush_option	binary_logs	unchanged	references/statements/admin/server/flush.md	references/statements/admin/server/flush.md	https://dev.mysql.com/doc/refman/8.0/en/flush.html	static_reviewed	No statement factor/value change was identified in the 8.0.23-8.0.41 release boundary review.
flush	flush_option	engine_logs	unchanged	references/statements/admin/server/flush.md	references/statements/admin/server/flush.md	https://dev.mysql.com/doc/refman/8.0/en/flush.html	static_reviewed	No statement factor/value change was identified in the 8.0.23-8.0.41 release boundary review.
flush	flush_option	error_logs	unchanged	references/statements/admin/server/flush.md	references/statements/admin/server/flush.md	https://dev.mysql.com/doc/refman/8.0/en/flush.html	static_reviewed	No statement factor/value change was identified in the 8.0.23-8.0.41 release boundary review.
flush	flush_option	general_logs	unchanged	references/statements/admin/server/flush.md	references/statements/admin/server/flush.md	https://dev.mysql.com/doc/refman/8.0/en/flush.html	static_reviewed	No statement factor/value change was identified in the 8.0.23-8.0.41 release boundary review.
flush	flush_option	hosts	unchanged	references/statements/admin/server/flush.md	references/statements/admin/server/flush.md	https://dev.mysql.com/doc/refman/8.0/en/flush.html	static_reviewed	No statement factor/value change was identified in the 8.0.23-8.0.41 release boundary review.
flush	flush_option	logs	unchanged	references/statements/admin/server/flush.md	references/statements/admin/server/flush.md	https://dev.mysql.com/doc/refman/8.0/en/flush.html	static_reviewed	No statement factor/value change was identified in the 8.0.23-8.0.41 release boundary review.
flush	flush_option	optimizer_costs	unchanged	references/statements/admin/server/flush.md	references/statements/admin/server/flush.md	https://dev.mysql.com/doc/refman/8.0/en/flush.html	static_reviewed	No statement factor/value change was identified in the 8.0.23-8.0.41 release boundary review.
flush	flush_option	privileges	unchanged	references/statements/admin/server/flush.md	references/statements/admin/server/flush.md	https://dev.mysql.com/doc/refman/8.0/en/flush.html	static_reviewed	No statement factor/value change was identified in the 8.0.23-8.0.41 release boundary review.
flush	flush_option	status	unchanged	references/statements/admin/server/flush.md	references/statements/admin/server/flush.md	https://dev.mysql.com/doc/refman/8.0/en/flush.html	static_reviewed	No statement factor/value change was identified in the 8.0.23-8.0.41 release boundary review.
flush	flush_option	tables	unchanged	references/statements/admin/server/flush.md	references/statements/admin/server/flush.md	https://dev.mysql.com/doc/refman/8.0/en/flush.html	static_reviewed	No statement factor/value change was identified in the 8.0.23-8.0.41 release boundary review.
flush	flush_option	user_resources	unchanged	references/statements/admin/server/flush.md	references/statements/admin/server/flush.md	https://dev.mysql.com/doc/refman/8.0/en/flush.html	static_reviewed	No statement factor/value change was identified in the 8.0.23-8.0.41 release boundary review.
flush	privilege_context	insufficient	unchanged	references/statements/admin/server/flush.md	references/statements/admin/server/flush.md	https://dev.mysql.com/doc/refman/8.0/en/flush.html	static_reviewed	No statement factor/value change was identified in the 8.0.23-8.0.41 release boundary review.
flush	privilege_context	sufficient	unchanged	references/statements/admin/server/flush.md	references/statements/admin/server/flush.md	https://dev.mysql.com/doc/refman/8.0/en/flush.html	static_reviewed	No statement factor/value change was identified in the 8.0.23-8.0.41 release boundary review.
flush	table_flush_shape	all_tables	unchanged	references/statements/admin/server/flush.md	references/statements/admin/server/flush.md	https://dev.mysql.com/doc/refman/8.0/en/flush.html	static_reviewed	No statement factor/value change was identified in the 8.0.23-8.0.41 release boundary review.
flush	table_flush_shape	for_export	unchanged	references/statements/admin/server/flush.md	references/statements/admin/server/flush.md	https://dev.mysql.com/doc/refman/8.0/en/flush.html	static_reviewed	No statement factor/value change was identified in the 8.0.23-8.0.41 release boundary review.
flush	table_flush_shape	not_tables	unchanged	references/statements/admin/server/flush.md	references/statements/admin/server/flush.md	https://dev.mysql.com/doc/refman/8.0/en/flush.html	static_reviewed	No statement factor/value change was identified in the 8.0.23-8.0.41 release boundary review.
flush	table_flush_shape	table_list	unchanged	references/statements/admin/server/flush.md	references/statements/admin/server/flush.md	https://dev.mysql.com/doc/refman/8.0/en/flush.html	static_reviewed	No statement factor/value change was identified in the 8.0.23-8.0.41 release boundary review.
flush	table_flush_shape	with_read_lock	unchanged	references/statements/admin/server/flush.md	references/statements/admin/server/flush.md	https://dev.mysql.com/doc/refman/8.0/en/flush.html	static_reviewed	No statement factor/value change was identified in the 8.0.23-8.0.41 release boundary review.
grant	expected_status	failure	unchanged	references/statements/dcl/privilege/grant.md	references/statements/dcl/privilege/grant.md	https://dev.mysql.com/doc/refman/8.0/en/grant.html	static_reviewed	No statement factor/value change was identified in the 8.0.23-8.0.41 release boundary review.
grant	expected_status	success	unchanged	references/statements/dcl/privilege/grant.md	references/statements/dcl/privilege/grant.md	https://dev.mysql.com/doc/refman/8.0/en/grant.html	static_reviewed	No statement factor/value change was identified in the 8.0.23-8.0.41 release boundary review.
grant	grant_option_shape	omitted	unchanged	references/statements/dcl/privilege/grant.md	references/statements/dcl/privilege/grant.md	https://dev.mysql.com/doc/refman/8.0/en/grant.html	static_reviewed	No statement factor/value change was identified in the 8.0.23-8.0.41 release boundary review.
grant	grant_option_shape	with_admin_option	unchanged	references/statements/dcl/privilege/grant.md	references/statements/dcl/privilege/grant.md	https://dev.mysql.com/doc/refman/8.0/en/grant.html	static_reviewed	No statement factor/value change was identified in the 8.0.23-8.0.41 release boundary review.
grant	grant_option_shape	with_grant_option	unchanged	references/statements/dcl/privilege/grant.md	references/statements/dcl/privilege/grant.md	https://dev.mysql.com/doc/refman/8.0/en/grant.html	static_reviewed	No statement factor/value change was identified in the 8.0.23-8.0.41 release boundary review.
grant	grantee_shape	role_name	unchanged	references/statements/dcl/privilege/grant.md	references/statements/dcl/privilege/grant.md	https://dev.mysql.com/doc/refman/8.0/en/grant.html	static_reviewed	No statement factor/value change was identified in the 8.0.23-8.0.41 release boundary review.
grant	grantee_shape	user_account	unchanged	references/statements/dcl/privilege/grant.md	references/statements/dcl/privilege/grant.md	https://dev.mysql.com/doc/refman/8.0/en/grant.html	static_reviewed	No statement factor/value change was identified in the 8.0.23-8.0.41 release boundary review.
grant	privilege_scope	column	unchanged	references/statements/dcl/privilege/grant.md	references/statements/dcl/privilege/grant.md	https://dev.mysql.com/doc/refman/8.0/en/grant.html	static_reviewed	No statement factor/value change was identified in the 8.0.23-8.0.41 release boundary review.
grant	privilege_scope	database	unchanged	references/statements/dcl/privilege/grant.md	references/statements/dcl/privilege/grant.md	https://dev.mysql.com/doc/refman/8.0/en/grant.html	static_reviewed	No statement factor/value change was identified in the 8.0.23-8.0.41 release boundary review.
grant	privilege_scope	global	unchanged	references/statements/dcl/privilege/grant.md	references/statements/dcl/privilege/grant.md	https://dev.mysql.com/doc/refman/8.0/en/grant.html	static_reviewed	No statement factor/value change was identified in the 8.0.23-8.0.41 release boundary review.
grant	privilege_scope	routine	unchanged	references/statements/dcl/privilege/grant.md	references/statements/dcl/privilege/grant.md	https://dev.mysql.com/doc/refman/8.0/en/grant.html	static_reviewed	No statement factor/value change was identified in the 8.0.23-8.0.41 release boundary review.
grant	privilege_scope	table	unchanged	references/statements/dcl/privilege/grant.md	references/statements/dcl/privilege/grant.md	https://dev.mysql.com/doc/refman/8.0/en/grant.html	static_reviewed	No statement factor/value change was identified in the 8.0.23-8.0.41 release boundary review.
grant	statement_branch	privilege_grant	unchanged	references/statements/dcl/privilege/grant.md	references/statements/dcl/privilege/grant.md	https://dev.mysql.com/doc/refman/8.0/en/grant.html	static_reviewed	No statement factor/value change was identified in the 8.0.23-8.0.41 release boundary review.
grant	statement_branch	proxy_grant	unchanged	references/statements/dcl/privilege/grant.md	references/statements/dcl/privilege/grant.md	https://dev.mysql.com/doc/refman/8.0/en/grant.html	static_reviewed	No statement factor/value change was identified in the 8.0.23-8.0.41 release boundary review.
grant	statement_branch	role_grant	unchanged	references/statements/dcl/privilege/grant.md	references/statements/dcl/privilege/grant.md	https://dev.mysql.com/doc/refman/8.0/en/grant.html	static_reviewed	No statement factor/value change was identified in the 8.0.23-8.0.41 release boundary review.
handler	expected_status	failure	unchanged	references/statements/dml/table/handler.md	references/statements/dml/table/handler.md	https://dev.mysql.com/doc/refman/8.0/en/handler.html	static_reviewed	No statement factor/value change was identified in the 8.0.23-8.0.41 release boundary review.
handler	expected_status	success	unchanged	references/statements/dml/table/handler.md	references/statements/dml/table/handler.md	https://dev.mysql.com/doc/refman/8.0/en/handler.html	static_reviewed	No statement factor/value change was identified in the 8.0.23-8.0.41 release boundary review.
handler	handler_branch	close	unchanged	references/statements/dml/table/handler.md	references/statements/dml/table/handler.md	https://dev.mysql.com/doc/refman/8.0/en/handler.html	static_reviewed	No statement factor/value change was identified in the 8.0.23-8.0.41 release boundary review.
handler	handler_branch	open	unchanged	references/statements/dml/table/handler.md	references/statements/dml/table/handler.md	https://dev.mysql.com/doc/refman/8.0/en/handler.html	static_reviewed	No statement factor/value change was identified in the 8.0.23-8.0.41 release boundary review.
handler	handler_branch	read_first	unchanged	references/statements/dml/table/handler.md	references/statements/dml/table/handler.md	https://dev.mysql.com/doc/refman/8.0/en/handler.html	static_reviewed	No statement factor/value change was identified in the 8.0.23-8.0.41 release boundary review.
handler	handler_branch	read_key	unchanged	references/statements/dml/table/handler.md	references/statements/dml/table/handler.md	https://dev.mysql.com/doc/refman/8.0/en/handler.html	static_reviewed	No statement factor/value change was identified in the 8.0.23-8.0.41 release boundary review.
handler	handler_branch	read_last	unchanged	references/statements/dml/table/handler.md	references/statements/dml/table/handler.md	https://dev.mysql.com/doc/refman/8.0/en/handler.html	static_reviewed	No statement factor/value change was identified in the 8.0.23-8.0.41 release boundary review.
handler	handler_branch	read_next	unchanged	references/statements/dml/table/handler.md	references/statements/dml/table/handler.md	https://dev.mysql.com/doc/refman/8.0/en/handler.html	static_reviewed	No statement factor/value change was identified in the 8.0.23-8.0.41 release boundary review.
handler	handler_branch	read_prev	unchanged	references/statements/dml/table/handler.md	references/statements/dml/table/handler.md	https://dev.mysql.com/doc/refman/8.0/en/handler.html	static_reviewed	No statement factor/value change was identified in the 8.0.23-8.0.41 release boundary review.
handler	handler_state	closed	unchanged	references/statements/dml/table/handler.md	references/statements/dml/table/handler.md	https://dev.mysql.com/doc/refman/8.0/en/handler.html	static_reviewed	No statement factor/value change was identified in the 8.0.23-8.0.41 release boundary review.
handler	handler_state	missing_index	unchanged	references/statements/dml/table/handler.md	references/statements/dml/table/handler.md	https://dev.mysql.com/doc/refman/8.0/en/handler.html	static_reviewed	No statement factor/value change was identified in the 8.0.23-8.0.41 release boundary review.
handler	handler_state	missing_table	unchanged	references/statements/dml/table/handler.md	references/statements/dml/table/handler.md	https://dev.mysql.com/doc/refman/8.0/en/handler.html	static_reviewed	No statement factor/value change was identified in the 8.0.23-8.0.41 release boundary review.
handler	handler_state	open	unchanged	references/statements/dml/table/handler.md	references/statements/dml/table/handler.md	https://dev.mysql.com/doc/refman/8.0/en/handler.html	static_reviewed	No statement factor/value change was identified in the 8.0.23-8.0.41 release boundary review.
handler	read_direction	first	unchanged	references/statements/dml/table/handler.md	references/statements/dml/table/handler.md	https://dev.mysql.com/doc/refman/8.0/en/handler.html	static_reviewed	No statement factor/value change was identified in the 8.0.23-8.0.41 release boundary review.
handler	read_direction	key_compare	unchanged	references/statements/dml/table/handler.md	references/statements/dml/table/handler.md	https://dev.mysql.com/doc/refman/8.0/en/handler.html	static_reviewed	No statement factor/value change was identified in the 8.0.23-8.0.41 release boundary review.
handler	read_direction	last	unchanged	references/statements/dml/table/handler.md	references/statements/dml/table/handler.md	https://dev.mysql.com/doc/refman/8.0/en/handler.html	static_reviewed	No statement factor/value change was identified in the 8.0.23-8.0.41 release boundary review.
handler	read_direction	next	unchanged	references/statements/dml/table/handler.md	references/statements/dml/table/handler.md	https://dev.mysql.com/doc/refman/8.0/en/handler.html	static_reviewed	No statement factor/value change was identified in the 8.0.23-8.0.41 release boundary review.
handler	read_direction	not_applicable	unchanged	references/statements/dml/table/handler.md	references/statements/dml/table/handler.md	https://dev.mysql.com/doc/refman/8.0/en/handler.html	static_reviewed	No statement factor/value change was identified in the 8.0.23-8.0.41 release boundary review.
handler	read_direction	prev	unchanged	references/statements/dml/table/handler.md	references/statements/dml/table/handler.md	https://dev.mysql.com/doc/refman/8.0/en/handler.html	static_reviewed	No statement factor/value change was identified in the 8.0.23-8.0.41 release boundary review.
handler	where_limit_shape	limit	unchanged	references/statements/dml/table/handler.md	references/statements/dml/table/handler.md	https://dev.mysql.com/doc/refman/8.0/en/handler.html	static_reviewed	No statement factor/value change was identified in the 8.0.23-8.0.41 release boundary review.
handler	where_limit_shape	omitted	unchanged	references/statements/dml/table/handler.md	references/statements/dml/table/handler.md	https://dev.mysql.com/doc/refman/8.0/en/handler.html	static_reviewed	No statement factor/value change was identified in the 8.0.23-8.0.41 release boundary review.
handler	where_limit_shape	where_filter	unchanged	references/statements/dml/table/handler.md	references/statements/dml/table/handler.md	https://dev.mysql.com/doc/refman/8.0/en/handler.html	static_reviewed	No statement factor/value change was identified in the 8.0.23-8.0.41 release boundary review.
handler	where_limit_shape	where_limit	unchanged	references/statements/dml/table/handler.md	references/statements/dml/table/handler.md	https://dev.mysql.com/doc/refman/8.0/en/handler.html	static_reviewed	No statement factor/value change was identified in the 8.0.23-8.0.41 release boundary review.
help	expected_status	failure	unchanged	references/statements/utility/help/help.md	references/statements/utility/help/help.md	https://dev.mysql.com/doc/refman/8.0/en/help.html	static_reviewed	No statement factor/value change was identified in the 8.0.23-8.0.41 release boundary review.
help	expected_status	success	unchanged	references/statements/utility/help/help.md	references/statements/utility/help/help.md	https://dev.mysql.com/doc/refman/8.0/en/help.html	static_reviewed	No statement factor/value change was identified in the 8.0.23-8.0.41 release boundary review.
help	help_table_state	initialized	unchanged	references/statements/utility/help/help.md	references/statements/utility/help/help.md	https://dev.mysql.com/doc/refman/8.0/en/help.html	static_reviewed	No statement factor/value change was identified in the 8.0.23-8.0.41 release boundary review.
help	help_table_state	missing	unchanged	references/statements/utility/help/help.md	references/statements/utility/help/help.md	https://dev.mysql.com/doc/refman/8.0/en/help.html	static_reviewed	No statement factor/value change was identified in the 8.0.23-8.0.41 release boundary review.
help	search_shape	category	unchanged	references/statements/utility/help/help.md	references/statements/utility/help/help.md	https://dev.mysql.com/doc/refman/8.0/en/help.html	static_reviewed	No statement factor/value change was identified in the 8.0.23-8.0.41 release boundary review.
help	search_shape	contents	unchanged	references/statements/utility/help/help.md	references/statements/utility/help/help.md	https://dev.mysql.com/doc/refman/8.0/en/help.html	static_reviewed	No statement factor/value change was identified in the 8.0.23-8.0.41 release boundary review.
help	search_shape	pattern	unchanged	references/statements/utility/help/help.md	references/statements/utility/help/help.md	https://dev.mysql.com/doc/refman/8.0/en/help.html	static_reviewed	No statement factor/value change was identified in the 8.0.23-8.0.41 release boundary review.
help	search_shape	topic	unchanged	references/statements/utility/help/help.md	references/statements/utility/help/help.md	https://dev.mysql.com/doc/refman/8.0/en/help.html	static_reviewed	No statement factor/value change was identified in the 8.0.23-8.0.41 release boundary review.
help	search_shape	unknown	unchanged	references/statements/utility/help/help.md	references/statements/utility/help/help.md	https://dev.mysql.com/doc/refman/8.0/en/help.html	static_reviewed	No statement factor/value change was identified in the 8.0.23-8.0.41 release boundary review.
import_table	engine_shape	supported	unchanged	references/statements/utility/data_transfer/import_table.md	references/statements/utility/data_transfer/import_table.md	https://dev.mysql.com/doc/refman/8.0/en/import-table.html	static_reviewed	No statement factor/value change was identified in the 8.0.23-8.0.41 release boundary review.
import_table	engine_shape	unsupported	unchanged	references/statements/utility/data_transfer/import_table.md	references/statements/utility/data_transfer/import_table.md	https://dev.mysql.com/doc/refman/8.0/en/import-table.html	static_reviewed	No statement factor/value change was identified in the 8.0.23-8.0.41 release boundary review.
import_table	expected_status	failure	unchanged	references/statements/utility/data_transfer/import_table.md	references/statements/utility/data_transfer/import_table.md	https://dev.mysql.com/doc/refman/8.0/en/import-table.html	static_reviewed	No statement factor/value change was identified in the 8.0.23-8.0.41 release boundary review.
import_table	expected_status	success	unchanged	references/statements/utility/data_transfer/import_table.md	references/statements/utility/data_transfer/import_table.md	https://dev.mysql.com/doc/refman/8.0/en/import-table.html	static_reviewed	No statement factor/value change was identified in the 8.0.23-8.0.41 release boundary review.
import_table	privilege_context	insufficient	unchanged	references/statements/utility/data_transfer/import_table.md	references/statements/utility/data_transfer/import_table.md	https://dev.mysql.com/doc/refman/8.0/en/import-table.html	static_reviewed	No statement factor/value change was identified in the 8.0.23-8.0.41 release boundary review.
import_table	privilege_context	sufficient	unchanged	references/statements/utility/data_transfer/import_table.md	references/statements/utility/data_transfer/import_table.md	https://dev.mysql.com/doc/refman/8.0/en/import-table.html	static_reviewed	No statement factor/value change was identified in the 8.0.23-8.0.41 release boundary review.
import_table	schema_conflict_state	no_conflict	unchanged	references/statements/utility/data_transfer/import_table.md	references/statements/utility/data_transfer/import_table.md	https://dev.mysql.com/doc/refman/8.0/en/import-table.html	static_reviewed	No statement factor/value change was identified in the 8.0.23-8.0.41 release boundary review.
import_table	schema_conflict_state	table_already_exists	unchanged	references/statements/utility/data_transfer/import_table.md	references/statements/utility/data_transfer/import_table.md	https://dev.mysql.com/doc/refman/8.0/en/import-table.html	static_reviewed	No statement factor/value change was identified in the 8.0.23-8.0.41 release boundary review.
import_table	sdi_file_state	exists	unchanged	references/statements/utility/data_transfer/import_table.md	references/statements/utility/data_transfer/import_table.md	https://dev.mysql.com/doc/refman/8.0/en/import-table.html	static_reviewed	No statement factor/value change was identified in the 8.0.23-8.0.41 release boundary review.
import_table	sdi_file_state	malformed	unchanged	references/statements/utility/data_transfer/import_table.md	references/statements/utility/data_transfer/import_table.md	https://dev.mysql.com/doc/refman/8.0/en/import-table.html	static_reviewed	No statement factor/value change was identified in the 8.0.23-8.0.41 release boundary review.
import_table	sdi_file_state	missing	unchanged	references/statements/utility/data_transfer/import_table.md	references/statements/utility/data_transfer/import_table.md	https://dev.mysql.com/doc/refman/8.0/en/import-table.html	static_reviewed	No statement factor/value change was identified in the 8.0.23-8.0.41 release boundary review.
insert	column_list_shape	explicit	unchanged	references/statements/dml/table/insert.md	references/statements/dml/table/insert.md	https://dev.mysql.com/doc/refman/8.0/en/insert.html	static_reviewed	No statement factor/value change was identified in the 8.0.23-8.0.41 release boundary review.
insert	column_list_shape	omitted	unchanged	references/statements/dml/table/insert.md	references/statements/dml/table/insert.md	https://dev.mysql.com/doc/refman/8.0/en/insert.html	static_reviewed	No statement factor/value change was identified in the 8.0.23-8.0.41 release boundary review.
insert	duplicate_handling	ignore	unchanged	references/statements/dml/table/insert.md	references/statements/dml/table/insert.md	https://dev.mysql.com/doc/refman/8.0/en/insert.html	static_reviewed	No statement factor/value change was identified in the 8.0.23-8.0.41 release boundary review.
insert	duplicate_handling	none	unchanged	references/statements/dml/table/insert.md	references/statements/dml/table/insert.md	https://dev.mysql.com/doc/refman/8.0/en/insert.html	static_reviewed	No statement factor/value change was identified in the 8.0.23-8.0.41 release boundary review.
insert	duplicate_handling	on_duplicate_key_update	unchanged	references/statements/dml/table/insert.md	references/statements/dml/table/insert.md	https://dev.mysql.com/doc/refman/8.0/en/insert.html	static_reviewed	No statement factor/value change was identified in the 8.0.23-8.0.41 release boundary review.
insert	expected_status	failure	unchanged	references/statements/dml/table/insert.md	references/statements/dml/table/insert.md	https://dev.mysql.com/doc/refman/8.0/en/insert.html	static_reviewed	No statement factor/value change was identified in the 8.0.23-8.0.41 release boundary review.
insert	expected_status	success	unchanged	references/statements/dml/table/insert.md	references/statements/dml/table/insert.md	https://dev.mysql.com/doc/refman/8.0/en/insert.html	static_reviewed	No statement factor/value change was identified in the 8.0.23-8.0.41 release boundary review.
insert	partition_clause	named_partition	unchanged	references/statements/dml/table/insert.md	references/statements/dml/table/insert.md	https://dev.mysql.com/doc/refman/8.0/en/insert.html	static_reviewed	No statement factor/value change was identified in the 8.0.23-8.0.41 release boundary review.
insert	partition_clause	omitted	unchanged	references/statements/dml/table/insert.md	references/statements/dml/table/insert.md	https://dev.mysql.com/doc/refman/8.0/en/insert.html	static_reviewed	No statement factor/value change was identified in the 8.0.23-8.0.41 release boundary review.
insert	priority	high_priority	unchanged	references/statements/dml/table/insert.md	references/statements/dml/table/insert.md	https://dev.mysql.com/doc/refman/8.0/en/insert.html	static_reviewed	No statement factor/value change was identified in the 8.0.23-8.0.41 release boundary review.
insert	priority	low_priority	unchanged	references/statements/dml/table/insert.md	references/statements/dml/table/insert.md	https://dev.mysql.com/doc/refman/8.0/en/insert.html	static_reviewed	No statement factor/value change was identified in the 8.0.23-8.0.41 release boundary review.
insert	priority	omitted	unchanged	references/statements/dml/table/insert.md	references/statements/dml/table/insert.md	https://dev.mysql.com/doc/refman/8.0/en/insert.html	static_reviewed	No statement factor/value change was identified in the 8.0.23-8.0.41 release boundary review.
insert	statement_branch	insert_select	unchanged	references/statements/dml/table/insert.md	references/statements/dml/table/insert.md	https://dev.mysql.com/doc/refman/8.0/en/insert.html	static_reviewed	No statement factor/value change was identified in the 8.0.23-8.0.41 release boundary review.
insert	statement_branch	set_clause	unchanged	references/statements/dml/table/insert.md	references/statements/dml/table/insert.md	https://dev.mysql.com/doc/refman/8.0/en/insert.html	static_reviewed	No statement factor/value change was identified in the 8.0.23-8.0.41 release boundary review.
insert	statement_branch	values_list	unchanged	references/statements/dml/table/insert.md	references/statements/dml/table/insert.md	https://dev.mysql.com/doc/refman/8.0/en/insert.html	static_reviewed	No statement factor/value change was identified in the 8.0.23-8.0.41 release boundary review.
install_component	component_count	multiple	changed	references/statements/admin/component/install_component.md	references/statements/admin/component/install_component.md	https://dev.mysql.com/doc/relnotes/mysql/8.0/en/news-8-0-33.html	static_reviewed	Statement semantics or syntax changed in the cited intervening release.
install_component	component_count	single	changed	references/statements/admin/component/install_component.md	references/statements/admin/component/install_component.md	https://dev.mysql.com/doc/relnotes/mysql/8.0/en/news-8-0-33.html	static_reviewed	Statement semantics or syntax changed in the cited intervening release.
install_component	execution_mode	isolated_positive	changed	references/statements/admin/component/install_component.md	references/statements/admin/component/install_component.md	https://dev.mysql.com/doc/relnotes/mysql/8.0/en/news-8-0-33.html	static_reviewed	Statement semantics or syntax changed in the cited intervening release.
install_component	execution_mode	safe_negative	changed	references/statements/admin/component/install_component.md	references/statements/admin/component/install_component.md	https://dev.mysql.com/doc/relnotes/mysql/8.0/en/news-8-0-33.html	static_reviewed	Statement semantics or syntax changed in the cited intervening release.
install_component	execution_mode	skip_dynamic_load	changed	references/statements/admin/component/install_component.md	references/statements/admin/component/install_component.md	https://dev.mysql.com/doc/relnotes/mysql/8.0/en/news-8-0-33.html	static_reviewed	Statement semantics or syntax changed in the cited intervening release.
install_component	expected_status	failure	changed	references/statements/admin/component/install_component.md	references/statements/admin/component/install_component.md	https://dev.mysql.com/doc/relnotes/mysql/8.0/en/news-8-0-33.html	static_reviewed	Statement semantics or syntax changed in the cited intervening release.
install_component	expected_status	success	changed	references/statements/admin/component/install_component.md	references/statements/admin/component/install_component.md	https://dev.mysql.com/doc/relnotes/mysql/8.0/en/news-8-0-33.html	static_reviewed	Statement semantics or syntax changed in the cited intervening release.
install_component	set_clause	global	added		references/statements/admin/component/install_component.md	https://dev.mysql.com/doc/relnotes/mysql/8.0/en/news-8-0-33.html	static_reviewed	Factor/value is available in 8.0.41 and absent from the 8.0.22 edition.
install_component	set_clause	omitted	added		references/statements/admin/component/install_component.md	https://dev.mysql.com/doc/relnotes/mysql/8.0/en/news-8-0-33.html	static_reviewed	Factor/value is available in 8.0.41 and absent from the 8.0.22 edition.
install_component	set_clause	persist	added		references/statements/admin/component/install_component.md	https://dev.mysql.com/doc/relnotes/mysql/8.0/en/news-8-0-33.html	static_reviewed	Factor/value is available in 8.0.41 and absent from the 8.0.22 edition.
install_component	urn_shape	invalid_urn	changed	references/statements/admin/component/install_component.md	references/statements/admin/component/install_component.md	https://dev.mysql.com/doc/relnotes/mysql/8.0/en/news-8-0-33.html	static_reviewed	Statement semantics or syntax changed in the cited intervening release.
install_component	urn_shape	missing_component	changed	references/statements/admin/component/install_component.md	references/statements/admin/component/install_component.md	https://dev.mysql.com/doc/relnotes/mysql/8.0/en/news-8-0-33.html	static_reviewed	Statement semantics or syntax changed in the cited intervening release.
install_component	urn_shape	valid_existing	changed	references/statements/admin/component/install_component.md	references/statements/admin/component/install_component.md	https://dev.mysql.com/doc/relnotes/mysql/8.0/en/news-8-0-33.html	static_reviewed	Statement semantics or syntax changed in the cited intervening release.
install_plugin	execution_mode	isolated_positive	unchanged	references/statements/admin/plugin/install_plugin.md	references/statements/admin/plugin/install_plugin.md	https://dev.mysql.com/doc/refman/8.0/en/install-plugin.html	static_reviewed	No statement factor/value change was identified in the 8.0.23-8.0.41 release boundary review.
install_plugin	execution_mode	safe_negative	unchanged	references/statements/admin/plugin/install_plugin.md	references/statements/admin/plugin/install_plugin.md	https://dev.mysql.com/doc/refman/8.0/en/install-plugin.html	static_reviewed	No statement factor/value change was identified in the 8.0.23-8.0.41 release boundary review.
install_plugin	execution_mode	skip_dynamic_load	unchanged	references/statements/admin/plugin/install_plugin.md	references/statements/admin/plugin/install_plugin.md	https://dev.mysql.com/doc/refman/8.0/en/install-plugin.html	static_reviewed	No statement factor/value change was identified in the 8.0.23-8.0.41 release boundary review.
install_plugin	expected_status	failure	unchanged	references/statements/admin/plugin/install_plugin.md	references/statements/admin/plugin/install_plugin.md	https://dev.mysql.com/doc/refman/8.0/en/install-plugin.html	static_reviewed	No statement factor/value change was identified in the 8.0.23-8.0.41 release boundary review.
install_plugin	expected_status	success	unchanged	references/statements/admin/plugin/install_plugin.md	references/statements/admin/plugin/install_plugin.md	https://dev.mysql.com/doc/refman/8.0/en/install-plugin.html	static_reviewed	No statement factor/value change was identified in the 8.0.23-8.0.41 release boundary review.
install_plugin	library_shape	existing_library	unchanged	references/statements/admin/plugin/install_plugin.md	references/statements/admin/plugin/install_plugin.md	https://dev.mysql.com/doc/refman/8.0/en/install-plugin.html	static_reviewed	No statement factor/value change was identified in the 8.0.23-8.0.41 release boundary review.
install_plugin	library_shape	invalid_soname	unchanged	references/statements/admin/plugin/install_plugin.md	references/statements/admin/plugin/install_plugin.md	https://dev.mysql.com/doc/refman/8.0/en/install-plugin.html	static_reviewed	No statement factor/value change was identified in the 8.0.23-8.0.41 release boundary review.
install_plugin	library_shape	missing_library	unchanged	references/statements/admin/plugin/install_plugin.md	references/statements/admin/plugin/install_plugin.md	https://dev.mysql.com/doc/refman/8.0/en/install-plugin.html	static_reviewed	No statement factor/value change was identified in the 8.0.23-8.0.41 release boundary review.
install_plugin	plugin_state	already_installed	unchanged	references/statements/admin/plugin/install_plugin.md	references/statements/admin/plugin/install_plugin.md	https://dev.mysql.com/doc/refman/8.0/en/install-plugin.html	static_reviewed	No statement factor/value change was identified in the 8.0.23-8.0.41 release boundary review.
install_plugin	plugin_state	not_installed	unchanged	references/statements/admin/plugin/install_plugin.md	references/statements/admin/plugin/install_plugin.md	https://dev.mysql.com/doc/refman/8.0/en/install-plugin.html	static_reviewed	No statement factor/value change was identified in the 8.0.23-8.0.41 release boundary review.
kill	expected_status	failure	unchanged	references/statements/admin/session/kill.md	references/statements/admin/session/kill.md	https://dev.mysql.com/doc/refman/8.0/en/kill.html	static_reviewed	No statement factor/value change was identified in the 8.0.23-8.0.41 release boundary review.
kill	expected_status	success	unchanged	references/statements/admin/session/kill.md	references/statements/admin/session/kill.md	https://dev.mysql.com/doc/refman/8.0/en/kill.html	static_reviewed	No statement factor/value change was identified in the 8.0.23-8.0.41 release boundary review.
kill	kill_modifier	connection	unchanged	references/statements/admin/session/kill.md	references/statements/admin/session/kill.md	https://dev.mysql.com/doc/refman/8.0/en/kill.html	static_reviewed	No statement factor/value change was identified in the 8.0.23-8.0.41 release boundary review.
kill	kill_modifier	omitted	unchanged	references/statements/admin/session/kill.md	references/statements/admin/session/kill.md	https://dev.mysql.com/doc/refman/8.0/en/kill.html	static_reviewed	No statement factor/value change was identified in the 8.0.23-8.0.41 release boundary review.
kill	kill_modifier	query	unchanged	references/statements/admin/session/kill.md	references/statements/admin/session/kill.md	https://dev.mysql.com/doc/refman/8.0/en/kill.html	static_reviewed	No statement factor/value change was identified in the 8.0.23-8.0.41 release boundary review.
kill	privilege_context	connection_admin	unchanged	references/statements/admin/session/kill.md	references/statements/admin/session/kill.md	https://dev.mysql.com/doc/refman/8.0/en/kill.html	static_reviewed	No statement factor/value change was identified in the 8.0.23-8.0.41 release boundary review.
kill	privilege_context	insufficient	unchanged	references/statements/admin/session/kill.md	references/statements/admin/session/kill.md	https://dev.mysql.com/doc/refman/8.0/en/kill.html	static_reviewed	No statement factor/value change was identified in the 8.0.23-8.0.41 release boundary review.
kill	privilege_context	own_only	unchanged	references/statements/admin/session/kill.md	references/statements/admin/session/kill.md	https://dev.mysql.com/doc/refman/8.0/en/kill.html	static_reviewed	No statement factor/value change was identified in the 8.0.23-8.0.41 release boundary review.
kill	privilege_context	system_user	unchanged	references/statements/admin/session/kill.md	references/statements/admin/session/kill.md	https://dev.mysql.com/doc/refman/8.0/en/kill.html	static_reviewed	No statement factor/value change was identified in the 8.0.23-8.0.41 release boundary review.
kill	target_thread	missing_thread	unchanged	references/statements/admin/session/kill.md	references/statements/admin/session/kill.md	https://dev.mysql.com/doc/refman/8.0/en/kill.html	static_reviewed	No statement factor/value change was identified in the 8.0.23-8.0.41 release boundary review.
kill	target_thread	other_thread	unchanged	references/statements/admin/session/kill.md	references/statements/admin/session/kill.md	https://dev.mysql.com/doc/refman/8.0/en/kill.html	static_reviewed	No statement factor/value change was identified in the 8.0.23-8.0.41 release boundary review.
kill	target_thread	own_thread	unchanged	references/statements/admin/session/kill.md	references/statements/admin/session/kill.md	https://dev.mysql.com/doc/refman/8.0/en/kill.html	static_reviewed	No statement factor/value change was identified in the 8.0.23-8.0.41 release boundary review.
kill	target_thread	system_user_thread	unchanged	references/statements/admin/session/kill.md	references/statements/admin/session/kill.md	https://dev.mysql.com/doc/refman/8.0/en/kill.html	static_reviewed	No statement factor/value change was identified in the 8.0.23-8.0.41 release boundary review.
load_data	column_mapping_shape	column_list	unchanged	references/statements/utility/data_transfer/load_data.md	references/statements/utility/data_transfer/load_data.md	https://dev.mysql.com/doc/refman/8.0/en/load-data.html	static_reviewed	No statement factor/value change was identified in the 8.0.23-8.0.41 release boundary review.
load_data	column_mapping_shape	omitted	unchanged	references/statements/utility/data_transfer/load_data.md	references/statements/utility/data_transfer/load_data.md	https://dev.mysql.com/doc/refman/8.0/en/load-data.html	static_reviewed	No statement factor/value change was identified in the 8.0.23-8.0.41 release boundary review.
load_data	column_mapping_shape	user_variables	unchanged	references/statements/utility/data_transfer/load_data.md	references/statements/utility/data_transfer/load_data.md	https://dev.mysql.com/doc/refman/8.0/en/load-data.html	static_reviewed	No statement factor/value change was identified in the 8.0.23-8.0.41 release boundary review.
load_data	duplicate_handling	ignore	unchanged	references/statements/utility/data_transfer/load_data.md	references/statements/utility/data_transfer/load_data.md	https://dev.mysql.com/doc/refman/8.0/en/load-data.html	static_reviewed	No statement factor/value change was identified in the 8.0.23-8.0.41 release boundary review.
load_data	duplicate_handling	omitted	unchanged	references/statements/utility/data_transfer/load_data.md	references/statements/utility/data_transfer/load_data.md	https://dev.mysql.com/doc/refman/8.0/en/load-data.html	static_reviewed	No statement factor/value change was identified in the 8.0.23-8.0.41 release boundary review.
load_data	duplicate_handling	replace	unchanged	references/statements/utility/data_transfer/load_data.md	references/statements/utility/data_transfer/load_data.md	https://dev.mysql.com/doc/refman/8.0/en/load-data.html	static_reviewed	No statement factor/value change was identified in the 8.0.23-8.0.41 release boundary review.
load_data	expected_status	failure	unchanged	references/statements/utility/data_transfer/load_data.md	references/statements/utility/data_transfer/load_data.md	https://dev.mysql.com/doc/refman/8.0/en/load-data.html	static_reviewed	No statement factor/value change was identified in the 8.0.23-8.0.41 release boundary review.
load_data	expected_status	success	unchanged	references/statements/utility/data_transfer/load_data.md	references/statements/utility/data_transfer/load_data.md	https://dev.mysql.com/doc/refman/8.0/en/load-data.html	static_reviewed	No statement factor/value change was identified in the 8.0.23-8.0.41 release boundary review.
load_data	field_line_shape	csv_format	unchanged	references/statements/utility/data_transfer/load_data.md	references/statements/utility/data_transfer/load_data.md	https://dev.mysql.com/doc/refman/8.0/en/load-data.html	static_reviewed	No statement factor/value change was identified in the 8.0.23-8.0.41 release boundary review.
load_data	field_line_shape	custom_terminated	unchanged	references/statements/utility/data_transfer/load_data.md	references/statements/utility/data_transfer/load_data.md	https://dev.mysql.com/doc/refman/8.0/en/load-data.html	static_reviewed	No statement factor/value change was identified in the 8.0.23-8.0.41 release boundary review.
load_data	field_line_shape	default_format	unchanged	references/statements/utility/data_transfer/load_data.md	references/statements/utility/data_transfer/load_data.md	https://dev.mysql.com/doc/refman/8.0/en/load-data.html	static_reviewed	No statement factor/value change was identified in the 8.0.23-8.0.41 release boundary review.
load_data	file_state	exists	unchanged	references/statements/utility/data_transfer/load_data.md	references/statements/utility/data_transfer/load_data.md	https://dev.mysql.com/doc/refman/8.0/en/load-data.html	static_reviewed	No statement factor/value change was identified in the 8.0.23-8.0.41 release boundary review.
load_data	file_state	inaccessible	unchanged	references/statements/utility/data_transfer/load_data.md	references/statements/utility/data_transfer/load_data.md	https://dev.mysql.com/doc/refman/8.0/en/load-data.html	static_reviewed	No statement factor/value change was identified in the 8.0.23-8.0.41 release boundary review.
load_data	file_state	missing	unchanged	references/statements/utility/data_transfer/load_data.md	references/statements/utility/data_transfer/load_data.md	https://dev.mysql.com/doc/refman/8.0/en/load-data.html	static_reviewed	No statement factor/value change was identified in the 8.0.23-8.0.41 release boundary review.
load_data	local_shape	local_file	unchanged	references/statements/utility/data_transfer/load_data.md	references/statements/utility/data_transfer/load_data.md	https://dev.mysql.com/doc/refman/8.0/en/load-data.html	static_reviewed	No statement factor/value change was identified in the 8.0.23-8.0.41 release boundary review.
load_data	local_shape	server_file	unchanged	references/statements/utility/data_transfer/load_data.md	references/statements/utility/data_transfer/load_data.md	https://dev.mysql.com/doc/refman/8.0/en/load-data.html	static_reviewed	No statement factor/value change was identified in the 8.0.23-8.0.41 release boundary review.
load_data	privilege_context	insufficient	unchanged	references/statements/utility/data_transfer/load_data.md	references/statements/utility/data_transfer/load_data.md	https://dev.mysql.com/doc/refman/8.0/en/load-data.html	static_reviewed	No statement factor/value change was identified in the 8.0.23-8.0.41 release boundary review.
load_data	privilege_context	sufficient	unchanged	references/statements/utility/data_transfer/load_data.md	references/statements/utility/data_transfer/load_data.md	https://dev.mysql.com/doc/refman/8.0/en/load-data.html	static_reviewed	No statement factor/value change was identified in the 8.0.23-8.0.41 release boundary review.
load_data	set_clause_shape	omitted	unchanged	references/statements/utility/data_transfer/load_data.md	references/statements/utility/data_transfer/load_data.md	https://dev.mysql.com/doc/refman/8.0/en/load-data.html	static_reviewed	No statement factor/value change was identified in the 8.0.23-8.0.41 release boundary review.
load_data	set_clause_shape	transform_column	unchanged	references/statements/utility/data_transfer/load_data.md	references/statements/utility/data_transfer/load_data.md	https://dev.mysql.com/doc/refman/8.0/en/load-data.html	static_reviewed	No statement factor/value change was identified in the 8.0.23-8.0.41 release boundary review.
load_xml	duplicate_handling	ignore	unchanged	references/statements/utility/data_transfer/load_xml.md	references/statements/utility/data_transfer/load_xml.md	https://dev.mysql.com/doc/refman/8.0/en/load-xml.html	static_reviewed	No statement factor/value change was identified in the 8.0.23-8.0.41 release boundary review.
load_xml	duplicate_handling	omitted	unchanged	references/statements/utility/data_transfer/load_xml.md	references/statements/utility/data_transfer/load_xml.md	https://dev.mysql.com/doc/refman/8.0/en/load-xml.html	static_reviewed	No statement factor/value change was identified in the 8.0.23-8.0.41 release boundary review.
load_xml	duplicate_handling	replace	unchanged	references/statements/utility/data_transfer/load_xml.md	references/statements/utility/data_transfer/load_xml.md	https://dev.mysql.com/doc/refman/8.0/en/load-xml.html	static_reviewed	No statement factor/value change was identified in the 8.0.23-8.0.41 release boundary review.
load_xml	expected_status	failure	unchanged	references/statements/utility/data_transfer/load_xml.md	references/statements/utility/data_transfer/load_xml.md	https://dev.mysql.com/doc/refman/8.0/en/load-xml.html	static_reviewed	No statement factor/value change was identified in the 8.0.23-8.0.41 release boundary review.
load_xml	expected_status	success	unchanged	references/statements/utility/data_transfer/load_xml.md	references/statements/utility/data_transfer/load_xml.md	https://dev.mysql.com/doc/refman/8.0/en/load-xml.html	static_reviewed	No statement factor/value change was identified in the 8.0.23-8.0.41 release boundary review.
load_xml	field_mapping_shape	field_list	unchanged	references/statements/utility/data_transfer/load_xml.md	references/statements/utility/data_transfer/load_xml.md	https://dev.mysql.com/doc/refman/8.0/en/load-xml.html	static_reviewed	No statement factor/value change was identified in the 8.0.23-8.0.41 release boundary review.
load_xml	field_mapping_shape	omitted	unchanged	references/statements/utility/data_transfer/load_xml.md	references/statements/utility/data_transfer/load_xml.md	https://dev.mysql.com/doc/refman/8.0/en/load-xml.html	static_reviewed	No statement factor/value change was identified in the 8.0.23-8.0.41 release boundary review.
load_xml	field_mapping_shape	user_variables	unchanged	references/statements/utility/data_transfer/load_xml.md	references/statements/utility/data_transfer/load_xml.md	https://dev.mysql.com/doc/refman/8.0/en/load-xml.html	static_reviewed	No statement factor/value change was identified in the 8.0.23-8.0.41 release boundary review.
load_xml	file_state	exists	unchanged	references/statements/utility/data_transfer/load_xml.md	references/statements/utility/data_transfer/load_xml.md	https://dev.mysql.com/doc/refman/8.0/en/load-xml.html	static_reviewed	No statement factor/value change was identified in the 8.0.23-8.0.41 release boundary review.
load_xml	file_state	malformed	unchanged	references/statements/utility/data_transfer/load_xml.md	references/statements/utility/data_transfer/load_xml.md	https://dev.mysql.com/doc/refman/8.0/en/load-xml.html	static_reviewed	No statement factor/value change was identified in the 8.0.23-8.0.41 release boundary review.
load_xml	file_state	missing	unchanged	references/statements/utility/data_transfer/load_xml.md	references/statements/utility/data_transfer/load_xml.md	https://dev.mysql.com/doc/refman/8.0/en/load-xml.html	static_reviewed	No statement factor/value change was identified in the 8.0.23-8.0.41 release boundary review.
load_xml	local_shape	local_file	unchanged	references/statements/utility/data_transfer/load_xml.md	references/statements/utility/data_transfer/load_xml.md	https://dev.mysql.com/doc/refman/8.0/en/load-xml.html	static_reviewed	No statement factor/value change was identified in the 8.0.23-8.0.41 release boundary review.
load_xml	local_shape	server_file	unchanged	references/statements/utility/data_transfer/load_xml.md	references/statements/utility/data_transfer/load_xml.md	https://dev.mysql.com/doc/refman/8.0/en/load-xml.html	static_reviewed	No statement factor/value change was identified in the 8.0.23-8.0.41 release boundary review.
load_xml	row_tag_shape	custom_tag	unchanged	references/statements/utility/data_transfer/load_xml.md	references/statements/utility/data_transfer/load_xml.md	https://dev.mysql.com/doc/refman/8.0/en/load-xml.html	static_reviewed	No statement factor/value change was identified in the 8.0.23-8.0.41 release boundary review.
load_xml	row_tag_shape	default_row	unchanged	references/statements/utility/data_transfer/load_xml.md	references/statements/utility/data_transfer/load_xml.md	https://dev.mysql.com/doc/refman/8.0/en/load-xml.html	static_reviewed	No statement factor/value change was identified in the 8.0.23-8.0.41 release boundary review.
load_xml	set_clause_shape	omitted	unchanged	references/statements/utility/data_transfer/load_xml.md	references/statements/utility/data_transfer/load_xml.md	https://dev.mysql.com/doc/refman/8.0/en/load-xml.html	static_reviewed	No statement factor/value change was identified in the 8.0.23-8.0.41 release boundary review.
load_xml	set_clause_shape	transform_column	unchanged	references/statements/utility/data_transfer/load_xml.md	references/statements/utility/data_transfer/load_xml.md	https://dev.mysql.com/doc/refman/8.0/en/load-xml.html	static_reviewed	No statement factor/value change was identified in the 8.0.23-8.0.41 release boundary review.
lock_instance	backup_lock_state	already_held_by_session	unchanged	references/statements/tcl/lock/lock_instance.md	references/statements/tcl/lock/lock_instance.md	https://dev.mysql.com/doc/refman/8.0/en/lock-instance-for-backup.html	static_reviewed	No statement factor/value change was identified in the 8.0.23-8.0.41 release boundary review.
lock_instance	backup_lock_state	held_by_other_session	unchanged	references/statements/tcl/lock/lock_instance.md	references/statements/tcl/lock/lock_instance.md	https://dev.mysql.com/doc/refman/8.0/en/lock-instance-for-backup.html	static_reviewed	No statement factor/value change was identified in the 8.0.23-8.0.41 release boundary review.
lock_instance	backup_lock_state	not_held	unchanged	references/statements/tcl/lock/lock_instance.md	references/statements/tcl/lock/lock_instance.md	https://dev.mysql.com/doc/refman/8.0/en/lock-instance-for-backup.html	static_reviewed	No statement factor/value change was identified in the 8.0.23-8.0.41 release boundary review.
lock_instance	execution_mode	isolated_positive	unchanged	references/statements/tcl/lock/lock_instance.md	references/statements/tcl/lock/lock_instance.md	https://dev.mysql.com/doc/refman/8.0/en/lock-instance-for-backup.html	static_reviewed	No statement factor/value change was identified in the 8.0.23-8.0.41 release boundary review.
lock_instance	execution_mode	safe_negative	unchanged	references/statements/tcl/lock/lock_instance.md	references/statements/tcl/lock/lock_instance.md	https://dev.mysql.com/doc/refman/8.0/en/lock-instance-for-backup.html	static_reviewed	No statement factor/value change was identified in the 8.0.23-8.0.41 release boundary review.
lock_instance	expected_status	failure	unchanged	references/statements/tcl/lock/lock_instance.md	references/statements/tcl/lock/lock_instance.md	https://dev.mysql.com/doc/refman/8.0/en/lock-instance-for-backup.html	static_reviewed	No statement factor/value change was identified in the 8.0.23-8.0.41 release boundary review.
lock_instance	expected_status	success	unchanged	references/statements/tcl/lock/lock_instance.md	references/statements/tcl/lock/lock_instance.md	https://dev.mysql.com/doc/refman/8.0/en/lock-instance-for-backup.html	static_reviewed	No statement factor/value change was identified in the 8.0.23-8.0.41 release boundary review.
lock_instance	privilege_context	has_backup_admin	unchanged	references/statements/tcl/lock/lock_instance.md	references/statements/tcl/lock/lock_instance.md	https://dev.mysql.com/doc/refman/8.0/en/lock-instance-for-backup.html	static_reviewed	No statement factor/value change was identified in the 8.0.23-8.0.41 release boundary review.
lock_instance	privilege_context	missing_backup_admin	unchanged	references/statements/tcl/lock/lock_instance.md	references/statements/tcl/lock/lock_instance.md	https://dev.mysql.com/doc/refman/8.0/en/lock-instance-for-backup.html	static_reviewed	No statement factor/value change was identified in the 8.0.23-8.0.41 release boundary review.
lock_tables	expected_status	failure	unchanged	references/statements/tcl/lock/lock_tables.md	references/statements/tcl/lock/lock_tables.md	https://dev.mysql.com/doc/refman/8.0/en/lock-tables.html	static_reviewed	No statement factor/value change was identified in the 8.0.23-8.0.41 release boundary review.
lock_tables	expected_status	success	unchanged	references/statements/tcl/lock/lock_tables.md	references/statements/tcl/lock/lock_tables.md	https://dev.mysql.com/doc/refman/8.0/en/lock-tables.html	static_reviewed	No statement factor/value change was identified in the 8.0.23-8.0.41 release boundary review.
lock_tables	lock_type	low_priority_write	unchanged	references/statements/tcl/lock/lock_tables.md	references/statements/tcl/lock/lock_tables.md	https://dev.mysql.com/doc/refman/8.0/en/lock-tables.html	static_reviewed	No statement factor/value change was identified in the 8.0.23-8.0.41 release boundary review.
lock_tables	lock_type	read	unchanged	references/statements/tcl/lock/lock_tables.md	references/statements/tcl/lock/lock_tables.md	https://dev.mysql.com/doc/refman/8.0/en/lock-tables.html	static_reviewed	No statement factor/value change was identified in the 8.0.23-8.0.41 release boundary review.
lock_tables	lock_type	read_local	unchanged	references/statements/tcl/lock/lock_tables.md	references/statements/tcl/lock/lock_tables.md	https://dev.mysql.com/doc/refman/8.0/en/lock-tables.html	static_reviewed	No statement factor/value change was identified in the 8.0.23-8.0.41 release boundary review.
lock_tables	lock_type	write	unchanged	references/statements/tcl/lock/lock_tables.md	references/statements/tcl/lock/lock_tables.md	https://dev.mysql.com/doc/refman/8.0/en/lock-tables.html	static_reviewed	No statement factor/value change was identified in the 8.0.23-8.0.41 release boundary review.
lock_tables	privilege_context	has_required_privilege	unchanged	references/statements/tcl/lock/lock_tables.md	references/statements/tcl/lock/lock_tables.md	https://dev.mysql.com/doc/refman/8.0/en/lock-tables.html	static_reviewed	No statement factor/value change was identified in the 8.0.23-8.0.41 release boundary review.
lock_tables	privilege_context	missing_required_privilege	unchanged	references/statements/tcl/lock/lock_tables.md	references/statements/tcl/lock/lock_tables.md	https://dev.mysql.com/doc/refman/8.0/en/lock-tables.html	static_reviewed	No statement factor/value change was identified in the 8.0.23-8.0.41 release boundary review.
lock_tables	target_shape	missing_table	unchanged	references/statements/tcl/lock/lock_tables.md	references/statements/tcl/lock/lock_tables.md	https://dev.mysql.com/doc/refman/8.0/en/lock-tables.html	static_reviewed	No statement factor/value change was identified in the 8.0.23-8.0.41 release boundary review.
lock_tables	target_shape	multiple_tables	unchanged	references/statements/tcl/lock/lock_tables.md	references/statements/tcl/lock/lock_tables.md	https://dev.mysql.com/doc/refman/8.0/en/lock-tables.html	static_reviewed	No statement factor/value change was identified in the 8.0.23-8.0.41 release boundary review.
lock_tables	target_shape	single_table	unchanged	references/statements/tcl/lock/lock_tables.md	references/statements/tcl/lock/lock_tables.md	https://dev.mysql.com/doc/refman/8.0/en/lock-tables.html	static_reviewed	No statement factor/value change was identified in the 8.0.23-8.0.41 release boundary review.
lock_tables	target_shape	table_alias	unchanged	references/statements/tcl/lock/lock_tables.md	references/statements/tcl/lock/lock_tables.md	https://dev.mysql.com/doc/refman/8.0/en/lock-tables.html	static_reviewed	No statement factor/value change was identified in the 8.0.23-8.0.41 release boundary review.
lock_tables	transaction_interaction	active_transaction	unchanged	references/statements/tcl/lock/lock_tables.md	references/statements/tcl/lock/lock_tables.md	https://dev.mysql.com/doc/refman/8.0/en/lock-tables.html	static_reviewed	No statement factor/value change was identified in the 8.0.23-8.0.41 release boundary review.
lock_tables	transaction_interaction	outside_transaction	unchanged	references/statements/tcl/lock/lock_tables.md	references/statements/tcl/lock/lock_tables.md	https://dev.mysql.com/doc/refman/8.0/en/lock-tables.html	static_reviewed	No statement factor/value change was identified in the 8.0.23-8.0.41 release boundary review.
open	cursor_state	already_open	unchanged	references/statements/cursor/cursor/open.md	references/statements/cursor/cursor/open.md	https://dev.mysql.com/doc/refman/8.0/en/open.html	static_reviewed	No statement factor/value change was identified in the 8.0.23-8.0.41 release boundary review.
open	cursor_state	declared_closed	unchanged	references/statements/cursor/cursor/open.md	references/statements/cursor/cursor/open.md	https://dev.mysql.com/doc/refman/8.0/en/open.html	static_reviewed	No statement factor/value change was identified in the 8.0.23-8.0.41 release boundary review.
open	cursor_state	missing	unchanged	references/statements/cursor/cursor/open.md	references/statements/cursor/cursor/open.md	https://dev.mysql.com/doc/refman/8.0/en/open.html	static_reviewed	No statement factor/value change was identified in the 8.0.23-8.0.41 release boundary review.
open	expected_status	failure	unchanged	references/statements/cursor/cursor/open.md	references/statements/cursor/cursor/open.md	https://dev.mysql.com/doc/refman/8.0/en/open.html	static_reviewed	No statement factor/value change was identified in the 8.0.23-8.0.41 release boundary review.
open	expected_status	success	unchanged	references/statements/cursor/cursor/open.md	references/statements/cursor/cursor/open.md	https://dev.mysql.com/doc/refman/8.0/en/open.html	static_reviewed	No statement factor/value change was identified in the 8.0.23-8.0.41 release boundary review.
optimize_table	binlog_modifier	local	unchanged	references/statements/utility/maintenance/optimize_table.md	references/statements/utility/maintenance/optimize_table.md	https://dev.mysql.com/doc/refman/8.0/en/optimize-table.html	static_reviewed	No statement factor/value change was identified in the 8.0.23-8.0.41 release boundary review.
optimize_table	binlog_modifier	no_write_to_binlog	unchanged	references/statements/utility/maintenance/optimize_table.md	references/statements/utility/maintenance/optimize_table.md	https://dev.mysql.com/doc/refman/8.0/en/optimize-table.html	static_reviewed	No statement factor/value change was identified in the 8.0.23-8.0.41 release boundary review.
optimize_table	binlog_modifier	omitted	unchanged	references/statements/utility/maintenance/optimize_table.md	references/statements/utility/maintenance/optimize_table.md	https://dev.mysql.com/doc/refman/8.0/en/optimize-table.html	static_reviewed	No statement factor/value change was identified in the 8.0.23-8.0.41 release boundary review.
optimize_table	engine_shape	archive	unchanged	references/statements/utility/maintenance/optimize_table.md	references/statements/utility/maintenance/optimize_table.md	https://dev.mysql.com/doc/refman/8.0/en/optimize-table.html	static_reviewed	No statement factor/value change was identified in the 8.0.23-8.0.41 release boundary review.
optimize_table	engine_shape	innodb	unchanged	references/statements/utility/maintenance/optimize_table.md	references/statements/utility/maintenance/optimize_table.md	https://dev.mysql.com/doc/refman/8.0/en/optimize-table.html	static_reviewed	No statement factor/value change was identified in the 8.0.23-8.0.41 release boundary review.
optimize_table	engine_shape	myisam	unchanged	references/statements/utility/maintenance/optimize_table.md	references/statements/utility/maintenance/optimize_table.md	https://dev.mysql.com/doc/refman/8.0/en/optimize-table.html	static_reviewed	No statement factor/value change was identified in the 8.0.23-8.0.41 release boundary review.
optimize_table	expected_status	failure	unchanged	references/statements/utility/maintenance/optimize_table.md	references/statements/utility/maintenance/optimize_table.md	https://dev.mysql.com/doc/refman/8.0/en/optimize-table.html	static_reviewed	No statement factor/value change was identified in the 8.0.23-8.0.41 release boundary review.
optimize_table	expected_status	success	unchanged	references/statements/utility/maintenance/optimize_table.md	references/statements/utility/maintenance/optimize_table.md	https://dev.mysql.com/doc/refman/8.0/en/optimize-table.html	static_reviewed	No statement factor/value change was identified in the 8.0.23-8.0.41 release boundary review.
optimize_table	target_state	missing	unchanged	references/statements/utility/maintenance/optimize_table.md	references/statements/utility/maintenance/optimize_table.md	https://dev.mysql.com/doc/refman/8.0/en/optimize-table.html	static_reviewed	No statement factor/value change was identified in the 8.0.23-8.0.41 release boundary review.
optimize_table	target_state	table_exists	unchanged	references/statements/utility/maintenance/optimize_table.md	references/statements/utility/maintenance/optimize_table.md	https://dev.mysql.com/doc/refman/8.0/en/optimize-table.html	static_reviewed	No statement factor/value change was identified in the 8.0.23-8.0.41 release boundary review.
optimize_table	target_state	view_exists	unchanged	references/statements/utility/maintenance/optimize_table.md	references/statements/utility/maintenance/optimize_table.md	https://dev.mysql.com/doc/refman/8.0/en/optimize-table.html	static_reviewed	No statement factor/value change was identified in the 8.0.23-8.0.41 release boundary review.
prepare	expected_status	failure	unchanged	references/statements/prepared/prepared_statement/prepare.md	references/statements/prepared/prepared_statement/prepare.md	https://dev.mysql.com/doc/refman/8.0/en/prepare.html	static_reviewed	No statement factor/value change was identified in the 8.0.23-8.0.41 release boundary review.
prepare	expected_status	success	unchanged	references/statements/prepared/prepared_statement/prepare.md	references/statements/prepared/prepared_statement/prepare.md	https://dev.mysql.com/doc/refman/8.0/en/prepare.html	static_reviewed	No statement factor/value change was identified in the 8.0.23-8.0.41 release boundary review.
prepare	marker_shape	no_marker	unchanged	references/statements/prepared/prepared_statement/prepare.md	references/statements/prepared/prepared_statement/prepare.md	https://dev.mysql.com/doc/refman/8.0/en/prepare.html	static_reviewed	No statement factor/value change was identified in the 8.0.23-8.0.41 release boundary review.
prepare	marker_shape	one_marker	unchanged	references/statements/prepared/prepared_statement/prepare.md	references/statements/prepared/prepared_statement/prepare.md	https://dev.mysql.com/doc/refman/8.0/en/prepare.html	static_reviewed	No statement factor/value change was identified in the 8.0.23-8.0.41 release boundary review.
prepare	marker_shape	two_markers	unchanged	references/statements/prepared/prepared_statement/prepare.md	references/statements/prepared/prepared_statement/prepare.md	https://dev.mysql.com/doc/refman/8.0/en/prepare.html	static_reviewed	No statement factor/value change was identified in the 8.0.23-8.0.41 release boundary review.
prepare	name_reuse	new_name	unchanged	references/statements/prepared/prepared_statement/prepare.md	references/statements/prepared/prepared_statement/prepare.md	https://dev.mysql.com/doc/refman/8.0/en/prepare.html	static_reviewed	No statement factor/value change was identified in the 8.0.23-8.0.41 release boundary review.
prepare	name_reuse	replace_existing	unchanged	references/statements/prepared/prepared_statement/prepare.md	references/statements/prepared/prepared_statement/prepare.md	https://dev.mysql.com/doc/refman/8.0/en/prepare.html	static_reviewed	No statement factor/value change was identified in the 8.0.23-8.0.41 release boundary review.
prepare	source_shape	string_literal	unchanged	references/statements/prepared/prepared_statement/prepare.md	references/statements/prepared/prepared_statement/prepare.md	https://dev.mysql.com/doc/refman/8.0/en/prepare.html	static_reviewed	No statement factor/value change was identified in the 8.0.23-8.0.41 release boundary review.
prepare	source_shape	user_variable	unchanged	references/statements/prepared/prepared_statement/prepare.md	references/statements/prepared/prepared_statement/prepare.md	https://dev.mysql.com/doc/refman/8.0/en/prepare.html	static_reviewed	No statement factor/value change was identified in the 8.0.23-8.0.41 release boundary review.
release_savepoint	expected_status	failure	unchanged	references/statements/tcl/savepoint/release_savepoint.md	references/statements/tcl/savepoint/release_savepoint.md	https://dev.mysql.com/doc/refman/8.0/en/savepoint.html	static_reviewed	No statement factor/value change was identified in the 8.0.23-8.0.41 release boundary review.
release_savepoint	expected_status	success	unchanged	references/statements/tcl/savepoint/release_savepoint.md	references/statements/tcl/savepoint/release_savepoint.md	https://dev.mysql.com/doc/refman/8.0/en/savepoint.html	static_reviewed	No statement factor/value change was identified in the 8.0.23-8.0.41 release boundary review.
release_savepoint	name_shape	quoted_reserved	unchanged	references/statements/tcl/savepoint/release_savepoint.md	references/statements/tcl/savepoint/release_savepoint.md	https://dev.mysql.com/doc/refman/8.0/en/savepoint.html	static_reviewed	No statement factor/value change was identified in the 8.0.23-8.0.41 release boundary review.
release_savepoint	name_shape	simple_identifier	unchanged	references/statements/tcl/savepoint/release_savepoint.md	references/statements/tcl/savepoint/release_savepoint.md	https://dev.mysql.com/doc/refman/8.0/en/savepoint.html	static_reviewed	No statement factor/value change was identified in the 8.0.23-8.0.41 release boundary review.
release_savepoint	savepoint_state	already_released	unchanged	references/statements/tcl/savepoint/release_savepoint.md	references/statements/tcl/savepoint/release_savepoint.md	https://dev.mysql.com/doc/refman/8.0/en/savepoint.html	static_reviewed	No statement factor/value change was identified in the 8.0.23-8.0.41 release boundary review.
release_savepoint	savepoint_state	exists	unchanged	references/statements/tcl/savepoint/release_savepoint.md	references/statements/tcl/savepoint/release_savepoint.md	https://dev.mysql.com/doc/refman/8.0/en/savepoint.html	static_reviewed	No statement factor/value change was identified in the 8.0.23-8.0.41 release boundary review.
release_savepoint	savepoint_state	missing	unchanged	references/statements/tcl/savepoint/release_savepoint.md	references/statements/tcl/savepoint/release_savepoint.md	https://dev.mysql.com/doc/refman/8.0/en/savepoint.html	static_reviewed	No statement factor/value change was identified in the 8.0.23-8.0.41 release boundary review.
release_savepoint	transaction_state	active_transaction	unchanged	references/statements/tcl/savepoint/release_savepoint.md	references/statements/tcl/savepoint/release_savepoint.md	https://dev.mysql.com/doc/refman/8.0/en/savepoint.html	static_reviewed	No statement factor/value change was identified in the 8.0.23-8.0.41 release boundary review.
release_savepoint	transaction_state	outside_transaction	unchanged	references/statements/tcl/savepoint/release_savepoint.md	references/statements/tcl/savepoint/release_savepoint.md	https://dev.mysql.com/doc/refman/8.0/en/savepoint.html	static_reviewed	No statement factor/value change was identified in the 8.0.23-8.0.41 release boundary review.
rename_table	dependency_shape	foreign_key_dependency	unchanged	references/statements/ddl/table/rename_table.md	references/statements/ddl/table/rename_table.md	https://dev.mysql.com/doc/refman/8.0/en/rename-table.html	static_reviewed	No statement factor/value change was identified in the 8.0.23-8.0.41 release boundary review.
rename_table	dependency_shape	none	unchanged	references/statements/ddl/table/rename_table.md	references/statements/ddl/table/rename_table.md	https://dev.mysql.com/doc/refman/8.0/en/rename-table.html	static_reviewed	No statement factor/value change was identified in the 8.0.23-8.0.41 release boundary review.
rename_table	dependency_shape	trigger_dependency	unchanged	references/statements/ddl/table/rename_table.md	references/statements/ddl/table/rename_table.md	https://dev.mysql.com/doc/refman/8.0/en/rename-table.html	static_reviewed	No statement factor/value change was identified in the 8.0.23-8.0.41 release boundary review.
rename_table	expected_status	failure	unchanged	references/statements/ddl/table/rename_table.md	references/statements/ddl/table/rename_table.md	https://dev.mysql.com/doc/refman/8.0/en/rename-table.html	static_reviewed	No statement factor/value change was identified in the 8.0.23-8.0.41 release boundary review.
rename_table	expected_status	success	unchanged	references/statements/ddl/table/rename_table.md	references/statements/ddl/table/rename_table.md	https://dev.mysql.com/doc/refman/8.0/en/rename-table.html	static_reviewed	No statement factor/value change was identified in the 8.0.23-8.0.41 release boundary review.
rename_table	object_state	source_missing	unchanged	references/statements/ddl/table/rename_table.md	references/statements/ddl/table/rename_table.md	https://dev.mysql.com/doc/refman/8.0/en/rename-table.html	static_reviewed	No statement factor/value change was identified in the 8.0.23-8.0.41 release boundary review.
rename_table	object_state	table_exists	unchanged	references/statements/ddl/table/rename_table.md	references/statements/ddl/table/rename_table.md	https://dev.mysql.com/doc/refman/8.0/en/rename-table.html	static_reviewed	No statement factor/value change was identified in the 8.0.23-8.0.41 release boundary review.
rename_table	object_state	target_exists	unchanged	references/statements/ddl/table/rename_table.md	references/statements/ddl/table/rename_table.md	https://dev.mysql.com/doc/refman/8.0/en/rename-table.html	static_reviewed	No statement factor/value change was identified in the 8.0.23-8.0.41 release boundary review.
rename_table	object_state	view_instead_of_table	unchanged	references/statements/ddl/table/rename_table.md	references/statements/ddl/table/rename_table.md	https://dev.mysql.com/doc/refman/8.0/en/rename-table.html	static_reviewed	No statement factor/value change was identified in the 8.0.23-8.0.41 release boundary review.
rename_table	rename_shape	multi_table	unchanged	references/statements/ddl/table/rename_table.md	references/statements/ddl/table/rename_table.md	https://dev.mysql.com/doc/refman/8.0/en/rename-table.html	static_reviewed	No statement factor/value change was identified in the 8.0.23-8.0.41 release boundary review.
rename_table	rename_shape	single_table	unchanged	references/statements/ddl/table/rename_table.md	references/statements/ddl/table/rename_table.md	https://dev.mysql.com/doc/refman/8.0/en/rename-table.html	static_reviewed	No statement factor/value change was identified in the 8.0.23-8.0.41 release boundary review.
rename_table	rename_shape	swap_names	unchanged	references/statements/ddl/table/rename_table.md	references/statements/ddl/table/rename_table.md	https://dev.mysql.com/doc/refman/8.0/en/rename-table.html	static_reviewed	No statement factor/value change was identified in the 8.0.23-8.0.41 release boundary review.
rename_table	schema_shape	cross_schema	unchanged	references/statements/ddl/table/rename_table.md	references/statements/ddl/table/rename_table.md	https://dev.mysql.com/doc/refman/8.0/en/rename-table.html	static_reviewed	No statement factor/value change was identified in the 8.0.23-8.0.41 release boundary review.
rename_table	schema_shape	same_schema	unchanged	references/statements/ddl/table/rename_table.md	references/statements/ddl/table/rename_table.md	https://dev.mysql.com/doc/refman/8.0/en/rename-table.html	static_reviewed	No statement factor/value change was identified in the 8.0.23-8.0.41 release boundary review.
rename_user	expected_status	failure	unchanged	references/statements/account/user/rename_user.md	references/statements/account/user/rename_user.md	https://dev.mysql.com/doc/refman/8.0/en/rename-user.html	static_reviewed	No statement factor/value change was identified in the 8.0.23-8.0.41 release boundary review.
rename_user	expected_status	success	unchanged	references/statements/account/user/rename_user.md	references/statements/account/user/rename_user.md	https://dev.mysql.com/doc/refman/8.0/en/rename-user.html	static_reviewed	No statement factor/value change was identified in the 8.0.23-8.0.41 release boundary review.
rename_user	source_account_state	exists	unchanged	references/statements/account/user/rename_user.md	references/statements/account/user/rename_user.md	https://dev.mysql.com/doc/refman/8.0/en/rename-user.html	static_reviewed	No statement factor/value change was identified in the 8.0.23-8.0.41 release boundary review.
rename_user	source_account_state	missing	unchanged	references/statements/account/user/rename_user.md	references/statements/account/user/rename_user.md	https://dev.mysql.com/doc/refman/8.0/en/rename-user.html	static_reviewed	No statement factor/value change was identified in the 8.0.23-8.0.41 release boundary review.
rename_user	stored_object_dependency	none	unchanged	references/statements/account/user/rename_user.md	references/statements/account/user/rename_user.md	https://dev.mysql.com/doc/refman/8.0/en/rename-user.html	static_reviewed	No statement factor/value change was identified in the 8.0.23-8.0.41 release boundary review.
rename_user	stored_object_dependency	orphan_or_adopt_risk	unchanged	references/statements/account/user/rename_user.md	references/statements/account/user/rename_user.md	https://dev.mysql.com/doc/refman/8.0/en/rename-user.html	static_reviewed	No statement factor/value change was identified in the 8.0.23-8.0.41 release boundary review.
rename_user	target_account_state	already_exists	unchanged	references/statements/account/user/rename_user.md	references/statements/account/user/rename_user.md	https://dev.mysql.com/doc/refman/8.0/en/rename-user.html	static_reviewed	No statement factor/value change was identified in the 8.0.23-8.0.41 release boundary review.
rename_user	target_account_state	missing	unchanged	references/statements/account/user/rename_user.md	references/statements/account/user/rename_user.md	https://dev.mysql.com/doc/refman/8.0/en/rename-user.html	static_reviewed	No statement factor/value change was identified in the 8.0.23-8.0.41 release boundary review.
repair_table	binlog_modifier	local	unchanged	references/statements/utility/maintenance/repair_table.md	references/statements/utility/maintenance/repair_table.md	https://dev.mysql.com/doc/refman/8.0/en/repair-table.html	static_reviewed	No statement factor/value change was identified in the 8.0.23-8.0.41 release boundary review.
repair_table	binlog_modifier	no_write_to_binlog	unchanged	references/statements/utility/maintenance/repair_table.md	references/statements/utility/maintenance/repair_table.md	https://dev.mysql.com/doc/refman/8.0/en/repair-table.html	static_reviewed	No statement factor/value change was identified in the 8.0.23-8.0.41 release boundary review.
repair_table	binlog_modifier	omitted	unchanged	references/statements/utility/maintenance/repair_table.md	references/statements/utility/maintenance/repair_table.md	https://dev.mysql.com/doc/refman/8.0/en/repair-table.html	static_reviewed	No statement factor/value change was identified in the 8.0.23-8.0.41 release boundary review.
repair_table	engine_shape	archive	unchanged	references/statements/utility/maintenance/repair_table.md	references/statements/utility/maintenance/repair_table.md	https://dev.mysql.com/doc/refman/8.0/en/repair-table.html	static_reviewed	No statement factor/value change was identified in the 8.0.23-8.0.41 release boundary review.
repair_table	engine_shape	csv	unchanged	references/statements/utility/maintenance/repair_table.md	references/statements/utility/maintenance/repair_table.md	https://dev.mysql.com/doc/refman/8.0/en/repair-table.html	static_reviewed	No statement factor/value change was identified in the 8.0.23-8.0.41 release boundary review.
repair_table	engine_shape	innodb_unsupported	unchanged	references/statements/utility/maintenance/repair_table.md	references/statements/utility/maintenance/repair_table.md	https://dev.mysql.com/doc/refman/8.0/en/repair-table.html	static_reviewed	No statement factor/value change was identified in the 8.0.23-8.0.41 release boundary review.
repair_table	engine_shape	myisam	unchanged	references/statements/utility/maintenance/repair_table.md	references/statements/utility/maintenance/repair_table.md	https://dev.mysql.com/doc/refman/8.0/en/repair-table.html	static_reviewed	No statement factor/value change was identified in the 8.0.23-8.0.41 release boundary review.
repair_table	expected_status	failure	unchanged	references/statements/utility/maintenance/repair_table.md	references/statements/utility/maintenance/repair_table.md	https://dev.mysql.com/doc/refman/8.0/en/repair-table.html	static_reviewed	No statement factor/value change was identified in the 8.0.23-8.0.41 release boundary review.
repair_table	expected_status	success	unchanged	references/statements/utility/maintenance/repair_table.md	references/statements/utility/maintenance/repair_table.md	https://dev.mysql.com/doc/refman/8.0/en/repair-table.html	static_reviewed	No statement factor/value change was identified in the 8.0.23-8.0.41 release boundary review.
repair_table	repair_option	extended	unchanged	references/statements/utility/maintenance/repair_table.md	references/statements/utility/maintenance/repair_table.md	https://dev.mysql.com/doc/refman/8.0/en/repair-table.html	static_reviewed	No statement factor/value change was identified in the 8.0.23-8.0.41 release boundary review.
repair_table	repair_option	omitted	unchanged	references/statements/utility/maintenance/repair_table.md	references/statements/utility/maintenance/repair_table.md	https://dev.mysql.com/doc/refman/8.0/en/repair-table.html	static_reviewed	No statement factor/value change was identified in the 8.0.23-8.0.41 release boundary review.
repair_table	repair_option	quick	unchanged	references/statements/utility/maintenance/repair_table.md	references/statements/utility/maintenance/repair_table.md	https://dev.mysql.com/doc/refman/8.0/en/repair-table.html	static_reviewed	No statement factor/value change was identified in the 8.0.23-8.0.41 release boundary review.
repair_table	repair_option	use_frm	unchanged	references/statements/utility/maintenance/repair_table.md	references/statements/utility/maintenance/repair_table.md	https://dev.mysql.com/doc/refman/8.0/en/repair-table.html	static_reviewed	No statement factor/value change was identified in the 8.0.23-8.0.41 release boundary review.
repair_table	target_state	missing	unchanged	references/statements/utility/maintenance/repair_table.md	references/statements/utility/maintenance/repair_table.md	https://dev.mysql.com/doc/refman/8.0/en/repair-table.html	static_reviewed	No statement factor/value change was identified in the 8.0.23-8.0.41 release boundary review.
repair_table	target_state	table_exists	unchanged	references/statements/utility/maintenance/repair_table.md	references/statements/utility/maintenance/repair_table.md	https://dev.mysql.com/doc/refman/8.0/en/repair-table.html	static_reviewed	No statement factor/value change was identified in the 8.0.23-8.0.41 release boundary review.
repair_table	target_state	view_exists	unchanged	references/statements/utility/maintenance/repair_table.md	references/statements/utility/maintenance/repair_table.md	https://dev.mysql.com/doc/refman/8.0/en/repair-table.html	static_reviewed	No statement factor/value change was identified in the 8.0.23-8.0.41 release boundary review.
replace	conflict_state	duplicate_key	unchanged	references/statements/dml/table/replace.md	references/statements/dml/table/replace.md	https://dev.mysql.com/doc/refman/8.0/en/replace.html	static_reviewed	No statement factor/value change was identified in the 8.0.23-8.0.41 release boundary review.
replace	conflict_state	no_conflict	unchanged	references/statements/dml/table/replace.md	references/statements/dml/table/replace.md	https://dev.mysql.com/doc/refman/8.0/en/replace.html	static_reviewed	No statement factor/value change was identified in the 8.0.23-8.0.41 release boundary review.
replace	expected_status	failure	unchanged	references/statements/dml/table/replace.md	references/statements/dml/table/replace.md	https://dev.mysql.com/doc/refman/8.0/en/replace.html	static_reviewed	No statement factor/value change was identified in the 8.0.23-8.0.41 release boundary review.
replace	expected_status	success	unchanged	references/statements/dml/table/replace.md	references/statements/dml/table/replace.md	https://dev.mysql.com/doc/refman/8.0/en/replace.html	static_reviewed	No statement factor/value change was identified in the 8.0.23-8.0.41 release boundary review.
replace	partition_clause	named_partition	unchanged	references/statements/dml/table/replace.md	references/statements/dml/table/replace.md	https://dev.mysql.com/doc/refman/8.0/en/replace.html	static_reviewed	No statement factor/value change was identified in the 8.0.23-8.0.41 release boundary review.
replace	partition_clause	omitted	unchanged	references/statements/dml/table/replace.md	references/statements/dml/table/replace.md	https://dev.mysql.com/doc/refman/8.0/en/replace.html	static_reviewed	No statement factor/value change was identified in the 8.0.23-8.0.41 release boundary review.
replace	priority_modifier	delayed	unchanged	references/statements/dml/table/replace.md	references/statements/dml/table/replace.md	https://dev.mysql.com/doc/refman/8.0/en/replace.html	static_reviewed	No statement factor/value change was identified in the 8.0.23-8.0.41 release boundary review.
replace	priority_modifier	low_priority	unchanged	references/statements/dml/table/replace.md	references/statements/dml/table/replace.md	https://dev.mysql.com/doc/refman/8.0/en/replace.html	static_reviewed	No statement factor/value change was identified in the 8.0.23-8.0.41 release boundary review.
replace	priority_modifier	omitted	unchanged	references/statements/dml/table/replace.md	references/statements/dml/table/replace.md	https://dev.mysql.com/doc/refman/8.0/en/replace.html	static_reviewed	No statement factor/value change was identified in the 8.0.23-8.0.41 release boundary review.
replace	statement_branch	replace_select	unchanged	references/statements/dml/table/replace.md	references/statements/dml/table/replace.md	https://dev.mysql.com/doc/refman/8.0/en/replace.html	static_reviewed	No statement factor/value change was identified in the 8.0.23-8.0.41 release boundary review.
replace	statement_branch	replace_table	unchanged	references/statements/dml/table/replace.md	references/statements/dml/table/replace.md	https://dev.mysql.com/doc/refman/8.0/en/replace.html	static_reviewed	No statement factor/value change was identified in the 8.0.23-8.0.41 release boundary review.
replace	statement_branch	set_clause	unchanged	references/statements/dml/table/replace.md	references/statements/dml/table/replace.md	https://dev.mysql.com/doc/refman/8.0/en/replace.html	static_reviewed	No statement factor/value change was identified in the 8.0.23-8.0.41 release boundary review.
replace	statement_branch	values_list	unchanged	references/statements/dml/table/replace.md	references/statements/dml/table/replace.md	https://dev.mysql.com/doc/refman/8.0/en/replace.html	static_reviewed	No statement factor/value change was identified in the 8.0.23-8.0.41 release boundary review.
reset	expected_status	failure	unchanged	references/statements/session/runtime_parameter/reset.md	references/statements/session/runtime_parameter/reset.md	https://dev.mysql.com/doc/refman/8.0/en/reset.html	static_reviewed	No statement factor/value change was identified in the 8.0.23-8.0.41 release boundary review.
reset	expected_status	success	unchanged	references/statements/session/runtime_parameter/reset.md	references/statements/session/runtime_parameter/reset.md	https://dev.mysql.com/doc/refman/8.0/en/reset.html	static_reviewed	No statement factor/value change was identified in the 8.0.23-8.0.41 release boundary review.
reset	if_exists	omitted	unchanged	references/statements/session/runtime_parameter/reset.md	references/statements/session/runtime_parameter/reset.md	https://dev.mysql.com/doc/refman/8.0/en/reset.html	static_reviewed	No statement factor/value change was identified in the 8.0.23-8.0.41 release boundary review.
reset	if_exists	present	unchanged	references/statements/session/runtime_parameter/reset.md	references/statements/session/runtime_parameter/reset.md	https://dev.mysql.com/doc/refman/8.0/en/reset.html	static_reviewed	No statement factor/value change was identified in the 8.0.23-8.0.41 release boundary review.
reset	privilege_context	insufficient	unchanged	references/statements/session/runtime_parameter/reset.md	references/statements/session/runtime_parameter/reset.md	https://dev.mysql.com/doc/refman/8.0/en/reset.html	static_reviewed	No statement factor/value change was identified in the 8.0.23-8.0.41 release boundary review.
reset	privilege_context	sufficient	unchanged	references/statements/session/runtime_parameter/reset.md	references/statements/session/runtime_parameter/reset.md	https://dev.mysql.com/doc/refman/8.0/en/reset.html	static_reviewed	No statement factor/value change was identified in the 8.0.23-8.0.41 release boundary review.
reset	statement_branch	reset_master	unchanged	references/statements/session/runtime_parameter/reset.md	references/statements/session/runtime_parameter/reset.md	https://dev.mysql.com/doc/refman/8.0/en/reset.html	static_reviewed	No statement factor/value change was identified in the 8.0.23-8.0.41 release boundary review.
reset	statement_branch	reset_persist	unchanged	references/statements/session/runtime_parameter/reset.md	references/statements/session/runtime_parameter/reset.md	https://dev.mysql.com/doc/refman/8.0/en/reset.html	static_reviewed	No statement factor/value change was identified in the 8.0.23-8.0.41 release boundary review.
reset	statement_branch	reset_replica	unchanged	references/statements/session/runtime_parameter/reset.md	references/statements/session/runtime_parameter/reset.md	https://dev.mysql.com/doc/refman/8.0/en/reset.html	static_reviewed	No statement factor/value change was identified in the 8.0.23-8.0.41 release boundary review.
reset	target_shape	existing_target	unchanged	references/statements/session/runtime_parameter/reset.md	references/statements/session/runtime_parameter/reset.md	https://dev.mysql.com/doc/refman/8.0/en/reset.html	static_reviewed	No statement factor/value change was identified in the 8.0.23-8.0.41 release boundary review.
reset	target_shape	missing_target	unchanged	references/statements/session/runtime_parameter/reset.md	references/statements/session/runtime_parameter/reset.md	https://dev.mysql.com/doc/refman/8.0/en/reset.html	static_reviewed	No statement factor/value change was identified in the 8.0.23-8.0.41 release boundary review.
restart	execution_mode	isolated_real_restart	unchanged	references/statements/admin/server/restart.md	references/statements/admin/server/restart.md	https://dev.mysql.com/doc/refman/8.0/en/restart.html	static_reviewed	No statement factor/value change was identified in the 8.0.23-8.0.41 release boundary review.
restart	execution_mode	skipped_negative	unchanged	references/statements/admin/server/restart.md	references/statements/admin/server/restart.md	https://dev.mysql.com/doc/refman/8.0/en/restart.html	static_reviewed	No statement factor/value change was identified in the 8.0.23-8.0.41 release boundary review.
restart	expected_status	failure	unchanged	references/statements/admin/server/restart.md	references/statements/admin/server/restart.md	https://dev.mysql.com/doc/refman/8.0/en/restart.html	static_reviewed	No statement factor/value change was identified in the 8.0.23-8.0.41 release boundary review.
restart	expected_status	success	unchanged	references/statements/admin/server/restart.md	references/statements/admin/server/restart.md	https://dev.mysql.com/doc/refman/8.0/en/restart.html	static_reviewed	No statement factor/value change was identified in the 8.0.23-8.0.41 release boundary review.
restart	monitor_state	monitor_missing	unchanged	references/statements/admin/server/restart.md	references/statements/admin/server/restart.md	https://dev.mysql.com/doc/refman/8.0/en/restart.html	static_reviewed	No statement factor/value change was identified in the 8.0.23-8.0.41 release boundary review.
restart	monitor_state	monitor_present	unchanged	references/statements/admin/server/restart.md	references/statements/admin/server/restart.md	https://dev.mysql.com/doc/refman/8.0/en/restart.html	static_reviewed	No statement factor/value change was identified in the 8.0.23-8.0.41 release boundary review.
restart	privilege_context	insufficient	unchanged	references/statements/admin/server/restart.md	references/statements/admin/server/restart.md	https://dev.mysql.com/doc/refman/8.0/en/restart.html	static_reviewed	No statement factor/value change was identified in the 8.0.23-8.0.41 release boundary review.
restart	privilege_context	shutdown_privilege	unchanged	references/statements/admin/server/restart.md	references/statements/admin/server/restart.md	https://dev.mysql.com/doc/refman/8.0/en/restart.html	static_reviewed	No statement factor/value change was identified in the 8.0.23-8.0.41 release boundary review.
revoke	expected_status	failure	unchanged	references/statements/dcl/privilege/revoke.md	references/statements/dcl/privilege/revoke.md	https://dev.mysql.com/doc/refman/8.0/en/revoke.html	static_reviewed	No statement factor/value change was identified in the 8.0.23-8.0.41 release boundary review.
revoke	expected_status	success	unchanged	references/statements/dcl/privilege/revoke.md	references/statements/dcl/privilege/revoke.md	https://dev.mysql.com/doc/refman/8.0/en/revoke.html	static_reviewed	No statement factor/value change was identified in the 8.0.23-8.0.41 release boundary review.
revoke	grant_option_shape	grant_option_only	unchanged	references/statements/dcl/privilege/revoke.md	references/statements/dcl/privilege/revoke.md	https://dev.mysql.com/doc/refman/8.0/en/revoke.html	static_reviewed	No statement factor/value change was identified in the 8.0.23-8.0.41 release boundary review.
revoke	grant_option_shape	omitted	unchanged	references/statements/dcl/privilege/revoke.md	references/statements/dcl/privilege/revoke.md	https://dev.mysql.com/doc/refman/8.0/en/revoke.html	static_reviewed	No statement factor/value change was identified in the 8.0.23-8.0.41 release boundary review.
revoke	grantee_shape	missing_user	unchanged	references/statements/dcl/privilege/revoke.md	references/statements/dcl/privilege/revoke.md	https://dev.mysql.com/doc/refman/8.0/en/revoke.html	static_reviewed	No statement factor/value change was identified in the 8.0.23-8.0.41 release boundary review.
revoke	grantee_shape	role_name	unchanged	references/statements/dcl/privilege/revoke.md	references/statements/dcl/privilege/revoke.md	https://dev.mysql.com/doc/refman/8.0/en/revoke.html	static_reviewed	No statement factor/value change was identified in the 8.0.23-8.0.41 release boundary review.
revoke	grantee_shape	user_account	unchanged	references/statements/dcl/privilege/revoke.md	references/statements/dcl/privilege/revoke.md	https://dev.mysql.com/doc/refman/8.0/en/revoke.html	static_reviewed	No statement factor/value change was identified in the 8.0.23-8.0.41 release boundary review.
revoke	privilege_scope	column	unchanged	references/statements/dcl/privilege/revoke.md	references/statements/dcl/privilege/revoke.md	https://dev.mysql.com/doc/refman/8.0/en/revoke.html	static_reviewed	No statement factor/value change was identified in the 8.0.23-8.0.41 release boundary review.
revoke	privilege_scope	database	unchanged	references/statements/dcl/privilege/revoke.md	references/statements/dcl/privilege/revoke.md	https://dev.mysql.com/doc/refman/8.0/en/revoke.html	static_reviewed	No statement factor/value change was identified in the 8.0.23-8.0.41 release boundary review.
revoke	privilege_scope	global	unchanged	references/statements/dcl/privilege/revoke.md	references/statements/dcl/privilege/revoke.md	https://dev.mysql.com/doc/refman/8.0/en/revoke.html	static_reviewed	No statement factor/value change was identified in the 8.0.23-8.0.41 release boundary review.
revoke	privilege_scope	routine	unchanged	references/statements/dcl/privilege/revoke.md	references/statements/dcl/privilege/revoke.md	https://dev.mysql.com/doc/refman/8.0/en/revoke.html	static_reviewed	No statement factor/value change was identified in the 8.0.23-8.0.41 release boundary review.
revoke	privilege_scope	table	unchanged	references/statements/dcl/privilege/revoke.md	references/statements/dcl/privilege/revoke.md	https://dev.mysql.com/doc/refman/8.0/en/revoke.html	static_reviewed	No statement factor/value change was identified in the 8.0.23-8.0.41 release boundary review.
revoke	statement_branch	all_privileges_revoke	unchanged	references/statements/dcl/privilege/revoke.md	references/statements/dcl/privilege/revoke.md	https://dev.mysql.com/doc/refman/8.0/en/revoke.html	static_reviewed	No statement factor/value change was identified in the 8.0.23-8.0.41 release boundary review.
revoke	statement_branch	privilege_revoke	unchanged	references/statements/dcl/privilege/revoke.md	references/statements/dcl/privilege/revoke.md	https://dev.mysql.com/doc/refman/8.0/en/revoke.html	static_reviewed	No statement factor/value change was identified in the 8.0.23-8.0.41 release boundary review.
revoke	statement_branch	proxy_revoke	unchanged	references/statements/dcl/privilege/revoke.md	references/statements/dcl/privilege/revoke.md	https://dev.mysql.com/doc/refman/8.0/en/revoke.html	static_reviewed	No statement factor/value change was identified in the 8.0.23-8.0.41 release boundary review.
revoke	statement_branch	role_revoke	unchanged	references/statements/dcl/privilege/revoke.md	references/statements/dcl/privilege/revoke.md	https://dev.mysql.com/doc/refman/8.0/en/revoke.html	static_reviewed	No statement factor/value change was identified in the 8.0.23-8.0.41 release boundary review.
rollback	chain_mode	and_chain	unchanged	references/statements/tcl/transaction/rollback.md	references/statements/tcl/transaction/rollback.md	https://dev.mysql.com/doc/refman/8.0/en/commit.html	static_reviewed	No statement factor/value change was identified in the 8.0.23-8.0.41 release boundary review.
rollback	chain_mode	and_no_chain	unchanged	references/statements/tcl/transaction/rollback.md	references/statements/tcl/transaction/rollback.md	https://dev.mysql.com/doc/refman/8.0/en/commit.html	static_reviewed	No statement factor/value change was identified in the 8.0.23-8.0.41 release boundary review.
rollback	chain_mode	omitted	unchanged	references/statements/tcl/transaction/rollback.md	references/statements/tcl/transaction/rollback.md	https://dev.mysql.com/doc/refman/8.0/en/commit.html	static_reviewed	No statement factor/value change was identified in the 8.0.23-8.0.41 release boundary review.
rollback	expected_status	failure	unchanged	references/statements/tcl/transaction/rollback.md	references/statements/tcl/transaction/rollback.md	https://dev.mysql.com/doc/refman/8.0/en/commit.html	static_reviewed	No statement factor/value change was identified in the 8.0.23-8.0.41 release boundary review.
rollback	expected_status	success	unchanged	references/statements/tcl/transaction/rollback.md	references/statements/tcl/transaction/rollback.md	https://dev.mysql.com/doc/refman/8.0/en/commit.html	static_reviewed	No statement factor/value change was identified in the 8.0.23-8.0.41 release boundary review.
rollback	release_mode	no_release	unchanged	references/statements/tcl/transaction/rollback.md	references/statements/tcl/transaction/rollback.md	https://dev.mysql.com/doc/refman/8.0/en/commit.html	static_reviewed	No statement factor/value change was identified in the 8.0.23-8.0.41 release boundary review.
rollback	release_mode	omitted	unchanged	references/statements/tcl/transaction/rollback.md	references/statements/tcl/transaction/rollback.md	https://dev.mysql.com/doc/refman/8.0/en/commit.html	static_reviewed	No statement factor/value change was identified in the 8.0.23-8.0.41 release boundary review.
rollback	release_mode	release	unchanged	references/statements/tcl/transaction/rollback.md	references/statements/tcl/transaction/rollback.md	https://dev.mysql.com/doc/refman/8.0/en/commit.html	static_reviewed	No statement factor/value change was identified in the 8.0.23-8.0.41 release boundary review.
rollback	work_keyword	omitted	unchanged	references/statements/tcl/transaction/rollback.md	references/statements/tcl/transaction/rollback.md	https://dev.mysql.com/doc/refman/8.0/en/commit.html	static_reviewed	No statement factor/value change was identified in the 8.0.23-8.0.41 release boundary review.
rollback	work_keyword	present	unchanged	references/statements/tcl/transaction/rollback.md	references/statements/tcl/transaction/rollback.md	https://dev.mysql.com/doc/refman/8.0/en/commit.html	static_reviewed	No statement factor/value change was identified in the 8.0.23-8.0.41 release boundary review.
rollback_to_savepoint	expected_status	failure	unchanged	references/statements/tcl/savepoint/rollback_to_savepoint.md	references/statements/tcl/savepoint/rollback_to_savepoint.md	https://dev.mysql.com/doc/refman/8.0/en/savepoint.html	static_reviewed	No statement factor/value change was identified in the 8.0.23-8.0.41 release boundary review.
rollback_to_savepoint	expected_status	success	unchanged	references/statements/tcl/savepoint/rollback_to_savepoint.md	references/statements/tcl/savepoint/rollback_to_savepoint.md	https://dev.mysql.com/doc/refman/8.0/en/savepoint.html	static_reviewed	No statement factor/value change was identified in the 8.0.23-8.0.41 release boundary review.
rollback_to_savepoint	savepoint_keyword	omitted	unchanged	references/statements/tcl/savepoint/rollback_to_savepoint.md	references/statements/tcl/savepoint/rollback_to_savepoint.md	https://dev.mysql.com/doc/refman/8.0/en/savepoint.html	static_reviewed	No statement factor/value change was identified in the 8.0.23-8.0.41 release boundary review.
rollback_to_savepoint	savepoint_keyword	present	unchanged	references/statements/tcl/savepoint/rollback_to_savepoint.md	references/statements/tcl/savepoint/rollback_to_savepoint.md	https://dev.mysql.com/doc/refman/8.0/en/savepoint.html	static_reviewed	No statement factor/value change was identified in the 8.0.23-8.0.41 release boundary review.
rollback_to_savepoint	savepoint_state	exists	unchanged	references/statements/tcl/savepoint/rollback_to_savepoint.md	references/statements/tcl/savepoint/rollback_to_savepoint.md	https://dev.mysql.com/doc/refman/8.0/en/savepoint.html	static_reviewed	No statement factor/value change was identified in the 8.0.23-8.0.41 release boundary review.
rollback_to_savepoint	savepoint_state	missing	unchanged	references/statements/tcl/savepoint/rollback_to_savepoint.md	references/statements/tcl/savepoint/rollback_to_savepoint.md	https://dev.mysql.com/doc/refman/8.0/en/savepoint.html	static_reviewed	No statement factor/value change was identified in the 8.0.23-8.0.41 release boundary review.
rollback_to_savepoint	savepoint_state	released	unchanged	references/statements/tcl/savepoint/rollback_to_savepoint.md	references/statements/tcl/savepoint/rollback_to_savepoint.md	https://dev.mysql.com/doc/refman/8.0/en/savepoint.html	static_reviewed	No statement factor/value change was identified in the 8.0.23-8.0.41 release boundary review.
rollback_to_savepoint	transaction_state	active_transaction	unchanged	references/statements/tcl/savepoint/rollback_to_savepoint.md	references/statements/tcl/savepoint/rollback_to_savepoint.md	https://dev.mysql.com/doc/refman/8.0/en/savepoint.html	static_reviewed	No statement factor/value change was identified in the 8.0.23-8.0.41 release boundary review.
rollback_to_savepoint	transaction_state	outside_transaction	unchanged	references/statements/tcl/savepoint/rollback_to_savepoint.md	references/statements/tcl/savepoint/rollback_to_savepoint.md	https://dev.mysql.com/doc/refman/8.0/en/savepoint.html	static_reviewed	No statement factor/value change was identified in the 8.0.23-8.0.41 release boundary review.
rollback_to_savepoint	work_keyword	omitted	unchanged	references/statements/tcl/savepoint/rollback_to_savepoint.md	references/statements/tcl/savepoint/rollback_to_savepoint.md	https://dev.mysql.com/doc/refman/8.0/en/savepoint.html	static_reviewed	No statement factor/value change was identified in the 8.0.23-8.0.41 release boundary review.
rollback_to_savepoint	work_keyword	present	unchanged	references/statements/tcl/savepoint/rollback_to_savepoint.md	references/statements/tcl/savepoint/rollback_to_savepoint.md	https://dev.mysql.com/doc/refman/8.0/en/savepoint.html	static_reviewed	No statement factor/value change was identified in the 8.0.23-8.0.41 release boundary review.
savepoint	duplicate_name_behavior	new_name	unchanged	references/statements/tcl/savepoint/savepoint.md	references/statements/tcl/savepoint/savepoint.md	https://dev.mysql.com/doc/refman/8.0/en/savepoint.html	static_reviewed	No statement factor/value change was identified in the 8.0.23-8.0.41 release boundary review.
savepoint	duplicate_name_behavior	replace_existing	unchanged	references/statements/tcl/savepoint/savepoint.md	references/statements/tcl/savepoint/savepoint.md	https://dev.mysql.com/doc/refman/8.0/en/savepoint.html	static_reviewed	No statement factor/value change was identified in the 8.0.23-8.0.41 release boundary review.
savepoint	expected_status	failure	unchanged	references/statements/tcl/savepoint/savepoint.md	references/statements/tcl/savepoint/savepoint.md	https://dev.mysql.com/doc/refman/8.0/en/savepoint.html	static_reviewed	No statement factor/value change was identified in the 8.0.23-8.0.41 release boundary review.
savepoint	expected_status	success	unchanged	references/statements/tcl/savepoint/savepoint.md	references/statements/tcl/savepoint/savepoint.md	https://dev.mysql.com/doc/refman/8.0/en/savepoint.html	static_reviewed	No statement factor/value change was identified in the 8.0.23-8.0.41 release boundary review.
savepoint	name_shape	long_identifier	unchanged	references/statements/tcl/savepoint/savepoint.md	references/statements/tcl/savepoint/savepoint.md	https://dev.mysql.com/doc/refman/8.0/en/savepoint.html	static_reviewed	No statement factor/value change was identified in the 8.0.23-8.0.41 release boundary review.
savepoint	name_shape	quoted_reserved	unchanged	references/statements/tcl/savepoint/savepoint.md	references/statements/tcl/savepoint/savepoint.md	https://dev.mysql.com/doc/refman/8.0/en/savepoint.html	static_reviewed	No statement factor/value change was identified in the 8.0.23-8.0.41 release boundary review.
savepoint	name_shape	simple_identifier	unchanged	references/statements/tcl/savepoint/savepoint.md	references/statements/tcl/savepoint/savepoint.md	https://dev.mysql.com/doc/refman/8.0/en/savepoint.html	static_reviewed	No statement factor/value change was identified in the 8.0.23-8.0.41 release boundary review.
savepoint	transaction_state	active_transaction	unchanged	references/statements/tcl/savepoint/savepoint.md	references/statements/tcl/savepoint/savepoint.md	https://dev.mysql.com/doc/refman/8.0/en/savepoint.html	static_reviewed	No statement factor/value change was identified in the 8.0.23-8.0.41 release boundary review.
savepoint	transaction_state	outside_transaction	unchanged	references/statements/tcl/savepoint/savepoint.md	references/statements/tcl/savepoint/savepoint.md	https://dev.mysql.com/doc/refman/8.0/en/savepoint.html	static_reviewed	No statement factor/value change was identified in the 8.0.23-8.0.41 release boundary review.
select	expected_status	failure	changed	references/statements/dml/query/select.md	references/statements/dml/query/select.md	https://dev.mysql.com/doc/relnotes/mysql/8.0/en/news-8-0-31.html	static_reviewed	Statement semantics or syntax changed in the cited intervening release.
select	expected_status	success	changed	references/statements/dml/query/select.md	references/statements/dml/query/select.md	https://dev.mysql.com/doc/relnotes/mysql/8.0/en/news-8-0-31.html	static_reviewed	Statement semantics or syntax changed in the cited intervening release.
select	from_shape	inner_join	changed	references/statements/dml/query/select.md	references/statements/dml/query/select.md	https://dev.mysql.com/doc/relnotes/mysql/8.0/en/news-8-0-31.html	static_reviewed	Statement semantics or syntax changed in the cited intervening release.
select	from_shape	single_table	changed	references/statements/dml/query/select.md	references/statements/dml/query/select.md	https://dev.mysql.com/doc/relnotes/mysql/8.0/en/news-8-0-31.html	static_reviewed	Statement semantics or syntax changed in the cited intervening release.
select	from_shape	subquery	changed	references/statements/dml/query/select.md	references/statements/dml/query/select.md	https://dev.mysql.com/doc/relnotes/mysql/8.0/en/news-8-0-31.html	static_reviewed	Statement semantics or syntax changed in the cited intervening release.
select	grouping_shape	group_by_column	changed	references/statements/dml/query/select.md	references/statements/dml/query/select.md	https://dev.mysql.com/doc/relnotes/mysql/8.0/en/news-8-0-31.html	static_reviewed	Statement semantics or syntax changed in the cited intervening release.
select	grouping_shape	omitted	changed	references/statements/dml/query/select.md	references/statements/dml/query/select.md	https://dev.mysql.com/doc/relnotes/mysql/8.0/en/news-8-0-31.html	static_reviewed	Statement semantics or syntax changed in the cited intervening release.
select	into_destination	dumpfile	changed	references/statements/dml/query/select.md	references/statements/dml/query/select.md	https://dev.mysql.com/doc/relnotes/mysql/8.0/en/news-8-0-31.html	static_reviewed	Statement semantics or syntax changed in the cited intervening release.
select	into_destination	omitted	changed	references/statements/dml/query/select.md	references/statements/dml/query/select.md	https://dev.mysql.com/doc/relnotes/mysql/8.0/en/news-8-0-31.html	static_reviewed	Statement semantics or syntax changed in the cited intervening release.
select	into_destination	outfile	changed	references/statements/dml/query/select.md	references/statements/dml/query/select.md	https://dev.mysql.com/doc/relnotes/mysql/8.0/en/news-8-0-31.html	static_reviewed	Statement semantics or syntax changed in the cited intervening release.
select	into_destination	variables	changed	references/statements/dml/query/select.md	references/statements/dml/query/select.md	https://dev.mysql.com/doc/relnotes/mysql/8.0/en/news-8-0-31.html	static_reviewed	Statement semantics or syntax changed in the cited intervening release.
select	locking_clause	for_share	changed	references/statements/dml/query/select.md	references/statements/dml/query/select.md	https://dev.mysql.com/doc/relnotes/mysql/8.0/en/news-8-0-31.html	static_reviewed	Statement semantics or syntax changed in the cited intervening release.
select	locking_clause	for_update	changed	references/statements/dml/query/select.md	references/statements/dml/query/select.md	https://dev.mysql.com/doc/relnotes/mysql/8.0/en/news-8-0-31.html	static_reviewed	Statement semantics or syntax changed in the cited intervening release.
select	locking_clause	nowait	changed	references/statements/dml/query/select.md	references/statements/dml/query/select.md	https://dev.mysql.com/doc/relnotes/mysql/8.0/en/news-8-0-31.html	static_reviewed	Statement semantics or syntax changed in the cited intervening release.
select	locking_clause	omitted	changed	references/statements/dml/query/select.md	references/statements/dml/query/select.md	https://dev.mysql.com/doc/relnotes/mysql/8.0/en/news-8-0-31.html	static_reviewed	Statement semantics or syntax changed in the cited intervening release.
select	locking_clause	skip_locked	changed	references/statements/dml/query/select.md	references/statements/dml/query/select.md	https://dev.mysql.com/doc/relnotes/mysql/8.0/en/news-8-0-31.html	static_reviewed	Statement semantics or syntax changed in the cited intervening release.
select	ordering_limit_shape	limit	changed	references/statements/dml/query/select.md	references/statements/dml/query/select.md	https://dev.mysql.com/doc/relnotes/mysql/8.0/en/news-8-0-31.html	static_reviewed	Statement semantics or syntax changed in the cited intervening release.
select	ordering_limit_shape	omitted	changed	references/statements/dml/query/select.md	references/statements/dml/query/select.md	https://dev.mysql.com/doc/relnotes/mysql/8.0/en/news-8-0-31.html	static_reviewed	Statement semantics or syntax changed in the cited intervening release.
select	ordering_limit_shape	order_by	changed	references/statements/dml/query/select.md	references/statements/dml/query/select.md	https://dev.mysql.com/doc/relnotes/mysql/8.0/en/news-8-0-31.html	static_reviewed	Statement semantics or syntax changed in the cited intervening release.
select	ordering_limit_shape	order_by_limit	changed	references/statements/dml/query/select.md	references/statements/dml/query/select.md	https://dev.mysql.com/doc/relnotes/mysql/8.0/en/news-8-0-31.html	static_reviewed	Statement semantics or syntax changed in the cited intervening release.
select	predicate_shape	having_filter	changed	references/statements/dml/query/select.md	references/statements/dml/query/select.md	https://dev.mysql.com/doc/relnotes/mysql/8.0/en/news-8-0-31.html	static_reviewed	Statement semantics or syntax changed in the cited intervening release.
select	predicate_shape	omitted	changed	references/statements/dml/query/select.md	references/statements/dml/query/select.md	https://dev.mysql.com/doc/relnotes/mysql/8.0/en/news-8-0-31.html	static_reviewed	Statement semantics or syntax changed in the cited intervening release.
select	predicate_shape	where_filter	changed	references/statements/dml/query/select.md	references/statements/dml/query/select.md	https://dev.mysql.com/doc/relnotes/mysql/8.0/en/news-8-0-31.html	static_reviewed	Statement semantics or syntax changed in the cited intervening release.
select	projection_shape	aggregate	changed	references/statements/dml/query/select.md	references/statements/dml/query/select.md	https://dev.mysql.com/doc/relnotes/mysql/8.0/en/news-8-0-31.html	static_reviewed	Statement semantics or syntax changed in the cited intervening release.
select	projection_shape	explicit_columns	changed	references/statements/dml/query/select.md	references/statements/dml/query/select.md	https://dev.mysql.com/doc/relnotes/mysql/8.0/en/news-8-0-31.html	static_reviewed	Statement semantics or syntax changed in the cited intervening release.
select	projection_shape	expression	changed	references/statements/dml/query/select.md	references/statements/dml/query/select.md	https://dev.mysql.com/doc/relnotes/mysql/8.0/en/news-8-0-31.html	static_reviewed	Statement semantics or syntax changed in the cited intervening release.
select	projection_shape	star	changed	references/statements/dml/query/select.md	references/statements/dml/query/select.md	https://dev.mysql.com/doc/relnotes/mysql/8.0/en/news-8-0-31.html	static_reviewed	Statement semantics or syntax changed in the cited intervening release.
select	set_operator	except	added		references/statements/dml/query/select.md	https://dev.mysql.com/doc/relnotes/mysql/8.0/en/news-8-0-31.html	static_reviewed	Factor/value is available in 8.0.41 and absent from the 8.0.22 edition.
select	set_operator	intersect	added		references/statements/dml/query/select.md	https://dev.mysql.com/doc/relnotes/mysql/8.0/en/news-8-0-31.html	static_reviewed	Factor/value is available in 8.0.41 and absent from the 8.0.22 edition.
select	set_operator	none	added		references/statements/dml/query/select.md	https://dev.mysql.com/doc/relnotes/mysql/8.0/en/news-8-0-31.html	static_reviewed	Factor/value is available in 8.0.41 and absent from the 8.0.22 edition.
select	set_operator	union	added		references/statements/dml/query/select.md	https://dev.mysql.com/doc/relnotes/mysql/8.0/en/news-8-0-31.html	static_reviewed	Factor/value is available in 8.0.41 and absent from the 8.0.22 edition.
set	expected_status	failure	unchanged	references/statements/session/runtime_parameter/set.md	references/statements/session/runtime_parameter/set.md	https://dev.mysql.com/doc/refman/8.0/en/set-variable.html	static_reviewed	No statement factor/value change was identified in the 8.0.23-8.0.41 release boundary review.
set	expected_status	success	unchanged	references/statements/session/runtime_parameter/set.md	references/statements/session/runtime_parameter/set.md	https://dev.mysql.com/doc/refman/8.0/en/set-variable.html	static_reviewed	No statement factor/value change was identified in the 8.0.23-8.0.41 release boundary review.
set	privilege_context	insufficient	unchanged	references/statements/session/runtime_parameter/set.md	references/statements/session/runtime_parameter/set.md	https://dev.mysql.com/doc/refman/8.0/en/set-variable.html	static_reviewed	No statement factor/value change was identified in the 8.0.23-8.0.41 release boundary review.
set	privilege_context	sufficient	unchanged	references/statements/session/runtime_parameter/set.md	references/statements/session/runtime_parameter/set.md	https://dev.mysql.com/doc/refman/8.0/en/set-variable.html	static_reviewed	No statement factor/value change was identified in the 8.0.23-8.0.41 release boundary review.
set	scope_shape	global	unchanged	references/statements/session/runtime_parameter/set.md	references/statements/session/runtime_parameter/set.md	https://dev.mysql.com/doc/refman/8.0/en/set-variable.html	static_reviewed	No statement factor/value change was identified in the 8.0.23-8.0.41 release boundary review.
set	scope_shape	implicit	unchanged	references/statements/session/runtime_parameter/set.md	references/statements/session/runtime_parameter/set.md	https://dev.mysql.com/doc/refman/8.0/en/set-variable.html	static_reviewed	No statement factor/value change was identified in the 8.0.23-8.0.41 release boundary review.
set	scope_shape	persist	unchanged	references/statements/session/runtime_parameter/set.md	references/statements/session/runtime_parameter/set.md	https://dev.mysql.com/doc/refman/8.0/en/set-variable.html	static_reviewed	No statement factor/value change was identified in the 8.0.23-8.0.41 release boundary review.
set	scope_shape	persist_only	unchanged	references/statements/session/runtime_parameter/set.md	references/statements/session/runtime_parameter/set.md	https://dev.mysql.com/doc/refman/8.0/en/set-variable.html	static_reviewed	No statement factor/value change was identified in the 8.0.23-8.0.41 release boundary review.
set	scope_shape	session	unchanged	references/statements/session/runtime_parameter/set.md	references/statements/session/runtime_parameter/set.md	https://dev.mysql.com/doc/refman/8.0/en/set-variable.html	static_reviewed	No statement factor/value change was identified in the 8.0.23-8.0.41 release boundary review.
set	statement_branch	global_system_variable	unchanged	references/statements/session/runtime_parameter/set.md	references/statements/session/runtime_parameter/set.md	https://dev.mysql.com/doc/refman/8.0/en/set-variable.html	static_reviewed	No statement factor/value change was identified in the 8.0.23-8.0.41 release boundary review.
set	statement_branch	persist_system_variable	unchanged	references/statements/session/runtime_parameter/set.md	references/statements/session/runtime_parameter/set.md	https://dev.mysql.com/doc/refman/8.0/en/set-variable.html	static_reviewed	No statement factor/value change was identified in the 8.0.23-8.0.41 release boundary review.
set	statement_branch	session_system_variable	unchanged	references/statements/session/runtime_parameter/set.md	references/statements/session/runtime_parameter/set.md	https://dev.mysql.com/doc/refman/8.0/en/set-variable.html	static_reviewed	No statement factor/value change was identified in the 8.0.23-8.0.41 release boundary review.
set	statement_branch	set_character_set	unchanged	references/statements/session/runtime_parameter/set.md	references/statements/session/runtime_parameter/set.md	https://dev.mysql.com/doc/refman/8.0/en/set-variable.html	static_reviewed	No statement factor/value change was identified in the 8.0.23-8.0.41 release boundary review.
set	statement_branch	set_names	unchanged	references/statements/session/runtime_parameter/set.md	references/statements/session/runtime_parameter/set.md	https://dev.mysql.com/doc/refman/8.0/en/set-variable.html	static_reviewed	No statement factor/value change was identified in the 8.0.23-8.0.41 release boundary review.
set	statement_branch	user_variable	unchanged	references/statements/session/runtime_parameter/set.md	references/statements/session/runtime_parameter/set.md	https://dev.mysql.com/doc/refman/8.0/en/set-variable.html	static_reviewed	No statement factor/value change was identified in the 8.0.23-8.0.41 release boundary review.
set	value_shape	default_keyword	unchanged	references/statements/session/runtime_parameter/set.md	references/statements/session/runtime_parameter/set.md	https://dev.mysql.com/doc/refman/8.0/en/set-variable.html	static_reviewed	No statement factor/value change was identified in the 8.0.23-8.0.41 release boundary review.
set	value_shape	expression	unchanged	references/statements/session/runtime_parameter/set.md	references/statements/session/runtime_parameter/set.md	https://dev.mysql.com/doc/refman/8.0/en/set-variable.html	static_reviewed	No statement factor/value change was identified in the 8.0.23-8.0.41 release boundary review.
set	value_shape	literal	unchanged	references/statements/session/runtime_parameter/set.md	references/statements/session/runtime_parameter/set.md	https://dev.mysql.com/doc/refman/8.0/en/set-variable.html	static_reviewed	No statement factor/value change was identified in the 8.0.23-8.0.41 release boundary review.
set_default_role	account_state	exists	unchanged	references/statements/account/role/set_default_role.md	references/statements/account/role/set_default_role.md	https://dev.mysql.com/doc/refman/8.0/en/set-default-role.html	static_reviewed	No statement factor/value change was identified in the 8.0.23-8.0.41 release boundary review.
set_default_role	account_state	missing	unchanged	references/statements/account/role/set_default_role.md	references/statements/account/role/set_default_role.md	https://dev.mysql.com/doc/refman/8.0/en/set-default-role.html	static_reviewed	No statement factor/value change was identified in the 8.0.23-8.0.41 release boundary review.
set_default_role	expected_status	failure	unchanged	references/statements/account/role/set_default_role.md	references/statements/account/role/set_default_role.md	https://dev.mysql.com/doc/refman/8.0/en/set-default-role.html	static_reviewed	No statement factor/value change was identified in the 8.0.23-8.0.41 release boundary review.
set_default_role	expected_status	success	unchanged	references/statements/account/role/set_default_role.md	references/statements/account/role/set_default_role.md	https://dev.mysql.com/doc/refman/8.0/en/set-default-role.html	static_reviewed	No statement factor/value change was identified in the 8.0.23-8.0.41 release boundary review.
set_default_role	role_selection	all_roles	unchanged	references/statements/account/role/set_default_role.md	references/statements/account/role/set_default_role.md	https://dev.mysql.com/doc/refman/8.0/en/set-default-role.html	static_reviewed	No statement factor/value change was identified in the 8.0.23-8.0.41 release boundary review.
set_default_role	role_selection	explicit_list	unchanged	references/statements/account/role/set_default_role.md	references/statements/account/role/set_default_role.md	https://dev.mysql.com/doc/refman/8.0/en/set-default-role.html	static_reviewed	No statement factor/value change was identified in the 8.0.23-8.0.41 release boundary review.
set_default_role	role_selection	none	unchanged	references/statements/account/role/set_default_role.md	references/statements/account/role/set_default_role.md	https://dev.mysql.com/doc/refman/8.0/en/set-default-role.html	static_reviewed	No statement factor/value change was identified in the 8.0.23-8.0.41 release boundary review.
set_password	expected_status	failure	unchanged	references/statements/account/user/set_password.md	references/statements/account/user/set_password.md	https://dev.mysql.com/doc/refman/8.0/en/set-password.html	static_reviewed	No statement factor/value change was identified in the 8.0.23-8.0.41 release boundary review.
set_password	expected_status	success	unchanged	references/statements/account/user/set_password.md	references/statements/account/user/set_password.md	https://dev.mysql.com/doc/refman/8.0/en/set-password.html	static_reviewed	No statement factor/value change was identified in the 8.0.23-8.0.41 release boundary review.
set_password	password_shape	plain_text_password	unchanged	references/statements/account/user/set_password.md	references/statements/account/user/set_password.md	https://dev.mysql.com/doc/refman/8.0/en/set-password.html	static_reviewed	No statement factor/value change was identified in the 8.0.23-8.0.41 release boundary review.
set_password	password_shape	random_password	unchanged	references/statements/account/user/set_password.md	references/statements/account/user/set_password.md	https://dev.mysql.com/doc/refman/8.0/en/set-password.html	static_reviewed	No statement factor/value change was identified in the 8.0.23-8.0.41 release boundary review.
set_password	target_account_shape	current_user	unchanged	references/statements/account/user/set_password.md	references/statements/account/user/set_password.md	https://dev.mysql.com/doc/refman/8.0/en/set-password.html	static_reviewed	No statement factor/value change was identified in the 8.0.23-8.0.41 release boundary review.
set_password	target_account_shape	explicit_user	unchanged	references/statements/account/user/set_password.md	references/statements/account/user/set_password.md	https://dev.mysql.com/doc/refman/8.0/en/set-password.html	static_reviewed	No statement factor/value change was identified in the 8.0.23-8.0.41 release boundary review.
set_password	target_account_shape	missing_user	unchanged	references/statements/account/user/set_password.md	references/statements/account/user/set_password.md	https://dev.mysql.com/doc/refman/8.0/en/set-password.html	static_reviewed	No statement factor/value change was identified in the 8.0.23-8.0.41 release boundary review.
set_resource_group	assignment_target	current_thread	unchanged	references/statements/admin/resource_group/set_resource_group.md	references/statements/admin/resource_group/set_resource_group.md	https://dev.mysql.com/doc/refman/8.0/en/set-resource-group.html	static_reviewed	No statement factor/value change was identified in the 8.0.23-8.0.41 release boundary review.
set_resource_group	assignment_target	explicit_thread	unchanged	references/statements/admin/resource_group/set_resource_group.md	references/statements/admin/resource_group/set_resource_group.md	https://dev.mysql.com/doc/refman/8.0/en/set-resource-group.html	static_reviewed	No statement factor/value change was identified in the 8.0.23-8.0.41 release boundary review.
set_resource_group	assignment_target	invalid_thread	unchanged	references/statements/admin/resource_group/set_resource_group.md	references/statements/admin/resource_group/set_resource_group.md	https://dev.mysql.com/doc/refman/8.0/en/set-resource-group.html	static_reviewed	No statement factor/value change was identified in the 8.0.23-8.0.41 release boundary review.
set_resource_group	execution_mode	isolated_positive	unchanged	references/statements/admin/resource_group/set_resource_group.md	references/statements/admin/resource_group/set_resource_group.md	https://dev.mysql.com/doc/refman/8.0/en/set-resource-group.html	static_reviewed	No statement factor/value change was identified in the 8.0.23-8.0.41 release boundary review.
set_resource_group	execution_mode	metadata_only	unchanged	references/statements/admin/resource_group/set_resource_group.md	references/statements/admin/resource_group/set_resource_group.md	https://dev.mysql.com/doc/refman/8.0/en/set-resource-group.html	static_reviewed	No statement factor/value change was identified in the 8.0.23-8.0.41 release boundary review.
set_resource_group	execution_mode	safe_negative	unchanged	references/statements/admin/resource_group/set_resource_group.md	references/statements/admin/resource_group/set_resource_group.md	https://dev.mysql.com/doc/refman/8.0/en/set-resource-group.html	static_reviewed	No statement factor/value change was identified in the 8.0.23-8.0.41 release boundary review.
set_resource_group	expected_status	failure	unchanged	references/statements/admin/resource_group/set_resource_group.md	references/statements/admin/resource_group/set_resource_group.md	https://dev.mysql.com/doc/refman/8.0/en/set-resource-group.html	static_reviewed	No statement factor/value change was identified in the 8.0.23-8.0.41 release boundary review.
set_resource_group	expected_status	success	unchanged	references/statements/admin/resource_group/set_resource_group.md	references/statements/admin/resource_group/set_resource_group.md	https://dev.mysql.com/doc/refman/8.0/en/set-resource-group.html	static_reviewed	No statement factor/value change was identified in the 8.0.23-8.0.41 release boundary review.
set_resource_group	group_state	disabled_group	unchanged	references/statements/admin/resource_group/set_resource_group.md	references/statements/admin/resource_group/set_resource_group.md	https://dev.mysql.com/doc/refman/8.0/en/set-resource-group.html	static_reviewed	No statement factor/value change was identified in the 8.0.23-8.0.41 release boundary review.
set_resource_group	group_state	exists	unchanged	references/statements/admin/resource_group/set_resource_group.md	references/statements/admin/resource_group/set_resource_group.md	https://dev.mysql.com/doc/refman/8.0/en/set-resource-group.html	static_reviewed	No statement factor/value change was identified in the 8.0.23-8.0.41 release boundary review.
set_resource_group	group_state	missing	unchanged	references/statements/admin/resource_group/set_resource_group.md	references/statements/admin/resource_group/set_resource_group.md	https://dev.mysql.com/doc/refman/8.0/en/set-resource-group.html	static_reviewed	No statement factor/value change was identified in the 8.0.23-8.0.41 release boundary review.
set_role	expected_status	failure	unchanged	references/statements/session/authorization/set_role.md	references/statements/session/authorization/set_role.md	https://dev.mysql.com/doc/refman/8.0/en/set-role.html	static_reviewed	No statement factor/value change was identified in the 8.0.23-8.0.41 release boundary review.
set_role	expected_status	success	unchanged	references/statements/session/authorization/set_role.md	references/statements/session/authorization/set_role.md	https://dev.mysql.com/doc/refman/8.0/en/set-role.html	static_reviewed	No statement factor/value change was identified in the 8.0.23-8.0.41 release boundary review.
set_role	role_selection	all_except	unchanged	references/statements/session/authorization/set_role.md	references/statements/session/authorization/set_role.md	https://dev.mysql.com/doc/refman/8.0/en/set-role.html	static_reviewed	No statement factor/value change was identified in the 8.0.23-8.0.41 release boundary review.
set_role	role_selection	all_roles	unchanged	references/statements/session/authorization/set_role.md	references/statements/session/authorization/set_role.md	https://dev.mysql.com/doc/refman/8.0/en/set-role.html	static_reviewed	No statement factor/value change was identified in the 8.0.23-8.0.41 release boundary review.
set_role	role_selection	default_roles	unchanged	references/statements/session/authorization/set_role.md	references/statements/session/authorization/set_role.md	https://dev.mysql.com/doc/refman/8.0/en/set-role.html	static_reviewed	No statement factor/value change was identified in the 8.0.23-8.0.41 release boundary review.
set_role	role_selection	explicit_list	unchanged	references/statements/session/authorization/set_role.md	references/statements/session/authorization/set_role.md	https://dev.mysql.com/doc/refman/8.0/en/set-role.html	static_reviewed	No statement factor/value change was identified in the 8.0.23-8.0.41 release boundary review.
set_role	role_selection	none	unchanged	references/statements/session/authorization/set_role.md	references/statements/session/authorization/set_role.md	https://dev.mysql.com/doc/refman/8.0/en/set-role.html	static_reviewed	No statement factor/value change was identified in the 8.0.23-8.0.41 release boundary review.
set_role	role_state	granted	unchanged	references/statements/session/authorization/set_role.md	references/statements/session/authorization/set_role.md	https://dev.mysql.com/doc/refman/8.0/en/set-role.html	static_reviewed	No statement factor/value change was identified in the 8.0.23-8.0.41 release boundary review.
set_role	role_state	missing	unchanged	references/statements/session/authorization/set_role.md	references/statements/session/authorization/set_role.md	https://dev.mysql.com/doc/refman/8.0/en/set-role.html	static_reviewed	No statement factor/value change was identified in the 8.0.23-8.0.41 release boundary review.
set_role	role_state	not_granted	unchanged	references/statements/session/authorization/set_role.md	references/statements/session/authorization/set_role.md	https://dev.mysql.com/doc/refman/8.0/en/set-role.html	static_reviewed	No statement factor/value change was identified in the 8.0.23-8.0.41 release boundary review.
set_transaction	access_mode	read_only	unchanged	references/statements/tcl/transaction/set_transaction.md	references/statements/tcl/transaction/set_transaction.md	https://dev.mysql.com/doc/refman/8.0/en/set-transaction.html	static_reviewed	No statement factor/value change was identified in the 8.0.23-8.0.41 release boundary review.
set_transaction	access_mode	read_write	unchanged	references/statements/tcl/transaction/set_transaction.md	references/statements/tcl/transaction/set_transaction.md	https://dev.mysql.com/doc/refman/8.0/en/set-transaction.html	static_reviewed	No statement factor/value change was identified in the 8.0.23-8.0.41 release boundary review.
set_transaction	characteristic_shape	access_mode_only	unchanged	references/statements/tcl/transaction/set_transaction.md	references/statements/tcl/transaction/set_transaction.md	https://dev.mysql.com/doc/refman/8.0/en/set-transaction.html	static_reviewed	No statement factor/value change was identified in the 8.0.23-8.0.41 release boundary review.
set_transaction	characteristic_shape	isolation_and_access_mode	unchanged	references/statements/tcl/transaction/set_transaction.md	references/statements/tcl/transaction/set_transaction.md	https://dev.mysql.com/doc/refman/8.0/en/set-transaction.html	static_reviewed	No statement factor/value change was identified in the 8.0.23-8.0.41 release boundary review.
set_transaction	characteristic_shape	isolation_only	unchanged	references/statements/tcl/transaction/set_transaction.md	references/statements/tcl/transaction/set_transaction.md	https://dev.mysql.com/doc/refman/8.0/en/set-transaction.html	static_reviewed	No statement factor/value change was identified in the 8.0.23-8.0.41 release boundary review.
set_transaction	expected_status	failure	unchanged	references/statements/tcl/transaction/set_transaction.md	references/statements/tcl/transaction/set_transaction.md	https://dev.mysql.com/doc/refman/8.0/en/set-transaction.html	static_reviewed	No statement factor/value change was identified in the 8.0.23-8.0.41 release boundary review.
set_transaction	expected_status	success	unchanged	references/statements/tcl/transaction/set_transaction.md	references/statements/tcl/transaction/set_transaction.md	https://dev.mysql.com/doc/refman/8.0/en/set-transaction.html	static_reviewed	No statement factor/value change was identified in the 8.0.23-8.0.41 release boundary review.
set_transaction	isolation_level	read_committed	unchanged	references/statements/tcl/transaction/set_transaction.md	references/statements/tcl/transaction/set_transaction.md	https://dev.mysql.com/doc/refman/8.0/en/set-transaction.html	static_reviewed	No statement factor/value change was identified in the 8.0.23-8.0.41 release boundary review.
set_transaction	isolation_level	read_uncommitted	unchanged	references/statements/tcl/transaction/set_transaction.md	references/statements/tcl/transaction/set_transaction.md	https://dev.mysql.com/doc/refman/8.0/en/set-transaction.html	static_reviewed	No statement factor/value change was identified in the 8.0.23-8.0.41 release boundary review.
set_transaction	isolation_level	repeatable_read	unchanged	references/statements/tcl/transaction/set_transaction.md	references/statements/tcl/transaction/set_transaction.md	https://dev.mysql.com/doc/refman/8.0/en/set-transaction.html	static_reviewed	No statement factor/value change was identified in the 8.0.23-8.0.41 release boundary review.
set_transaction	isolation_level	serializable	unchanged	references/statements/tcl/transaction/set_transaction.md	references/statements/tcl/transaction/set_transaction.md	https://dev.mysql.com/doc/refman/8.0/en/set-transaction.html	static_reviewed	No statement factor/value change was identified in the 8.0.23-8.0.41 release boundary review.
set_transaction	scope	global	unchanged	references/statements/tcl/transaction/set_transaction.md	references/statements/tcl/transaction/set_transaction.md	https://dev.mysql.com/doc/refman/8.0/en/set-transaction.html	static_reviewed	No statement factor/value change was identified in the 8.0.23-8.0.41 release boundary review.
set_transaction	scope	next_transaction	unchanged	references/statements/tcl/transaction/set_transaction.md	references/statements/tcl/transaction/set_transaction.md	https://dev.mysql.com/doc/refman/8.0/en/set-transaction.html	static_reviewed	No statement factor/value change was identified in the 8.0.23-8.0.41 release boundary review.
set_transaction	scope	session	unchanged	references/statements/tcl/transaction/set_transaction.md	references/statements/tcl/transaction/set_transaction.md	https://dev.mysql.com/doc/refman/8.0/en/set-transaction.html	static_reviewed	No statement factor/value change was identified in the 8.0.23-8.0.41 release boundary review.
set_transaction	transaction_state	active_transaction	unchanged	references/statements/tcl/transaction/set_transaction.md	references/statements/tcl/transaction/set_transaction.md	https://dev.mysql.com/doc/refman/8.0/en/set-transaction.html	static_reviewed	No statement factor/value change was identified in the 8.0.23-8.0.41 release boundary review.
set_transaction	transaction_state	outside_transaction	unchanged	references/statements/tcl/transaction/set_transaction.md	references/statements/tcl/transaction/set_transaction.md	https://dev.mysql.com/doc/refman/8.0/en/set-transaction.html	static_reviewed	No statement factor/value change was identified in the 8.0.23-8.0.41 release boundary review.
show	expected_status	failure	unchanged	references/statements/session/runtime_parameter/show.md	references/statements/session/runtime_parameter/show.md	https://dev.mysql.com/doc/refman/8.0/en/show.html	static_reviewed	No statement factor/value change was identified in the 8.0.23-8.0.41 release boundary review.
show	expected_status	success	unchanged	references/statements/session/runtime_parameter/show.md	references/statements/session/runtime_parameter/show.md	https://dev.mysql.com/doc/refman/8.0/en/show.html	static_reviewed	No statement factor/value change was identified in the 8.0.23-8.0.41 release boundary review.
show	filter_shape	like_pattern	unchanged	references/statements/session/runtime_parameter/show.md	references/statements/session/runtime_parameter/show.md	https://dev.mysql.com/doc/refman/8.0/en/show.html	static_reviewed	No statement factor/value change was identified in the 8.0.23-8.0.41 release boundary review.
show	filter_shape	omitted	unchanged	references/statements/session/runtime_parameter/show.md	references/statements/session/runtime_parameter/show.md	https://dev.mysql.com/doc/refman/8.0/en/show.html	static_reviewed	No statement factor/value change was identified in the 8.0.23-8.0.41 release boundary review.
show	filter_shape	where_expression	unchanged	references/statements/session/runtime_parameter/show.md	references/statements/session/runtime_parameter/show.md	https://dev.mysql.com/doc/refman/8.0/en/show.html	static_reviewed	No statement factor/value change was identified in the 8.0.23-8.0.41 release boundary review.
show	statement_branch	create_table	unchanged	references/statements/session/runtime_parameter/show.md	references/statements/session/runtime_parameter/show.md	https://dev.mysql.com/doc/refman/8.0/en/show.html	static_reviewed	No statement factor/value change was identified in the 8.0.23-8.0.41 release boundary review.
show	statement_branch	errors	unchanged	references/statements/session/runtime_parameter/show.md	references/statements/session/runtime_parameter/show.md	https://dev.mysql.com/doc/refman/8.0/en/show.html	static_reviewed	No statement factor/value change was identified in the 8.0.23-8.0.41 release boundary review.
show	statement_branch	grants	unchanged	references/statements/session/runtime_parameter/show.md	references/statements/session/runtime_parameter/show.md	https://dev.mysql.com/doc/refman/8.0/en/show.html	static_reviewed	No statement factor/value change was identified in the 8.0.23-8.0.41 release boundary review.
show	statement_branch	status	unchanged	references/statements/session/runtime_parameter/show.md	references/statements/session/runtime_parameter/show.md	https://dev.mysql.com/doc/refman/8.0/en/show.html	static_reviewed	No statement factor/value change was identified in the 8.0.23-8.0.41 release boundary review.
show	statement_branch	variables	unchanged	references/statements/session/runtime_parameter/show.md	references/statements/session/runtime_parameter/show.md	https://dev.mysql.com/doc/refman/8.0/en/show.html	static_reviewed	No statement factor/value change was identified in the 8.0.23-8.0.41 release boundary review.
show	statement_branch	warnings	unchanged	references/statements/session/runtime_parameter/show.md	references/statements/session/runtime_parameter/show.md	https://dev.mysql.com/doc/refman/8.0/en/show.html	static_reviewed	No statement factor/value change was identified in the 8.0.23-8.0.41 release boundary review.
show	target_shape	none	unchanged	references/statements/session/runtime_parameter/show.md	references/statements/session/runtime_parameter/show.md	https://dev.mysql.com/doc/refman/8.0/en/show.html	static_reviewed	No statement factor/value change was identified in the 8.0.23-8.0.41 release boundary review.
show	target_shape	table_name	unchanged	references/statements/session/runtime_parameter/show.md	references/statements/session/runtime_parameter/show.md	https://dev.mysql.com/doc/refman/8.0/en/show.html	static_reviewed	No statement factor/value change was identified in the 8.0.23-8.0.41 release boundary review.
show	target_shape	user_account	unchanged	references/statements/session/runtime_parameter/show.md	references/statements/session/runtime_parameter/show.md	https://dev.mysql.com/doc/refman/8.0/en/show.html	static_reviewed	No statement factor/value change was identified in the 8.0.23-8.0.41 release boundary review.
shutdown	execution_mode	isolated_real_shutdown	unchanged	references/statements/admin/server/shutdown.md	references/statements/admin/server/shutdown.md	https://dev.mysql.com/doc/refman/8.0/en/shutdown.html	static_reviewed	No statement factor/value change was identified in the 8.0.23-8.0.41 release boundary review.
shutdown	execution_mode	skipped_negative	unchanged	references/statements/admin/server/shutdown.md	references/statements/admin/server/shutdown.md	https://dev.mysql.com/doc/refman/8.0/en/shutdown.html	static_reviewed	No statement factor/value change was identified in the 8.0.23-8.0.41 release boundary review.
shutdown	expected_status	failure	unchanged	references/statements/admin/server/shutdown.md	references/statements/admin/server/shutdown.md	https://dev.mysql.com/doc/refman/8.0/en/shutdown.html	static_reviewed	No statement factor/value change was identified in the 8.0.23-8.0.41 release boundary review.
shutdown	expected_status	success	unchanged	references/statements/admin/server/shutdown.md	references/statements/admin/server/shutdown.md	https://dev.mysql.com/doc/refman/8.0/en/shutdown.html	static_reviewed	No statement factor/value change was identified in the 8.0.23-8.0.41 release boundary review.
shutdown	privilege_context	insufficient	unchanged	references/statements/admin/server/shutdown.md	references/statements/admin/server/shutdown.md	https://dev.mysql.com/doc/refman/8.0/en/shutdown.html	static_reviewed	No statement factor/value change was identified in the 8.0.23-8.0.41 release boundary review.
shutdown	privilege_context	shutdown_privilege	unchanged	references/statements/admin/server/shutdown.md	references/statements/admin/server/shutdown.md	https://dev.mysql.com/doc/refman/8.0/en/shutdown.html	static_reviewed	No statement factor/value change was identified in the 8.0.23-8.0.41 release boundary review.
start_transaction	access_mode	consistent_snapshot	unchanged	references/statements/tcl/transaction/start_transaction.md	references/statements/tcl/transaction/start_transaction.md	https://dev.mysql.com/doc/refman/8.0/en/commit.html	static_reviewed	No statement factor/value change was identified in the 8.0.23-8.0.41 release boundary review.
start_transaction	access_mode	omitted	unchanged	references/statements/tcl/transaction/start_transaction.md	references/statements/tcl/transaction/start_transaction.md	https://dev.mysql.com/doc/refman/8.0/en/commit.html	static_reviewed	No statement factor/value change was identified in the 8.0.23-8.0.41 release boundary review.
start_transaction	access_mode	read_only	unchanged	references/statements/tcl/transaction/start_transaction.md	references/statements/tcl/transaction/start_transaction.md	https://dev.mysql.com/doc/refman/8.0/en/commit.html	static_reviewed	No statement factor/value change was identified in the 8.0.23-8.0.41 release boundary review.
start_transaction	access_mode	read_write	unchanged	references/statements/tcl/transaction/start_transaction.md	references/statements/tcl/transaction/start_transaction.md	https://dev.mysql.com/doc/refman/8.0/en/commit.html	static_reviewed	No statement factor/value change was identified in the 8.0.23-8.0.41 release boundary review.
start_transaction	expected_status	failure	unchanged	references/statements/tcl/transaction/start_transaction.md	references/statements/tcl/transaction/start_transaction.md	https://dev.mysql.com/doc/refman/8.0/en/commit.html	static_reviewed	No statement factor/value change was identified in the 8.0.23-8.0.41 release boundary review.
start_transaction	expected_status	success	unchanged	references/statements/tcl/transaction/start_transaction.md	references/statements/tcl/transaction/start_transaction.md	https://dev.mysql.com/doc/refman/8.0/en/commit.html	static_reviewed	No statement factor/value change was identified in the 8.0.23-8.0.41 release boundary review.
start_transaction	statement_branch	begin	unchanged	references/statements/tcl/transaction/start_transaction.md	references/statements/tcl/transaction/start_transaction.md	https://dev.mysql.com/doc/refman/8.0/en/commit.html	static_reviewed	No statement factor/value change was identified in the 8.0.23-8.0.41 release boundary review.
start_transaction	statement_branch	start_transaction	unchanged	references/statements/tcl/transaction/start_transaction.md	references/statements/tcl/transaction/start_transaction.md	https://dev.mysql.com/doc/refman/8.0/en/commit.html	static_reviewed	No statement factor/value change was identified in the 8.0.23-8.0.41 release boundary review.
table	expected_status	failure	unchanged	references/statements/dml/query/table.md	references/statements/dml/query/table.md	https://dev.mysql.com/doc/refman/8.0/en/table.html	static_reviewed	No statement factor/value change was identified in the 8.0.23-8.0.41 release boundary review.
table	expected_status	success	unchanged	references/statements/dml/query/table.md	references/statements/dml/query/table.md	https://dev.mysql.com/doc/refman/8.0/en/table.html	static_reviewed	No statement factor/value change was identified in the 8.0.23-8.0.41 release boundary review.
table	into_shape	into_dumpfile	unchanged	references/statements/dml/query/table.md	references/statements/dml/query/table.md	https://dev.mysql.com/doc/refman/8.0/en/table.html	static_reviewed	No statement factor/value change was identified in the 8.0.23-8.0.41 release boundary review.
table	into_shape	into_outfile	unchanged	references/statements/dml/query/table.md	references/statements/dml/query/table.md	https://dev.mysql.com/doc/refman/8.0/en/table.html	static_reviewed	No statement factor/value change was identified in the 8.0.23-8.0.41 release boundary review.
table	into_shape	into_variables	unchanged	references/statements/dml/query/table.md	references/statements/dml/query/table.md	https://dev.mysql.com/doc/refman/8.0/en/table.html	static_reviewed	No statement factor/value change was identified in the 8.0.23-8.0.41 release boundary review.
table	into_shape	omitted	unchanged	references/statements/dml/query/table.md	references/statements/dml/query/table.md	https://dev.mysql.com/doc/refman/8.0/en/table.html	static_reviewed	No statement factor/value change was identified in the 8.0.23-8.0.41 release boundary review.
table	ordering_limit_shape	limit	unchanged	references/statements/dml/query/table.md	references/statements/dml/query/table.md	https://dev.mysql.com/doc/refman/8.0/en/table.html	static_reviewed	No statement factor/value change was identified in the 8.0.23-8.0.41 release boundary review.
table	ordering_limit_shape	omitted	unchanged	references/statements/dml/query/table.md	references/statements/dml/query/table.md	https://dev.mysql.com/doc/refman/8.0/en/table.html	static_reviewed	No statement factor/value change was identified in the 8.0.23-8.0.41 release boundary review.
table	ordering_limit_shape	order_by	unchanged	references/statements/dml/query/table.md	references/statements/dml/query/table.md	https://dev.mysql.com/doc/refman/8.0/en/table.html	static_reviewed	No statement factor/value change was identified in the 8.0.23-8.0.41 release boundary review.
table	ordering_limit_shape	order_by_limit	unchanged	references/statements/dml/query/table.md	references/statements/dml/query/table.md	https://dev.mysql.com/doc/refman/8.0/en/table.html	static_reviewed	No statement factor/value change was identified in the 8.0.23-8.0.41 release boundary review.
table	target_state	exists	unchanged	references/statements/dml/query/table.md	references/statements/dml/query/table.md	https://dev.mysql.com/doc/refman/8.0/en/table.html	static_reviewed	No statement factor/value change was identified in the 8.0.23-8.0.41 release boundary review.
table	target_state	missing	unchanged	references/statements/dml/query/table.md	references/statements/dml/query/table.md	https://dev.mysql.com/doc/refman/8.0/en/table.html	static_reviewed	No statement factor/value change was identified in the 8.0.23-8.0.41 release boundary review.
table	target_state	wrong_object_type	unchanged	references/statements/dml/query/table.md	references/statements/dml/query/table.md	https://dev.mysql.com/doc/refman/8.0/en/table.html	static_reviewed	No statement factor/value change was identified in the 8.0.23-8.0.41 release boundary review.
truncate	expected_status	failure	unchanged	references/statements/ddl/table/truncate.md	references/statements/ddl/table/truncate.md	https://dev.mysql.com/doc/refman/8.0/en/truncate-table.html	static_reviewed	No statement factor/value change was identified in the 8.0.23-8.0.41 release boundary review.
truncate	expected_status	success	unchanged	references/statements/ddl/table/truncate.md	references/statements/ddl/table/truncate.md	https://dev.mysql.com/doc/refman/8.0/en/truncate-table.html	static_reviewed	No statement factor/value change was identified in the 8.0.23-8.0.41 release boundary review.
truncate	foreign_key_state	none	unchanged	references/statements/ddl/table/truncate.md	references/statements/ddl/table/truncate.md	https://dev.mysql.com/doc/refman/8.0/en/truncate-table.html	static_reviewed	No statement factor/value change was identified in the 8.0.23-8.0.41 release boundary review.
truncate	foreign_key_state	referenced_by_other_table	unchanged	references/statements/ddl/table/truncate.md	references/statements/ddl/table/truncate.md	https://dev.mysql.com/doc/refman/8.0/en/truncate-table.html	static_reviewed	No statement factor/value change was identified in the 8.0.23-8.0.41 release boundary review.
truncate	table_keyword	omitted	unchanged	references/statements/ddl/table/truncate.md	references/statements/ddl/table/truncate.md	https://dev.mysql.com/doc/refman/8.0/en/truncate-table.html	static_reviewed	No statement factor/value change was identified in the 8.0.23-8.0.41 release boundary review.
truncate	table_keyword	present	unchanged	references/statements/ddl/table/truncate.md	references/statements/ddl/table/truncate.md	https://dev.mysql.com/doc/refman/8.0/en/truncate-table.html	static_reviewed	No statement factor/value change was identified in the 8.0.23-8.0.41 release boundary review.
truncate	table_state	exists	unchanged	references/statements/ddl/table/truncate.md	references/statements/ddl/table/truncate.md	https://dev.mysql.com/doc/refman/8.0/en/truncate-table.html	static_reviewed	No statement factor/value change was identified in the 8.0.23-8.0.41 release boundary review.
truncate	table_state	missing	unchanged	references/statements/ddl/table/truncate.md	references/statements/ddl/table/truncate.md	https://dev.mysql.com/doc/refman/8.0/en/truncate-table.html	static_reviewed	No statement factor/value change was identified in the 8.0.23-8.0.41 release boundary review.
uninstall_component	component_state	installed_test_component	unchanged	references/statements/admin/component/uninstall_component.md	references/statements/admin/component/uninstall_component.md	https://dev.mysql.com/doc/refman/8.0/en/uninstall-component.html	static_reviewed	No statement factor/value change was identified in the 8.0.23-8.0.41 release boundary review.
uninstall_component	component_state	missing	unchanged	references/statements/admin/component/uninstall_component.md	references/statements/admin/component/uninstall_component.md	https://dev.mysql.com/doc/refman/8.0/en/uninstall-component.html	static_reviewed	No statement factor/value change was identified in the 8.0.23-8.0.41 release boundary review.
uninstall_component	component_state	protected_component	unchanged	references/statements/admin/component/uninstall_component.md	references/statements/admin/component/uninstall_component.md	https://dev.mysql.com/doc/refman/8.0/en/uninstall-component.html	static_reviewed	No statement factor/value change was identified in the 8.0.23-8.0.41 release boundary review.
uninstall_component	dependency_shape	active_dependency	unchanged	references/statements/admin/component/uninstall_component.md	references/statements/admin/component/uninstall_component.md	https://dev.mysql.com/doc/refman/8.0/en/uninstall-component.html	static_reviewed	No statement factor/value change was identified in the 8.0.23-8.0.41 release boundary review.
uninstall_component	dependency_shape	none	unchanged	references/statements/admin/component/uninstall_component.md	references/statements/admin/component/uninstall_component.md	https://dev.mysql.com/doc/refman/8.0/en/uninstall-component.html	static_reviewed	No statement factor/value change was identified in the 8.0.23-8.0.41 release boundary review.
uninstall_component	execution_mode	isolated_positive	unchanged	references/statements/admin/component/uninstall_component.md	references/statements/admin/component/uninstall_component.md	https://dev.mysql.com/doc/refman/8.0/en/uninstall-component.html	static_reviewed	No statement factor/value change was identified in the 8.0.23-8.0.41 release boundary review.
uninstall_component	execution_mode	safe_negative	unchanged	references/statements/admin/component/uninstall_component.md	references/statements/admin/component/uninstall_component.md	https://dev.mysql.com/doc/refman/8.0/en/uninstall-component.html	static_reviewed	No statement factor/value change was identified in the 8.0.23-8.0.41 release boundary review.
uninstall_component	execution_mode	skip_dynamic_load	unchanged	references/statements/admin/component/uninstall_component.md	references/statements/admin/component/uninstall_component.md	https://dev.mysql.com/doc/refman/8.0/en/uninstall-component.html	static_reviewed	No statement factor/value change was identified in the 8.0.23-8.0.41 release boundary review.
uninstall_component	expected_status	failure	unchanged	references/statements/admin/component/uninstall_component.md	references/statements/admin/component/uninstall_component.md	https://dev.mysql.com/doc/refman/8.0/en/uninstall-component.html	static_reviewed	No statement factor/value change was identified in the 8.0.23-8.0.41 release boundary review.
uninstall_component	expected_status	success	unchanged	references/statements/admin/component/uninstall_component.md	references/statements/admin/component/uninstall_component.md	https://dev.mysql.com/doc/refman/8.0/en/uninstall-component.html	static_reviewed	No statement factor/value change was identified in the 8.0.23-8.0.41 release boundary review.
uninstall_plugin	dependency_shape	active_dependency	unchanged	references/statements/admin/plugin/uninstall_plugin.md	references/statements/admin/plugin/uninstall_plugin.md	https://dev.mysql.com/doc/refman/8.0/en/uninstall-plugin.html	static_reviewed	No statement factor/value change was identified in the 8.0.23-8.0.41 release boundary review.
uninstall_plugin	dependency_shape	none	unchanged	references/statements/admin/plugin/uninstall_plugin.md	references/statements/admin/plugin/uninstall_plugin.md	https://dev.mysql.com/doc/refman/8.0/en/uninstall-plugin.html	static_reviewed	No statement factor/value change was identified in the 8.0.23-8.0.41 release boundary review.
uninstall_plugin	execution_mode	isolated_positive	unchanged	references/statements/admin/plugin/uninstall_plugin.md	references/statements/admin/plugin/uninstall_plugin.md	https://dev.mysql.com/doc/refman/8.0/en/uninstall-plugin.html	static_reviewed	No statement factor/value change was identified in the 8.0.23-8.0.41 release boundary review.
uninstall_plugin	execution_mode	safe_negative	unchanged	references/statements/admin/plugin/uninstall_plugin.md	references/statements/admin/plugin/uninstall_plugin.md	https://dev.mysql.com/doc/refman/8.0/en/uninstall-plugin.html	static_reviewed	No statement factor/value change was identified in the 8.0.23-8.0.41 release boundary review.
uninstall_plugin	execution_mode	skip_dynamic_load	unchanged	references/statements/admin/plugin/uninstall_plugin.md	references/statements/admin/plugin/uninstall_plugin.md	https://dev.mysql.com/doc/refman/8.0/en/uninstall-plugin.html	static_reviewed	No statement factor/value change was identified in the 8.0.23-8.0.41 release boundary review.
uninstall_plugin	expected_status	failure	unchanged	references/statements/admin/plugin/uninstall_plugin.md	references/statements/admin/plugin/uninstall_plugin.md	https://dev.mysql.com/doc/refman/8.0/en/uninstall-plugin.html	static_reviewed	No statement factor/value change was identified in the 8.0.23-8.0.41 release boundary review.
uninstall_plugin	expected_status	success	unchanged	references/statements/admin/plugin/uninstall_plugin.md	references/statements/admin/plugin/uninstall_plugin.md	https://dev.mysql.com/doc/refman/8.0/en/uninstall-plugin.html	static_reviewed	No statement factor/value change was identified in the 8.0.23-8.0.41 release boundary review.
uninstall_plugin	plugin_state	builtin_or_protected	unchanged	references/statements/admin/plugin/uninstall_plugin.md	references/statements/admin/plugin/uninstall_plugin.md	https://dev.mysql.com/doc/refman/8.0/en/uninstall-plugin.html	static_reviewed	No statement factor/value change was identified in the 8.0.23-8.0.41 release boundary review.
uninstall_plugin	plugin_state	installed_test_plugin	unchanged	references/statements/admin/plugin/uninstall_plugin.md	references/statements/admin/plugin/uninstall_plugin.md	https://dev.mysql.com/doc/refman/8.0/en/uninstall-plugin.html	static_reviewed	No statement factor/value change was identified in the 8.0.23-8.0.41 release boundary review.
uninstall_plugin	plugin_state	missing	unchanged	references/statements/admin/plugin/uninstall_plugin.md	references/statements/admin/plugin/uninstall_plugin.md	https://dev.mysql.com/doc/refman/8.0/en/uninstall-plugin.html	static_reviewed	No statement factor/value change was identified in the 8.0.23-8.0.41 release boundary review.
unlock_instance	execution_mode	isolated_positive	unchanged	references/statements/tcl/lock/unlock_instance.md	references/statements/tcl/lock/unlock_instance.md	https://dev.mysql.com/doc/refman/8.0/en/lock-instance-for-backup.html	static_reviewed	No statement factor/value change was identified in the 8.0.23-8.0.41 release boundary review.
unlock_instance	execution_mode	safe_negative	unchanged	references/statements/tcl/lock/unlock_instance.md	references/statements/tcl/lock/unlock_instance.md	https://dev.mysql.com/doc/refman/8.0/en/lock-instance-for-backup.html	static_reviewed	No statement factor/value change was identified in the 8.0.23-8.0.41 release boundary review.
unlock_instance	expected_status	failure	unchanged	references/statements/tcl/lock/unlock_instance.md	references/statements/tcl/lock/unlock_instance.md	https://dev.mysql.com/doc/refman/8.0/en/lock-instance-for-backup.html	static_reviewed	No statement factor/value change was identified in the 8.0.23-8.0.41 release boundary review.
unlock_instance	expected_status	success	unchanged	references/statements/tcl/lock/unlock_instance.md	references/statements/tcl/lock/unlock_instance.md	https://dev.mysql.com/doc/refman/8.0/en/lock-instance-for-backup.html	static_reviewed	No statement factor/value change was identified in the 8.0.23-8.0.41 release boundary review.
unlock_instance	held_backup_lock_state	held_by_other_session	unchanged	references/statements/tcl/lock/unlock_instance.md	references/statements/tcl/lock/unlock_instance.md	https://dev.mysql.com/doc/refman/8.0/en/lock-instance-for-backup.html	static_reviewed	No statement factor/value change was identified in the 8.0.23-8.0.41 release boundary review.
unlock_instance	held_backup_lock_state	held_by_session	unchanged	references/statements/tcl/lock/unlock_instance.md	references/statements/tcl/lock/unlock_instance.md	https://dev.mysql.com/doc/refman/8.0/en/lock-instance-for-backup.html	static_reviewed	No statement factor/value change was identified in the 8.0.23-8.0.41 release boundary review.
unlock_instance	held_backup_lock_state	not_held	unchanged	references/statements/tcl/lock/unlock_instance.md	references/statements/tcl/lock/unlock_instance.md	https://dev.mysql.com/doc/refman/8.0/en/lock-instance-for-backup.html	static_reviewed	No statement factor/value change was identified in the 8.0.23-8.0.41 release boundary review.
unlock_instance	session_ownership	different_session	unchanged	references/statements/tcl/lock/unlock_instance.md	references/statements/tcl/lock/unlock_instance.md	https://dev.mysql.com/doc/refman/8.0/en/lock-instance-for-backup.html	static_reviewed	No statement factor/value change was identified in the 8.0.23-8.0.41 release boundary review.
unlock_instance	session_ownership	same_session	unchanged	references/statements/tcl/lock/unlock_instance.md	references/statements/tcl/lock/unlock_instance.md	https://dev.mysql.com/doc/refman/8.0/en/lock-instance-for-backup.html	static_reviewed	No statement factor/value change was identified in the 8.0.23-8.0.41 release boundary review.
unlock_tables	expected_status	failure	unchanged	references/statements/tcl/lock/unlock_tables.md	references/statements/tcl/lock/unlock_tables.md	https://dev.mysql.com/doc/refman/8.0/en/lock-tables.html	static_reviewed	No statement factor/value change was identified in the 8.0.23-8.0.41 release boundary review.
unlock_tables	expected_status	success	unchanged	references/statements/tcl/lock/unlock_tables.md	references/statements/tcl/lock/unlock_tables.md	https://dev.mysql.com/doc/refman/8.0/en/lock-tables.html	static_reviewed	No statement factor/value change was identified in the 8.0.23-8.0.41 release boundary review.
unlock_tables	global_read_lock_state	held_by_session	unchanged	references/statements/tcl/lock/unlock_tables.md	references/statements/tcl/lock/unlock_tables.md	https://dev.mysql.com/doc/refman/8.0/en/lock-tables.html	static_reviewed	No statement factor/value change was identified in the 8.0.23-8.0.41 release boundary review.
unlock_tables	global_read_lock_state	not_held	unchanged	references/statements/tcl/lock/unlock_tables.md	references/statements/tcl/lock/unlock_tables.md	https://dev.mysql.com/doc/refman/8.0/en/lock-tables.html	static_reviewed	No statement factor/value change was identified in the 8.0.23-8.0.41 release boundary review.
unlock_tables	held_lock_state	locks_held	unchanged	references/statements/tcl/lock/unlock_tables.md	references/statements/tcl/lock/unlock_tables.md	https://dev.mysql.com/doc/refman/8.0/en/lock-tables.html	static_reviewed	No statement factor/value change was identified in the 8.0.23-8.0.41 release boundary review.
unlock_tables	held_lock_state	no_locks_held	unchanged	references/statements/tcl/lock/unlock_tables.md	references/statements/tcl/lock/unlock_tables.md	https://dev.mysql.com/doc/refman/8.0/en/lock-tables.html	static_reviewed	No statement factor/value change was identified in the 8.0.23-8.0.41 release boundary review.
unlock_tables	transaction_interaction	active_transaction	unchanged	references/statements/tcl/lock/unlock_tables.md	references/statements/tcl/lock/unlock_tables.md	https://dev.mysql.com/doc/refman/8.0/en/lock-tables.html	static_reviewed	No statement factor/value change was identified in the 8.0.23-8.0.41 release boundary review.
unlock_tables	transaction_interaction	outside_transaction	unchanged	references/statements/tcl/lock/unlock_tables.md	references/statements/tcl/lock/unlock_tables.md	https://dev.mysql.com/doc/refman/8.0/en/lock-tables.html	static_reviewed	No statement factor/value change was identified in the 8.0.23-8.0.41 release boundary review.
update	condition_shape	join_filter	unchanged	references/statements/dml/table/update.md	references/statements/dml/table/update.md	https://dev.mysql.com/doc/refman/8.0/en/update.html	static_reviewed	No statement factor/value change was identified in the 8.0.23-8.0.41 release boundary review.
update	condition_shape	omitted	unchanged	references/statements/dml/table/update.md	references/statements/dml/table/update.md	https://dev.mysql.com/doc/refman/8.0/en/update.html	static_reviewed	No statement factor/value change was identified in the 8.0.23-8.0.41 release boundary review.
update	condition_shape	where_filter	unchanged	references/statements/dml/table/update.md	references/statements/dml/table/update.md	https://dev.mysql.com/doc/refman/8.0/en/update.html	static_reviewed	No statement factor/value change was identified in the 8.0.23-8.0.41 release boundary review.
update	expected_status	failure	unchanged	references/statements/dml/table/update.md	references/statements/dml/table/update.md	https://dev.mysql.com/doc/refman/8.0/en/update.html	static_reviewed	No statement factor/value change was identified in the 8.0.23-8.0.41 release boundary review.
update	expected_status	success	unchanged	references/statements/dml/table/update.md	references/statements/dml/table/update.md	https://dev.mysql.com/doc/refman/8.0/en/update.html	static_reviewed	No statement factor/value change was identified in the 8.0.23-8.0.41 release boundary review.
update	ignore_modifier	ignore	unchanged	references/statements/dml/table/update.md	references/statements/dml/table/update.md	https://dev.mysql.com/doc/refman/8.0/en/update.html	static_reviewed	No statement factor/value change was identified in the 8.0.23-8.0.41 release boundary review.
update	ignore_modifier	omitted	unchanged	references/statements/dml/table/update.md	references/statements/dml/table/update.md	https://dev.mysql.com/doc/refman/8.0/en/update.html	static_reviewed	No statement factor/value change was identified in the 8.0.23-8.0.41 release boundary review.
update	order_limit_shape	limit	unchanged	references/statements/dml/table/update.md	references/statements/dml/table/update.md	https://dev.mysql.com/doc/refman/8.0/en/update.html	static_reviewed	No statement factor/value change was identified in the 8.0.23-8.0.41 release boundary review.
update	order_limit_shape	omitted	unchanged	references/statements/dml/table/update.md	references/statements/dml/table/update.md	https://dev.mysql.com/doc/refman/8.0/en/update.html	static_reviewed	No statement factor/value change was identified in the 8.0.23-8.0.41 release boundary review.
update	order_limit_shape	order_by	unchanged	references/statements/dml/table/update.md	references/statements/dml/table/update.md	https://dev.mysql.com/doc/refman/8.0/en/update.html	static_reviewed	No statement factor/value change was identified in the 8.0.23-8.0.41 release boundary review.
update	order_limit_shape	order_by_limit	unchanged	references/statements/dml/table/update.md	references/statements/dml/table/update.md	https://dev.mysql.com/doc/refman/8.0/en/update.html	static_reviewed	No statement factor/value change was identified in the 8.0.23-8.0.41 release boundary review.
update	partition_clause	named_partition	unchanged	references/statements/dml/table/update.md	references/statements/dml/table/update.md	https://dev.mysql.com/doc/refman/8.0/en/update.html	static_reviewed	No statement factor/value change was identified in the 8.0.23-8.0.41 release boundary review.
update	partition_clause	omitted	unchanged	references/statements/dml/table/update.md	references/statements/dml/table/update.md	https://dev.mysql.com/doc/refman/8.0/en/update.html	static_reviewed	No statement factor/value change was identified in the 8.0.23-8.0.41 release boundary review.
update	priority_modifier	low_priority	unchanged	references/statements/dml/table/update.md	references/statements/dml/table/update.md	https://dev.mysql.com/doc/refman/8.0/en/update.html	static_reviewed	No statement factor/value change was identified in the 8.0.23-8.0.41 release boundary review.
update	priority_modifier	omitted	unchanged	references/statements/dml/table/update.md	references/statements/dml/table/update.md	https://dev.mysql.com/doc/refman/8.0/en/update.html	static_reviewed	No statement factor/value change was identified in the 8.0.23-8.0.41 release boundary review.
update	statement_branch	multiple_table	unchanged	references/statements/dml/table/update.md	references/statements/dml/table/update.md	https://dev.mysql.com/doc/refman/8.0/en/update.html	static_reviewed	No statement factor/value change was identified in the 8.0.23-8.0.41 release boundary review.
update	statement_branch	single_table	unchanged	references/statements/dml/table/update.md	references/statements/dml/table/update.md	https://dev.mysql.com/doc/refman/8.0/en/update.html	static_reviewed	No statement factor/value change was identified in the 8.0.23-8.0.41 release boundary review.
use	database_state	exists	unchanged	references/statements/session/database/use.md	references/statements/session/database/use.md	https://dev.mysql.com/doc/refman/8.0/en/use.html	static_reviewed	No statement factor/value change was identified in the 8.0.23-8.0.41 release boundary review.
use	database_state	missing	unchanged	references/statements/session/database/use.md	references/statements/session/database/use.md	https://dev.mysql.com/doc/refman/8.0/en/use.html	static_reviewed	No statement factor/value change was identified in the 8.0.23-8.0.41 release boundary review.
use	expected_status	failure	unchanged	references/statements/session/database/use.md	references/statements/session/database/use.md	https://dev.mysql.com/doc/refman/8.0/en/use.html	static_reviewed	No statement factor/value change was identified in the 8.0.23-8.0.41 release boundary review.
use	expected_status	success	unchanged	references/statements/session/database/use.md	references/statements/session/database/use.md	https://dev.mysql.com/doc/refman/8.0/en/use.html	static_reviewed	No statement factor/value change was identified in the 8.0.23-8.0.41 release boundary review.
use	name_shape	quoted	unchanged	references/statements/session/database/use.md	references/statements/session/database/use.md	https://dev.mysql.com/doc/refman/8.0/en/use.html	static_reviewed	No statement factor/value change was identified in the 8.0.23-8.0.41 release boundary review.
use	name_shape	simple	unchanged	references/statements/session/database/use.md	references/statements/session/database/use.md	https://dev.mysql.com/doc/refman/8.0/en/use.html	static_reviewed	No statement factor/value change was identified in the 8.0.23-8.0.41 release boundary review.
use	privilege_state	has_privilege	unchanged	references/statements/session/database/use.md	references/statements/session/database/use.md	https://dev.mysql.com/doc/refman/8.0/en/use.html	static_reviewed	No statement factor/value change was identified in the 8.0.23-8.0.41 release boundary review.
use	privilege_state	no_privilege	unchanged	references/statements/session/database/use.md	references/statements/session/database/use.md	https://dev.mysql.com/doc/refman/8.0/en/use.html	static_reviewed	No statement factor/value change was identified in the 8.0.23-8.0.41 release boundary review.
values	expected_status	failure	unchanged	references/statements/dml/query/values.md	references/statements/dml/query/values.md	https://dev.mysql.com/doc/refman/8.0/en/values.html	static_reviewed	No statement factor/value change was identified in the 8.0.23-8.0.41 release boundary review.
values	expected_status	success	unchanged	references/statements/dml/query/values.md	references/statements/dml/query/values.md	https://dev.mysql.com/doc/refman/8.0/en/values.html	static_reviewed	No statement factor/value change was identified in the 8.0.23-8.0.41 release boundary review.
values	ordering_limit_shape	limit	unchanged	references/statements/dml/query/values.md	references/statements/dml/query/values.md	https://dev.mysql.com/doc/refman/8.0/en/values.html	static_reviewed	No statement factor/value change was identified in the 8.0.23-8.0.41 release boundary review.
values	ordering_limit_shape	omitted	unchanged	references/statements/dml/query/values.md	references/statements/dml/query/values.md	https://dev.mysql.com/doc/refman/8.0/en/values.html	static_reviewed	No statement factor/value change was identified in the 8.0.23-8.0.41 release boundary review.
values	ordering_limit_shape	order_by	unchanged	references/statements/dml/query/values.md	references/statements/dml/query/values.md	https://dev.mysql.com/doc/refman/8.0/en/values.html	static_reviewed	No statement factor/value change was identified in the 8.0.23-8.0.41 release boundary review.
values	ordering_limit_shape	order_by_limit	unchanged	references/statements/dml/query/values.md	references/statements/dml/query/values.md	https://dev.mysql.com/doc/refman/8.0/en/values.html	static_reviewed	No statement factor/value change was identified in the 8.0.23-8.0.41 release boundary review.
values	row_shape	mismatched_arity	unchanged	references/statements/dml/query/values.md	references/statements/dml/query/values.md	https://dev.mysql.com/doc/refman/8.0/en/values.html	static_reviewed	No statement factor/value change was identified in the 8.0.23-8.0.41 release boundary review.
values	row_shape	multi_row	unchanged	references/statements/dml/query/values.md	references/statements/dml/query/values.md	https://dev.mysql.com/doc/refman/8.0/en/values.html	static_reviewed	No statement factor/value change was identified in the 8.0.23-8.0.41 release boundary review.
values	row_shape	single_row	unchanged	references/statements/dml/query/values.md	references/statements/dml/query/values.md	https://dev.mysql.com/doc/refman/8.0/en/values.html	static_reviewed	No statement factor/value change was identified in the 8.0.23-8.0.41 release boundary review.
xa_commit	expected_status	failure	unchanged	references/statements/tcl/xa/xa_commit.md	references/statements/tcl/xa/xa_commit.md	https://dev.mysql.com/doc/refman/8.0/en/xa-statements.html	static_reviewed	No statement factor/value change was identified in the 8.0.23-8.0.41 release boundary review.
xa_commit	expected_status	success	unchanged	references/statements/tcl/xa/xa_commit.md	references/statements/tcl/xa/xa_commit.md	https://dev.mysql.com/doc/refman/8.0/en/xa-statements.html	static_reviewed	No statement factor/value change was identified in the 8.0.23-8.0.41 release boundary review.
xa_commit	one_phase_shape	omitted	unchanged	references/statements/tcl/xa/xa_commit.md	references/statements/tcl/xa/xa_commit.md	https://dev.mysql.com/doc/refman/8.0/en/xa-statements.html	static_reviewed	No statement factor/value change was identified in the 8.0.23-8.0.41 release boundary review.
xa_commit	one_phase_shape	one_phase	unchanged	references/statements/tcl/xa/xa_commit.md	references/statements/tcl/xa/xa_commit.md	https://dev.mysql.com/doc/refman/8.0/en/xa-statements.html	static_reviewed	No statement factor/value change was identified in the 8.0.23-8.0.41 release boundary review.
xa_commit	xid_state	active_xid	unchanged	references/statements/tcl/xa/xa_commit.md	references/statements/tcl/xa/xa_commit.md	https://dev.mysql.com/doc/refman/8.0/en/xa-statements.html	static_reviewed	No statement factor/value change was identified in the 8.0.23-8.0.41 release boundary review.
xa_commit	xid_state	ended_xid	unchanged	references/statements/tcl/xa/xa_commit.md	references/statements/tcl/xa/xa_commit.md	https://dev.mysql.com/doc/refman/8.0/en/xa-statements.html	static_reviewed	No statement factor/value change was identified in the 8.0.23-8.0.41 release boundary review.
xa_commit	xid_state	missing_xid	unchanged	references/statements/tcl/xa/xa_commit.md	references/statements/tcl/xa/xa_commit.md	https://dev.mysql.com/doc/refman/8.0/en/xa-statements.html	static_reviewed	No statement factor/value change was identified in the 8.0.23-8.0.41 release boundary review.
xa_commit	xid_state	prepared_xid	unchanged	references/statements/tcl/xa/xa_commit.md	references/statements/tcl/xa/xa_commit.md	https://dev.mysql.com/doc/refman/8.0/en/xa-statements.html	static_reviewed	No statement factor/value change was identified in the 8.0.23-8.0.41 release boundary review.
xa_end	expected_status	failure	unchanged	references/statements/tcl/xa/xa_end.md	references/statements/tcl/xa/xa_end.md	https://dev.mysql.com/doc/refman/8.0/en/xa-statements.html	static_reviewed	No statement factor/value change was identified in the 8.0.23-8.0.41 release boundary review.
xa_end	expected_status	success	unchanged	references/statements/tcl/xa/xa_end.md	references/statements/tcl/xa/xa_end.md	https://dev.mysql.com/doc/refman/8.0/en/xa-statements.html	static_reviewed	No statement factor/value change was identified in the 8.0.23-8.0.41 release boundary review.
xa_end	suspend_shape	omitted	unchanged	references/statements/tcl/xa/xa_end.md	references/statements/tcl/xa/xa_end.md	https://dev.mysql.com/doc/refman/8.0/en/xa-statements.html	static_reviewed	No statement factor/value change was identified in the 8.0.23-8.0.41 release boundary review.
xa_end	suspend_shape	suspend	unchanged	references/statements/tcl/xa/xa_end.md	references/statements/tcl/xa/xa_end.md	https://dev.mysql.com/doc/refman/8.0/en/xa-statements.html	static_reviewed	No statement factor/value change was identified in the 8.0.23-8.0.41 release boundary review.
xa_end	suspend_shape	suspend_for_migrate	unchanged	references/statements/tcl/xa/xa_end.md	references/statements/tcl/xa/xa_end.md	https://dev.mysql.com/doc/refman/8.0/en/xa-statements.html	static_reviewed	No statement factor/value change was identified in the 8.0.23-8.0.41 release boundary review.
xa_end	xid_state	active_xid	unchanged	references/statements/tcl/xa/xa_end.md	references/statements/tcl/xa/xa_end.md	https://dev.mysql.com/doc/refman/8.0/en/xa-statements.html	static_reviewed	No statement factor/value change was identified in the 8.0.23-8.0.41 release boundary review.
xa_end	xid_state	missing_xid	unchanged	references/statements/tcl/xa/xa_end.md	references/statements/tcl/xa/xa_end.md	https://dev.mysql.com/doc/refman/8.0/en/xa-statements.html	static_reviewed	No statement factor/value change was identified in the 8.0.23-8.0.41 release boundary review.
xa_end	xid_state	prepared_xid	unchanged	references/statements/tcl/xa/xa_end.md	references/statements/tcl/xa/xa_end.md	https://dev.mysql.com/doc/refman/8.0/en/xa-statements.html	static_reviewed	No statement factor/value change was identified in the 8.0.23-8.0.41 release boundary review.
xa_prepare	expected_status	failure	unchanged	references/statements/tcl/xa/xa_prepare.md	references/statements/tcl/xa/xa_prepare.md	https://dev.mysql.com/doc/refman/8.0/en/xa-statements.html	static_reviewed	No statement factor/value change was identified in the 8.0.23-8.0.41 release boundary review.
xa_prepare	expected_status	success	unchanged	references/statements/tcl/xa/xa_prepare.md	references/statements/tcl/xa/xa_prepare.md	https://dev.mysql.com/doc/refman/8.0/en/xa-statements.html	static_reviewed	No statement factor/value change was identified in the 8.0.23-8.0.41 release boundary review.
xa_prepare	xid_state	active_xid	unchanged	references/statements/tcl/xa/xa_prepare.md	references/statements/tcl/xa/xa_prepare.md	https://dev.mysql.com/doc/refman/8.0/en/xa-statements.html	static_reviewed	No statement factor/value change was identified in the 8.0.23-8.0.41 release boundary review.
xa_prepare	xid_state	already_prepared	unchanged	references/statements/tcl/xa/xa_prepare.md	references/statements/tcl/xa/xa_prepare.md	https://dev.mysql.com/doc/refman/8.0/en/xa-statements.html	static_reviewed	No statement factor/value change was identified in the 8.0.23-8.0.41 release boundary review.
xa_prepare	xid_state	ended_xid	unchanged	references/statements/tcl/xa/xa_prepare.md	references/statements/tcl/xa/xa_prepare.md	https://dev.mysql.com/doc/refman/8.0/en/xa-statements.html	static_reviewed	No statement factor/value change was identified in the 8.0.23-8.0.41 release boundary review.
xa_prepare	xid_state	missing_xid	unchanged	references/statements/tcl/xa/xa_prepare.md	references/statements/tcl/xa/xa_prepare.md	https://dev.mysql.com/doc/refman/8.0/en/xa-statements.html	static_reviewed	No statement factor/value change was identified in the 8.0.23-8.0.41 release boundary review.
xa_recover	convert_xid_shape	convert_xid	unchanged	references/statements/tcl/xa/xa_recover.md	references/statements/tcl/xa/xa_recover.md	https://dev.mysql.com/doc/refman/8.0/en/xa-statements.html	static_reviewed	No statement factor/value change was identified in the 8.0.23-8.0.41 release boundary review.
xa_recover	convert_xid_shape	omitted	unchanged	references/statements/tcl/xa/xa_recover.md	references/statements/tcl/xa/xa_recover.md	https://dev.mysql.com/doc/refman/8.0/en/xa-statements.html	static_reviewed	No statement factor/value change was identified in the 8.0.23-8.0.41 release boundary review.
xa_recover	expected_status	failure	unchanged	references/statements/tcl/xa/xa_recover.md	references/statements/tcl/xa/xa_recover.md	https://dev.mysql.com/doc/refman/8.0/en/xa-statements.html	static_reviewed	No statement factor/value change was identified in the 8.0.23-8.0.41 release boundary review.
xa_recover	expected_status	success	unchanged	references/statements/tcl/xa/xa_recover.md	references/statements/tcl/xa/xa_recover.md	https://dev.mysql.com/doc/refman/8.0/en/xa-statements.html	static_reviewed	No statement factor/value change was identified in the 8.0.23-8.0.41 release boundary review.
xa_recover	privilege_context	insufficient	unchanged	references/statements/tcl/xa/xa_recover.md	references/statements/tcl/xa/xa_recover.md	https://dev.mysql.com/doc/refman/8.0/en/xa-statements.html	static_reviewed	No statement factor/value change was identified in the 8.0.23-8.0.41 release boundary review.
xa_recover	privilege_context	sufficient	unchanged	references/statements/tcl/xa/xa_recover.md	references/statements/tcl/xa/xa_recover.md	https://dev.mysql.com/doc/refman/8.0/en/xa-statements.html	static_reviewed	No statement factor/value change was identified in the 8.0.23-8.0.41 release boundary review.
xa_rollback	expected_status	failure	unchanged	references/statements/tcl/xa/xa_rollback.md	references/statements/tcl/xa/xa_rollback.md	https://dev.mysql.com/doc/refman/8.0/en/xa-statements.html	static_reviewed	No statement factor/value change was identified in the 8.0.23-8.0.41 release boundary review.
xa_rollback	expected_status	success	unchanged	references/statements/tcl/xa/xa_rollback.md	references/statements/tcl/xa/xa_rollback.md	https://dev.mysql.com/doc/refman/8.0/en/xa-statements.html	static_reviewed	No statement factor/value change was identified in the 8.0.23-8.0.41 release boundary review.
xa_rollback	xid_state	active_xid	unchanged	references/statements/tcl/xa/xa_rollback.md	references/statements/tcl/xa/xa_rollback.md	https://dev.mysql.com/doc/refman/8.0/en/xa-statements.html	static_reviewed	No statement factor/value change was identified in the 8.0.23-8.0.41 release boundary review.
xa_rollback	xid_state	ended_xid	unchanged	references/statements/tcl/xa/xa_rollback.md	references/statements/tcl/xa/xa_rollback.md	https://dev.mysql.com/doc/refman/8.0/en/xa-statements.html	static_reviewed	No statement factor/value change was identified in the 8.0.23-8.0.41 release boundary review.
xa_rollback	xid_state	missing_xid	unchanged	references/statements/tcl/xa/xa_rollback.md	references/statements/tcl/xa/xa_rollback.md	https://dev.mysql.com/doc/refman/8.0/en/xa-statements.html	static_reviewed	No statement factor/value change was identified in the 8.0.23-8.0.41 release boundary review.
xa_rollback	xid_state	prepared_xid	unchanged	references/statements/tcl/xa/xa_rollback.md	references/statements/tcl/xa/xa_rollback.md	https://dev.mysql.com/doc/refman/8.0/en/xa-statements.html	static_reviewed	No statement factor/value change was identified in the 8.0.23-8.0.41 release boundary review.
xa_start	expected_status	failure	unchanged	references/statements/tcl/xa/xa_start.md	references/statements/tcl/xa/xa_start.md	https://dev.mysql.com/doc/refman/8.0/en/xa-statements.html	static_reviewed	No statement factor/value change was identified in the 8.0.23-8.0.41 release boundary review.
xa_start	expected_status	success	unchanged	references/statements/tcl/xa/xa_start.md	references/statements/tcl/xa/xa_start.md	https://dev.mysql.com/doc/refman/8.0/en/xa-statements.html	static_reviewed	No statement factor/value change was identified in the 8.0.23-8.0.41 release boundary review.
xa_start	modifier_shape	join	unchanged	references/statements/tcl/xa/xa_start.md	references/statements/tcl/xa/xa_start.md	https://dev.mysql.com/doc/refman/8.0/en/xa-statements.html	static_reviewed	No statement factor/value change was identified in the 8.0.23-8.0.41 release boundary review.
xa_start	modifier_shape	omitted	unchanged	references/statements/tcl/xa/xa_start.md	references/statements/tcl/xa/xa_start.md	https://dev.mysql.com/doc/refman/8.0/en/xa-statements.html	static_reviewed	No statement factor/value change was identified in the 8.0.23-8.0.41 release boundary review.
xa_start	modifier_shape	resume	unchanged	references/statements/tcl/xa/xa_start.md	references/statements/tcl/xa/xa_start.md	https://dev.mysql.com/doc/refman/8.0/en/xa-statements.html	static_reviewed	No statement factor/value change was identified in the 8.0.23-8.0.41 release boundary review.
xa_start	statement_branch	begin	unchanged	references/statements/tcl/xa/xa_start.md	references/statements/tcl/xa/xa_start.md	https://dev.mysql.com/doc/refman/8.0/en/xa-statements.html	static_reviewed	No statement factor/value change was identified in the 8.0.23-8.0.41 release boundary review.
xa_start	statement_branch	start	unchanged	references/statements/tcl/xa/xa_start.md	references/statements/tcl/xa/xa_start.md	https://dev.mysql.com/doc/refman/8.0/en/xa-statements.html	static_reviewed	No statement factor/value change was identified in the 8.0.23-8.0.41 release boundary review.
xa_start	xid_state	active_xid	unchanged	references/statements/tcl/xa/xa_start.md	references/statements/tcl/xa/xa_start.md	https://dev.mysql.com/doc/refman/8.0/en/xa-statements.html	static_reviewed	No statement factor/value change was identified in the 8.0.23-8.0.41 release boundary review.
xa_start	xid_state	new_xid	unchanged	references/statements/tcl/xa/xa_start.md	references/statements/tcl/xa/xa_start.md	https://dev.mysql.com/doc/refman/8.0/en/xa-statements.html	static_reviewed	No statement factor/value change was identified in the 8.0.23-8.0.41 release boundary review.
xa_start	xid_state	prepared_xid	unchanged	references/statements/tcl/xa/xa_start.md	references/statements/tcl/xa/xa_start.md	https://dev.mysql.com/doc/refman/8.0/en/xa-statements.html	static_reviewed	No statement factor/value change was identified in the 8.0.23-8.0.41 release boundary review.
