test_id,type,algorithm,expected,result,status,mismatch
TC-A0001,TINYINT -> SMALLINT,instant,SUCCESS,PASS,PASS,
TC-A0002,TINYINT -> SMALLINT,instant,SUCCESS,PASS,PASS,
TC-A0003,TINYINT -> SMALLINT,instant,SUCCESS,PASS,PASS,
TC-A0004,TINYINT -> SMALLINT,instant,FAILS,PASS,PASS,
TC-A0005,TINYINT -> SMALLINT,instant,SUCCESS,PASS,PASS,
TC-A0006,TINYINT -> SMALLINT,instant,SUCCESS,PASS,PASS,
TC-A0007,TINYINT -> SMALLINT,instant,SUCCESS,PASS,PASS,
TC-A0008,TINYINT -> SMALLINT,instant,SUCCESS,PASS,PASS,
TC-A0009,TINYINT -> SMALLINT,instant,SUCCESS,PASS,PASS,
TC-A0010,TINYINT -> SMALLINT,instant,SUCCESS,PASS,PASS,
TC-A0011,TINYINT -> SMALLINT,instant,SUCCESS,PASS,PASS,
TC-A0012,TINYINT -> SMALLINT,instant,SUCCESS,PASS,PASS,
TC-A0013,TINYINT -> SMALLINT,instant,SUCCESS,PASS,PASS,
TC-A0014,TINYINT -> SMALLINT,instant,SUCCESS,PASS,PASS,
TC-A0015,TINYINT -> SMALLINT,instant,SUCCESS,PASS,PASS,
TC-A0016,TINYINT -> SMALLINT,instant,SUCCESS,PASS,PASS,
TC-A0017,TINYINT -> SMALLINT,instant,SUCCESS,PASS,PASS,
TC-A0018,TINYINT -> SMALLINT,instant,SUCCESS,PASS,PASS,
TC-A0019,TINYINT -> SMALLINT,instant,SUCCESS,PASS,PASS,
TC-A0020,TINYINT -> SMALLINT,instant,SUCCESS,PASS,PASS,
TC-A0021,TINYINT -> SMALLINT,instant,SUCCESS,PASS,PASS,
TC-A0022,TINYINT -> SMALLINT,instant,SUCCESS,PASS,PASS,
TC-A0023,TINYINT -> SMALLINT,instant,SUCCESS,PASS,PASS,
TC-A0024,TINYINT -> SMALLINT,instant,SUCCESS,PASS,PASS,
TC-A0025,TINYINT -> SMALLINT,instant,SUCCESS,PASS,PASS,
TC-A0026,TINYINT -> SMALLINT,instant,SUCCESS,PASS,PASS,
TC-A0027,TINYINT -> SMALLINT,instant,SUCCESS,PASS,PASS,
TC-A0028,TINYINT -> SMALLINT,instant,FAILS,PASS,PASS,
TC-AA0029,TINYINT -> SMALLINT,instant,,PASS,PASS,
TC-A0030,TINYINT -> MEDIUMINT,instant,SUCCESS,PASS,PASS,
TC-A0031,TINYINT -> MEDIUMINT,instant,SUCCESS,PASS,PASS,
TC-A0032,TINYINT -> MEDIUMINT,instant,SUCCESS,PASS,PASS,
TC-A0033,TINYINT -> MEDIUMINT,instant,FAILS,PASS,PASS,
TC-A0034,TINYINT -> MEDIUMINT,instant,SUCCESS,PASS,PASS,
TC-A0035,TINYINT -> MEDIUMINT,instant,SUCCESS,PASS,PASS,
TC-A0036,TINYINT -> MEDIUMINT,instant,SUCCESS,PASS,PASS,
TC-A0037,TINYINT -> MEDIUMINT,instant,SUCCESS,PASS,PASS,
TC-A0038,TINYINT -> MEDIUMINT,instant,SUCCESS,PASS,PASS,
TC-A0039,TINYINT -> MEDIUMINT,instant,SUCCESS,PASS,PASS,
TC-A0040,TINYINT -> MEDIUMINT,instant,SUCCESS,PASS,PASS,
TC-A0041,TINYINT -> MEDIUMINT,instant,SUCCESS,PASS,PASS,
TC-A0042,TINYINT -> MEDIUMINT,instant,SUCCESS,PASS,PASS,
TC-A0043,TINYINT -> MEDIUMINT,instant,SUCCESS,PASS,PASS,
TC-A0044,TINYINT -> MEDIUMINT,instant,SUCCESS,PASS,PASS,
TC-A0045,TINYINT -> MEDIUMINT,instant,SUCCESS,PASS,PASS,
TC-A0046,TINYINT -> MEDIUMINT,instant,SUCCESS,PASS,PASS,
TC-A0047,TINYINT -> MEDIUMINT,instant,SUCCESS,PASS,PASS,
TC-A0048,TINYINT -> MEDIUMINT,instant,SUCCESS,PASS,PASS,
TC-A0049,TINYINT -> MEDIUMINT,instant,SUCCESS,PASS,PASS,
TC-A0050,TINYINT -> MEDIUMINT,instant,SUCCESS,PASS,PASS,
TC-A0051,TINYINT -> MEDIUMINT,instant,SUCCESS,PASS,PASS,
TC-A0052,TINYINT -> MEDIUMINT,instant,SUCCESS,PASS,PASS,
TC-A0053,TINYINT -> MEDIUMINT,instant,SUCCESS,PASS,PASS,
TC-A0054,TINYINT -> MEDIUMINT,instant,SUCCESS,PASS,PASS,
TC-A0055,TINYINT -> MEDIUMINT,instant,SUCCESS,PASS,PASS,
TC-A0056,TINYINT -> MEDIUMINT,instant,SUCCESS,PASS,PASS,
TC-A0057,TINYINT -> MEDIUMINT,instant,FAILS,PASS,PASS,
TC-AA0058,TINYINT -> MEDIUMINT,instant,,PASS,PASS,
TC-A0059,TINYINT -> INT,instant,SUCCESS,PASS,PASS,
TC-A0060,TINYINT -> INT,instant,SUCCESS,PASS,PASS,
TC-A0061,TINYINT -> INT,instant,SUCCESS,PASS,PASS,
TC-A0062,TINYINT -> INT,instant,FAILS,PASS,PASS,
TC-A0063,TINYINT -> INT,instant,SUCCESS,PASS,PASS,
TC-A0064,TINYINT -> INT,instant,SUCCESS,PASS,PASS,
TC-A0065,TINYINT -> INT,instant,SUCCESS,PASS,PASS,
TC-A0066,TINYINT -> INT,instant,SUCCESS,PASS,PASS,
TC-A0067,TINYINT -> INT,instant,SUCCESS,PASS,PASS,
TC-A0068,TINYINT -> INT,instant,SUCCESS,PASS,PASS,
TC-A0069,TINYINT -> INT,instant,SUCCESS,PASS,PASS,
TC-A0070,TINYINT -> INT,instant,SUCCESS,PASS,PASS,
TC-A0071,TINYINT -> INT,instant,SUCCESS,PASS,PASS,
TC-A0072,TINYINT -> INT,instant,SUCCESS,PASS,PASS,
TC-A0073,TINYINT -> INT,instant,SUCCESS,PASS,PASS,
TC-A0074,TINYINT -> INT,instant,SUCCESS,PASS,PASS,
TC-A0075,TINYINT -> INT,instant,SUCCESS,PASS,PASS,
TC-A0076,TINYINT -> INT,instant,SUCCESS,PASS,PASS,
TC-A0077,TINYINT -> INT,instant,SUCCESS,PASS,PASS,
TC-A0078,TINYINT -> INT,instant,SUCCESS,PASS,PASS,
TC-A0079,TINYINT -> INT,instant,SUCCESS,PASS,PASS,
TC-A0080,TINYINT -> INT,instant,SUCCESS,PASS,PASS,
TC-A0081,TINYINT -> INT,instant,SUCCESS,PASS,PASS,
TC-A0082,TINYINT -> INT,instant,SUCCESS,PASS,PASS,
TC-A0083,TINYINT -> INT,instant,SUCCESS,PASS,PASS,
TC-A0084,TINYINT -> INT,instant,SUCCESS,PASS,PASS,
TC-A0085,TINYINT -> INT,instant,SUCCESS,PASS,PASS,
TC-A0086,TINYINT -> INT,instant,FAILS,PASS,PASS,
TC-AA0087,TINYINT -> INT,instant,,PASS,PASS,
TC-A0088,TINYINT -> BIGINT,instant,SUCCESS,PASS,PASS,
TC-A0089,TINYINT -> BIGINT,instant,SUCCESS,PASS,PASS,
TC-A0090,TINYINT -> BIGINT,instant,SUCCESS,PASS,PASS,
TC-A0091,TINYINT -> BIGINT,instant,FAILS,PASS,PASS,
TC-A0092,TINYINT -> BIGINT,instant,SUCCESS,PASS,PASS,
TC-A0093,TINYINT -> BIGINT,instant,SUCCESS,PASS,PASS,
TC-A0094,TINYINT -> BIGINT,instant,SUCCESS,PASS,PASS,
TC-A0095,TINYINT -> BIGINT,instant,SUCCESS,PASS,PASS,
TC-A0096,TINYINT -> BIGINT,instant,SUCCESS,PASS,PASS,
TC-A0097,TINYINT -> BIGINT,instant,SUCCESS,PASS,PASS,
TC-A0098,TINYINT -> BIGINT,instant,SUCCESS,PASS,PASS,
TC-A0099,TINYINT -> BIGINT,instant,SUCCESS,PASS,PASS,
TC-A0100,TINYINT -> BIGINT,instant,SUCCESS,PASS,PASS,
TC-A0101,TINYINT -> BIGINT,instant,SUCCESS,PASS,PASS,
TC-A0102,TINYINT -> BIGINT,instant,SUCCESS,PASS,PASS,
TC-A0103,TINYINT -> BIGINT,instant,SUCCESS,PASS,PASS,
TC-A0104,TINYINT -> BIGINT,instant,SUCCESS,PASS,PASS,
TC-A0105,TINYINT -> BIGINT,instant,SUCCESS,PASS,PASS,
TC-A0106,TINYINT -> BIGINT,instant,SUCCESS,PASS,PASS,
TC-A0107,TINYINT -> BIGINT,instant,SUCCESS,PASS,PASS,
TC-A0108,TINYINT -> BIGINT,instant,SUCCESS,PASS,PASS,
TC-A0109,TINYINT -> BIGINT,instant,SUCCESS,PASS,PASS,
TC-A0110,TINYINT -> BIGINT,instant,SUCCESS,PASS,PASS,
TC-A0111,TINYINT -> BIGINT,instant,SUCCESS,PASS,PASS,
TC-A0112,TINYINT -> BIGINT,instant,SUCCESS,PASS,PASS,
TC-A0113,TINYINT -> BIGINT,instant,SUCCESS,PASS,PASS,
TC-A0114,TINYINT -> BIGINT,instant,SUCCESS,PASS,PASS,
TC-A0115,TINYINT -> BIGINT,instant,FAILS,PASS,PASS,
TC-AA0116,TINYINT -> BIGINT,instant,,PASS,PASS,
TC-A0117,SMALLINT -> MEDIUMINT,instant,SUCCESS,PASS,PASS,
TC-A0118,SMALLINT -> MEDIUMINT,instant,SUCCESS,PASS,PASS,
TC-A0119,SMALLINT -> MEDIUMINT,instant,SUCCESS,PASS,PASS,
TC-A0120,SMALLINT -> MEDIUMINT,instant,FAILS,PASS,PASS,
TC-A0121,SMALLINT -> MEDIUMINT,instant,SUCCESS,PASS,PASS,
TC-A0122,SMALLINT -> MEDIUMINT,instant,SUCCESS,PASS,PASS,
TC-A0123,SMALLINT -> MEDIUMINT,instant,SUCCESS,PASS,PASS,
TC-A0124,SMALLINT -> MEDIUMINT,instant,SUCCESS,PASS,PASS,
TC-A0125,SMALLINT -> MEDIUMINT,instant,SUCCESS,PASS,PASS,
TC-A0126,SMALLINT -> MEDIUMINT,instant,SUCCESS,PASS,PASS,
TC-A0127,SMALLINT -> MEDIUMINT,instant,SUCCESS,PASS,PASS,
TC-A0128,SMALLINT -> MEDIUMINT,instant,SUCCESS,PASS,PASS,
TC-A0129,SMALLINT -> MEDIUMINT,instant,SUCCESS,PASS,PASS,
TC-A0130,SMALLINT -> MEDIUMINT,instant,SUCCESS,PASS,PASS,
TC-A0131,SMALLINT -> MEDIUMINT,instant,SUCCESS,PASS,PASS,
TC-A0132,SMALLINT -> MEDIUMINT,instant,SUCCESS,PASS,PASS,
TC-A0133,SMALLINT -> MEDIUMINT,instant,SUCCESS,PASS,PASS,
TC-A0134,SMALLINT -> MEDIUMINT,instant,SUCCESS,PASS,PASS,
TC-A0135,SMALLINT -> MEDIUMINT,instant,SUCCESS,PASS,PASS,
TC-A0136,SMALLINT -> MEDIUMINT,instant,SUCCESS,PASS,PASS,
TC-A0137,SMALLINT -> MEDIUMINT,instant,SUCCESS,PASS,PASS,
TC-A0138,SMALLINT -> MEDIUMINT,instant,SUCCESS,PASS,PASS,
TC-A0139,SMALLINT -> MEDIUMINT,instant,SUCCESS,PASS,PASS,
TC-A0140,SMALLINT -> MEDIUMINT,instant,SUCCESS,PASS,PASS,
TC-A0141,SMALLINT -> MEDIUMINT,instant,SUCCESS,PASS,PASS,
TC-A0142,SMALLINT -> MEDIUMINT,instant,SUCCESS,PASS,PASS,
TC-A0143,SMALLINT -> MEDIUMINT,instant,SUCCESS,PASS,PASS,
TC-A0144,SMALLINT -> MEDIUMINT,instant,FAILS,PASS,PASS,
TC-AA0145,SMALLINT -> MEDIUMINT,instant,,PASS,PASS,
TC-A0146,SMALLINT -> INT,instant,SUCCESS,PASS,PASS,
TC-A0147,SMALLINT -> INT,instant,SUCCESS,PASS,PASS,
TC-A0148,SMALLINT -> INT,instant,SUCCESS,PASS,PASS,
TC-A0149,SMALLINT -> INT,instant,FAILS,PASS,PASS,
TC-A0150,SMALLINT -> INT,instant,SUCCESS,PASS,PASS,
TC-A0151,SMALLINT -> INT,instant,SUCCESS,PASS,PASS,
TC-A0152,SMALLINT -> INT,instant,SUCCESS,PASS,PASS,
TC-A0153,SMALLINT -> INT,instant,SUCCESS,PASS,PASS,
TC-A0154,SMALLINT -> INT,instant,SUCCESS,PASS,PASS,
TC-A0155,SMALLINT -> INT,instant,SUCCESS,PASS,PASS,
TC-A0156,SMALLINT -> INT,instant,SUCCESS,PASS,PASS,
TC-A0157,SMALLINT -> INT,instant,SUCCESS,PASS,PASS,
TC-A0158,SMALLINT -> INT,instant,SUCCESS,PASS,PASS,
TC-A0159,SMALLINT -> INT,instant,SUCCESS,PASS,PASS,
TC-A0160,SMALLINT -> INT,instant,SUCCESS,PASS,PASS,
TC-A0161,SMALLINT -> INT,instant,SUCCESS,PASS,PASS,
TC-A0162,SMALLINT -> INT,instant,SUCCESS,PASS,PASS,
TC-A0163,SMALLINT -> INT,instant,SUCCESS,PASS,PASS,
TC-A0164,SMALLINT -> INT,instant,SUCCESS,PASS,PASS,
TC-A0165,SMALLINT -> INT,instant,SUCCESS,PASS,PASS,
TC-A0166,SMALLINT -> INT,instant,SUCCESS,PASS,PASS,
TC-A0167,SMALLINT -> INT,instant,SUCCESS,PASS,PASS,
TC-A0168,SMALLINT -> INT,instant,SUCCESS,PASS,PASS,
TC-A0169,SMALLINT -> INT,instant,SUCCESS,PASS,PASS,
TC-A0170,SMALLINT -> INT,instant,SUCCESS,PASS,PASS,
TC-A0171,SMALLINT -> INT,instant,SUCCESS,PASS,PASS,
TC-A0172,SMALLINT -> INT,instant,SUCCESS,PASS,PASS,
TC-A0173,SMALLINT -> INT,instant,FAILS,PASS,PASS,
TC-AA0174,SMALLINT -> INT,instant,,PASS,PASS,
TC-A0175,SMALLINT -> BIGINT,instant,SUCCESS,PASS,PASS,
TC-A0176,SMALLINT -> BIGINT,instant,SUCCESS,PASS,PASS,
TC-A0177,SMALLINT -> BIGINT,instant,SUCCESS,PASS,PASS,
TC-A0178,SMALLINT -> BIGINT,instant,FAILS,PASS,PASS,
TC-A0179,SMALLINT -> BIGINT,instant,SUCCESS,PASS,PASS,
TC-A0180,SMALLINT -> BIGINT,instant,SUCCESS,PASS,PASS,
TC-A0181,SMALLINT -> BIGINT,instant,SUCCESS,PASS,PASS,
TC-A0182,SMALLINT -> BIGINT,instant,SUCCESS,PASS,PASS,
TC-A0183,SMALLINT -> BIGINT,instant,SUCCESS,PASS,PASS,
TC-A0184,SMALLINT -> BIGINT,instant,SUCCESS,PASS,PASS,
TC-A0185,SMALLINT -> BIGINT,instant,SUCCESS,PASS,PASS,
TC-A0186,SMALLINT -> BIGINT,instant,SUCCESS,PASS,PASS,
TC-A0187,SMALLINT -> BIGINT,instant,SUCCESS,PASS,PASS,
TC-A0188,SMALLINT -> BIGINT,instant,SUCCESS,PASS,PASS,
TC-A0189,SMALLINT -> BIGINT,instant,SUCCESS,PASS,PASS,
TC-A0190,SMALLINT -> BIGINT,instant,SUCCESS,PASS,PASS,
TC-A0191,SMALLINT -> BIGINT,instant,SUCCESS,PASS,PASS,
TC-A0192,SMALLINT -> BIGINT,instant,SUCCESS,PASS,PASS,
TC-A0193,SMALLINT -> BIGINT,instant,SUCCESS,PASS,PASS,
TC-A0194,SMALLINT -> BIGINT,instant,SUCCESS,PASS,PASS,
TC-A0195,SMALLINT -> BIGINT,instant,SUCCESS,PASS,PASS,
TC-A0196,SMALLINT -> BIGINT,instant,SUCCESS,PASS,PASS,
TC-A0197,SMALLINT -> BIGINT,instant,SUCCESS,PASS,PASS,
TC-A0198,SMALLINT -> BIGINT,instant,SUCCESS,PASS,PASS,
TC-A0199,SMALLINT -> BIGINT,instant,SUCCESS,PASS,PASS,
TC-A0200,SMALLINT -> BIGINT,instant,SUCCESS,PASS,PASS,
TC-A0201,SMALLINT -> BIGINT,instant,SUCCESS,PASS,PASS,
TC-A0202,SMALLINT -> BIGINT,instant,FAILS,PASS,PASS,
TC-AA0203,SMALLINT -> BIGINT,instant,,PASS,PASS,
TC-A0204,MEDIUMINT -> INT,instant,SUCCESS,PASS,PASS,
TC-A0205,MEDIUMINT -> INT,instant,SUCCESS,PASS,PASS,
TC-A0206,MEDIUMINT -> INT,instant,SUCCESS,PASS,PASS,
TC-A0207,MEDIUMINT -> INT,instant,FAILS,PASS,PASS,
TC-A0208,MEDIUMINT -> INT,instant,SUCCESS,PASS,PASS,
TC-A0209,MEDIUMINT -> INT,instant,SUCCESS,PASS,PASS,
TC-A0210,MEDIUMINT -> INT,instant,SUCCESS,PASS,PASS,
TC-A0211,MEDIUMINT -> INT,instant,SUCCESS,PASS,PASS,
TC-A0212,MEDIUMINT -> INT,instant,SUCCESS,PASS,PASS,
TC-A0213,MEDIUMINT -> INT,instant,SUCCESS,PASS,PASS,
TC-A0214,MEDIUMINT -> INT,instant,SUCCESS,PASS,PASS,
TC-A0215,MEDIUMINT -> INT,instant,SUCCESS,PASS,PASS,
TC-A0216,MEDIUMINT -> INT,instant,SUCCESS,PASS,PASS,
TC-A0217,MEDIUMINT -> INT,instant,SUCCESS,PASS,PASS,
TC-A0218,MEDIUMINT -> INT,instant,SUCCESS,PASS,PASS,
TC-A0219,MEDIUMINT -> INT,instant,SUCCESS,PASS,PASS,
TC-A0220,MEDIUMINT -> INT,instant,SUCCESS,PASS,PASS,
TC-A0221,MEDIUMINT -> INT,instant,SUCCESS,PASS,PASS,
TC-A0222,MEDIUMINT -> INT,instant,SUCCESS,PASS,PASS,
TC-A0223,MEDIUMINT -> INT,instant,SUCCESS,PASS,PASS,
TC-A0224,MEDIUMINT -> INT,instant,SUCCESS,PASS,PASS,
TC-A0225,MEDIUMINT -> INT,instant,SUCCESS,PASS,PASS,
TC-A0226,MEDIUMINT -> INT,instant,SUCCESS,PASS,PASS,
TC-A0227,MEDIUMINT -> INT,instant,SUCCESS,PASS,PASS,
TC-A0228,MEDIUMINT -> INT,instant,SUCCESS,PASS,PASS,
TC-A0229,MEDIUMINT -> INT,instant,SUCCESS,PASS,PASS,
TC-A0230,MEDIUMINT -> INT,instant,SUCCESS,PASS,PASS,
TC-A0231,MEDIUMINT -> INT,instant,FAILS,PASS,PASS,
TC-AA0232,MEDIUMINT -> INT,instant,,PASS,PASS,
TC-A0233,MEDIUMINT -> BIGINT,instant,SUCCESS,PASS,PASS,
TC-A0234,MEDIUMINT -> BIGINT,instant,SUCCESS,PASS,PASS,
TC-A0235,MEDIUMINT -> BIGINT,instant,SUCCESS,PASS,PASS,
TC-A0236,MEDIUMINT -> BIGINT,instant,FAILS,PASS,PASS,
TC-A0237,MEDIUMINT -> BIGINT,instant,SUCCESS,PASS,PASS,
TC-A0238,MEDIUMINT -> BIGINT,instant,SUCCESS,PASS,PASS,
TC-A0239,MEDIUMINT -> BIGINT,instant,SUCCESS,PASS,PASS,
TC-A0240,MEDIUMINT -> BIGINT,instant,SUCCESS,PASS,PASS,
TC-A0241,MEDIUMINT -> BIGINT,instant,SUCCESS,PASS,PASS,
TC-A0242,MEDIUMINT -> BIGINT,instant,SUCCESS,PASS,PASS,
TC-A0243,MEDIUMINT -> BIGINT,instant,SUCCESS,PASS,PASS,
TC-A0244,MEDIUMINT -> BIGINT,instant,SUCCESS,PASS,PASS,
TC-A0245,MEDIUMINT -> BIGINT,instant,SUCCESS,PASS,PASS,
TC-A0246,MEDIUMINT -> BIGINT,instant,SUCCESS,PASS,PASS,
TC-A0247,MEDIUMINT -> BIGINT,instant,SUCCESS,PASS,PASS,
TC-A0248,MEDIUMINT -> BIGINT,instant,SUCCESS,PASS,PASS,
TC-A0249,MEDIUMINT -> BIGINT,instant,SUCCESS,PASS,PASS,
TC-A0250,MEDIUMINT -> BIGINT,instant,SUCCESS,PASS,PASS,
TC-A0251,MEDIUMINT -> BIGINT,instant,SUCCESS,PASS,PASS,
TC-A0252,MEDIUMINT -> BIGINT,instant,SUCCESS,PASS,PASS,
TC-A0253,MEDIUMINT -> BIGINT,instant,SUCCESS,PASS,PASS,
TC-A0254,MEDIUMINT -> BIGINT,instant,SUCCESS,PASS,PASS,
TC-A0255,MEDIUMINT -> BIGINT,instant,SUCCESS,PASS,PASS,
TC-A0256,MEDIUMINT -> BIGINT,instant,SUCCESS,PASS,PASS,
TC-A0257,MEDIUMINT -> BIGINT,instant,SUCCESS,PASS,PASS,
TC-A0258,MEDIUMINT -> BIGINT,instant,SUCCESS,PASS,PASS,
TC-A0259,MEDIUMINT -> BIGINT,instant,SUCCESS,PASS,PASS,
TC-A0260,MEDIUMINT -> BIGINT,instant,FAILS,PASS,PASS,
TC-AA0261,MEDIUMINT -> BIGINT,instant,,PASS,PASS,
TC-A0262,INT -> BIGINT,instant,SUCCESS,PASS,PASS,
TC-A0263,INT -> BIGINT,instant,SUCCESS,PASS,PASS,
TC-A0264,INT -> BIGINT,instant,SUCCESS,PASS,PASS,
TC-A0265,INT -> BIGINT,instant,FAILS,PASS,PASS,
TC-A0266,INT -> BIGINT,instant,SUCCESS,PASS,PASS,
TC-A0267,INT -> BIGINT,instant,SUCCESS,PASS,PASS,
TC-A0268,INT -> BIGINT,instant,SUCCESS,PASS,PASS,
TC-A0269,INT -> BIGINT,instant,SUCCESS,PASS,PASS,
TC-A0270,INT -> BIGINT,instant,SUCCESS,PASS,PASS,
TC-A0271,INT -> BIGINT,instant,SUCCESS,PASS,PASS,
TC-A0272,INT -> BIGINT,instant,SUCCESS,PASS,PASS,
TC-A0273,INT -> BIGINT,instant,SUCCESS,PASS,PASS,
TC-A0274,INT -> BIGINT,instant,SUCCESS,PASS,PASS,
TC-A0275,INT -> BIGINT,instant,SUCCESS,PASS,PASS,
TC-A0276,INT -> BIGINT,instant,SUCCESS,PASS,PASS,
TC-A0277,INT -> BIGINT,instant,SUCCESS,PASS,PASS,
TC-A0278,INT -> BIGINT,instant,SUCCESS,PASS,PASS,
TC-A0279,INT -> BIGINT,instant,SUCCESS,PASS,PASS,
TC-A0280,INT -> BIGINT,instant,SUCCESS,PASS,PASS,
TC-A0281,INT -> BIGINT,instant,SUCCESS,PASS,PASS,
TC-A0282,INT -> BIGINT,instant,SUCCESS,PASS,PASS,
TC-A0283,INT -> BIGINT,instant,SUCCESS,PASS,PASS,
TC-A0284,INT -> BIGINT,instant,SUCCESS,PASS,PASS,
TC-A0285,INT -> BIGINT,instant,SUCCESS,PASS,PASS,
TC-A0286,INT -> BIGINT,instant,SUCCESS,PASS,PASS,
TC-A0287,INT -> BIGINT,instant,SUCCESS,PASS,PASS,
TC-A0288,INT -> BIGINT,instant,SUCCESS,PASS,PASS,
TC-A0289,INT -> BIGINT,instant,FAILS,PASS,PASS,
TC-AA0290,INT -> BIGINT,instant,,PASS,PASS,
TC-A0001,TINYINT -> SMALLINT,inplace,SUCCESS,PASS,PASS,
TC-A0002,TINYINT -> SMALLINT,inplace,SUCCESS,PASS,PASS,
TC-A0003,TINYINT -> SMALLINT,inplace,SUCCESS,PASS,PASS,
TC-A0004,TINYINT -> SMALLINT,inplace,SUCCESS,PASS,PASS,
TC-A0005,TINYINT -> SMALLINT,inplace,SUCCESS,PASS,PASS,
TC-A0006,TINYINT -> SMALLINT,inplace,SUCCESS,PASS,PASS,
TC-A0007,TINYINT -> SMALLINT,inplace,SUCCESS,PASS,PASS,
TC-A0008,TINYINT -> SMALLINT,inplace,SUCCESS,PASS,PASS,
TC-A0009,TINYINT -> SMALLINT,inplace,SUCCESS,PASS,PASS,
TC-A0010,TINYINT -> SMALLINT,inplace,SUCCESS,PASS,PASS,
TC-A0011,TINYINT -> SMALLINT,inplace,SUCCESS,PASS,PASS,
TC-A0012,TINYINT -> SMALLINT,inplace,SUCCESS,PASS,PASS,
TC-A0013,TINYINT -> SMALLINT,inplace,SUCCESS,PASS,PASS,
TC-A0014,TINYINT -> SMALLINT,inplace,SUCCESS,PASS,PASS,
TC-A0015,TINYINT -> SMALLINT,inplace,SUCCESS,PASS,PASS,
TC-A0016,TINYINT -> SMALLINT,inplace,SUCCESS,PASS,PASS,
TC-A0017,TINYINT -> SMALLINT,inplace,SUCCESS,PASS,PASS,
TC-A0018,TINYINT -> SMALLINT,inplace,SUCCESS,PASS,PASS,
TC-A0019,TINYINT -> SMALLINT,inplace,SUCCESS,PASS,PASS,
TC-A0020,TINYINT -> SMALLINT,inplace,SUCCESS,PASS,PASS,
TC-A0021,TINYINT -> SMALLINT,inplace,SUCCESS,PASS,PASS,
TC-A0022,TINYINT -> SMALLINT,inplace,SUCCESS,PASS,PASS,
TC-A0023,TINYINT -> SMALLINT,inplace,SUCCESS,PASS,PASS,
TC-A0024,TINYINT -> SMALLINT,inplace,SUCCESS,PASS,PASS,
TC-A0025,TINYINT -> SMALLINT,inplace,SUCCESS,PASS,PASS,
TC-A0026,TINYINT -> SMALLINT,inplace,SUCCESS,PASS,PASS,
TC-A0027,TINYINT -> SMALLINT,inplace,FAILS,PASS,PASS,
TC-A0028,TINYINT -> SMALLINT,inplace,SUCCESS,PASS,PASS,
TC-A0029,TINYINT -> SMALLINT,inplace,SUCCESS,PASS,PASS,
TC-A0030,TINYINT -> SMALLINT,inplace,SUCCESS,PASS,PASS,
TC-A0031,TINYINT -> SMALLINT,inplace,SUCCESS,PASS,PASS,
TC-A0032,TINYINT -> SMALLINT,inplace,SUCCESS,PASS,PASS,
TC-A0033,TINYINT -> SMALLINT,inplace,SUCCESS,PASS,PASS,
TC-AA0034,TINYINT -> SMALLINT,inplace,,PASS,PASS,
TC-A0035,TINYINT -> MEDIUMINT,inplace,SUCCESS,PASS,PASS,
TC-A0036,TINYINT -> MEDIUMINT,inplace,SUCCESS,PASS,PASS,
TC-A0037,TINYINT -> MEDIUMINT,inplace,SUCCESS,PASS,PASS,
TC-A0038,TINYINT -> MEDIUMINT,inplace,SUCCESS,PASS,PASS,
TC-A0039,TINYINT -> MEDIUMINT,inplace,SUCCESS,PASS,PASS,
TC-A0040,TINYINT -> MEDIUMINT,inplace,SUCCESS,PASS,PASS,
TC-A0041,TINYINT -> MEDIUMINT,inplace,SUCCESS,PASS,PASS,
TC-A0042,TINYINT -> MEDIUMINT,inplace,SUCCESS,PASS,PASS,
TC-A0043,TINYINT -> MEDIUMINT,inplace,SUCCESS,PASS,PASS,
TC-A0044,TINYINT -> MEDIUMINT,inplace,SUCCESS,PASS,PASS,
TC-A0045,TINYINT -> MEDIUMINT,inplace,SUCCESS,PASS,PASS,
TC-A0046,TINYINT -> MEDIUMINT,inplace,SUCCESS,PASS,PASS,
TC-A0047,TINYINT -> MEDIUMINT,inplace,SUCCESS,PASS,PASS,
TC-A0048,TINYINT -> MEDIUMINT,inplace,SUCCESS,PASS,PASS,
TC-A0049,TINYINT -> MEDIUMINT,inplace,SUCCESS,PASS,PASS,
TC-A0050,TINYINT -> MEDIUMINT,inplace,SUCCESS,PASS,PASS,
TC-A0051,TINYINT -> MEDIUMINT,inplace,SUCCESS,PASS,PASS,
TC-A0052,TINYINT -> MEDIUMINT,inplace,SUCCESS,PASS,PASS,
TC-A0053,TINYINT -> MEDIUMINT,inplace,SUCCESS,PASS,PASS,
TC-A0054,TINYINT -> MEDIUMINT,inplace,SUCCESS,PASS,PASS,
TC-A0055,TINYINT -> MEDIUMINT,inplace,SUCCESS,PASS,PASS,
TC-A0056,TINYINT -> MEDIUMINT,inplace,SUCCESS,PASS,PASS,
TC-A0057,TINYINT -> MEDIUMINT,inplace,SUCCESS,PASS,PASS,
TC-A0058,TINYINT -> MEDIUMINT,inplace,SUCCESS,PASS,PASS,
TC-A0059,TINYINT -> MEDIUMINT,inplace,SUCCESS,PASS,PASS,
TC-A0060,TINYINT -> MEDIUMINT,inplace,SUCCESS,PASS,PASS,
TC-A0061,TINYINT -> MEDIUMINT,inplace,FAILS,PASS,PASS,
TC-A0062,TINYINT -> MEDIUMINT,inplace,SUCCESS,PASS,PASS,
TC-A0063,TINYINT -> MEDIUMINT,inplace,SUCCESS,PASS,PASS,
TC-A0064,TINYINT -> MEDIUMINT,inplace,SUCCESS,PASS,PASS,
TC-A0065,TINYINT -> MEDIUMINT,inplace,SUCCESS,PASS,PASS,
TC-A0066,TINYINT -> MEDIUMINT,inplace,SUCCESS,PASS,PASS,
TC-A0067,TINYINT -> MEDIUMINT,inplace,SUCCESS,PASS,PASS,
TC-AA0068,TINYINT -> MEDIUMINT,inplace,,PASS,PASS,
TC-A0069,TINYINT -> INT,inplace,SUCCESS,PASS,PASS,
TC-A0070,TINYINT -> INT,inplace,SUCCESS,PASS,PASS,
TC-A0071,TINYINT -> INT,inplace,SUCCESS,PASS,PASS,
TC-A0072,TINYINT -> INT,inplace,SUCCESS,PASS,PASS,
TC-A0073,TINYINT -> INT,inplace,SUCCESS,PASS,PASS,
TC-A0074,TINYINT -> INT,inplace,SUCCESS,PASS,PASS,
TC-A0075,TINYINT -> INT,inplace,SUCCESS,PASS,PASS,
TC-A0076,TINYINT -> INT,inplace,SUCCESS,PASS,PASS,
TC-A0077,TINYINT -> INT,inplace,SUCCESS,PASS,PASS,
TC-A0078,TINYINT -> INT,inplace,SUCCESS,PASS,PASS,
TC-A0079,TINYINT -> INT,inplace,SUCCESS,PASS,PASS,
TC-A0080,TINYINT -> INT,inplace,SUCCESS,PASS,PASS,
TC-A0081,TINYINT -> INT,inplace,SUCCESS,PASS,PASS,
TC-A0082,TINYINT -> INT,inplace,SUCCESS,PASS,PASS,
TC-A0083,TINYINT -> INT,inplace,SUCCESS,PASS,PASS,
TC-A0084,TINYINT -> INT,inplace,SUCCESS,PASS,PASS,
TC-A0085,TINYINT -> INT,inplace,SUCCESS,PASS,PASS,
TC-A0086,TINYINT -> INT,inplace,SUCCESS,PASS,PASS,
TC-A0087,TINYINT -> INT,inplace,SUCCESS,PASS,PASS,
TC-A0088,TINYINT -> INT,inplace,SUCCESS,PASS,PASS,
TC-A0089,TINYINT -> INT,inplace,SUCCESS,PASS,PASS,
TC-A0090,TINYINT -> INT,inplace,SUCCESS,PASS,PASS,
TC-A0091,TINYINT -> INT,inplace,SUCCESS,PASS,PASS,
TC-A0092,TINYINT -> INT,inplace,SUCCESS,PASS,PASS,
TC-A0093,TINYINT -> INT,inplace,SUCCESS,PASS,PASS,
TC-A0094,TINYINT -> INT,inplace,SUCCESS,PASS,PASS,
TC-A0095,TINYINT -> INT,inplace,FAILS,PASS,PASS,
TC-A0096,TINYINT -> INT,inplace,SUCCESS,PASS,PASS,
TC-A0097,TINYINT -> INT,inplace,SUCCESS,PASS,PASS,
TC-A0098,TINYINT -> INT,inplace,SUCCESS,PASS,PASS,
TC-A0099,TINYINT -> INT,inplace,SUCCESS,PASS,PASS,
TC-A0100,TINYINT -> INT,inplace,SUCCESS,PASS,PASS,
TC-A0101,TINYINT -> INT,inplace,SUCCESS,PASS,PASS,
TC-AA0102,TINYINT -> INT,inplace,,PASS,PASS,
TC-A0103,TINYINT -> BIGINT,inplace,SUCCESS,PASS,PASS,
TC-A0104,TINYINT -> BIGINT,inplace,SUCCESS,PASS,PASS,
TC-A0105,TINYINT -> BIGINT,inplace,SUCCESS,PASS,PASS,
TC-A0106,TINYINT -> BIGINT,inplace,SUCCESS,PASS,PASS,
TC-A0107,TINYINT -> BIGINT,inplace,SUCCESS,PASS,PASS,
TC-A0108,TINYINT -> BIGINT,inplace,SUCCESS,PASS,PASS,
TC-A0109,TINYINT -> BIGINT,inplace,SUCCESS,PASS,PASS,
TC-A0110,TINYINT -> BIGINT,inplace,SUCCESS,PASS,PASS,
TC-A0111,TINYINT -> BIGINT,inplace,SUCCESS,PASS,PASS,
TC-A0112,TINYINT -> BIGINT,inplace,SUCCESS,PASS,PASS,
TC-A0113,TINYINT -> BIGINT,inplace,SUCCESS,PASS,PASS,
TC-A0114,TINYINT -> BIGINT,inplace,SUCCESS,PASS,PASS,
TC-A0115,TINYINT -> BIGINT,inplace,SUCCESS,PASS,PASS,
TC-A0116,TINYINT -> BIGINT,inplace,SUCCESS,PASS,PASS,
TC-A0117,TINYINT -> BIGINT,inplace,SUCCESS,PASS,PASS,
TC-A0118,TINYINT -> BIGINT,inplace,SUCCESS,PASS,PASS,
TC-A0119,TINYINT -> BIGINT,inplace,SUCCESS,PASS,PASS,
TC-A0120,TINYINT -> BIGINT,inplace,SUCCESS,PASS,PASS,
TC-A0121,TINYINT -> BIGINT,inplace,SUCCESS,PASS,PASS,
TC-A0122,TINYINT -> BIGINT,inplace,SUCCESS,PASS,PASS,
TC-A0123,TINYINT -> BIGINT,inplace,SUCCESS,PASS,PASS,
TC-A0124,TINYINT -> BIGINT,inplace,SUCCESS,PASS,PASS,
TC-A0125,TINYINT -> BIGINT,inplace,SUCCESS,PASS,PASS,
TC-A0126,TINYINT -> BIGINT,inplace,SUCCESS,PASS,PASS,
TC-A0127,TINYINT -> BIGINT,inplace,SUCCESS,PASS,PASS,
TC-A0128,TINYINT -> BIGINT,inplace,SUCCESS,PASS,PASS,
TC-A0129,TINYINT -> BIGINT,inplace,FAILS,PASS,PASS,
TC-A0130,TINYINT -> BIGINT,inplace,SUCCESS,PASS,PASS,
TC-A0131,TINYINT -> BIGINT,inplace,SUCCESS,PASS,PASS,
TC-A0132,TINYINT -> BIGINT,inplace,SUCCESS,PASS,PASS,
TC-A0133,TINYINT -> BIGINT,inplace,SUCCESS,PASS,PASS,
TC-A0134,TINYINT -> BIGINT,inplace,SUCCESS,PASS,PASS,
TC-A0135,TINYINT -> BIGINT,inplace,SUCCESS,PASS,PASS,
TC-AA0136,TINYINT -> BIGINT,inplace,,PASS,PASS,
TC-A0137,SMALLINT -> MEDIUMINT,inplace,SUCCESS,PASS,PASS,
TC-A0138,SMALLINT -> MEDIUMINT,inplace,SUCCESS,PASS,PASS,
TC-A0139,SMALLINT -> MEDIUMINT,inplace,SUCCESS,PASS,PASS,
TC-A0140,SMALLINT -> MEDIUMINT,inplace,SUCCESS,PASS,PASS,
TC-A0141,SMALLINT -> MEDIUMINT,inplace,SUCCESS,PASS,PASS,
TC-A0142,SMALLINT -> MEDIUMINT,inplace,SUCCESS,PASS,PASS,
TC-A0143,SMALLINT -> MEDIUMINT,inplace,SUCCESS,PASS,PASS,
TC-A0144,SMALLINT -> MEDIUMINT,inplace,SUCCESS,PASS,PASS,
TC-A0145,SMALLINT -> MEDIUMINT,inplace,SUCCESS,PASS,PASS,
TC-A0146,SMALLINT -> MEDIUMINT,inplace,SUCCESS,PASS,PASS,
TC-A0147,SMALLINT -> MEDIUMINT,inplace,SUCCESS,PASS,PASS,
TC-A0148,SMALLINT -> MEDIUMINT,inplace,SUCCESS,PASS,PASS,
TC-A0149,SMALLINT -> MEDIUMINT,inplace,SUCCESS,PASS,PASS,
TC-A0150,SMALLINT -> MEDIUMINT,inplace,SUCCESS,PASS,PASS,
TC-A0151,SMALLINT -> MEDIUMINT,inplace,SUCCESS,PASS,PASS,
TC-A0152,SMALLINT -> MEDIUMINT,inplace,SUCCESS,PASS,PASS,
TC-A0153,SMALLINT -> MEDIUMINT,inplace,SUCCESS,PASS,PASS,
TC-A0154,SMALLINT -> MEDIUMINT,inplace,SUCCESS,PASS,PASS,
TC-A0155,SMALLINT -> MEDIUMINT,inplace,SUCCESS,PASS,PASS,
TC-A0156,SMALLINT -> MEDIUMINT,inplace,SUCCESS,PASS,PASS,
TC-A0157,SMALLINT -> MEDIUMINT,inplace,SUCCESS,PASS,PASS,
TC-A0158,SMALLINT -> MEDIUMINT,inplace,SUCCESS,PASS,PASS,
TC-A0159,SMALLINT -> MEDIUMINT,inplace,SUCCESS,PASS,PASS,
TC-A0160,SMALLINT -> MEDIUMINT,inplace,SUCCESS,PASS,PASS,
TC-A0161,SMALLINT -> MEDIUMINT,inplace,SUCCESS,PASS,PASS,
TC-A0162,SMALLINT -> MEDIUMINT,inplace,SUCCESS,PASS,PASS,
TC-A0163,SMALLINT -> MEDIUMINT,inplace,FAILS,PASS,PASS,
TC-A0164,SMALLINT -> MEDIUMINT,inplace,SUCCESS,PASS,PASS,
TC-A0165,SMALLINT -> MEDIUMINT,inplace,SUCCESS,PASS,PASS,
TC-A0166,SMALLINT -> MEDIUMINT,inplace,SUCCESS,PASS,PASS,
TC-A0167,SMALLINT -> MEDIUMINT,inplace,SUCCESS,PASS,PASS,
TC-A0168,SMALLINT -> MEDIUMINT,inplace,SUCCESS,PASS,PASS,
TC-A0169,SMALLINT -> MEDIUMINT,inplace,SUCCESS,PASS,PASS,
TC-AA0170,SMALLINT -> MEDIUMINT,inplace,,PASS,PASS,
TC-A0171,SMALLINT -> INT,inplace,SUCCESS,PASS,PASS,
TC-A0172,SMALLINT -> INT,inplace,SUCCESS,PASS,PASS,
TC-A0173,SMALLINT -> INT,inplace,SUCCESS,PASS,PASS,
TC-A0174,SMALLINT -> INT,inplace,SUCCESS,PASS,PASS,
TC-A0175,SMALLINT -> INT,inplace,SUCCESS,PASS,PASS,
TC-A0176,SMALLINT -> INT,inplace,SUCCESS,PASS,PASS,
TC-A0177,SMALLINT -> INT,inplace,SUCCESS,PASS,PASS,
TC-A0178,SMALLINT -> INT,inplace,SUCCESS,PASS,PASS,
TC-A0179,SMALLINT -> INT,inplace,SUCCESS,PASS,PASS,
TC-A0180,SMALLINT -> INT,inplace,SUCCESS,PASS,PASS,
TC-A0181,SMALLINT -> INT,inplace,SUCCESS,PASS,PASS,
TC-A0182,SMALLINT -> INT,inplace,SUCCESS,PASS,PASS,
TC-A0183,SMALLINT -> INT,inplace,SUCCESS,PASS,PASS,
TC-A0184,SMALLINT -> INT,inplace,SUCCESS,PASS,PASS,
TC-A0185,SMALLINT -> INT,inplace,SUCCESS,PASS,PASS,
TC-A0186,SMALLINT -> INT,inplace,SUCCESS,PASS,PASS,
TC-A0187,SMALLINT -> INT,inplace,SUCCESS,PASS,PASS,
TC-A0188,SMALLINT -> INT,inplace,SUCCESS,PASS,PASS,
TC-A0189,SMALLINT -> INT,inplace,SUCCESS,PASS,PASS,
TC-A0190,SMALLINT -> INT,inplace,SUCCESS,PASS,PASS,
TC-A0191,SMALLINT -> INT,inplace,SUCCESS,PASS,PASS,
TC-A0192,SMALLINT -> INT,inplace,SUCCESS,PASS,PASS,
TC-A0193,SMALLINT -> INT,inplace,SUCCESS,PASS,PASS,
TC-A0194,SMALLINT -> INT,inplace,SUCCESS,PASS,PASS,
TC-A0195,SMALLINT -> INT,inplace,SUCCESS,PASS,PASS,
TC-A0196,SMALLINT -> INT,inplace,SUCCESS,PASS,PASS,
TC-A0197,SMALLINT -> INT,inplace,FAILS,PASS,PASS,
TC-A0198,SMALLINT -> INT,inplace,SUCCESS,PASS,PASS,
TC-A0199,SMALLINT -> INT,inplace,SUCCESS,PASS,PASS,
TC-A0200,SMALLINT -> INT,inplace,SUCCESS,PASS,PASS,
TC-A0201,SMALLINT -> INT,inplace,SUCCESS,PASS,PASS,
TC-A0202,SMALLINT -> INT,inplace,SUCCESS,PASS,PASS,
TC-A0203,SMALLINT -> INT,inplace,SUCCESS,PASS,PASS,
TC-AA0204,SMALLINT -> INT,inplace,,PASS,PASS,
TC-A0205,SMALLINT -> BIGINT,inplace,SUCCESS,PASS,PASS,
TC-A0206,SMALLINT -> BIGINT,inplace,SUCCESS,PASS,PASS,
TC-A0207,SMALLINT -> BIGINT,inplace,SUCCESS,PASS,PASS,
TC-A0208,SMALLINT -> BIGINT,inplace,SUCCESS,PASS,PASS,
TC-A0209,SMALLINT -> BIGINT,inplace,SUCCESS,PASS,PASS,
TC-A0210,SMALLINT -> BIGINT,inplace,SUCCESS,PASS,PASS,
TC-A0211,SMALLINT -> BIGINT,inplace,SUCCESS,PASS,PASS,
TC-A0212,SMALLINT -> BIGINT,inplace,SUCCESS,PASS,PASS,
TC-A0213,SMALLINT -> BIGINT,inplace,SUCCESS,PASS,PASS,
TC-A0214,SMALLINT -> BIGINT,inplace,SUCCESS,PASS,PASS,
TC-A0215,SMALLINT -> BIGINT,inplace,SUCCESS,PASS,PASS,
TC-A0216,SMALLINT -> BIGINT,inplace,SUCCESS,PASS,PASS,
TC-A0217,SMALLINT -> BIGINT,inplace,SUCCESS,PASS,PASS,
TC-A0218,SMALLINT -> BIGINT,inplace,SUCCESS,PASS,PASS,
TC-A0219,SMALLINT -> BIGINT,inplace,SUCCESS,PASS,PASS,
TC-A0220,SMALLINT -> BIGINT,inplace,SUCCESS,PASS,PASS,
TC-A0221,SMALLINT -> BIGINT,inplace,SUCCESS,PASS,PASS,
TC-A0222,SMALLINT -> BIGINT,inplace,SUCCESS,PASS,PASS,
TC-A0223,SMALLINT -> BIGINT,inplace,SUCCESS,PASS,PASS,
TC-A0224,SMALLINT -> BIGINT,inplace,SUCCESS,PASS,PASS,
TC-A0225,SMALLINT -> BIGINT,inplace,SUCCESS,PASS,PASS,
TC-A0226,SMALLINT -> BIGINT,inplace,SUCCESS,PASS,PASS,
TC-A0227,SMALLINT -> BIGINT,inplace,SUCCESS,PASS,PASS,
TC-A0228,SMALLINT -> BIGINT,inplace,SUCCESS,PASS,PASS,
TC-A0229,SMALLINT -> BIGINT,inplace,SUCCESS,PASS,PASS,
TC-A0230,SMALLINT -> BIGINT,inplace,SUCCESS,PASS,PASS,
TC-A0231,SMALLINT -> BIGINT,inplace,FAILS,PASS,PASS,
TC-A0232,SMALLINT -> BIGINT,inplace,SUCCESS,PASS,PASS,
TC-A0233,SMALLINT -> BIGINT,inplace,SUCCESS,PASS,PASS,
TC-A0234,SMALLINT -> BIGINT,inplace,SUCCESS,PASS,PASS,
TC-A0235,SMALLINT -> BIGINT,inplace,SUCCESS,PASS,PASS,
TC-A0236,SMALLINT -> BIGINT,inplace,SUCCESS,PASS,PASS,
TC-A0237,SMALLINT -> BIGINT,inplace,SUCCESS,PASS,PASS,
TC-AA0238,SMALLINT -> BIGINT,inplace,,PASS,PASS,
TC-A0239,MEDIUMINT -> INT,inplace,SUCCESS,PASS,PASS,
TC-A0240,MEDIUMINT -> INT,inplace,SUCCESS,PASS,PASS,
TC-A0241,MEDIUMINT -> INT,inplace,SUCCESS,PASS,PASS,
TC-A0242,MEDIUMINT -> INT,inplace,SUCCESS,PASS,PASS,
TC-A0243,MEDIUMINT -> INT,inplace,SUCCESS,PASS,PASS,
TC-A0244,MEDIUMINT -> INT,inplace,SUCCESS,PASS,PASS,
TC-A0245,MEDIUMINT -> INT,inplace,SUCCESS,PASS,PASS,
TC-A0246,MEDIUMINT -> INT,inplace,SUCCESS,PASS,PASS,
TC-A0247,MEDIUMINT -> INT,inplace,SUCCESS,PASS,PASS,
TC-A0248,MEDIUMINT -> INT,inplace,SUCCESS,PASS,PASS,
TC-A0249,MEDIUMINT -> INT,inplace,SUCCESS,PASS,PASS,
TC-A0250,MEDIUMINT -> INT,inplace,SUCCESS,PASS,PASS,
TC-A0251,MEDIUMINT -> INT,inplace,SUCCESS,PASS,PASS,
TC-A0252,MEDIUMINT -> INT,inplace,SUCCESS,PASS,PASS,
TC-A0253,MEDIUMINT -> INT,inplace,SUCCESS,PASS,PASS,
TC-A0254,MEDIUMINT -> INT,inplace,SUCCESS,PASS,PASS,
TC-A0255,MEDIUMINT -> INT,inplace,SUCCESS,PASS,PASS,
TC-A0256,MEDIUMINT -> INT,inplace,SUCCESS,PASS,PASS,
TC-A0257,MEDIUMINT -> INT,inplace,SUCCESS,PASS,PASS,
TC-A0258,MEDIUMINT -> INT,inplace,SUCCESS,PASS,PASS,
TC-A0259,MEDIUMINT -> INT,inplace,SUCCESS,PASS,PASS,
TC-A0260,MEDIUMINT -> INT,inplace,SUCCESS,PASS,PASS,
TC-A0261,MEDIUMINT -> INT,inplace,SUCCESS,PASS,PASS,
TC-A0262,MEDIUMINT -> INT,inplace,SUCCESS,PASS,PASS,
TC-A0263,MEDIUMINT -> INT,inplace,SUCCESS,PASS,PASS,
TC-A0264,MEDIUMINT -> INT,inplace,SUCCESS,PASS,PASS,
TC-A0265,MEDIUMINT -> INT,inplace,FAILS,PASS,PASS,
TC-A0266,MEDIUMINT -> INT,inplace,SUCCESS,PASS,PASS,
TC-A0267,MEDIUMINT -> INT,inplace,SUCCESS,PASS,PASS,
TC-A0268,MEDIUMINT -> INT,inplace,SUCCESS,PASS,PASS,
TC-A0269,MEDIUMINT -> INT,inplace,SUCCESS,PASS,PASS,
TC-A0270,MEDIUMINT -> INT,inplace,SUCCESS,PASS,PASS,
TC-A0271,MEDIUMINT -> INT,inplace,SUCCESS,PASS,PASS,
TC-AA0272,MEDIUMINT -> INT,inplace,,PASS,PASS,
TC-A0273,MEDIUMINT -> BIGINT,inplace,SUCCESS,PASS,PASS,
TC-A0274,MEDIUMINT -> BIGINT,inplace,SUCCESS,PASS,PASS,
TC-A0275,MEDIUMINT -> BIGINT,inplace,SUCCESS,PASS,PASS,
TC-A0276,MEDIUMINT -> BIGINT,inplace,SUCCESS,PASS,PASS,
TC-A0277,MEDIUMINT -> BIGINT,inplace,SUCCESS,PASS,PASS,
TC-A0278,MEDIUMINT -> BIGINT,inplace,SUCCESS,PASS,PASS,
TC-A0279,MEDIUMINT -> BIGINT,inplace,SUCCESS,PASS,PASS,
TC-A0280,MEDIUMINT -> BIGINT,inplace,SUCCESS,PASS,PASS,
TC-A0281,MEDIUMINT -> BIGINT,inplace,SUCCESS,PASS,PASS,
TC-A0282,MEDIUMINT -> BIGINT,inplace,SUCCESS,PASS,PASS,
TC-A0283,MEDIUMINT -> BIGINT,inplace,SUCCESS,PASS,PASS,
TC-A0284,MEDIUMINT -> BIGINT,inplace,SUCCESS,PASS,PASS,
TC-A0285,MEDIUMINT -> BIGINT,inplace,SUCCESS,PASS,PASS,
TC-A0286,MEDIUMINT -> BIGINT,inplace,SUCCESS,PASS,PASS,
TC-A0287,MEDIUMINT -> BIGINT,inplace,SUCCESS,PASS,PASS,
TC-A0288,MEDIUMINT -> BIGINT,inplace,SUCCESS,PASS,PASS,
TC-A0289,MEDIUMINT -> BIGINT,inplace,SUCCESS,PASS,PASS,
TC-A0290,MEDIUMINT -> BIGINT,inplace,SUCCESS,PASS,PASS,
TC-A0291,MEDIUMINT -> BIGINT,inplace,SUCCESS,PASS,PASS,
TC-A0292,MEDIUMINT -> BIGINT,inplace,SUCCESS,PASS,PASS,
TC-A0293,MEDIUMINT -> BIGINT,inplace,SUCCESS,PASS,PASS,
TC-A0294,MEDIUMINT -> BIGINT,inplace,SUCCESS,PASS,PASS,
TC-A0295,MEDIUMINT -> BIGINT,inplace,SUCCESS,PASS,PASS,
TC-A0296,MEDIUMINT -> BIGINT,inplace,SUCCESS,PASS,PASS,
TC-A0297,MEDIUMINT -> BIGINT,inplace,SUCCESS,PASS,PASS,
TC-A0298,MEDIUMINT -> BIGINT,inplace,SUCCESS,PASS,PASS,
TC-A0299,MEDIUMINT -> BIGINT,inplace,FAILS,PASS,PASS,
TC-A0300,MEDIUMINT -> BIGINT,inplace,SUCCESS,PASS,PASS,
TC-A0301,MEDIUMINT -> BIGINT,inplace,SUCCESS,PASS,PASS,
TC-A0302,MEDIUMINT -> BIGINT,inplace,SUCCESS,PASS,PASS,
TC-A0303,MEDIUMINT -> BIGINT,inplace,SUCCESS,PASS,PASS,
TC-A0304,MEDIUMINT -> BIGINT,inplace,SUCCESS,PASS,PASS,
TC-A0305,MEDIUMINT -> BIGINT,inplace,SUCCESS,PASS,PASS,
TC-AA0306,MEDIUMINT -> BIGINT,inplace,,PASS,PASS,
TC-A0307,INT -> BIGINT,inplace,SUCCESS,PASS,PASS,
TC-A0308,INT -> BIGINT,inplace,SUCCESS,PASS,PASS,
TC-A0309,INT -> BIGINT,inplace,SUCCESS,PASS,PASS,
TC-A0310,INT -> BIGINT,inplace,SUCCESS,PASS,PASS,
TC-A0311,INT -> BIGINT,inplace,SUCCESS,PASS,PASS,
TC-A0312,INT -> BIGINT,inplace,SUCCESS,PASS,PASS,
TC-A0313,INT -> BIGINT,inplace,SUCCESS,PASS,PASS,
TC-A0314,INT -> BIGINT,inplace,SUCCESS,PASS,PASS,
TC-A0315,INT -> BIGINT,inplace,SUCCESS,PASS,PASS,
TC-A0316,INT -> BIGINT,inplace,SUCCESS,PASS,PASS,
TC-A0317,INT -> BIGINT,inplace,SUCCESS,PASS,PASS,
TC-A0318,INT -> BIGINT,inplace,SUCCESS,PASS,PASS,
TC-A0319,INT -> BIGINT,inplace,SUCCESS,PASS,PASS,
TC-A0320,INT -> BIGINT,inplace,SUCCESS,PASS,PASS,
TC-A0321,INT -> BIGINT,inplace,SUCCESS,PASS,PASS,
TC-A0322,INT -> BIGINT,inplace,SUCCESS,PASS,PASS,
TC-A0323,INT -> BIGINT,inplace,SUCCESS,PASS,PASS,
TC-A0324,INT -> BIGINT,inplace,SUCCESS,PASS,PASS,
TC-A0325,INT -> BIGINT,inplace,SUCCESS,PASS,PASS,
TC-A0326,INT -> BIGINT,inplace,SUCCESS,PASS,PASS,
TC-A0327,INT -> BIGINT,inplace,SUCCESS,PASS,PASS,
TC-A0328,INT -> BIGINT,inplace,SUCCESS,PASS,PASS,
TC-A0329,INT -> BIGINT,inplace,SUCCESS,PASS,PASS,
TC-A0330,INT -> BIGINT,inplace,SUCCESS,PASS,PASS,
TC-A0331,INT -> BIGINT,inplace,SUCCESS,PASS,PASS,
TC-A0332,INT -> BIGINT,inplace,SUCCESS,PASS,PASS,
TC-A0333,INT -> BIGINT,inplace,FAILS,PASS,PASS,
TC-A0334,INT -> BIGINT,inplace,SUCCESS,PASS,PASS,
TC-A0335,INT -> BIGINT,inplace,SUCCESS,PASS,PASS,
TC-A0336,INT -> BIGINT,inplace,SUCCESS,PASS,PASS,
TC-A0337,INT -> BIGINT,inplace,SUCCESS,PASS,PASS,
TC-A0338,INT -> BIGINT,inplace,SUCCESS,PASS,PASS,
TC-A0339,INT -> BIGINT,inplace,SUCCESS,PASS,PASS,
TC-AA0340,INT -> BIGINT,inplace,,PASS,PASS,
TC-A0001,TINYINT UNSIGNED -> SMALLINT UNSIGNED,instant,SUCCESS,PASS,PASS,
TC-A0002,TINYINT UNSIGNED -> SMALLINT UNSIGNED,instant,SUCCESS,PASS,PASS,
TC-A0003,TINYINT UNSIGNED -> SMALLINT UNSIGNED,instant,SUCCESS,PASS,PASS,
TC-A0004,TINYINT UNSIGNED -> SMALLINT UNSIGNED,instant,FAILS,PASS,PASS,
TC-A0005,TINYINT UNSIGNED -> SMALLINT UNSIGNED,instant,SUCCESS,PASS,PASS,
TC-A0006,TINYINT UNSIGNED -> SMALLINT UNSIGNED,instant,SUCCESS,PASS,PASS,
TC-A0007,TINYINT UNSIGNED -> SMALLINT UNSIGNED,instant,SUCCESS,PASS,PASS,
TC-A0008,TINYINT UNSIGNED -> SMALLINT UNSIGNED,instant,SUCCESS,PASS,PASS,
TC-A0009,TINYINT UNSIGNED -> SMALLINT UNSIGNED,instant,SUCCESS,PASS,PASS,
TC-A0010,TINYINT UNSIGNED -> SMALLINT UNSIGNED,instant,SUCCESS,PASS,PASS,
TC-A0011,TINYINT UNSIGNED -> SMALLINT UNSIGNED,instant,SUCCESS,PASS,PASS,
TC-A0012,TINYINT UNSIGNED -> SMALLINT UNSIGNED,instant,SUCCESS,PASS,PASS,
TC-A0013,TINYINT UNSIGNED -> SMALLINT UNSIGNED,instant,SUCCESS,PASS,PASS,
TC-A0014,TINYINT UNSIGNED -> SMALLINT UNSIGNED,instant,SUCCESS,PASS,PASS,
TC-A0015,TINYINT UNSIGNED -> SMALLINT UNSIGNED,instant,SUCCESS,PASS,PASS,
TC-A0016,TINYINT UNSIGNED -> SMALLINT UNSIGNED,instant,SUCCESS,PASS,PASS,
TC-A0017,TINYINT UNSIGNED -> SMALLINT UNSIGNED,instant,SUCCESS,PASS,PASS,
TC-A0018,TINYINT UNSIGNED -> SMALLINT UNSIGNED,instant,SUCCESS,PASS,PASS,
TC-A0019,TINYINT UNSIGNED -> SMALLINT UNSIGNED,instant,SUCCESS,PASS,PASS,
TC-A0020,TINYINT UNSIGNED -> SMALLINT UNSIGNED,instant,SUCCESS,PASS,PASS,
TC-A0021,TINYINT UNSIGNED -> SMALLINT UNSIGNED,instant,SUCCESS,PASS,PASS,
TC-A0022,TINYINT UNSIGNED -> SMALLINT UNSIGNED,instant,SUCCESS,PASS,PASS,
TC-A0023,TINYINT UNSIGNED -> SMALLINT UNSIGNED,instant,SUCCESS,PASS,PASS,
TC-A0024,TINYINT UNSIGNED -> SMALLINT UNSIGNED,instant,SUCCESS,PASS,PASS,
TC-A0025,TINYINT UNSIGNED -> SMALLINT UNSIGNED,instant,SUCCESS,PASS,PASS,
TC-A0026,TINYINT UNSIGNED -> SMALLINT UNSIGNED,instant,SUCCESS,PASS,PASS,
TC-A0027,TINYINT UNSIGNED -> SMALLINT UNSIGNED,instant,SUCCESS,PASS,PASS,
TC-A0028,TINYINT UNSIGNED -> SMALLINT UNSIGNED,instant,FAILS,PASS,PASS,
TC-AA0029,TINYINT UNSIGNED -> SMALLINT UNSIGNED,instant,,PASS,PASS,
TC-AA0030,TINYINT UNSIGNED -> SMALLINT UNSIGNED,instant,,PASS,PASS,
TC-A0031,TINYINT UNSIGNED -> MEDIUMINT UNSIGNED,instant,SUCCESS,PASS,PASS,
TC-A0032,TINYINT UNSIGNED -> MEDIUMINT UNSIGNED,instant,SUCCESS,PASS,PASS,
TC-A0033,TINYINT UNSIGNED -> MEDIUMINT UNSIGNED,instant,SUCCESS,PASS,PASS,
TC-A0034,TINYINT UNSIGNED -> MEDIUMINT UNSIGNED,instant,FAILS,PASS,PASS,
TC-A0035,TINYINT UNSIGNED -> MEDIUMINT UNSIGNED,instant,SUCCESS,PASS,PASS,
TC-A0036,TINYINT UNSIGNED -> MEDIUMINT UNSIGNED,instant,SUCCESS,PASS,PASS,
TC-A0037,TINYINT UNSIGNED -> MEDIUMINT UNSIGNED,instant,SUCCESS,PASS,PASS,
TC-A0038,TINYINT UNSIGNED -> MEDIUMINT UNSIGNED,instant,SUCCESS,PASS,PASS,
TC-A0039,TINYINT UNSIGNED -> MEDIUMINT UNSIGNED,instant,SUCCESS,PASS,PASS,
TC-A0040,TINYINT UNSIGNED -> MEDIUMINT UNSIGNED,instant,SUCCESS,PASS,PASS,
TC-A0041,TINYINT UNSIGNED -> MEDIUMINT UNSIGNED,instant,SUCCESS,PASS,PASS,
TC-A0042,TINYINT UNSIGNED -> MEDIUMINT UNSIGNED,instant,SUCCESS,PASS,PASS,
TC-A0043,TINYINT UNSIGNED -> MEDIUMINT UNSIGNED,instant,SUCCESS,PASS,PASS,
TC-A0044,TINYINT UNSIGNED -> MEDIUMINT UNSIGNED,instant,SUCCESS,PASS,PASS,
TC-A0045,TINYINT UNSIGNED -> MEDIUMINT UNSIGNED,instant,SUCCESS,PASS,PASS,
TC-A0046,TINYINT UNSIGNED -> MEDIUMINT UNSIGNED,instant,SUCCESS,PASS,PASS,
TC-A0047,TINYINT UNSIGNED -> MEDIUMINT UNSIGNED,instant,SUCCESS,PASS,PASS,
TC-A0048,TINYINT UNSIGNED -> MEDIUMINT UNSIGNED,instant,SUCCESS,PASS,PASS,
TC-A0049,TINYINT UNSIGNED -> MEDIUMINT UNSIGNED,instant,SUCCESS,PASS,PASS,
TC-A0050,TINYINT UNSIGNED -> MEDIUMINT UNSIGNED,instant,SUCCESS,PASS,PASS,
TC-A0051,TINYINT UNSIGNED -> MEDIUMINT UNSIGNED,instant,SUCCESS,PASS,PASS,
TC-A0052,TINYINT UNSIGNED -> MEDIUMINT UNSIGNED,instant,SUCCESS,PASS,PASS,
TC-A0053,TINYINT UNSIGNED -> MEDIUMINT UNSIGNED,instant,SUCCESS,PASS,PASS,
TC-A0054,TINYINT UNSIGNED -> MEDIUMINT UNSIGNED,instant,SUCCESS,PASS,PASS,
TC-A0055,TINYINT UNSIGNED -> MEDIUMINT UNSIGNED,instant,SUCCESS,PASS,PASS,
TC-A0056,TINYINT UNSIGNED -> MEDIUMINT UNSIGNED,instant,SUCCESS,PASS,PASS,
TC-A0057,TINYINT UNSIGNED -> MEDIUMINT UNSIGNED,instant,SUCCESS,PASS,PASS,
TC-A0058,TINYINT UNSIGNED -> MEDIUMINT UNSIGNED,instant,FAILS,PASS,PASS,
TC-AA0059,TINYINT UNSIGNED -> MEDIUMINT UNSIGNED,instant,,PASS,PASS,
TC-AA0060,TINYINT UNSIGNED -> MEDIUMINT UNSIGNED,instant,,PASS,PASS,
TC-A0061,TINYINT UNSIGNED -> INT UNSIGNED,instant,SUCCESS,PASS,PASS,
TC-A0062,TINYINT UNSIGNED -> INT UNSIGNED,instant,SUCCESS,PASS,PASS,
TC-A0063,TINYINT UNSIGNED -> INT UNSIGNED,instant,SUCCESS,PASS,PASS,
TC-A0064,TINYINT UNSIGNED -> INT UNSIGNED,instant,FAILS,PASS,PASS,
TC-A0065,TINYINT UNSIGNED -> INT UNSIGNED,instant,SUCCESS,PASS,PASS,
TC-A0066,TINYINT UNSIGNED -> INT UNSIGNED,instant,SUCCESS,PASS,PASS,
TC-A0067,TINYINT UNSIGNED -> INT UNSIGNED,instant,SUCCESS,PASS,PASS,
TC-A0068,TINYINT UNSIGNED -> INT UNSIGNED,instant,SUCCESS,PASS,PASS,
TC-A0069,TINYINT UNSIGNED -> INT UNSIGNED,instant,SUCCESS,PASS,PASS,
TC-A0070,TINYINT UNSIGNED -> INT UNSIGNED,instant,SUCCESS,PASS,PASS,
TC-A0071,TINYINT UNSIGNED -> INT UNSIGNED,instant,SUCCESS,PASS,PASS,
TC-A0072,TINYINT UNSIGNED -> INT UNSIGNED,instant,SUCCESS,PASS,PASS,
TC-A0073,TINYINT UNSIGNED -> INT UNSIGNED,instant,SUCCESS,PASS,PASS,
TC-A0074,TINYINT UNSIGNED -> INT UNSIGNED,instant,SUCCESS,PASS,PASS,
TC-A0075,TINYINT UNSIGNED -> INT UNSIGNED,instant,SUCCESS,PASS,PASS,
TC-A0076,TINYINT UNSIGNED -> INT UNSIGNED,instant,SUCCESS,PASS,PASS,
TC-A0077,TINYINT UNSIGNED -> INT UNSIGNED,instant,SUCCESS,PASS,PASS,
TC-A0078,TINYINT UNSIGNED -> INT UNSIGNED,instant,SUCCESS,PASS,PASS,
TC-A0079,TINYINT UNSIGNED -> INT UNSIGNED,instant,SUCCESS,PASS,PASS,
TC-A0080,TINYINT UNSIGNED -> INT UNSIGNED,instant,SUCCESS,PASS,PASS,
TC-A0081,TINYINT UNSIGNED -> INT UNSIGNED,instant,SUCCESS,PASS,PASS,
TC-A0082,TINYINT UNSIGNED -> INT UNSIGNED,instant,SUCCESS,PASS,PASS,
TC-A0083,TINYINT UNSIGNED -> INT UNSIGNED,instant,SUCCESS,PASS,PASS,
TC-A0084,TINYINT UNSIGNED -> INT UNSIGNED,instant,SUCCESS,PASS,PASS,
TC-A0085,TINYINT UNSIGNED -> INT UNSIGNED,instant,SUCCESS,PASS,PASS,
TC-A0086,TINYINT UNSIGNED -> INT UNSIGNED,instant,SUCCESS,PASS,PASS,
TC-A0087,TINYINT UNSIGNED -> INT UNSIGNED,instant,SUCCESS,PASS,PASS,
TC-A0088,TINYINT UNSIGNED -> INT UNSIGNED,instant,FAILS,PASS,PASS,
TC-AA0089,TINYINT UNSIGNED -> INT UNSIGNED,instant,,PASS,PASS,
TC-AA0090,TINYINT UNSIGNED -> INT UNSIGNED,instant,,PASS,PASS,
TC-A0091,TINYINT UNSIGNED -> BIGINT UNSIGNED,instant,SUCCESS,PASS,PASS,
TC-A0092,TINYINT UNSIGNED -> BIGINT UNSIGNED,instant,SUCCESS,PASS,PASS,
TC-A0093,TINYINT UNSIGNED -> BIGINT UNSIGNED,instant,SUCCESS,PASS,PASS,
TC-A0094,TINYINT UNSIGNED -> BIGINT UNSIGNED,instant,FAILS,PASS,PASS,
TC-A0095,TINYINT UNSIGNED -> BIGINT UNSIGNED,instant,SUCCESS,PASS,PASS,
TC-A0096,TINYINT UNSIGNED -> BIGINT UNSIGNED,instant,SUCCESS,PASS,PASS,
TC-A0097,TINYINT UNSIGNED -> BIGINT UNSIGNED,instant,SUCCESS,PASS,PASS,
TC-A0098,TINYINT UNSIGNED -> BIGINT UNSIGNED,instant,SUCCESS,PASS,PASS,
TC-A0099,TINYINT UNSIGNED -> BIGINT UNSIGNED,instant,SUCCESS,PASS,PASS,
TC-A0100,TINYINT UNSIGNED -> BIGINT UNSIGNED,instant,SUCCESS,PASS,PASS,
TC-A0101,TINYINT UNSIGNED -> BIGINT UNSIGNED,instant,SUCCESS,PASS,PASS,
TC-A0102,TINYINT UNSIGNED -> BIGINT UNSIGNED,instant,SUCCESS,PASS,PASS,
TC-A0103,TINYINT UNSIGNED -> BIGINT UNSIGNED,instant,SUCCESS,PASS,PASS,
TC-A0104,TINYINT UNSIGNED -> BIGINT UNSIGNED,instant,SUCCESS,PASS,PASS,
TC-A0105,TINYINT UNSIGNED -> BIGINT UNSIGNED,instant,SUCCESS,PASS,PASS,
TC-A0106,TINYINT UNSIGNED -> BIGINT UNSIGNED,instant,SUCCESS,PASS,PASS,
TC-A0107,TINYINT UNSIGNED -> BIGINT UNSIGNED,instant,SUCCESS,PASS,PASS,
TC-A0108,TINYINT UNSIGNED -> BIGINT UNSIGNED,instant,SUCCESS,PASS,PASS,
TC-A0109,TINYINT UNSIGNED -> BIGINT UNSIGNED,instant,SUCCESS,PASS,PASS,
TC-A0110,TINYINT UNSIGNED -> BIGINT UNSIGNED,instant,SUCCESS,PASS,PASS,
TC-A0111,TINYINT UNSIGNED -> BIGINT UNSIGNED,instant,SUCCESS,PASS,PASS,
TC-A0112,TINYINT UNSIGNED -> BIGINT UNSIGNED,instant,SUCCESS,PASS,PASS,
TC-A0113,TINYINT UNSIGNED -> BIGINT UNSIGNED,instant,SUCCESS,PASS,PASS,
TC-A0114,TINYINT UNSIGNED -> BIGINT UNSIGNED,instant,SUCCESS,PASS,PASS,
TC-A0115,TINYINT UNSIGNED -> BIGINT UNSIGNED,instant,SUCCESS,PASS,PASS,
TC-A0116,TINYINT UNSIGNED -> BIGINT UNSIGNED,instant,SUCCESS,PASS,PASS,
TC-A0117,TINYINT UNSIGNED -> BIGINT UNSIGNED,instant,SUCCESS,PASS,PASS,
TC-A0118,TINYINT UNSIGNED -> BIGINT UNSIGNED,instant,FAILS,PASS,PASS,
TC-AA0119,TINYINT UNSIGNED -> BIGINT UNSIGNED,instant,,PASS,PASS,
TC-AA0120,TINYINT UNSIGNED -> BIGINT UNSIGNED,instant,,PASS,PASS,
TC-A0121,SMALLINT UNSIGNED -> MEDIUMINT UNSIGNED,instant,SUCCESS,PASS,PASS,
TC-A0122,SMALLINT UNSIGNED -> MEDIUMINT UNSIGNED,instant,SUCCESS,PASS,PASS,
TC-A0123,SMALLINT UNSIGNED -> MEDIUMINT UNSIGNED,instant,SUCCESS,PASS,PASS,
TC-A0124,SMALLINT UNSIGNED -> MEDIUMINT UNSIGNED,instant,FAILS,PASS,PASS,
TC-A0125,SMALLINT UNSIGNED -> MEDIUMINT UNSIGNED,instant,SUCCESS,PASS,PASS,
TC-A0126,SMALLINT UNSIGNED -> MEDIUMINT UNSIGNED,instant,SUCCESS,PASS,PASS,
TC-A0127,SMALLINT UNSIGNED -> MEDIUMINT UNSIGNED,instant,SUCCESS,PASS,PASS,
TC-A0128,SMALLINT UNSIGNED -> MEDIUMINT UNSIGNED,instant,SUCCESS,PASS,PASS,
TC-A0129,SMALLINT UNSIGNED -> MEDIUMINT UNSIGNED,instant,SUCCESS,PASS,PASS,
TC-A0130,SMALLINT UNSIGNED -> MEDIUMINT UNSIGNED,instant,SUCCESS,PASS,PASS,
TC-A0131,SMALLINT UNSIGNED -> MEDIUMINT UNSIGNED,instant,SUCCESS,PASS,PASS,
TC-A0132,SMALLINT UNSIGNED -> MEDIUMINT UNSIGNED,instant,SUCCESS,PASS,PASS,
TC-A0133,SMALLINT UNSIGNED -> MEDIUMINT UNSIGNED,instant,SUCCESS,PASS,PASS,
TC-A0134,SMALLINT UNSIGNED -> MEDIUMINT UNSIGNED,instant,SUCCESS,PASS,PASS,
TC-A0135,SMALLINT UNSIGNED -> MEDIUMINT UNSIGNED,instant,SUCCESS,PASS,PASS,
TC-A0136,SMALLINT UNSIGNED -> MEDIUMINT UNSIGNED,instant,SUCCESS,PASS,PASS,
TC-A0137,SMALLINT UNSIGNED -> MEDIUMINT UNSIGNED,instant,SUCCESS,PASS,PASS,
TC-A0138,SMALLINT UNSIGNED -> MEDIUMINT UNSIGNED,instant,SUCCESS,PASS,PASS,
TC-A0139,SMALLINT UNSIGNED -> MEDIUMINT UNSIGNED,instant,SUCCESS,PASS,PASS,
TC-A0140,SMALLINT UNSIGNED -> MEDIUMINT UNSIGNED,instant,SUCCESS,PASS,PASS,
TC-A0141,SMALLINT UNSIGNED -> MEDIUMINT UNSIGNED,instant,SUCCESS,PASS,PASS,
TC-A0142,SMALLINT UNSIGNED -> MEDIUMINT UNSIGNED,instant,SUCCESS,PASS,PASS,
TC-A0143,SMALLINT UNSIGNED -> MEDIUMINT UNSIGNED,instant,SUCCESS,PASS,PASS,
TC-A0144,SMALLINT UNSIGNED -> MEDIUMINT UNSIGNED,instant,SUCCESS,PASS,PASS,
TC-A0145,SMALLINT UNSIGNED -> MEDIUMINT UNSIGNED,instant,SUCCESS,PASS,PASS,
TC-A0146,SMALLINT UNSIGNED -> MEDIUMINT UNSIGNED,instant,SUCCESS,PASS,PASS,
TC-A0147,SMALLINT UNSIGNED -> MEDIUMINT UNSIGNED,instant,SUCCESS,PASS,PASS,
TC-A0148,SMALLINT UNSIGNED -> MEDIUMINT UNSIGNED,instant,FAILS,PASS,PASS,
TC-AA0149,SMALLINT UNSIGNED -> MEDIUMINT UNSIGNED,instant,,PASS,PASS,
TC-AA0150,SMALLINT UNSIGNED -> MEDIUMINT UNSIGNED,instant,,PASS,PASS,
TC-A0151,SMALLINT UNSIGNED -> INT UNSIGNED,instant,SUCCESS,PASS,PASS,
TC-A0152,SMALLINT UNSIGNED -> INT UNSIGNED,instant,SUCCESS,PASS,PASS,
TC-A0153,SMALLINT UNSIGNED -> INT UNSIGNED,instant,SUCCESS,PASS,PASS,
TC-A0154,SMALLINT UNSIGNED -> INT UNSIGNED,instant,FAILS,PASS,PASS,
TC-A0155,SMALLINT UNSIGNED -> INT UNSIGNED,instant,SUCCESS,PASS,PASS,
TC-A0156,SMALLINT UNSIGNED -> INT UNSIGNED,instant,SUCCESS,PASS,PASS,
TC-A0157,SMALLINT UNSIGNED -> INT UNSIGNED,instant,SUCCESS,PASS,PASS,
TC-A0158,SMALLINT UNSIGNED -> INT UNSIGNED,instant,SUCCESS,PASS,PASS,
TC-A0159,SMALLINT UNSIGNED -> INT UNSIGNED,instant,SUCCESS,PASS,PASS,
TC-A0160,SMALLINT UNSIGNED -> INT UNSIGNED,instant,SUCCESS,PASS,PASS,
TC-A0161,SMALLINT UNSIGNED -> INT UNSIGNED,instant,SUCCESS,PASS,PASS,
TC-A0162,SMALLINT UNSIGNED -> INT UNSIGNED,instant,SUCCESS,PASS,PASS,
TC-A0163,SMALLINT UNSIGNED -> INT UNSIGNED,instant,SUCCESS,PASS,PASS,
TC-A0164,SMALLINT UNSIGNED -> INT UNSIGNED,instant,SUCCESS,PASS,PASS,
TC-A0165,SMALLINT UNSIGNED -> INT UNSIGNED,instant,SUCCESS,PASS,PASS,
TC-A0166,SMALLINT UNSIGNED -> INT UNSIGNED,instant,SUCCESS,PASS,PASS,
TC-A0167,SMALLINT UNSIGNED -> INT UNSIGNED,instant,SUCCESS,PASS,PASS,
TC-A0168,SMALLINT UNSIGNED -> INT UNSIGNED,instant,SUCCESS,PASS,PASS,
TC-A0169,SMALLINT UNSIGNED -> INT UNSIGNED,instant,SUCCESS,PASS,PASS,
TC-A0170,SMALLINT UNSIGNED -> INT UNSIGNED,instant,SUCCESS,PASS,PASS,
TC-A0171,SMALLINT UNSIGNED -> INT UNSIGNED,instant,SUCCESS,PASS,PASS,
TC-A0172,SMALLINT UNSIGNED -> INT UNSIGNED,instant,SUCCESS,PASS,PASS,
TC-A0173,SMALLINT UNSIGNED -> INT UNSIGNED,instant,SUCCESS,PASS,PASS,
TC-A0174,SMALLINT UNSIGNED -> INT UNSIGNED,instant,SUCCESS,PASS,PASS,
TC-A0175,SMALLINT UNSIGNED -> INT UNSIGNED,instant,SUCCESS,PASS,PASS,
TC-A0176,SMALLINT UNSIGNED -> INT UNSIGNED,instant,SUCCESS,PASS,PASS,
TC-A0177,SMALLINT UNSIGNED -> INT UNSIGNED,instant,SUCCESS,PASS,PASS,
TC-A0178,SMALLINT UNSIGNED -> INT UNSIGNED,instant,FAILS,PASS,PASS,
TC-AA0179,SMALLINT UNSIGNED -> INT UNSIGNED,instant,,PASS,PASS,
TC-AA0180,SMALLINT UNSIGNED -> INT UNSIGNED,instant,,PASS,PASS,
TC-A0181,SMALLINT UNSIGNED -> BIGINT UNSIGNED,instant,SUCCESS,PASS,PASS,
TC-A0182,SMALLINT UNSIGNED -> BIGINT UNSIGNED,instant,SUCCESS,PASS,PASS,
TC-A0183,SMALLINT UNSIGNED -> BIGINT UNSIGNED,instant,SUCCESS,PASS,PASS,
TC-A0184,SMALLINT UNSIGNED -> BIGINT UNSIGNED,instant,FAILS,PASS,PASS,
TC-A0185,SMALLINT UNSIGNED -> BIGINT UNSIGNED,instant,SUCCESS,PASS,PASS,
TC-A0186,SMALLINT UNSIGNED -> BIGINT UNSIGNED,instant,SUCCESS,PASS,PASS,
TC-A0187,SMALLINT UNSIGNED -> BIGINT UNSIGNED,instant,SUCCESS,PASS,PASS,
TC-A0188,SMALLINT UNSIGNED -> BIGINT UNSIGNED,instant,SUCCESS,PASS,PASS,
TC-A0189,SMALLINT UNSIGNED -> BIGINT UNSIGNED,instant,SUCCESS,PASS,PASS,
TC-A0190,SMALLINT UNSIGNED -> BIGINT UNSIGNED,instant,SUCCESS,PASS,PASS,
TC-A0191,SMALLINT UNSIGNED -> BIGINT UNSIGNED,instant,SUCCESS,PASS,PASS,
TC-A0192,SMALLINT UNSIGNED -> BIGINT UNSIGNED,instant,SUCCESS,PASS,PASS,
TC-A0193,SMALLINT UNSIGNED -> BIGINT UNSIGNED,instant,SUCCESS,PASS,PASS,
TC-A0194,SMALLINT UNSIGNED -> BIGINT UNSIGNED,instant,SUCCESS,PASS,PASS,
TC-A0195,SMALLINT UNSIGNED -> BIGINT UNSIGNED,instant,SUCCESS,PASS,PASS,
TC-A0196,SMALLINT UNSIGNED -> BIGINT UNSIGNED,instant,SUCCESS,PASS,PASS,
TC-A0197,SMALLINT UNSIGNED -> BIGINT UNSIGNED,instant,SUCCESS,PASS,PASS,
TC-A0198,SMALLINT UNSIGNED -> BIGINT UNSIGNED,instant,SUCCESS,PASS,PASS,
TC-A0199,SMALLINT UNSIGNED -> BIGINT UNSIGNED,instant,SUCCESS,PASS,PASS,
TC-A0200,SMALLINT UNSIGNED -> BIGINT UNSIGNED,instant,SUCCESS,PASS,PASS,
TC-A0201,SMALLINT UNSIGNED -> BIGINT UNSIGNED,instant,SUCCESS,PASS,PASS,
TC-A0202,SMALLINT UNSIGNED -> BIGINT UNSIGNED,instant,SUCCESS,PASS,PASS,
TC-A0203,SMALLINT UNSIGNED -> BIGINT UNSIGNED,instant,SUCCESS,PASS,PASS,
TC-A0204,SMALLINT UNSIGNED -> BIGINT UNSIGNED,instant,SUCCESS,PASS,PASS,
TC-A0205,SMALLINT UNSIGNED -> BIGINT UNSIGNED,instant,SUCCESS,PASS,PASS,
TC-A0206,SMALLINT UNSIGNED -> BIGINT UNSIGNED,instant,SUCCESS,PASS,PASS,
TC-A0207,SMALLINT UNSIGNED -> BIGINT UNSIGNED,instant,SUCCESS,PASS,PASS,
TC-A0208,SMALLINT UNSIGNED -> BIGINT UNSIGNED,instant,FAILS,PASS,PASS,
TC-AA0209,SMALLINT UNSIGNED -> BIGINT UNSIGNED,instant,,PASS,PASS,
TC-AA0210,SMALLINT UNSIGNED -> BIGINT UNSIGNED,instant,,PASS,PASS,
TC-A0211,MEDIUMINT UNSIGNED -> INT UNSIGNED,instant,SUCCESS,PASS,PASS,
TC-A0212,MEDIUMINT UNSIGNED -> INT UNSIGNED,instant,SUCCESS,PASS,PASS,
TC-A0213,MEDIUMINT UNSIGNED -> INT UNSIGNED,instant,SUCCESS,PASS,PASS,
TC-A0214,MEDIUMINT UNSIGNED -> INT UNSIGNED,instant,FAILS,PASS,PASS,
TC-A0215,MEDIUMINT UNSIGNED -> INT UNSIGNED,instant,SUCCESS,PASS,PASS,
TC-A0216,MEDIUMINT UNSIGNED -> INT UNSIGNED,instant,SUCCESS,PASS,PASS,
TC-A0217,MEDIUMINT UNSIGNED -> INT UNSIGNED,instant,SUCCESS,PASS,PASS,
TC-A0218,MEDIUMINT UNSIGNED -> INT UNSIGNED,instant,SUCCESS,PASS,PASS,
TC-A0219,MEDIUMINT UNSIGNED -> INT UNSIGNED,instant,SUCCESS,PASS,PASS,
TC-A0220,MEDIUMINT UNSIGNED -> INT UNSIGNED,instant,SUCCESS,PASS,PASS,
TC-A0221,MEDIUMINT UNSIGNED -> INT UNSIGNED,instant,SUCCESS,PASS,PASS,
TC-A0222,MEDIUMINT UNSIGNED -> INT UNSIGNED,instant,SUCCESS,PASS,PASS,
TC-A0223,MEDIUMINT UNSIGNED -> INT UNSIGNED,instant,SUCCESS,PASS,PASS,
TC-A0224,MEDIUMINT UNSIGNED -> INT UNSIGNED,instant,SUCCESS,PASS,PASS,
TC-A0225,MEDIUMINT UNSIGNED -> INT UNSIGNED,instant,SUCCESS,PASS,PASS,
TC-A0226,MEDIUMINT UNSIGNED -> INT UNSIGNED,instant,SUCCESS,PASS,PASS,
TC-A0227,MEDIUMINT UNSIGNED -> INT UNSIGNED,instant,SUCCESS,PASS,PASS,
TC-A0228,MEDIUMINT UNSIGNED -> INT UNSIGNED,instant,SUCCESS,PASS,PASS,
TC-A0229,MEDIUMINT UNSIGNED -> INT UNSIGNED,instant,SUCCESS,PASS,PASS,
TC-A0230,MEDIUMINT UNSIGNED -> INT UNSIGNED,instant,SUCCESS,PASS,PASS,
TC-A0231,MEDIUMINT UNSIGNED -> INT UNSIGNED,instant,SUCCESS,PASS,PASS,
TC-A0232,MEDIUMINT UNSIGNED -> INT UNSIGNED,instant,SUCCESS,PASS,PASS,
TC-A0233,MEDIUMINT UNSIGNED -> INT UNSIGNED,instant,SUCCESS,PASS,PASS,
TC-A0234,MEDIUMINT UNSIGNED -> INT UNSIGNED,instant,SUCCESS,PASS,PASS,
TC-A0235,MEDIUMINT UNSIGNED -> INT UNSIGNED,instant,SUCCESS,PASS,PASS,
TC-A0236,MEDIUMINT UNSIGNED -> INT UNSIGNED,instant,SUCCESS,PASS,PASS,
TC-A0237,MEDIUMINT UNSIGNED -> INT UNSIGNED,instant,SUCCESS,PASS,PASS,
TC-A0238,MEDIUMINT UNSIGNED -> INT UNSIGNED,instant,FAILS,PASS,PASS,
TC-AA0239,MEDIUMINT UNSIGNED -> INT UNSIGNED,instant,,PASS,PASS,
TC-AA0240,MEDIUMINT UNSIGNED -> INT UNSIGNED,instant,,PASS,PASS,
TC-A0241,MEDIUMINT UNSIGNED -> BIGINT UNSIGNED,instant,SUCCESS,PASS,PASS,
TC-A0242,MEDIUMINT UNSIGNED -> BIGINT UNSIGNED,instant,SUCCESS,PASS,PASS,
TC-A0243,MEDIUMINT UNSIGNED -> BIGINT UNSIGNED,instant,SUCCESS,PASS,PASS,
TC-A0244,MEDIUMINT UNSIGNED -> BIGINT UNSIGNED,instant,FAILS,PASS,PASS,
TC-A0245,MEDIUMINT UNSIGNED -> BIGINT UNSIGNED,instant,SUCCESS,PASS,PASS,
TC-A0246,MEDIUMINT UNSIGNED -> BIGINT UNSIGNED,instant,SUCCESS,PASS,PASS,
TC-A0247,MEDIUMINT UNSIGNED -> BIGINT UNSIGNED,instant,SUCCESS,PASS,PASS,
TC-A0248,MEDIUMINT UNSIGNED -> BIGINT UNSIGNED,instant,SUCCESS,PASS,PASS,
TC-A0249,MEDIUMINT UNSIGNED -> BIGINT UNSIGNED,instant,SUCCESS,PASS,PASS,
TC-A0250,MEDIUMINT UNSIGNED -> BIGINT UNSIGNED,instant,SUCCESS,PASS,PASS,
TC-A0251,MEDIUMINT UNSIGNED -> BIGINT UNSIGNED,instant,SUCCESS,PASS,PASS,
TC-A0252,MEDIUMINT UNSIGNED -> BIGINT UNSIGNED,instant,SUCCESS,PASS,PASS,
TC-A0253,MEDIUMINT UNSIGNED -> BIGINT UNSIGNED,instant,SUCCESS,PASS,PASS,
TC-A0254,MEDIUMINT UNSIGNED -> BIGINT UNSIGNED,instant,SUCCESS,PASS,PASS,
TC-A0255,MEDIUMINT UNSIGNED -> BIGINT UNSIGNED,instant,SUCCESS,PASS,PASS,
TC-A0256,MEDIUMINT UNSIGNED -> BIGINT UNSIGNED,instant,SUCCESS,PASS,PASS,
TC-A0257,MEDIUMINT UNSIGNED -> BIGINT UNSIGNED,instant,SUCCESS,PASS,PASS,
TC-A0258,MEDIUMINT UNSIGNED -> BIGINT UNSIGNED,instant,SUCCESS,PASS,PASS,
TC-A0259,MEDIUMINT UNSIGNED -> BIGINT UNSIGNED,instant,SUCCESS,PASS,PASS,
TC-A0260,MEDIUMINT UNSIGNED -> BIGINT UNSIGNED,instant,SUCCESS,PASS,PASS,
TC-A0261,MEDIUMINT UNSIGNED -> BIGINT UNSIGNED,instant,SUCCESS,PASS,PASS,
TC-A0262,MEDIUMINT UNSIGNED -> BIGINT UNSIGNED,instant,SUCCESS,PASS,PASS,
TC-A0263,MEDIUMINT UNSIGNED -> BIGINT UNSIGNED,instant,SUCCESS,PASS,PASS,
TC-A0264,MEDIUMINT UNSIGNED -> BIGINT UNSIGNED,instant,SUCCESS,PASS,PASS,
TC-A0265,MEDIUMINT UNSIGNED -> BIGINT UNSIGNED,instant,SUCCESS,PASS,PASS,
TC-A0266,MEDIUMINT UNSIGNED -> BIGINT UNSIGNED,instant,SUCCESS,PASS,PASS,
TC-A0267,MEDIUMINT UNSIGNED -> BIGINT UNSIGNED,instant,SUCCESS,PASS,PASS,
TC-A0268,MEDIUMINT UNSIGNED -> BIGINT UNSIGNED,instant,FAILS,PASS,PASS,
TC-AA0269,MEDIUMINT UNSIGNED -> BIGINT UNSIGNED,instant,,PASS,PASS,
TC-AA0270,MEDIUMINT UNSIGNED -> BIGINT UNSIGNED,instant,,PASS,PASS,
TC-A0271,INT UNSIGNED -> BIGINT UNSIGNED,instant,SUCCESS,PASS,PASS,
TC-A0272,INT UNSIGNED -> BIGINT UNSIGNED,instant,SUCCESS,PASS,PASS,
TC-A0273,INT UNSIGNED -> BIGINT UNSIGNED,instant,SUCCESS,PASS,PASS,
TC-A0274,INT UNSIGNED -> BIGINT UNSIGNED,instant,FAILS,PASS,PASS,
TC-A0275,INT UNSIGNED -> BIGINT UNSIGNED,instant,SUCCESS,PASS,PASS,
TC-A0276,INT UNSIGNED -> BIGINT UNSIGNED,instant,SUCCESS,PASS,PASS,
TC-A0277,INT UNSIGNED -> BIGINT UNSIGNED,instant,SUCCESS,PASS,PASS,
TC-A0278,INT UNSIGNED -> BIGINT UNSIGNED,instant,SUCCESS,PASS,PASS,
TC-A0279,INT UNSIGNED -> BIGINT UNSIGNED,instant,SUCCESS,PASS,PASS,
TC-A0280,INT UNSIGNED -> BIGINT UNSIGNED,instant,SUCCESS,PASS,PASS,
TC-A0281,INT UNSIGNED -> BIGINT UNSIGNED,instant,SUCCESS,PASS,PASS,
TC-A0282,INT UNSIGNED -> BIGINT UNSIGNED,instant,SUCCESS,PASS,PASS,
TC-A0283,INT UNSIGNED -> BIGINT UNSIGNED,instant,SUCCESS,PASS,PASS,
TC-A0284,INT UNSIGNED -> BIGINT UNSIGNED,instant,SUCCESS,PASS,PASS,
TC-A0285,INT UNSIGNED -> BIGINT UNSIGNED,instant,SUCCESS,PASS,PASS,
TC-A0286,INT UNSIGNED -> BIGINT UNSIGNED,instant,SUCCESS,PASS,PASS,
TC-A0287,INT UNSIGNED -> BIGINT UNSIGNED,instant,SUCCESS,PASS,PASS,
TC-A0288,INT UNSIGNED -> BIGINT UNSIGNED,instant,SUCCESS,PASS,PASS,
TC-A0289,INT UNSIGNED -> BIGINT UNSIGNED,instant,SUCCESS,PASS,PASS,
TC-A0290,INT UNSIGNED -> BIGINT UNSIGNED,instant,SUCCESS,PASS,PASS,
TC-A0291,INT UNSIGNED -> BIGINT UNSIGNED,instant,SUCCESS,PASS,PASS,
TC-A0292,INT UNSIGNED -> BIGINT UNSIGNED,instant,SUCCESS,PASS,PASS,
TC-A0293,INT UNSIGNED -> BIGINT UNSIGNED,instant,SUCCESS,PASS,PASS,
TC-A0294,INT UNSIGNED -> BIGINT UNSIGNED,instant,SUCCESS,PASS,PASS,
TC-A0295,INT UNSIGNED -> BIGINT UNSIGNED,instant,SUCCESS,PASS,PASS,
TC-A0296,INT UNSIGNED -> BIGINT UNSIGNED,instant,SUCCESS,PASS,PASS,
TC-A0297,INT UNSIGNED -> BIGINT UNSIGNED,instant,SUCCESS,PASS,PASS,
TC-A0298,INT UNSIGNED -> BIGINT UNSIGNED,instant,FAILS,PASS,PASS,
TC-AA0299,INT UNSIGNED -> BIGINT UNSIGNED,instant,,PASS,PASS,
TC-AA0300,INT UNSIGNED -> BIGINT UNSIGNED,instant,,PASS,PASS,
TC-A0001,TINYINT UNSIGNED -> SMALLINT UNSIGNED,inplace,SUCCESS,PASS,PASS,
TC-A0002,TINYINT UNSIGNED -> SMALLINT UNSIGNED,inplace,SUCCESS,PASS,PASS,
TC-A0003,TINYINT UNSIGNED -> SMALLINT UNSIGNED,inplace,SUCCESS,PASS,PASS,
TC-A0004,TINYINT UNSIGNED -> SMALLINT UNSIGNED,inplace,SUCCESS,PASS,PASS,
TC-A0005,TINYINT UNSIGNED -> SMALLINT UNSIGNED,inplace,SUCCESS,PASS,PASS,
TC-A0006,TINYINT UNSIGNED -> SMALLINT UNSIGNED,inplace,SUCCESS,PASS,PASS,
TC-A0007,TINYINT UNSIGNED -> SMALLINT UNSIGNED,inplace,SUCCESS,PASS,PASS,
TC-A0008,TINYINT UNSIGNED -> SMALLINT UNSIGNED,inplace,SUCCESS,PASS,PASS,
TC-A0009,TINYINT UNSIGNED -> SMALLINT UNSIGNED,inplace,SUCCESS,PASS,PASS,
TC-A0010,TINYINT UNSIGNED -> SMALLINT UNSIGNED,inplace,SUCCESS,PASS,PASS,
TC-A0011,TINYINT UNSIGNED -> SMALLINT UNSIGNED,inplace,SUCCESS,PASS,PASS,
TC-A0012,TINYINT UNSIGNED -> SMALLINT UNSIGNED,inplace,SUCCESS,PASS,PASS,
TC-A0013,TINYINT UNSIGNED -> SMALLINT UNSIGNED,inplace,SUCCESS,PASS,PASS,
TC-A0014,TINYINT UNSIGNED -> SMALLINT UNSIGNED,inplace,SUCCESS,PASS,PASS,
TC-A0015,TINYINT UNSIGNED -> SMALLINT UNSIGNED,inplace,SUCCESS,PASS,PASS,
TC-A0016,TINYINT UNSIGNED -> SMALLINT UNSIGNED,inplace,SUCCESS,PASS,PASS,
TC-A0017,TINYINT UNSIGNED -> SMALLINT UNSIGNED,inplace,SUCCESS,PASS,PASS,
TC-A0018,TINYINT UNSIGNED -> SMALLINT UNSIGNED,inplace,SUCCESS,PASS,PASS,
TC-A0019,TINYINT UNSIGNED -> SMALLINT UNSIGNED,inplace,SUCCESS,PASS,PASS,
TC-A0020,TINYINT UNSIGNED -> SMALLINT UNSIGNED,inplace,SUCCESS,PASS,PASS,
TC-A0021,TINYINT UNSIGNED -> SMALLINT UNSIGNED,inplace,SUCCESS,PASS,PASS,
TC-A0022,TINYINT UNSIGNED -> SMALLINT UNSIGNED,inplace,SUCCESS,PASS,PASS,
TC-A0023,TINYINT UNSIGNED -> SMALLINT UNSIGNED,inplace,SUCCESS,PASS,PASS,
TC-A0024,TINYINT UNSIGNED -> SMALLINT UNSIGNED,inplace,SUCCESS,PASS,PASS,
TC-A0025,TINYINT UNSIGNED -> SMALLINT UNSIGNED,inplace,SUCCESS,PASS,PASS,
TC-A0026,TINYINT UNSIGNED -> SMALLINT UNSIGNED,inplace,SUCCESS,PASS,PASS,
TC-A0027,TINYINT UNSIGNED -> SMALLINT UNSIGNED,inplace,FAILS,PASS,PASS,
TC-A0028,TINYINT UNSIGNED -> SMALLINT UNSIGNED,inplace,SUCCESS,PASS,PASS,
TC-A0029,TINYINT UNSIGNED -> SMALLINT UNSIGNED,inplace,SUCCESS,PASS,PASS,
TC-A0030,TINYINT UNSIGNED -> SMALLINT UNSIGNED,inplace,SUCCESS,PASS,PASS,
TC-A0031,TINYINT UNSIGNED -> SMALLINT UNSIGNED,inplace,SUCCESS,PASS,PASS,
TC-A0032,TINYINT UNSIGNED -> SMALLINT UNSIGNED,inplace,SUCCESS,PASS,PASS,
TC-A0033,TINYINT UNSIGNED -> SMALLINT UNSIGNED,inplace,SUCCESS,PASS,PASS,
TC-AA0034,TINYINT UNSIGNED -> SMALLINT UNSIGNED,inplace,,PASS,PASS,
TC-AA0035,TINYINT UNSIGNED -> SMALLINT UNSIGNED,inplace,,PASS,PASS,
TC-A0036,TINYINT UNSIGNED -> MEDIUMINT UNSIGNED,inplace,SUCCESS,PASS,PASS,
TC-A0037,TINYINT UNSIGNED -> MEDIUMINT UNSIGNED,inplace,SUCCESS,PASS,PASS,
TC-A0038,TINYINT UNSIGNED -> MEDIUMINT UNSIGNED,inplace,SUCCESS,PASS,PASS,
TC-A0039,TINYINT UNSIGNED -> MEDIUMINT UNSIGNED,inplace,SUCCESS,PASS,PASS,
TC-A0040,TINYINT UNSIGNED -> MEDIUMINT UNSIGNED,inplace,SUCCESS,PASS,PASS,
TC-A0041,TINYINT UNSIGNED -> MEDIUMINT UNSIGNED,inplace,SUCCESS,PASS,PASS,
TC-A0042,TINYINT UNSIGNED -> MEDIUMINT UNSIGNED,inplace,SUCCESS,PASS,PASS,
TC-A0043,TINYINT UNSIGNED -> MEDIUMINT UNSIGNED,inplace,SUCCESS,PASS,PASS,
TC-A0044,TINYINT UNSIGNED -> MEDIUMINT UNSIGNED,inplace,SUCCESS,PASS,PASS,
TC-A0045,TINYINT UNSIGNED -> MEDIUMINT UNSIGNED,inplace,SUCCESS,PASS,PASS,
TC-A0046,TINYINT UNSIGNED -> MEDIUMINT UNSIGNED,inplace,SUCCESS,PASS,PASS,
TC-A0047,TINYINT UNSIGNED -> MEDIUMINT UNSIGNED,inplace,SUCCESS,PASS,PASS,
TC-A0048,TINYINT UNSIGNED -> MEDIUMINT UNSIGNED,inplace,SUCCESS,PASS,PASS,
TC-A0049,TINYINT UNSIGNED -> MEDIUMINT UNSIGNED,inplace,SUCCESS,PASS,PASS,
TC-A0050,TINYINT UNSIGNED -> MEDIUMINT UNSIGNED,inplace,SUCCESS,PASS,PASS,
TC-A0051,TINYINT UNSIGNED -> MEDIUMINT UNSIGNED,inplace,SUCCESS,PASS,PASS,
TC-A0052,TINYINT UNSIGNED -> MEDIUMINT UNSIGNED,inplace,SUCCESS,PASS,PASS,
TC-A0053,TINYINT UNSIGNED -> MEDIUMINT UNSIGNED,inplace,SUCCESS,PASS,PASS,
TC-A0054,TINYINT UNSIGNED -> MEDIUMINT UNSIGNED,inplace,SUCCESS,PASS,PASS,
TC-A0055,TINYINT UNSIGNED -> MEDIUMINT UNSIGNED,inplace,SUCCESS,PASS,PASS,
TC-A0056,TINYINT UNSIGNED -> MEDIUMINT UNSIGNED,inplace,SUCCESS,PASS,PASS,
TC-A0057,TINYINT UNSIGNED -> MEDIUMINT UNSIGNED,inplace,SUCCESS,PASS,PASS,
TC-A0058,TINYINT UNSIGNED -> MEDIUMINT UNSIGNED,inplace,SUCCESS,PASS,PASS,
TC-A0059,TINYINT UNSIGNED -> MEDIUMINT UNSIGNED,inplace,SUCCESS,PASS,PASS,
TC-A0060,TINYINT UNSIGNED -> MEDIUMINT UNSIGNED,inplace,SUCCESS,PASS,PASS,
TC-A0061,TINYINT UNSIGNED -> MEDIUMINT UNSIGNED,inplace,SUCCESS,PASS,PASS,
TC-A0062,TINYINT UNSIGNED -> MEDIUMINT UNSIGNED,inplace,FAILS,PASS,PASS,
TC-A0063,TINYINT UNSIGNED -> MEDIUMINT UNSIGNED,inplace,SUCCESS,PASS,PASS,
TC-A0064,TINYINT UNSIGNED -> MEDIUMINT UNSIGNED,inplace,SUCCESS,PASS,PASS,
TC-A0065,TINYINT UNSIGNED -> MEDIUMINT UNSIGNED,inplace,SUCCESS,PASS,PASS,
TC-A0066,TINYINT UNSIGNED -> MEDIUMINT UNSIGNED,inplace,SUCCESS,PASS,PASS,
TC-A0067,TINYINT UNSIGNED -> MEDIUMINT UNSIGNED,inplace,SUCCESS,PASS,PASS,
TC-A0068,TINYINT UNSIGNED -> MEDIUMINT UNSIGNED,inplace,SUCCESS,PASS,PASS,
TC-AA0069,TINYINT UNSIGNED -> MEDIUMINT UNSIGNED,inplace,,PASS,PASS,
TC-AA0070,TINYINT UNSIGNED -> MEDIUMINT UNSIGNED,inplace,,PASS,PASS,
TC-A0071,TINYINT UNSIGNED -> INT UNSIGNED,inplace,SUCCESS,PASS,PASS,
TC-A0072,TINYINT UNSIGNED -> INT UNSIGNED,inplace,SUCCESS,PASS,PASS,
TC-A0073,TINYINT UNSIGNED -> INT UNSIGNED,inplace,SUCCESS,PASS,PASS,
TC-A0074,TINYINT UNSIGNED -> INT UNSIGNED,inplace,SUCCESS,PASS,PASS,
TC-A0075,TINYINT UNSIGNED -> INT UNSIGNED,inplace,SUCCESS,PASS,PASS,
TC-A0076,TINYINT UNSIGNED -> INT UNSIGNED,inplace,SUCCESS,PASS,PASS,
TC-A0077,TINYINT UNSIGNED -> INT UNSIGNED,inplace,SUCCESS,PASS,PASS,
TC-A0078,TINYINT UNSIGNED -> INT UNSIGNED,inplace,SUCCESS,PASS,PASS,
TC-A0079,TINYINT UNSIGNED -> INT UNSIGNED,inplace,SUCCESS,PASS,PASS,
TC-A0080,TINYINT UNSIGNED -> INT UNSIGNED,inplace,SUCCESS,PASS,PASS,
TC-A0081,TINYINT UNSIGNED -> INT UNSIGNED,inplace,SUCCESS,PASS,PASS,
TC-A0082,TINYINT UNSIGNED -> INT UNSIGNED,inplace,SUCCESS,PASS,PASS,
TC-A0083,TINYINT UNSIGNED -> INT UNSIGNED,inplace,SUCCESS,PASS,PASS,
TC-A0084,TINYINT UNSIGNED -> INT UNSIGNED,inplace,SUCCESS,PASS,PASS,
TC-A0085,TINYINT UNSIGNED -> INT UNSIGNED,inplace,SUCCESS,PASS,PASS,
TC-A0086,TINYINT UNSIGNED -> INT UNSIGNED,inplace,SUCCESS,PASS,PASS,
TC-A0087,TINYINT UNSIGNED -> INT UNSIGNED,inplace,SUCCESS,PASS,PASS,
TC-A0088,TINYINT UNSIGNED -> INT UNSIGNED,inplace,SUCCESS,PASS,PASS,
TC-A0089,TINYINT UNSIGNED -> INT UNSIGNED,inplace,SUCCESS,PASS,PASS,
TC-A0090,TINYINT UNSIGNED -> INT UNSIGNED,inplace,SUCCESS,PASS,PASS,
TC-A0091,TINYINT UNSIGNED -> INT UNSIGNED,inplace,SUCCESS,PASS,PASS,
TC-A0092,TINYINT UNSIGNED -> INT UNSIGNED,inplace,SUCCESS,PASS,PASS,
TC-A0093,TINYINT UNSIGNED -> INT UNSIGNED,inplace,SUCCESS,PASS,PASS,
TC-A0094,TINYINT UNSIGNED -> INT UNSIGNED,inplace,SUCCESS,PASS,PASS,
TC-A0095,TINYINT UNSIGNED -> INT UNSIGNED,inplace,SUCCESS,PASS,PASS,
TC-A0096,TINYINT UNSIGNED -> INT UNSIGNED,inplace,SUCCESS,PASS,PASS,
TC-A0097,TINYINT UNSIGNED -> INT UNSIGNED,inplace,FAILS,PASS,PASS,
TC-A0098,TINYINT UNSIGNED -> INT UNSIGNED,inplace,SUCCESS,PASS,PASS,
TC-A0099,TINYINT UNSIGNED -> INT UNSIGNED,inplace,SUCCESS,PASS,PASS,
TC-A0100,TINYINT UNSIGNED -> INT UNSIGNED,inplace,SUCCESS,PASS,PASS,
TC-A0101,TINYINT UNSIGNED -> INT UNSIGNED,inplace,SUCCESS,PASS,PASS,
TC-A0102,TINYINT UNSIGNED -> INT UNSIGNED,inplace,SUCCESS,PASS,PASS,
TC-A0103,TINYINT UNSIGNED -> INT UNSIGNED,inplace,SUCCESS,PASS,PASS,
TC-AA0104,TINYINT UNSIGNED -> INT UNSIGNED,inplace,,PASS,PASS,
TC-AA0105,TINYINT UNSIGNED -> INT UNSIGNED,inplace,,PASS,PASS,
TC-A0106,TINYINT UNSIGNED -> BIGINT UNSIGNED,inplace,SUCCESS,PASS,PASS,
TC-A0107,TINYINT UNSIGNED -> BIGINT UNSIGNED,inplace,SUCCESS,PASS,PASS,
TC-A0108,TINYINT UNSIGNED -> BIGINT UNSIGNED,inplace,SUCCESS,PASS,PASS,
TC-A0109,TINYINT UNSIGNED -> BIGINT UNSIGNED,inplace,SUCCESS,PASS,PASS,
TC-A0110,TINYINT UNSIGNED -> BIGINT UNSIGNED,inplace,SUCCESS,PASS,PASS,
TC-A0111,TINYINT UNSIGNED -> BIGINT UNSIGNED,inplace,SUCCESS,PASS,PASS,
TC-A0112,TINYINT UNSIGNED -> BIGINT UNSIGNED,inplace,SUCCESS,PASS,PASS,
TC-A0113,TINYINT UNSIGNED -> BIGINT UNSIGNED,inplace,SUCCESS,PASS,PASS,
TC-A0114,TINYINT UNSIGNED -> BIGINT UNSIGNED,inplace,SUCCESS,PASS,PASS,
TC-A0115,TINYINT UNSIGNED -> BIGINT UNSIGNED,inplace,SUCCESS,PASS,PASS,
TC-A0116,TINYINT UNSIGNED -> BIGINT UNSIGNED,inplace,SUCCESS,PASS,PASS,
TC-A0117,TINYINT UNSIGNED -> BIGINT UNSIGNED,inplace,SUCCESS,PASS,PASS,
TC-A0118,TINYINT UNSIGNED -> BIGINT UNSIGNED,inplace,SUCCESS,PASS,PASS,
TC-A0119,TINYINT UNSIGNED -> BIGINT UNSIGNED,inplace,SUCCESS,PASS,PASS,
TC-A0120,TINYINT UNSIGNED -> BIGINT UNSIGNED,inplace,SUCCESS,PASS,PASS,
TC-A0121,TINYINT UNSIGNED -> BIGINT UNSIGNED,inplace,SUCCESS,PASS,PASS,
TC-A0122,TINYINT UNSIGNED -> BIGINT UNSIGNED,inplace,SUCCESS,PASS,PASS,
TC-A0123,TINYINT UNSIGNED -> BIGINT UNSIGNED,inplace,SUCCESS,PASS,PASS,
TC-A0124,TINYINT UNSIGNED -> BIGINT UNSIGNED,inplace,SUCCESS,PASS,PASS,
TC-A0125,TINYINT UNSIGNED -> BIGINT UNSIGNED,inplace,SUCCESS,PASS,PASS,
TC-A0126,TINYINT UNSIGNED -> BIGINT UNSIGNED,inplace,SUCCESS,PASS,PASS,
TC-A0127,TINYINT UNSIGNED -> BIGINT UNSIGNED,inplace,SUCCESS,PASS,PASS,
TC-A0128,TINYINT UNSIGNED -> BIGINT UNSIGNED,inplace,SUCCESS,PASS,PASS,
TC-A0129,TINYINT UNSIGNED -> BIGINT UNSIGNED,inplace,SUCCESS,PASS,PASS,
TC-A0130,TINYINT UNSIGNED -> BIGINT UNSIGNED,inplace,SUCCESS,PASS,PASS,
TC-A0131,TINYINT UNSIGNED -> BIGINT UNSIGNED,inplace,SUCCESS,PASS,PASS,
TC-A0132,TINYINT UNSIGNED -> BIGINT UNSIGNED,inplace,FAILS,PASS,PASS,
TC-A0133,TINYINT UNSIGNED -> BIGINT UNSIGNED,inplace,SUCCESS,PASS,PASS,
TC-A0134,TINYINT UNSIGNED -> BIGINT UNSIGNED,inplace,SUCCESS,PASS,PASS,
TC-A0135,TINYINT UNSIGNED -> BIGINT UNSIGNED,inplace,SUCCESS,PASS,PASS,
TC-A0136,TINYINT UNSIGNED -> BIGINT UNSIGNED,inplace,SUCCESS,PASS,PASS,
TC-A0137,TINYINT UNSIGNED -> BIGINT UNSIGNED,inplace,SUCCESS,PASS,PASS,
TC-A0138,TINYINT UNSIGNED -> BIGINT UNSIGNED,inplace,SUCCESS,PASS,PASS,
TC-AA0139,TINYINT UNSIGNED -> BIGINT UNSIGNED,inplace,,PASS,PASS,
TC-AA0140,TINYINT UNSIGNED -> BIGINT UNSIGNED,inplace,,PASS,PASS,
TC-A0141,SMALLINT UNSIGNED -> MEDIUMINT UNSIGNED,inplace,SUCCESS,PASS,PASS,
TC-A0142,SMALLINT UNSIGNED -> MEDIUMINT UNSIGNED,inplace,SUCCESS,PASS,PASS,
TC-A0143,SMALLINT UNSIGNED -> MEDIUMINT UNSIGNED,inplace,SUCCESS,PASS,PASS,
TC-A0144,SMALLINT UNSIGNED -> MEDIUMINT UNSIGNED,inplace,SUCCESS,PASS,PASS,
TC-A0145,SMALLINT UNSIGNED -> MEDIUMINT UNSIGNED,inplace,SUCCESS,PASS,PASS,
TC-A0146,SMALLINT UNSIGNED -> MEDIUMINT UNSIGNED,inplace,SUCCESS,PASS,PASS,
TC-A0147,SMALLINT UNSIGNED -> MEDIUMINT UNSIGNED,inplace,SUCCESS,PASS,PASS,
TC-A0148,SMALLINT UNSIGNED -> MEDIUMINT UNSIGNED,inplace,SUCCESS,PASS,PASS,
TC-A0149,SMALLINT UNSIGNED -> MEDIUMINT UNSIGNED,inplace,SUCCESS,PASS,PASS,
TC-A0150,SMALLINT UNSIGNED -> MEDIUMINT UNSIGNED,inplace,SUCCESS,PASS,PASS,
TC-A0151,SMALLINT UNSIGNED -> MEDIUMINT UNSIGNED,inplace,SUCCESS,PASS,PASS,
TC-A0152,SMALLINT UNSIGNED -> MEDIUMINT UNSIGNED,inplace,SUCCESS,PASS,PASS,
TC-A0153,SMALLINT UNSIGNED -> MEDIUMINT UNSIGNED,inplace,SUCCESS,PASS,PASS,
TC-A0154,SMALLINT UNSIGNED -> MEDIUMINT UNSIGNED,inplace,SUCCESS,PASS,PASS,
TC-A0155,SMALLINT UNSIGNED -> MEDIUMINT UNSIGNED,inplace,SUCCESS,PASS,PASS,
TC-A0156,SMALLINT UNSIGNED -> MEDIUMINT UNSIGNED,inplace,SUCCESS,PASS,PASS,
TC-A0157,SMALLINT UNSIGNED -> MEDIUMINT UNSIGNED,inplace,SUCCESS,PASS,PASS,
TC-A0158,SMALLINT UNSIGNED -> MEDIUMINT UNSIGNED,inplace,SUCCESS,PASS,PASS,
TC-A0159,SMALLINT UNSIGNED -> MEDIUMINT UNSIGNED,inplace,SUCCESS,PASS,PASS,
TC-A0160,SMALLINT UNSIGNED -> MEDIUMINT UNSIGNED,inplace,SUCCESS,PASS,PASS,
TC-A0161,SMALLINT UNSIGNED -> MEDIUMINT UNSIGNED,inplace,SUCCESS,PASS,PASS,
TC-A0162,SMALLINT UNSIGNED -> MEDIUMINT UNSIGNED,inplace,SUCCESS,PASS,PASS,
TC-A0163,SMALLINT UNSIGNED -> MEDIUMINT UNSIGNED,inplace,SUCCESS,PASS,PASS,
TC-A0164,SMALLINT UNSIGNED -> MEDIUMINT UNSIGNED,inplace,SUCCESS,PASS,PASS,
TC-A0165,SMALLINT UNSIGNED -> MEDIUMINT UNSIGNED,inplace,SUCCESS,PASS,PASS,
TC-A0166,SMALLINT UNSIGNED -> MEDIUMINT UNSIGNED,inplace,SUCCESS,PASS,PASS,
TC-A0167,SMALLINT UNSIGNED -> MEDIUMINT UNSIGNED,inplace,FAILS,PASS,PASS,
TC-A0168,SMALLINT UNSIGNED -> MEDIUMINT UNSIGNED,inplace,SUCCESS,PASS,PASS,
TC-A0169,SMALLINT UNSIGNED -> MEDIUMINT UNSIGNED,inplace,SUCCESS,PASS,PASS,
TC-A0170,SMALLINT UNSIGNED -> MEDIUMINT UNSIGNED,inplace,SUCCESS,PASS,PASS,
TC-A0171,SMALLINT UNSIGNED -> MEDIUMINT UNSIGNED,inplace,SUCCESS,PASS,PASS,
TC-A0172,SMALLINT UNSIGNED -> MEDIUMINT UNSIGNED,inplace,SUCCESS,PASS,PASS,
TC-A0173,SMALLINT UNSIGNED -> MEDIUMINT UNSIGNED,inplace,SUCCESS,PASS,PASS,
TC-AA0174,SMALLINT UNSIGNED -> MEDIUMINT UNSIGNED,inplace,,PASS,PASS,
TC-AA0175,SMALLINT UNSIGNED -> MEDIUMINT UNSIGNED,inplace,,PASS,PASS,
TC-A0176,SMALLINT UNSIGNED -> INT UNSIGNED,inplace,SUCCESS,PASS,PASS,
TC-A0177,SMALLINT UNSIGNED -> INT UNSIGNED,inplace,SUCCESS,PASS,PASS,
TC-A0178,SMALLINT UNSIGNED -> INT UNSIGNED,inplace,SUCCESS,PASS,PASS,
TC-A0179,SMALLINT UNSIGNED -> INT UNSIGNED,inplace,SUCCESS,PASS,PASS,
TC-A0180,SMALLINT UNSIGNED -> INT UNSIGNED,inplace,SUCCESS,PASS,PASS,
TC-A0181,SMALLINT UNSIGNED -> INT UNSIGNED,inplace,SUCCESS,PASS,PASS,
TC-A0182,SMALLINT UNSIGNED -> INT UNSIGNED,inplace,SUCCESS,PASS,PASS,
TC-A0183,SMALLINT UNSIGNED -> INT UNSIGNED,inplace,SUCCESS,PASS,PASS,
TC-A0184,SMALLINT UNSIGNED -> INT UNSIGNED,inplace,SUCCESS,PASS,PASS,
TC-A0185,SMALLINT UNSIGNED -> INT UNSIGNED,inplace,SUCCESS,PASS,PASS,
TC-A0186,SMALLINT UNSIGNED -> INT UNSIGNED,inplace,SUCCESS,PASS,PASS,
TC-A0187,SMALLINT UNSIGNED -> INT UNSIGNED,inplace,SUCCESS,PASS,PASS,
TC-A0188,SMALLINT UNSIGNED -> INT UNSIGNED,inplace,SUCCESS,PASS,PASS,
TC-A0189,SMALLINT UNSIGNED -> INT UNSIGNED,inplace,SUCCESS,PASS,PASS,
TC-A0190,SMALLINT UNSIGNED -> INT UNSIGNED,inplace,SUCCESS,PASS,PASS,
TC-A0191,SMALLINT UNSIGNED -> INT UNSIGNED,inplace,SUCCESS,PASS,PASS,
TC-A0192,SMALLINT UNSIGNED -> INT UNSIGNED,inplace,SUCCESS,PASS,PASS,
TC-A0193,SMALLINT UNSIGNED -> INT UNSIGNED,inplace,SUCCESS,PASS,PASS,
TC-A0194,SMALLINT UNSIGNED -> INT UNSIGNED,inplace,SUCCESS,PASS,PASS,
TC-A0195,SMALLINT UNSIGNED -> INT UNSIGNED,inplace,SUCCESS,PASS,PASS,
TC-A0196,SMALLINT UNSIGNED -> INT UNSIGNED,inplace,SUCCESS,PASS,PASS,
TC-A0197,SMALLINT UNSIGNED -> INT UNSIGNED,inplace,SUCCESS,PASS,PASS,
TC-A0198,SMALLINT UNSIGNED -> INT UNSIGNED,inplace,SUCCESS,PASS,PASS,
TC-A0199,SMALLINT UNSIGNED -> INT UNSIGNED,inplace,SUCCESS,PASS,PASS,
TC-A0200,SMALLINT UNSIGNED -> INT UNSIGNED,inplace,SUCCESS,PASS,PASS,
TC-A0201,SMALLINT UNSIGNED -> INT UNSIGNED,inplace,SUCCESS,PASS,PASS,
TC-A0202,SMALLINT UNSIGNED -> INT UNSIGNED,inplace,FAILS,PASS,PASS,
TC-A0203,SMALLINT UNSIGNED -> INT UNSIGNED,inplace,SUCCESS,PASS,PASS,
TC-A0204,SMALLINT UNSIGNED -> INT UNSIGNED,inplace,SUCCESS,PASS,PASS,
TC-A0205,SMALLINT UNSIGNED -> INT UNSIGNED,inplace,SUCCESS,PASS,PASS,
TC-A0206,SMALLINT UNSIGNED -> INT UNSIGNED,inplace,SUCCESS,PASS,PASS,
TC-A0207,SMALLINT UNSIGNED -> INT UNSIGNED,inplace,SUCCESS,PASS,PASS,
TC-A0208,SMALLINT UNSIGNED -> INT UNSIGNED,inplace,SUCCESS,PASS,PASS,
TC-AA0209,SMALLINT UNSIGNED -> INT UNSIGNED,inplace,,PASS,PASS,
TC-AA0210,SMALLINT UNSIGNED -> INT UNSIGNED,inplace,,PASS,PASS,
TC-A0211,SMALLINT UNSIGNED -> BIGINT UNSIGNED,inplace,SUCCESS,PASS,PASS,
TC-A0212,SMALLINT UNSIGNED -> BIGINT UNSIGNED,inplace,SUCCESS,PASS,PASS,
TC-A0213,SMALLINT UNSIGNED -> BIGINT UNSIGNED,inplace,SUCCESS,PASS,PASS,
TC-A0214,SMALLINT UNSIGNED -> BIGINT UNSIGNED,inplace,SUCCESS,PASS,PASS,
TC-A0215,SMALLINT UNSIGNED -> BIGINT UNSIGNED,inplace,SUCCESS,PASS,PASS,
TC-A0216,SMALLINT UNSIGNED -> BIGINT UNSIGNED,inplace,SUCCESS,PASS,PASS,
TC-A0217,SMALLINT UNSIGNED -> BIGINT UNSIGNED,inplace,SUCCESS,PASS,PASS,
TC-A0218,SMALLINT UNSIGNED -> BIGINT UNSIGNED,inplace,SUCCESS,PASS,PASS,
TC-A0219,SMALLINT UNSIGNED -> BIGINT UNSIGNED,inplace,SUCCESS,PASS,PASS,
TC-A0220,SMALLINT UNSIGNED -> BIGINT UNSIGNED,inplace,SUCCESS,PASS,PASS,
TC-A0221,SMALLINT UNSIGNED -> BIGINT UNSIGNED,inplace,SUCCESS,PASS,PASS,
TC-A0222,SMALLINT UNSIGNED -> BIGINT UNSIGNED,inplace,SUCCESS,PASS,PASS,
TC-A0223,SMALLINT UNSIGNED -> BIGINT UNSIGNED,inplace,SUCCESS,PASS,PASS,
TC-A0224,SMALLINT UNSIGNED -> BIGINT UNSIGNED,inplace,SUCCESS,PASS,PASS,
TC-A0225,SMALLINT UNSIGNED -> BIGINT UNSIGNED,inplace,SUCCESS,PASS,PASS,
TC-A0226,SMALLINT UNSIGNED -> BIGINT UNSIGNED,inplace,SUCCESS,PASS,PASS,
TC-A0227,SMALLINT UNSIGNED -> BIGINT UNSIGNED,inplace,SUCCESS,PASS,PASS,
TC-A0228,SMALLINT UNSIGNED -> BIGINT UNSIGNED,inplace,SUCCESS,PASS,PASS,
TC-A0229,SMALLINT UNSIGNED -> BIGINT UNSIGNED,inplace,SUCCESS,PASS,PASS,
TC-A0230,SMALLINT UNSIGNED -> BIGINT UNSIGNED,inplace,SUCCESS,PASS,PASS,
TC-A0231,SMALLINT UNSIGNED -> BIGINT UNSIGNED,inplace,SUCCESS,PASS,PASS,
TC-A0232,SMALLINT UNSIGNED -> BIGINT UNSIGNED,inplace,SUCCESS,PASS,PASS,
TC-A0233,SMALLINT UNSIGNED -> BIGINT UNSIGNED,inplace,SUCCESS,PASS,PASS,
TC-A0234,SMALLINT UNSIGNED -> BIGINT UNSIGNED,inplace,SUCCESS,PASS,PASS,
TC-A0235,SMALLINT UNSIGNED -> BIGINT UNSIGNED,inplace,SUCCESS,PASS,PASS,
TC-A0236,SMALLINT UNSIGNED -> BIGINT UNSIGNED,inplace,SUCCESS,PASS,PASS,
TC-A0237,SMALLINT UNSIGNED -> BIGINT UNSIGNED,inplace,FAILS,PASS,PASS,
TC-A0238,SMALLINT UNSIGNED -> BIGINT UNSIGNED,inplace,SUCCESS,PASS,PASS,
TC-A0239,SMALLINT UNSIGNED -> BIGINT UNSIGNED,inplace,SUCCESS,PASS,PASS,
TC-A0240,SMALLINT UNSIGNED -> BIGINT UNSIGNED,inplace,SUCCESS,PASS,PASS,
TC-A0241,SMALLINT UNSIGNED -> BIGINT UNSIGNED,inplace,SUCCESS,PASS,PASS,
TC-A0242,SMALLINT UNSIGNED -> BIGINT UNSIGNED,inplace,SUCCESS,PASS,PASS,
TC-A0243,SMALLINT UNSIGNED -> BIGINT UNSIGNED,inplace,SUCCESS,PASS,PASS,
TC-AA0244,SMALLINT UNSIGNED -> BIGINT UNSIGNED,inplace,,PASS,PASS,
TC-AA0245,SMALLINT UNSIGNED -> BIGINT UNSIGNED,inplace,,PASS,PASS,
TC-A0246,MEDIUMINT UNSIGNED -> INT UNSIGNED,inplace,SUCCESS,PASS,PASS,
TC-A0247,MEDIUMINT UNSIGNED -> INT UNSIGNED,inplace,SUCCESS,PASS,PASS,
TC-A0248,MEDIUMINT UNSIGNED -> INT UNSIGNED,inplace,SUCCESS,PASS,PASS,
TC-A0249,MEDIUMINT UNSIGNED -> INT UNSIGNED,inplace,SUCCESS,PASS,PASS,
TC-A0250,MEDIUMINT UNSIGNED -> INT UNSIGNED,inplace,SUCCESS,PASS,PASS,
TC-A0251,MEDIUMINT UNSIGNED -> INT UNSIGNED,inplace,SUCCESS,PASS,PASS,
TC-A0252,MEDIUMINT UNSIGNED -> INT UNSIGNED,inplace,SUCCESS,PASS,PASS,
TC-A0253,MEDIUMINT UNSIGNED -> INT UNSIGNED,inplace,SUCCESS,PASS,PASS,
TC-A0254,MEDIUMINT UNSIGNED -> INT UNSIGNED,inplace,SUCCESS,PASS,PASS,
TC-A0255,MEDIUMINT UNSIGNED -> INT UNSIGNED,inplace,SUCCESS,PASS,PASS,
TC-A0256,MEDIUMINT UNSIGNED -> INT UNSIGNED,inplace,SUCCESS,PASS,PASS,
TC-A0257,MEDIUMINT UNSIGNED -> INT UNSIGNED,inplace,SUCCESS,PASS,PASS,
TC-A0258,MEDIUMINT UNSIGNED -> INT UNSIGNED,inplace,SUCCESS,PASS,PASS,
TC-A0259,MEDIUMINT UNSIGNED -> INT UNSIGNED,inplace,SUCCESS,PASS,PASS,
TC-A0260,MEDIUMINT UNSIGNED -> INT UNSIGNED,inplace,SUCCESS,PASS,PASS,
TC-A0261,MEDIUMINT UNSIGNED -> INT UNSIGNED,inplace,SUCCESS,PASS,PASS,
TC-A0262,MEDIUMINT UNSIGNED -> INT UNSIGNED,inplace,SUCCESS,PASS,PASS,
TC-A0263,MEDIUMINT UNSIGNED -> INT UNSIGNED,inplace,SUCCESS,PASS,PASS,
TC-A0264,MEDIUMINT UNSIGNED -> INT UNSIGNED,inplace,SUCCESS,PASS,PASS,
TC-A0265,MEDIUMINT UNSIGNED -> INT UNSIGNED,inplace,SUCCESS,PASS,PASS,
TC-A0266,MEDIUMINT UNSIGNED -> INT UNSIGNED,inplace,SUCCESS,PASS,PASS,
TC-A0267,MEDIUMINT UNSIGNED -> INT UNSIGNED,inplace,SUCCESS,PASS,PASS,
TC-A0268,MEDIUMINT UNSIGNED -> INT UNSIGNED,inplace,SUCCESS,PASS,PASS,
TC-A0269,MEDIUMINT UNSIGNED -> INT UNSIGNED,inplace,SUCCESS,PASS,PASS,
TC-A0270,MEDIUMINT UNSIGNED -> INT UNSIGNED,inplace,SUCCESS,PASS,PASS,
TC-A0271,MEDIUMINT UNSIGNED -> INT UNSIGNED,inplace,SUCCESS,PASS,PASS,
TC-A0272,MEDIUMINT UNSIGNED -> INT UNSIGNED,inplace,FAILS,PASS,PASS,
TC-A0273,MEDIUMINT UNSIGNED -> INT UNSIGNED,inplace,SUCCESS,PASS,PASS,
TC-A0274,MEDIUMINT UNSIGNED -> INT UNSIGNED,inplace,SUCCESS,PASS,PASS,
TC-A0275,MEDIUMINT UNSIGNED -> INT UNSIGNED,inplace,SUCCESS,PASS,PASS,
TC-A0276,MEDIUMINT UNSIGNED -> INT UNSIGNED,inplace,SUCCESS,PASS,PASS,
TC-A0277,MEDIUMINT UNSIGNED -> INT UNSIGNED,inplace,SUCCESS,PASS,PASS,
TC-A0278,MEDIUMINT UNSIGNED -> INT UNSIGNED,inplace,SUCCESS,PASS,PASS,
TC-AA0279,MEDIUMINT UNSIGNED -> INT UNSIGNED,inplace,,PASS,PASS,
TC-AA0280,MEDIUMINT UNSIGNED -> INT UNSIGNED,inplace,,PASS,PASS,
TC-A0281,MEDIUMINT UNSIGNED -> BIGINT UNSIGNED,inplace,SUCCESS,PASS,PASS,
TC-A0282,MEDIUMINT UNSIGNED -> BIGINT UNSIGNED,inplace,SUCCESS,PASS,PASS,
TC-A0283,MEDIUMINT UNSIGNED -> BIGINT UNSIGNED,inplace,SUCCESS,PASS,PASS,
TC-A0284,MEDIUMINT UNSIGNED -> BIGINT UNSIGNED,inplace,SUCCESS,PASS,PASS,
TC-A0285,MEDIUMINT UNSIGNED -> BIGINT UNSIGNED,inplace,SUCCESS,PASS,PASS,
TC-A0286,MEDIUMINT UNSIGNED -> BIGINT UNSIGNED,inplace,SUCCESS,PASS,PASS,
TC-A0287,MEDIUMINT UNSIGNED -> BIGINT UNSIGNED,inplace,SUCCESS,PASS,PASS,
TC-A0288,MEDIUMINT UNSIGNED -> BIGINT UNSIGNED,inplace,SUCCESS,PASS,PASS,
TC-A0289,MEDIUMINT UNSIGNED -> BIGINT UNSIGNED,inplace,SUCCESS,PASS,PASS,
TC-A0290,MEDIUMINT UNSIGNED -> BIGINT UNSIGNED,inplace,SUCCESS,PASS,PASS,
TC-A0291,MEDIUMINT UNSIGNED -> BIGINT UNSIGNED,inplace,SUCCESS,PASS,PASS,
TC-A0292,MEDIUMINT UNSIGNED -> BIGINT UNSIGNED,inplace,SUCCESS,PASS,PASS,
TC-A0293,MEDIUMINT UNSIGNED -> BIGINT UNSIGNED,inplace,SUCCESS,PASS,PASS,
TC-A0294,MEDIUMINT UNSIGNED -> BIGINT UNSIGNED,inplace,SUCCESS,PASS,PASS,
TC-A0295,MEDIUMINT UNSIGNED -> BIGINT UNSIGNED,inplace,SUCCESS,PASS,PASS,
TC-A0296,MEDIUMINT UNSIGNED -> BIGINT UNSIGNED,inplace,SUCCESS,PASS,PASS,
TC-A0297,MEDIUMINT UNSIGNED -> BIGINT UNSIGNED,inplace,SUCCESS,PASS,PASS,
TC-A0298,MEDIUMINT UNSIGNED -> BIGINT UNSIGNED,inplace,SUCCESS,PASS,PASS,
TC-A0299,MEDIUMINT UNSIGNED -> BIGINT UNSIGNED,inplace,SUCCESS,PASS,PASS,
TC-A0300,MEDIUMINT UNSIGNED -> BIGINT UNSIGNED,inplace,SUCCESS,PASS,PASS,
TC-A0301,MEDIUMINT UNSIGNED -> BIGINT UNSIGNED,inplace,SUCCESS,PASS,PASS,
TC-A0302,MEDIUMINT UNSIGNED -> BIGINT UNSIGNED,inplace,SUCCESS,PASS,PASS,
TC-A0303,MEDIUMINT UNSIGNED -> BIGINT UNSIGNED,inplace,SUCCESS,PASS,PASS,
TC-A0304,MEDIUMINT UNSIGNED -> BIGINT UNSIGNED,inplace,SUCCESS,PASS,PASS,
TC-A0305,MEDIUMINT UNSIGNED -> BIGINT UNSIGNED,inplace,SUCCESS,PASS,PASS,
TC-A0306,MEDIUMINT UNSIGNED -> BIGINT UNSIGNED,inplace,SUCCESS,PASS,PASS,
TC-A0307,MEDIUMINT UNSIGNED -> BIGINT UNSIGNED,inplace,FAILS,PASS,PASS,
TC-A0308,MEDIUMINT UNSIGNED -> BIGINT UNSIGNED,inplace,SUCCESS,PASS,PASS,
TC-A0309,MEDIUMINT UNSIGNED -> BIGINT UNSIGNED,inplace,SUCCESS,PASS,PASS,
TC-A0310,MEDIUMINT UNSIGNED -> BIGINT UNSIGNED,inplace,SUCCESS,PASS,PASS,
TC-A0311,MEDIUMINT UNSIGNED -> BIGINT UNSIGNED,inplace,SUCCESS,PASS,PASS,
TC-A0312,MEDIUMINT UNSIGNED -> BIGINT UNSIGNED,inplace,SUCCESS,PASS,PASS,
TC-A0313,MEDIUMINT UNSIGNED -> BIGINT UNSIGNED,inplace,SUCCESS,PASS,PASS,
TC-AA0314,MEDIUMINT UNSIGNED -> BIGINT UNSIGNED,inplace,,PASS,PASS,
TC-AA0315,MEDIUMINT UNSIGNED -> BIGINT UNSIGNED,inplace,,PASS,PASS,
TC-A0316,INT UNSIGNED -> BIGINT UNSIGNED,inplace,SUCCESS,PASS,PASS,
TC-A0317,INT UNSIGNED -> BIGINT UNSIGNED,inplace,SUCCESS,PASS,PASS,
TC-A0318,INT UNSIGNED -> BIGINT UNSIGNED,inplace,SUCCESS,PASS,PASS,
TC-A0319,INT UNSIGNED -> BIGINT UNSIGNED,inplace,SUCCESS,PASS,PASS,
TC-A0320,INT UNSIGNED -> BIGINT UNSIGNED,inplace,SUCCESS,PASS,PASS,
TC-A0321,INT UNSIGNED -> BIGINT UNSIGNED,inplace,SUCCESS,PASS,PASS,
TC-A0322,INT UNSIGNED -> BIGINT UNSIGNED,inplace,SUCCESS,PASS,PASS,
TC-A0323,INT UNSIGNED -> BIGINT UNSIGNED,inplace,SUCCESS,PASS,PASS,
TC-A0324,INT UNSIGNED -> BIGINT UNSIGNED,inplace,SUCCESS,PASS,PASS,
TC-A0325,INT UNSIGNED -> BIGINT UNSIGNED,inplace,SUCCESS,PASS,PASS,
TC-A0326,INT UNSIGNED -> BIGINT UNSIGNED,inplace,SUCCESS,PASS,PASS,
TC-A0327,INT UNSIGNED -> BIGINT UNSIGNED,inplace,SUCCESS,PASS,PASS,
TC-A0328,INT UNSIGNED -> BIGINT UNSIGNED,inplace,SUCCESS,PASS,PASS,
TC-A0329,INT UNSIGNED -> BIGINT UNSIGNED,inplace,SUCCESS,PASS,PASS,
TC-A0330,INT UNSIGNED -> BIGINT UNSIGNED,inplace,SUCCESS,PASS,PASS,
TC-A0331,INT UNSIGNED -> BIGINT UNSIGNED,inplace,SUCCESS,PASS,PASS,
TC-A0332,INT UNSIGNED -> BIGINT UNSIGNED,inplace,SUCCESS,PASS,PASS,
TC-A0333,INT UNSIGNED -> BIGINT UNSIGNED,inplace,SUCCESS,PASS,PASS,
TC-A0334,INT UNSIGNED -> BIGINT UNSIGNED,inplace,SUCCESS,PASS,PASS,
TC-A0335,INT UNSIGNED -> BIGINT UNSIGNED,inplace,SUCCESS,PASS,PASS,
TC-A0336,INT UNSIGNED -> BIGINT UNSIGNED,inplace,SUCCESS,PASS,PASS,
TC-A0337,INT UNSIGNED -> BIGINT UNSIGNED,inplace,SUCCESS,PASS,PASS,
TC-A0338,INT UNSIGNED -> BIGINT UNSIGNED,inplace,SUCCESS,PASS,PASS,
TC-A0339,INT UNSIGNED -> BIGINT UNSIGNED,inplace,SUCCESS,PASS,PASS,
TC-A0340,INT UNSIGNED -> BIGINT UNSIGNED,inplace,SUCCESS,PASS,PASS,
TC-A0341,INT UNSIGNED -> BIGINT UNSIGNED,inplace,SUCCESS,PASS,PASS,
TC-A0342,INT UNSIGNED -> BIGINT UNSIGNED,inplace,FAILS,PASS,PASS,
TC-A0343,INT UNSIGNED -> BIGINT UNSIGNED,inplace,SUCCESS,PASS,PASS,
TC-A0344,INT UNSIGNED -> BIGINT UNSIGNED,inplace,SUCCESS,PASS,PASS,
TC-A0345,INT UNSIGNED -> BIGINT UNSIGNED,inplace,SUCCESS,PASS,PASS,
TC-A0346,INT UNSIGNED -> BIGINT UNSIGNED,inplace,SUCCESS,PASS,PASS,
TC-A0347,INT UNSIGNED -> BIGINT UNSIGNED,inplace,SUCCESS,PASS,PASS,
TC-A0348,INT UNSIGNED -> BIGINT UNSIGNED,inplace,SUCCESS,PASS,PASS,
TC-AA0349,INT UNSIGNED -> BIGINT UNSIGNED,inplace,,PASS,PASS,
TC-AA0350,INT UNSIGNED -> BIGINT UNSIGNED,inplace,,PASS,PASS,
TC-A0001,CHAR(1) -> CHAR(2),instant,SUCCESS,PASS,PASS,
TC-A0002,CHAR(1) -> CHAR(2),instant,SUCCESS,PASS,PASS,
TC-A0003,CHAR(1) -> CHAR(2),instant,SUCCESS,PASS,PASS,
TC-A0004,CHAR(1) -> CHAR(2),instant,FAILS,PASS,PASS,
TC-A0005,CHAR(1) -> CHAR(2),instant,SUCCESS,PASS,PASS,
TC-A0006,CHAR(1) -> CHAR(2),instant,SUCCESS,PASS,PASS,
TC-A0007,CHAR(1) -> CHAR(2),instant,SUCCESS,PASS,PASS,
TC-A0008,CHAR(1) -> CHAR(2),instant,SUCCESS,PASS,PASS,
TC-A0009,CHAR(1) -> CHAR(2),instant,SUCCESS,PASS,PASS,
TC-A0010,CHAR(1) -> CHAR(2),instant,SUCCESS,PASS,PASS,
TC-A0011,CHAR(1) -> CHAR(2),instant,SUCCESS,PASS,PASS,
TC-A0012,CHAR(1) -> CHAR(2),instant,SUCCESS,PASS,PASS,
TC-A0013,CHAR(1) -> CHAR(2),instant,SUCCESS,PASS,PASS,
TC-A0014,CHAR(1) -> CHAR(2),instant,SUCCESS,PASS,PASS,
TC-A0015,CHAR(1) -> CHAR(2),instant,SUCCESS,PASS,PASS,
TC-A0016,CHAR(1) -> CHAR(2),instant,SUCCESS,PASS,PASS,
TC-A0017,CHAR(1) -> CHAR(2),instant,SUCCESS,PASS,PASS,
TC-A0018,CHAR(1) -> CHAR(2),instant,SUCCESS,PASS,PASS,
TC-A0019,CHAR(1) -> CHAR(2),instant,SUCCESS,PASS,PASS,
TC-A0020,CHAR(1) -> CHAR(2),instant,SUCCESS,PASS,PASS,
TC-A0021,CHAR(1) -> CHAR(2),instant,SUCCESS,PASS,PASS,
TC-A0022,CHAR(1) -> CHAR(2),instant,SUCCESS,PASS,PASS,
TC-A0023,CHAR(1) -> CHAR(2),instant,SUCCESS,PASS,PASS,
TC-A0024,CHAR(1) -> CHAR(2),instant,SUCCESS,PASS,PASS,
TC-A0025,CHAR(1) -> CHAR(2),instant,SUCCESS,PASS,PASS,
TC-A0026,CHAR(1) -> CHAR(2),instant,SUCCESS,PASS,PASS,
TC-A0027,CHAR(1) -> CHAR(2),instant,SUCCESS,PASS,PASS,
TC-A0028,CHAR(1) -> CHAR(2),instant,FAILS,PASS,PASS,
TC-AA0029,CHAR(1) -> CHAR(2),instant,,PASS,PASS,
TC-AA0030,CHAR(1) -> CHAR(2),instant,,PASS,PASS,
TC-AA0031,CHAR(1) -> CHAR(2),instant,,PASS,PASS,
TC-A0032,CHAR(63) -> CHAR(64),instant,SUCCESS,PASS,PASS,
TC-A0033,CHAR(63) -> CHAR(64),instant,SUCCESS,PASS,PASS,
TC-A0034,CHAR(63) -> CHAR(64),instant,SUCCESS,PASS,PASS,
TC-A0035,CHAR(63) -> CHAR(64),instant,FAILS,PASS,PASS,
TC-A0036,CHAR(63) -> CHAR(64),instant,SUCCESS,PASS,PASS,
TC-A0037,CHAR(63) -> CHAR(64),instant,SUCCESS,PASS,PASS,
TC-A0038,CHAR(63) -> CHAR(64),instant,SUCCESS,PASS,PASS,
TC-A0039,CHAR(63) -> CHAR(64),instant,SUCCESS,PASS,PASS,
TC-A0040,CHAR(63) -> CHAR(64),instant,SUCCESS,PASS,PASS,
TC-A0041,CHAR(63) -> CHAR(64),instant,SUCCESS,PASS,PASS,
TC-A0042,CHAR(63) -> CHAR(64),instant,SUCCESS,PASS,PASS,
TC-A0043,CHAR(63) -> CHAR(64),instant,SUCCESS,PASS,PASS,
TC-A0044,CHAR(63) -> CHAR(64),instant,SUCCESS,PASS,PASS,
TC-A0045,CHAR(63) -> CHAR(64),instant,SUCCESS,PASS,PASS,
TC-A0046,CHAR(63) -> CHAR(64),instant,SUCCESS,PASS,PASS,
TC-A0047,CHAR(63) -> CHAR(64),instant,SUCCESS,PASS,PASS,
TC-A0048,CHAR(63) -> CHAR(64),instant,SUCCESS,PASS,PASS,
TC-A0049,CHAR(63) -> CHAR(64),instant,SUCCESS,PASS,PASS,
TC-A0050,CHAR(63) -> CHAR(64),instant,SUCCESS,PASS,PASS,
TC-A0051,CHAR(63) -> CHAR(64),instant,SUCCESS,PASS,PASS,
TC-A0052,CHAR(63) -> CHAR(64),instant,SUCCESS,PASS,PASS,
TC-A0053,CHAR(63) -> CHAR(64),instant,SUCCESS,PASS,PASS,
TC-A0054,CHAR(63) -> CHAR(64),instant,SUCCESS,PASS,PASS,
TC-A0055,CHAR(63) -> CHAR(64),instant,SUCCESS,PASS,PASS,
TC-A0056,CHAR(63) -> CHAR(64),instant,SUCCESS,PASS,PASS,
TC-A0057,CHAR(63) -> CHAR(64),instant,SUCCESS,PASS,PASS,
TC-A0058,CHAR(63) -> CHAR(64),instant,SUCCESS,PASS,PASS,
TC-A0059,CHAR(63) -> CHAR(64),instant,FAILS,PASS,PASS,
TC-AA0060,CHAR(63) -> CHAR(64),instant,,PASS,PASS,
TC-AA0061,CHAR(63) -> CHAR(64),instant,,PASS,PASS,
TC-AA0062,CHAR(63) -> CHAR(64),instant,,PASS,PASS,
TC-A0063,CHAR(254) -> CHAR(255),instant,SUCCESS,PASS,PASS,
TC-A0064,CHAR(254) -> CHAR(255),instant,SUCCESS,PASS,PASS,
TC-A0065,CHAR(254) -> CHAR(255),instant,SUCCESS,PASS,PASS,
TC-A0066,CHAR(254) -> CHAR(255),instant,FAILS,PASS,PASS,
TC-A0067,CHAR(254) -> CHAR(255),instant,SUCCESS,PASS,PASS,
TC-A0068,CHAR(254) -> CHAR(255),instant,SUCCESS,PASS,PASS,
TC-A0069,CHAR(254) -> CHAR(255),instant,SUCCESS,PASS,PASS,
TC-A0070,CHAR(254) -> CHAR(255),instant,SUCCESS,PASS,PASS,
TC-A0071,CHAR(254) -> CHAR(255),instant,SUCCESS,PASS,PASS,
TC-A0072,CHAR(254) -> CHAR(255),instant,SUCCESS,PASS,PASS,
TC-A0073,CHAR(254) -> CHAR(255),instant,SUCCESS,PASS,PASS,
TC-A0074,CHAR(254) -> CHAR(255),instant,SUCCESS,PASS,PASS,
TC-A0075,CHAR(254) -> CHAR(255),instant,SUCCESS,PASS,PASS,
TC-A0076,CHAR(254) -> CHAR(255),instant,SUCCESS,PASS,PASS,
TC-A0077,CHAR(254) -> CHAR(255),instant,SUCCESS,PASS,PASS,
TC-A0078,CHAR(254) -> CHAR(255),instant,SUCCESS,PASS,PASS,
TC-A0079,CHAR(254) -> CHAR(255),instant,SUCCESS,PASS,PASS,
TC-A0080,CHAR(254) -> CHAR(255),instant,SUCCESS,PASS,PASS,
TC-A0081,CHAR(254) -> CHAR(255),instant,SUCCESS,PASS,PASS,
TC-A0082,CHAR(254) -> CHAR(255),instant,SUCCESS,PASS,PASS,
TC-A0083,CHAR(254) -> CHAR(255),instant,SUCCESS,PASS,PASS,
TC-A0084,CHAR(254) -> CHAR(255),instant,SUCCESS,PASS,PASS,
TC-A0085,CHAR(254) -> CHAR(255),instant,SUCCESS,PASS,PASS,
TC-A0086,CHAR(254) -> CHAR(255),instant,SUCCESS,PASS,PASS,
TC-A0087,CHAR(254) -> CHAR(255),instant,SUCCESS,PASS,PASS,
TC-A0088,CHAR(254) -> CHAR(255),instant,SUCCESS,PASS,PASS,
TC-A0089,CHAR(254) -> CHAR(255),instant,SUCCESS,PASS,PASS,
TC-A0090,CHAR(254) -> CHAR(255),instant,FAILS,PASS,PASS,
TC-AA0091,CHAR(254) -> CHAR(255),instant,,PASS,PASS,
TC-AA0092,CHAR(254) -> CHAR(255),instant,,PASS,PASS,
TC-AA0093,CHAR(254) -> CHAR(255),instant,,PASS,PASS,
TC-A0001,CHAR(1) -> CHAR(2),inplace,SUCCESS,PASS,PASS,
TC-A0002,CHAR(1) -> CHAR(2),inplace,SUCCESS,PASS,PASS,
TC-A0003,CHAR(1) -> CHAR(2),inplace,SUCCESS,PASS,PASS,
TC-A0004,CHAR(1) -> CHAR(2),inplace,SUCCESS,PASS,PASS,
TC-A0005,CHAR(1) -> CHAR(2),inplace,SUCCESS,PASS,PASS,
TC-A0006,CHAR(1) -> CHAR(2),inplace,SUCCESS,PASS,PASS,
TC-A0007,CHAR(1) -> CHAR(2),inplace,SUCCESS,PASS,PASS,
TC-A0008,CHAR(1) -> CHAR(2),inplace,SUCCESS,PASS,PASS,
TC-A0009,CHAR(1) -> CHAR(2),inplace,SUCCESS,PASS,PASS,
TC-A0010,CHAR(1) -> CHAR(2),inplace,SUCCESS,PASS,PASS,
TC-A0011,CHAR(1) -> CHAR(2),inplace,SUCCESS,PASS,PASS,
TC-A0012,CHAR(1) -> CHAR(2),inplace,SUCCESS,PASS,PASS,
TC-A0013,CHAR(1) -> CHAR(2),inplace,SUCCESS,PASS,PASS,
TC-A0014,CHAR(1) -> CHAR(2),inplace,SUCCESS,PASS,PASS,
TC-A0015,CHAR(1) -> CHAR(2),inplace,SUCCESS,PASS,PASS,
TC-A0016,CHAR(1) -> CHAR(2),inplace,SUCCESS,PASS,PASS,
TC-A0017,CHAR(1) -> CHAR(2),inplace,SUCCESS,PASS,PASS,
TC-A0018,CHAR(1) -> CHAR(2),inplace,SUCCESS,PASS,PASS,
TC-A0019,CHAR(1) -> CHAR(2),inplace,SUCCESS,PASS,PASS,
TC-A0020,CHAR(1) -> CHAR(2),inplace,SUCCESS,PASS,PASS,
TC-A0021,CHAR(1) -> CHAR(2),inplace,SUCCESS,PASS,PASS,
TC-A0022,CHAR(1) -> CHAR(2),inplace,SUCCESS,PASS,PASS,
TC-A0023,CHAR(1) -> CHAR(2),inplace,SUCCESS,PASS,PASS,
TC-A0024,CHAR(1) -> CHAR(2),inplace,SUCCESS,PASS,PASS,
TC-A0025,CHAR(1) -> CHAR(2),inplace,SUCCESS,PASS,PASS,
TC-A0026,CHAR(1) -> CHAR(2),inplace,SUCCESS,PASS,PASS,
TC-A0027,CHAR(1) -> CHAR(2),inplace,SUCCESS,PASS,PASS,
TC-A0028,CHAR(1) -> CHAR(2),inplace,SUCCESS,PASS,PASS,
TC-A0029,CHAR(1) -> CHAR(2),inplace,SUCCESS,PASS,PASS,
TC-A0030,CHAR(1) -> CHAR(2),inplace,SUCCESS,PASS,PASS,
TC-A0031,CHAR(1) -> CHAR(2),inplace,SUCCESS,PASS,PASS,
TC-A0032,CHAR(1) -> CHAR(2),inplace,SUCCESS,PASS,PASS,
TC-A0033,CHAR(1) -> CHAR(2),inplace,SUCCESS,PASS,PASS,
TC-AA0034,CHAR(1) -> CHAR(2),inplace,,PASS,PASS,
TC-AA0035,CHAR(1) -> CHAR(2),inplace,,PASS,PASS,
TC-AA0036,CHAR(1) -> CHAR(2),inplace,,PASS,PASS,
TC-A0037,CHAR(63) -> CHAR(64),inplace,SUCCESS,PASS,PASS,
TC-A0038,CHAR(63) -> CHAR(64),inplace,SUCCESS,PASS,PASS,
TC-A0039,CHAR(63) -> CHAR(64),inplace,SUCCESS,PASS,PASS,
TC-A0040,CHAR(63) -> CHAR(64),inplace,SUCCESS,PASS,PASS,
TC-A0041,CHAR(63) -> CHAR(64),inplace,SUCCESS,PASS,PASS,
TC-A0042,CHAR(63) -> CHAR(64),inplace,SUCCESS,PASS,PASS,
TC-A0043,CHAR(63) -> CHAR(64),inplace,SUCCESS,PASS,PASS,
TC-A0044,CHAR(63) -> CHAR(64),inplace,SUCCESS,PASS,PASS,
TC-A0045,CHAR(63) -> CHAR(64),inplace,SUCCESS,PASS,PASS,
TC-A0046,CHAR(63) -> CHAR(64),inplace,SUCCESS,PASS,PASS,
TC-A0047,CHAR(63) -> CHAR(64),inplace,SUCCESS,PASS,PASS,
TC-A0048,CHAR(63) -> CHAR(64),inplace,SUCCESS,PASS,PASS,
TC-A0049,CHAR(63) -> CHAR(64),inplace,SUCCESS,PASS,PASS,
TC-A0050,CHAR(63) -> CHAR(64),inplace,SUCCESS,PASS,PASS,
TC-A0051,CHAR(63) -> CHAR(64),inplace,SUCCESS,PASS,PASS,
TC-A0052,CHAR(63) -> CHAR(64),inplace,SUCCESS,PASS,PASS,
TC-A0053,CHAR(63) -> CHAR(64),inplace,SUCCESS,PASS,PASS,
TC-A0054,CHAR(63) -> CHAR(64),inplace,SUCCESS,PASS,PASS,
TC-A0055,CHAR(63) -> CHAR(64),inplace,SUCCESS,PASS,PASS,
TC-A0056,CHAR(63) -> CHAR(64),inplace,SUCCESS,PASS,PASS,
TC-A0057,CHAR(63) -> CHAR(64),inplace,SUCCESS,PASS,PASS,
TC-A0058,CHAR(63) -> CHAR(64),inplace,SUCCESS,PASS,PASS,
TC-A0059,CHAR(63) -> CHAR(64),inplace,SUCCESS,PASS,PASS,
TC-A0060,CHAR(63) -> CHAR(64),inplace,SUCCESS,PASS,PASS,
TC-A0061,CHAR(63) -> CHAR(64),inplace,SUCCESS,PASS,PASS,
TC-A0062,CHAR(63) -> CHAR(64),inplace,SUCCESS,PASS,PASS,
TC-A0063,CHAR(63) -> CHAR(64),inplace,SUCCESS,PASS,PASS,
TC-A0064,CHAR(63) -> CHAR(64),inplace,SUCCESS,PASS,PASS,
TC-A0065,CHAR(63) -> CHAR(64),inplace,SUCCESS,PASS,PASS,
TC-A0066,CHAR(63) -> CHAR(64),inplace,SUCCESS,PASS,PASS,
TC-A0067,CHAR(63) -> CHAR(64),inplace,SUCCESS,PASS,PASS,
TC-A0068,CHAR(63) -> CHAR(64),inplace,SUCCESS,PASS,PASS,
TC-A0069,CHAR(63) -> CHAR(64),inplace,SUCCESS,PASS,PASS,
TC-AA0070,CHAR(63) -> CHAR(64),inplace,,PASS,PASS,
TC-AA0071,CHAR(63) -> CHAR(64),inplace,,PASS,PASS,
TC-AA0072,CHAR(63) -> CHAR(64),inplace,,PASS,PASS,
TC-A0073,CHAR(254) -> CHAR(255),inplace,SUCCESS,PASS,PASS,
TC-A0074,CHAR(254) -> CHAR(255),inplace,SUCCESS,PASS,PASS,
TC-A0075,CHAR(254) -> CHAR(255),inplace,SUCCESS,PASS,PASS,
TC-A0076,CHAR(254) -> CHAR(255),inplace,SUCCESS,PASS,PASS,
TC-A0077,CHAR(254) -> CHAR(255),inplace,SUCCESS,PASS,PASS,
TC-A0078,CHAR(254) -> CHAR(255),inplace,SUCCESS,PASS,PASS,
TC-A0079,CHAR(254) -> CHAR(255),inplace,SUCCESS,PASS,PASS,
TC-A0080,CHAR(254) -> CHAR(255),inplace,SUCCESS,PASS,PASS,
TC-A0081,CHAR(254) -> CHAR(255),inplace,SUCCESS,PASS,PASS,
TC-A0082,CHAR(254) -> CHAR(255),inplace,SUCCESS,PASS,PASS,
TC-A0083,CHAR(254) -> CHAR(255),inplace,SUCCESS,PASS,PASS,
TC-A0084,CHAR(254) -> CHAR(255),inplace,SUCCESS,PASS,PASS,
TC-A0085,CHAR(254) -> CHAR(255),inplace,SUCCESS,PASS,PASS,
TC-A0086,CHAR(254) -> CHAR(255),inplace,SUCCESS,PASS,PASS,
TC-A0087,CHAR(254) -> CHAR(255),inplace,SUCCESS,PASS,PASS,
TC-A0088,CHAR(254) -> CHAR(255),inplace,SUCCESS,PASS,PASS,
TC-A0089,CHAR(254) -> CHAR(255),inplace,SUCCESS,PASS,PASS,
TC-A0090,CHAR(254) -> CHAR(255),inplace,SUCCESS,PASS,PASS,
TC-A0091,CHAR(254) -> CHAR(255),inplace,SUCCESS,PASS,PASS,
TC-A0092,CHAR(254) -> CHAR(255),inplace,SUCCESS,PASS,PASS,
TC-A0093,CHAR(254) -> CHAR(255),inplace,SUCCESS,PASS,PASS,
TC-A0094,CHAR(254) -> CHAR(255),inplace,SUCCESS,PASS,PASS,
TC-A0095,CHAR(254) -> CHAR(255),inplace,SUCCESS,PASS,PASS,
TC-A0096,CHAR(254) -> CHAR(255),inplace,SUCCESS,PASS,PASS,
TC-A0097,CHAR(254) -> CHAR(255),inplace,SUCCESS,PASS,PASS,
TC-A0098,CHAR(254) -> CHAR(255),inplace,SUCCESS,PASS,PASS,
TC-A0099,CHAR(254) -> CHAR(255),inplace,SUCCESS,PASS,PASS,
TC-A0100,CHAR(254) -> CHAR(255),inplace,SUCCESS,PASS,PASS,
TC-A0101,CHAR(254) -> CHAR(255),inplace,SUCCESS,PASS,PASS,
TC-A0102,CHAR(254) -> CHAR(255),inplace,SUCCESS,PASS,PASS,
TC-A0103,CHAR(254) -> CHAR(255),inplace,SUCCESS,PASS,PASS,
TC-A0104,CHAR(254) -> CHAR(255),inplace,SUCCESS,PASS,PASS,
TC-A0105,CHAR(254) -> CHAR(255),inplace,SUCCESS,PASS,PASS,
TC-AA0106,CHAR(254) -> CHAR(255),inplace,,PASS,PASS,
TC-AA0107,CHAR(254) -> CHAR(255),inplace,,PASS,PASS,
TC-AA0108,CHAR(254) -> CHAR(255),inplace,,PASS,PASS,
TC-A0001,VARCHAR(1) -> VARCHAR(2),instant,SUCCESS,PASS,PASS,
TC-A0002,VARCHAR(1) -> VARCHAR(2),instant,SUCCESS,PASS,PASS,
TC-A0003,VARCHAR(1) -> VARCHAR(2),instant,SUCCESS,PASS,PASS,
TC-A0004,VARCHAR(1) -> VARCHAR(2),instant,FAILS,PASS,PASS,
TC-A0005,VARCHAR(1) -> VARCHAR(2),instant,SUCCESS,PASS,PASS,
TC-A0006,VARCHAR(1) -> VARCHAR(2),instant,SUCCESS,PASS,PASS,
TC-A0007,VARCHAR(1) -> VARCHAR(2),instant,SUCCESS,PASS,PASS,
TC-A0008,VARCHAR(1) -> VARCHAR(2),instant,SUCCESS,PASS,PASS,
TC-A0009,VARCHAR(1) -> VARCHAR(2),instant,SUCCESS,PASS,PASS,
TC-A0010,VARCHAR(1) -> VARCHAR(2),instant,SUCCESS,PASS,PASS,
TC-A0011,VARCHAR(1) -> VARCHAR(2),instant,SUCCESS,PASS,PASS,
TC-A0012,VARCHAR(1) -> VARCHAR(2),instant,SUCCESS,PASS,PASS,
TC-A0013,VARCHAR(1) -> VARCHAR(2),instant,SUCCESS,PASS,PASS,
TC-A0014,VARCHAR(1) -> VARCHAR(2),instant,SUCCESS,PASS,PASS,
TC-A0015,VARCHAR(1) -> VARCHAR(2),instant,SUCCESS,PASS,PASS,
TC-A0016,VARCHAR(1) -> VARCHAR(2),instant,SUCCESS,PASS,PASS,
TC-A0017,VARCHAR(1) -> VARCHAR(2),instant,SUCCESS,PASS,PASS,
TC-A0018,VARCHAR(1) -> VARCHAR(2),instant,SUCCESS,PASS,PASS,
TC-A0019,VARCHAR(1) -> VARCHAR(2),instant,SUCCESS,PASS,PASS,
TC-A0020,VARCHAR(1) -> VARCHAR(2),instant,SUCCESS,PASS,PASS,
TC-A0021,VARCHAR(1) -> VARCHAR(2),instant,SUCCESS,PASS,PASS,
TC-A0022,VARCHAR(1) -> VARCHAR(2),instant,SUCCESS,PASS,PASS,
TC-A0023,VARCHAR(1) -> VARCHAR(2),instant,SUCCESS,PASS,PASS,
TC-A0024,VARCHAR(1) -> VARCHAR(2),instant,SUCCESS,PASS,PASS,
TC-A0025,VARCHAR(1) -> VARCHAR(2),instant,SUCCESS,PASS,PASS,
TC-A0026,VARCHAR(1) -> VARCHAR(2),instant,SUCCESS,PASS,PASS,
TC-A0027,VARCHAR(1) -> VARCHAR(2),instant,SUCCESS,PASS,PASS,
TC-A0028,VARCHAR(1) -> VARCHAR(2),instant,FAILS,PASS,PASS,
TC-AA0029,VARCHAR(1) -> VARCHAR(2),instant,,PASS,PASS,
TC-AA0030,VARCHAR(1) -> VARCHAR(2),instant,,PASS,PASS,
TC-AA0031,VARCHAR(1) -> VARCHAR(2),instant,,PASS,PASS,
TC-A0032,VARCHAR(254) -> VARCHAR(255),instant,SUCCESS,PASS,PASS,
TC-A0033,VARCHAR(254) -> VARCHAR(255),instant,SUCCESS,PASS,PASS,
TC-A0034,VARCHAR(254) -> VARCHAR(255),instant,SUCCESS,PASS,PASS,
TC-A0035,VARCHAR(254) -> VARCHAR(255),instant,FAILS,PASS,PASS,
TC-A0036,VARCHAR(254) -> VARCHAR(255),instant,SUCCESS,PASS,PASS,
TC-A0037,VARCHAR(254) -> VARCHAR(255),instant,SUCCESS,PASS,PASS,
TC-A0038,VARCHAR(254) -> VARCHAR(255),instant,SUCCESS,PASS,PASS,
TC-A0039,VARCHAR(254) -> VARCHAR(255),instant,SUCCESS,PASS,PASS,
TC-A0040,VARCHAR(254) -> VARCHAR(255),instant,SUCCESS,PASS,PASS,
TC-A0041,VARCHAR(254) -> VARCHAR(255),instant,SUCCESS,PASS,PASS,
TC-A0042,VARCHAR(254) -> VARCHAR(255),instant,SUCCESS,PASS,PASS,
TC-A0043,VARCHAR(254) -> VARCHAR(255),instant,SUCCESS,PASS,PASS,
TC-A0044,VARCHAR(254) -> VARCHAR(255),instant,SUCCESS,PASS,PASS,
TC-A0045,VARCHAR(254) -> VARCHAR(255),instant,SUCCESS,PASS,PASS,
TC-A0046,VARCHAR(254) -> VARCHAR(255),instant,SUCCESS,PASS,PASS,
TC-A0047,VARCHAR(254) -> VARCHAR(255),instant,SUCCESS,PASS,PASS,
TC-A0048,VARCHAR(254) -> VARCHAR(255),instant,SUCCESS,PASS,PASS,
TC-A0049,VARCHAR(254) -> VARCHAR(255),instant,SUCCESS,PASS,PASS,
TC-A0050,VARCHAR(254) -> VARCHAR(255),instant,SUCCESS,PASS,PASS,
TC-A0051,VARCHAR(254) -> VARCHAR(255),instant,SUCCESS,PASS,PASS,
TC-A0052,VARCHAR(254) -> VARCHAR(255),instant,SUCCESS,PASS,PASS,
TC-A0053,VARCHAR(254) -> VARCHAR(255),instant,SUCCESS,PASS,PASS,
TC-A0054,VARCHAR(254) -> VARCHAR(255),instant,SUCCESS,PASS,PASS,
TC-A0055,VARCHAR(254) -> VARCHAR(255),instant,SUCCESS,PASS,PASS,
TC-A0056,VARCHAR(254) -> VARCHAR(255),instant,SUCCESS,PASS,PASS,
TC-A0057,VARCHAR(254) -> VARCHAR(255),instant,SUCCESS,PASS,PASS,
TC-A0058,VARCHAR(254) -> VARCHAR(255),instant,SUCCESS,PASS,PASS,
TC-A0059,VARCHAR(254) -> VARCHAR(255),instant,FAILS,PASS,PASS,
TC-AA0060,VARCHAR(254) -> VARCHAR(255),instant,,PASS,PASS,
TC-AA0061,VARCHAR(254) -> VARCHAR(255),instant,,PASS,PASS,
TC-AA0062,VARCHAR(254) -> VARCHAR(255),instant,,PASS,PASS,
TC-A0063,VARCHAR(255) -> VARCHAR(256),instant,SUCCESS,PASS,PASS,
TC-A0064,VARCHAR(255) -> VARCHAR(256),instant,SUCCESS,PASS,PASS,
TC-A0065,VARCHAR(255) -> VARCHAR(256),instant,SUCCESS,PASS,PASS,
TC-A0066,VARCHAR(255) -> VARCHAR(256),instant,FAILS,PASS,PASS,
TC-A0067,VARCHAR(255) -> VARCHAR(256),instant,SUCCESS,PASS,PASS,
TC-A0068,VARCHAR(255) -> VARCHAR(256),instant,SUCCESS,PASS,PASS,
TC-A0069,VARCHAR(255) -> VARCHAR(256),instant,SUCCESS,PASS,PASS,
TC-A0070,VARCHAR(255) -> VARCHAR(256),instant,SUCCESS,PASS,PASS,
TC-A0071,VARCHAR(255) -> VARCHAR(256),instant,SUCCESS,PASS,PASS,
TC-A0072,VARCHAR(255) -> VARCHAR(256),instant,SUCCESS,PASS,PASS,
TC-A0073,VARCHAR(255) -> VARCHAR(256),instant,SUCCESS,PASS,PASS,
TC-A0074,VARCHAR(255) -> VARCHAR(256),instant,SUCCESS,PASS,PASS,
TC-A0075,VARCHAR(255) -> VARCHAR(256),instant,SUCCESS,PASS,PASS,
TC-A0076,VARCHAR(255) -> VARCHAR(256),instant,SUCCESS,PASS,PASS,
TC-A0077,VARCHAR(255) -> VARCHAR(256),instant,SUCCESS,PASS,PASS,
TC-A0078,VARCHAR(255) -> VARCHAR(256),instant,SUCCESS,PASS,PASS,
TC-A0079,VARCHAR(255) -> VARCHAR(256),instant,SUCCESS,PASS,PASS,
TC-A0080,VARCHAR(255) -> VARCHAR(256),instant,SUCCESS,PASS,PASS,
TC-A0081,VARCHAR(255) -> VARCHAR(256),instant,SUCCESS,PASS,PASS,
TC-A0082,VARCHAR(255) -> VARCHAR(256),instant,SUCCESS,PASS,PASS,
TC-A0083,VARCHAR(255) -> VARCHAR(256),instant,SUCCESS,PASS,PASS,
TC-A0084,VARCHAR(255) -> VARCHAR(256),instant,SUCCESS,PASS,PASS,
TC-A0085,VARCHAR(255) -> VARCHAR(256),instant,SUCCESS,PASS,PASS,
TC-A0086,VARCHAR(255) -> VARCHAR(256),instant,SUCCESS,PASS,PASS,
TC-A0087,VARCHAR(255) -> VARCHAR(256),instant,SUCCESS,PASS,PASS,
TC-A0088,VARCHAR(255) -> VARCHAR(256),instant,SUCCESS,PASS,PASS,
TC-A0089,VARCHAR(255) -> VARCHAR(256),instant,SUCCESS,PASS,PASS,
TC-A0090,VARCHAR(255) -> VARCHAR(256),instant,FAILS,PASS,PASS,
TC-AA0091,VARCHAR(255) -> VARCHAR(256),instant,,PASS,PASS,
TC-AA0092,VARCHAR(255) -> VARCHAR(256),instant,,PASS,PASS,
TC-AA0093,VARCHAR(255) -> VARCHAR(256),instant,,PASS,PASS,
TC-A0094,VARCHAR(85) -> VARCHAR(86),instant,SUCCESS,PASS,PASS,
TC-A0095,VARCHAR(85) -> VARCHAR(86),instant,SUCCESS,PASS,PASS,
TC-A0096,VARCHAR(85) -> VARCHAR(86),instant,SUCCESS,PASS,PASS,
TC-A0097,VARCHAR(85) -> VARCHAR(86),instant,FAILS,PASS,PASS,
TC-A0098,VARCHAR(85) -> VARCHAR(86),instant,SUCCESS,PASS,PASS,
TC-A0099,VARCHAR(85) -> VARCHAR(86),instant,SUCCESS,PASS,PASS,
TC-A0100,VARCHAR(85) -> VARCHAR(86),instant,SUCCESS,PASS,PASS,
TC-A0101,VARCHAR(85) -> VARCHAR(86),instant,SUCCESS,PASS,PASS,
TC-A0102,VARCHAR(85) -> VARCHAR(86),instant,SUCCESS,PASS,PASS,
TC-A0103,VARCHAR(85) -> VARCHAR(86),instant,SUCCESS,PASS,PASS,
TC-A0104,VARCHAR(85) -> VARCHAR(86),instant,SUCCESS,PASS,PASS,
TC-A0105,VARCHAR(85) -> VARCHAR(86),instant,SUCCESS,PASS,PASS,
TC-A0106,VARCHAR(85) -> VARCHAR(86),instant,SUCCESS,PASS,PASS,
TC-A0107,VARCHAR(85) -> VARCHAR(86),instant,SUCCESS,PASS,PASS,
TC-A0108,VARCHAR(85) -> VARCHAR(86),instant,SUCCESS,PASS,PASS,
TC-A0109,VARCHAR(85) -> VARCHAR(86),instant,SUCCESS,PASS,PASS,
TC-A0110,VARCHAR(85) -> VARCHAR(86),instant,SUCCESS,PASS,PASS,
TC-A0111,VARCHAR(85) -> VARCHAR(86),instant,SUCCESS,PASS,PASS,
TC-A0112,VARCHAR(85) -> VARCHAR(86),instant,SUCCESS,PASS,PASS,
TC-A0113,VARCHAR(85) -> VARCHAR(86),instant,SUCCESS,PASS,PASS,
TC-A0114,VARCHAR(85) -> VARCHAR(86),instant,SUCCESS,PASS,PASS,
TC-A0115,VARCHAR(85) -> VARCHAR(86),instant,SUCCESS,PASS,PASS,
TC-A0116,VARCHAR(85) -> VARCHAR(86),instant,SUCCESS,PASS,PASS,
TC-A0117,VARCHAR(85) -> VARCHAR(86),instant,SUCCESS,PASS,PASS,
TC-A0118,VARCHAR(85) -> VARCHAR(86),instant,SUCCESS,PASS,PASS,
TC-A0119,VARCHAR(85) -> VARCHAR(86),instant,SUCCESS,PASS,PASS,
TC-A0120,VARCHAR(85) -> VARCHAR(86),instant,SUCCESS,PASS,PASS,
TC-A0121,VARCHAR(85) -> VARCHAR(86),instant,FAILS,PASS,PASS,
TC-AA0122,VARCHAR(85) -> VARCHAR(86),instant,,PASS,PASS,
TC-AA0123,VARCHAR(85) -> VARCHAR(86),instant,,PASS,PASS,
TC-AA0124,VARCHAR(85) -> VARCHAR(86),instant,,PASS,PASS,
TC-A0125,VARCHAR(63) -> VARCHAR(64),instant,SUCCESS,PASS,PASS,
TC-A0126,VARCHAR(63) -> VARCHAR(64),instant,SUCCESS,PASS,PASS,
TC-A0127,VARCHAR(63) -> VARCHAR(64),instant,SUCCESS,PASS,PASS,
TC-A0128,VARCHAR(63) -> VARCHAR(64),instant,FAILS,PASS,PASS,
TC-A0129,VARCHAR(63) -> VARCHAR(64),instant,SUCCESS,PASS,PASS,
TC-A0130,VARCHAR(63) -> VARCHAR(64),instant,SUCCESS,PASS,PASS,
TC-A0131,VARCHAR(63) -> VARCHAR(64),instant,SUCCESS,PASS,PASS,
TC-A0132,VARCHAR(63) -> VARCHAR(64),instant,SUCCESS,PASS,PASS,
TC-A0133,VARCHAR(63) -> VARCHAR(64),instant,SUCCESS,PASS,PASS,
TC-A0134,VARCHAR(63) -> VARCHAR(64),instant,SUCCESS,PASS,PASS,
TC-A0135,VARCHAR(63) -> VARCHAR(64),instant,SUCCESS,PASS,PASS,
TC-A0136,VARCHAR(63) -> VARCHAR(64),instant,SUCCESS,PASS,PASS,
TC-A0137,VARCHAR(63) -> VARCHAR(64),instant,SUCCESS,PASS,PASS,
TC-A0138,VARCHAR(63) -> VARCHAR(64),instant,SUCCESS,PASS,PASS,
TC-A0139,VARCHAR(63) -> VARCHAR(64),instant,SUCCESS,PASS,PASS,
TC-A0140,VARCHAR(63) -> VARCHAR(64),instant,SUCCESS,PASS,PASS,
TC-A0141,VARCHAR(63) -> VARCHAR(64),instant,SUCCESS,PASS,PASS,
TC-A0142,VARCHAR(63) -> VARCHAR(64),instant,SUCCESS,PASS,PASS,
TC-A0143,VARCHAR(63) -> VARCHAR(64),instant,SUCCESS,PASS,PASS,
TC-A0144,VARCHAR(63) -> VARCHAR(64),instant,SUCCESS,PASS,PASS,
TC-A0145,VARCHAR(63) -> VARCHAR(64),instant,SUCCESS,PASS,PASS,
TC-A0146,VARCHAR(63) -> VARCHAR(64),instant,SUCCESS,PASS,PASS,
TC-A0147,VARCHAR(63) -> VARCHAR(64),instant,SUCCESS,PASS,PASS,
TC-A0148,VARCHAR(63) -> VARCHAR(64),instant,SUCCESS,PASS,PASS,
TC-A0149,VARCHAR(63) -> VARCHAR(64),instant,SUCCESS,PASS,PASS,
TC-A0150,VARCHAR(63) -> VARCHAR(64),instant,SUCCESS,PASS,PASS,
TC-A0151,VARCHAR(63) -> VARCHAR(64),instant,SUCCESS,PASS,PASS,
TC-A0152,VARCHAR(63) -> VARCHAR(64),instant,FAILS,PASS,PASS,
TC-AA0153,VARCHAR(63) -> VARCHAR(64),instant,,PASS,PASS,
TC-AA0154,VARCHAR(63) -> VARCHAR(64),instant,,PASS,PASS,
TC-AA0155,VARCHAR(63) -> VARCHAR(64),instant,,PASS,PASS,
TC-A0156,VARCHAR(64) -> VARCHAR(65),instant,SUCCESS,PASS,PASS,
TC-A0157,VARCHAR(64) -> VARCHAR(65),instant,SUCCESS,PASS,PASS,
TC-A0158,VARCHAR(64) -> VARCHAR(65),instant,SUCCESS,PASS,PASS,
TC-A0159,VARCHAR(64) -> VARCHAR(65),instant,FAILS,PASS,PASS,
TC-A0160,VARCHAR(64) -> VARCHAR(65),instant,SUCCESS,PASS,PASS,
TC-A0161,VARCHAR(64) -> VARCHAR(65),instant,SUCCESS,PASS,PASS,
TC-A0162,VARCHAR(64) -> VARCHAR(65),instant,SUCCESS,PASS,PASS,
TC-A0163,VARCHAR(64) -> VARCHAR(65),instant,SUCCESS,PASS,PASS,
TC-A0164,VARCHAR(64) -> VARCHAR(65),instant,SUCCESS,PASS,PASS,
TC-A0165,VARCHAR(64) -> VARCHAR(65),instant,SUCCESS,PASS,PASS,
TC-A0166,VARCHAR(64) -> VARCHAR(65),instant,SUCCESS,PASS,PASS,
TC-A0167,VARCHAR(64) -> VARCHAR(65),instant,SUCCESS,PASS,PASS,
TC-A0168,VARCHAR(64) -> VARCHAR(65),instant,SUCCESS,PASS,PASS,
TC-A0169,VARCHAR(64) -> VARCHAR(65),instant,SUCCESS,PASS,PASS,
TC-A0170,VARCHAR(64) -> VARCHAR(65),instant,SUCCESS,PASS,PASS,
TC-A0171,VARCHAR(64) -> VARCHAR(65),instant,SUCCESS,PASS,PASS,
TC-A0172,VARCHAR(64) -> VARCHAR(65),instant,SUCCESS,PASS,PASS,
TC-A0173,VARCHAR(64) -> VARCHAR(65),instant,SUCCESS,PASS,PASS,
TC-A0174,VARCHAR(64) -> VARCHAR(65),instant,SUCCESS,PASS,PASS,
TC-A0175,VARCHAR(64) -> VARCHAR(65),instant,SUCCESS,PASS,PASS,
TC-A0176,VARCHAR(64) -> VARCHAR(65),instant,SUCCESS,PASS,PASS,
TC-A0177,VARCHAR(64) -> VARCHAR(65),instant,SUCCESS,PASS,PASS,
TC-A0178,VARCHAR(64) -> VARCHAR(65),instant,SUCCESS,PASS,PASS,
TC-A0179,VARCHAR(64) -> VARCHAR(65),instant,SUCCESS,PASS,PASS,
TC-A0180,VARCHAR(64) -> VARCHAR(65),instant,SUCCESS,PASS,PASS,
TC-A0181,VARCHAR(64) -> VARCHAR(65),instant,SUCCESS,PASS,PASS,
TC-A0182,VARCHAR(64) -> VARCHAR(65),instant,SUCCESS,PASS,PASS,
TC-A0183,VARCHAR(64) -> VARCHAR(65),instant,FAILS,PASS,PASS,
TC-AA0184,VARCHAR(64) -> VARCHAR(65),instant,,PASS,PASS,
TC-AA0185,VARCHAR(64) -> VARCHAR(65),instant,,PASS,PASS,
TC-AA0186,VARCHAR(64) -> VARCHAR(65),instant,,PASS,PASS,
TC-A0187,VARCHAR(100) -> VARCHAR(200),instant,SUCCESS,PASS,PASS,
TC-A0188,VARCHAR(100) -> VARCHAR(200),instant,SUCCESS,PASS,PASS,
TC-A0189,VARCHAR(100) -> VARCHAR(200),instant,SUCCESS,PASS,PASS,
TC-A0190,VARCHAR(100) -> VARCHAR(200),instant,FAILS,PASS,PASS,
TC-A0191,VARCHAR(100) -> VARCHAR(200),instant,SUCCESS,PASS,PASS,
TC-A0192,VARCHAR(100) -> VARCHAR(200),instant,SUCCESS,PASS,PASS,
TC-A0193,VARCHAR(100) -> VARCHAR(200),instant,SUCCESS,PASS,PASS,
TC-A0194,VARCHAR(100) -> VARCHAR(200),instant,SUCCESS,PASS,PASS,
TC-A0195,VARCHAR(100) -> VARCHAR(200),instant,SUCCESS,PASS,PASS,
TC-A0196,VARCHAR(100) -> VARCHAR(200),instant,SUCCESS,PASS,PASS,
TC-A0197,VARCHAR(100) -> VARCHAR(200),instant,SUCCESS,PASS,PASS,
TC-A0198,VARCHAR(100) -> VARCHAR(200),instant,SUCCESS,PASS,PASS,
TC-A0199,VARCHAR(100) -> VARCHAR(200),instant,SUCCESS,PASS,PASS,
TC-A0200,VARCHAR(100) -> VARCHAR(200),instant,SUCCESS,PASS,PASS,
TC-A0201,VARCHAR(100) -> VARCHAR(200),instant,SUCCESS,PASS,PASS,
TC-A0202,VARCHAR(100) -> VARCHAR(200),instant,SUCCESS,PASS,PASS,
TC-A0203,VARCHAR(100) -> VARCHAR(200),instant,SUCCESS,PASS,PASS,
TC-A0204,VARCHAR(100) -> VARCHAR(200),instant,SUCCESS,PASS,PASS,
TC-A0205,VARCHAR(100) -> VARCHAR(200),instant,SUCCESS,PASS,PASS,
TC-A0206,VARCHAR(100) -> VARCHAR(200),instant,SUCCESS,PASS,PASS,
TC-A0207,VARCHAR(100) -> VARCHAR(200),instant,SUCCESS,PASS,PASS,
TC-A0208,VARCHAR(100) -> VARCHAR(200),instant,SUCCESS,PASS,PASS,
TC-A0209,VARCHAR(100) -> VARCHAR(200),instant,SUCCESS,PASS,PASS,
TC-A0210,VARCHAR(100) -> VARCHAR(200),instant,SUCCESS,PASS,PASS,
TC-A0211,VARCHAR(100) -> VARCHAR(200),instant,SUCCESS,PASS,PASS,
TC-A0212,VARCHAR(100) -> VARCHAR(200),instant,SUCCESS,PASS,PASS,
TC-A0213,VARCHAR(100) -> VARCHAR(200),instant,SUCCESS,PASS,PASS,
TC-A0214,VARCHAR(100) -> VARCHAR(200),instant,FAILS,PASS,PASS,
TC-AA0215,VARCHAR(100) -> VARCHAR(200),instant,,PASS,PASS,
TC-AA0216,VARCHAR(100) -> VARCHAR(200),instant,,PASS,PASS,
TC-AA0217,VARCHAR(100) -> VARCHAR(200),instant,,PASS,PASS,
TC-A0001,VARCHAR(1) -> VARCHAR(2),inplace,SUCCESS,PASS,PASS,
TC-A0002,VARCHAR(1) -> VARCHAR(2),inplace,SUCCESS,PASS,PASS,
TC-A0003,VARCHAR(1) -> VARCHAR(2),inplace,SUCCESS,PASS,PASS,
TC-A0004,VARCHAR(1) -> VARCHAR(2),inplace,SUCCESS,PASS,PASS,
TC-A0005,VARCHAR(1) -> VARCHAR(2),inplace,SUCCESS,PASS,PASS,
TC-A0006,VARCHAR(1) -> VARCHAR(2),inplace,SUCCESS,PASS,PASS,
TC-A0007,VARCHAR(1) -> VARCHAR(2),inplace,SUCCESS,PASS,PASS,
TC-A0008,VARCHAR(1) -> VARCHAR(2),inplace,SUCCESS,PASS,PASS,
TC-A0009,VARCHAR(1) -> VARCHAR(2),inplace,SUCCESS,PASS,PASS,
TC-A0010,VARCHAR(1) -> VARCHAR(2),inplace,SUCCESS,PASS,PASS,
TC-A0011,VARCHAR(1) -> VARCHAR(2),inplace,SUCCESS,PASS,PASS,
TC-A0012,VARCHAR(1) -> VARCHAR(2),inplace,SUCCESS,PASS,PASS,
TC-A0013,VARCHAR(1) -> VARCHAR(2),inplace,SUCCESS,PASS,PASS,
TC-A0014,VARCHAR(1) -> VARCHAR(2),inplace,SUCCESS,PASS,PASS,
TC-A0015,VARCHAR(1) -> VARCHAR(2),inplace,SUCCESS,PASS,PASS,
TC-A0016,VARCHAR(1) -> VARCHAR(2),inplace,SUCCESS,PASS,PASS,
TC-A0017,VARCHAR(1) -> VARCHAR(2),inplace,SUCCESS,PASS,PASS,
TC-A0018,VARCHAR(1) -> VARCHAR(2),inplace,SUCCESS,PASS,PASS,
TC-A0019,VARCHAR(1) -> VARCHAR(2),inplace,SUCCESS,PASS,PASS,
TC-A0020,VARCHAR(1) -> VARCHAR(2),inplace,SUCCESS,PASS,PASS,
TC-A0021,VARCHAR(1) -> VARCHAR(2),inplace,SUCCESS,PASS,PASS,
TC-A0022,VARCHAR(1) -> VARCHAR(2),inplace,SUCCESS,PASS,PASS,
TC-A0023,VARCHAR(1) -> VARCHAR(2),inplace,SUCCESS,PASS,PASS,
TC-A0024,VARCHAR(1) -> VARCHAR(2),inplace,SUCCESS,PASS,PASS,
TC-A0025,VARCHAR(1) -> VARCHAR(2),inplace,SUCCESS,PASS,PASS,
TC-A0026,VARCHAR(1) -> VARCHAR(2),inplace,SUCCESS,PASS,PASS,
TC-A0027,VARCHAR(1) -> VARCHAR(2),inplace,SUCCESS,PASS,PASS,
TC-A0028,VARCHAR(1) -> VARCHAR(2),inplace,SUCCESS,PASS,PASS,
TC-A0029,VARCHAR(1) -> VARCHAR(2),inplace,SUCCESS,PASS,PASS,
TC-A0030,VARCHAR(1) -> VARCHAR(2),inplace,SUCCESS,PASS,PASS,
TC-A0031,VARCHAR(1) -> VARCHAR(2),inplace,SUCCESS,PASS,PASS,
TC-A0032,VARCHAR(1) -> VARCHAR(2),inplace,SUCCESS,PASS,PASS,
TC-A0033,VARCHAR(1) -> VARCHAR(2),inplace,SUCCESS,PASS,PASS,
TC-AA0034,VARCHAR(1) -> VARCHAR(2),inplace,,PASS,PASS,
TC-AA0035,VARCHAR(1) -> VARCHAR(2),inplace,,PASS,PASS,
TC-AA0036,VARCHAR(1) -> VARCHAR(2),inplace,,PASS,PASS,
TC-A0037,VARCHAR(254) -> VARCHAR(255),inplace,SUCCESS,PASS,PASS,
TC-A0038,VARCHAR(254) -> VARCHAR(255),inplace,SUCCESS,PASS,PASS,
TC-A0039,VARCHAR(254) -> VARCHAR(255),inplace,SUCCESS,PASS,PASS,
TC-A0040,VARCHAR(254) -> VARCHAR(255),inplace,SUCCESS,PASS,PASS,
TC-A0041,VARCHAR(254) -> VARCHAR(255),inplace,SUCCESS,PASS,PASS,
TC-A0042,VARCHAR(254) -> VARCHAR(255),inplace,SUCCESS,PASS,PASS,
TC-A0043,VARCHAR(254) -> VARCHAR(255),inplace,SUCCESS,PASS,PASS,
TC-A0044,VARCHAR(254) -> VARCHAR(255),inplace,SUCCESS,PASS,PASS,
TC-A0045,VARCHAR(254) -> VARCHAR(255),inplace,SUCCESS,PASS,PASS,
TC-A0046,VARCHAR(254) -> VARCHAR(255),inplace,SUCCESS,PASS,PASS,
TC-A0047,VARCHAR(254) -> VARCHAR(255),inplace,SUCCESS,PASS,PASS,
TC-A0048,VARCHAR(254) -> VARCHAR(255),inplace,SUCCESS,PASS,PASS,
TC-A0049,VARCHAR(254) -> VARCHAR(255),inplace,SUCCESS,PASS,PASS,
TC-A0050,VARCHAR(254) -> VARCHAR(255),inplace,SUCCESS,PASS,PASS,
TC-A0051,VARCHAR(254) -> VARCHAR(255),inplace,SUCCESS,PASS,PASS,
TC-A0052,VARCHAR(254) -> VARCHAR(255),inplace,SUCCESS,PASS,PASS,
TC-A0053,VARCHAR(254) -> VARCHAR(255),inplace,SUCCESS,PASS,PASS,
TC-A0054,VARCHAR(254) -> VARCHAR(255),inplace,SUCCESS,PASS,PASS,
TC-A0055,VARCHAR(254) -> VARCHAR(255),inplace,SUCCESS,PASS,PASS,
TC-A0056,VARCHAR(254) -> VARCHAR(255),inplace,SUCCESS,PASS,PASS,
TC-A0057,VARCHAR(254) -> VARCHAR(255),inplace,SUCCESS,PASS,PASS,
TC-A0058,VARCHAR(254) -> VARCHAR(255),inplace,SUCCESS,PASS,PASS,
TC-A0059,VARCHAR(254) -> VARCHAR(255),inplace,SUCCESS,PASS,PASS,
TC-A0060,VARCHAR(254) -> VARCHAR(255),inplace,SUCCESS,PASS,PASS,
TC-A0061,VARCHAR(254) -> VARCHAR(255),inplace,SUCCESS,PASS,PASS,
TC-A0062,VARCHAR(254) -> VARCHAR(255),inplace,SUCCESS,PASS,PASS,
TC-A0063,VARCHAR(254) -> VARCHAR(255),inplace,SUCCESS,PASS,PASS,
TC-A0064,VARCHAR(254) -> VARCHAR(255),inplace,SUCCESS,PASS,PASS,
TC-A0065,VARCHAR(254) -> VARCHAR(255),inplace,SUCCESS,PASS,PASS,
TC-A0066,VARCHAR(254) -> VARCHAR(255),inplace,SUCCESS,PASS,PASS,
TC-A0067,VARCHAR(254) -> VARCHAR(255),inplace,SUCCESS,PASS,PASS,
TC-A0068,VARCHAR(254) -> VARCHAR(255),inplace,SUCCESS,PASS,PASS,
TC-A0069,VARCHAR(254) -> VARCHAR(255),inplace,SUCCESS,PASS,PASS,
TC-AA0070,VARCHAR(254) -> VARCHAR(255),inplace,,PASS,PASS,
TC-AA0071,VARCHAR(254) -> VARCHAR(255),inplace,,PASS,PASS,
TC-AA0072,VARCHAR(254) -> VARCHAR(255),inplace,,PASS,PASS,
TC-A0073,VARCHAR(255) -> VARCHAR(256),inplace,SUCCESS,PASS,PASS,
TC-A0074,VARCHAR(255) -> VARCHAR(256),inplace,SUCCESS,PASS,PASS,
TC-A0075,VARCHAR(255) -> VARCHAR(256),inplace,SUCCESS,PASS,PASS,
TC-A0076,VARCHAR(255) -> VARCHAR(256),inplace,SUCCESS,PASS,PASS,
TC-A0077,VARCHAR(255) -> VARCHAR(256),inplace,SUCCESS,PASS,PASS,
TC-A0078,VARCHAR(255) -> VARCHAR(256),inplace,SUCCESS,PASS,PASS,
TC-A0079,VARCHAR(255) -> VARCHAR(256),inplace,SUCCESS,PASS,PASS,
TC-A0080,VARCHAR(255) -> VARCHAR(256),inplace,SUCCESS,PASS,PASS,
TC-A0081,VARCHAR(255) -> VARCHAR(256),inplace,SUCCESS,PASS,PASS,
TC-A0082,VARCHAR(255) -> VARCHAR(256),inplace,SUCCESS,PASS,PASS,
TC-A0083,VARCHAR(255) -> VARCHAR(256),inplace,SUCCESS,PASS,PASS,
TC-A0084,VARCHAR(255) -> VARCHAR(256),inplace,SUCCESS,PASS,PASS,
TC-A0085,VARCHAR(255) -> VARCHAR(256),inplace,SUCCESS,PASS,PASS,
TC-A0086,VARCHAR(255) -> VARCHAR(256),inplace,SUCCESS,PASS,PASS,
TC-A0087,VARCHAR(255) -> VARCHAR(256),inplace,SUCCESS,PASS,PASS,
TC-A0088,VARCHAR(255) -> VARCHAR(256),inplace,SUCCESS,PASS,PASS,
TC-A0089,VARCHAR(255) -> VARCHAR(256),inplace,SUCCESS,PASS,PASS,
TC-A0090,VARCHAR(255) -> VARCHAR(256),inplace,SUCCESS,PASS,PASS,
TC-A0091,VARCHAR(255) -> VARCHAR(256),inplace,SUCCESS,PASS,PASS,
TC-A0092,VARCHAR(255) -> VARCHAR(256),inplace,SUCCESS,PASS,PASS,
TC-A0093,VARCHAR(255) -> VARCHAR(256),inplace,SUCCESS,PASS,PASS,
TC-A0094,VARCHAR(255) -> VARCHAR(256),inplace,SUCCESS,PASS,PASS,
TC-A0095,VARCHAR(255) -> VARCHAR(256),inplace,SUCCESS,PASS,PASS,
TC-A0096,VARCHAR(255) -> VARCHAR(256),inplace,SUCCESS,PASS,PASS,
TC-A0097,VARCHAR(255) -> VARCHAR(256),inplace,SUCCESS,PASS,PASS,
TC-A0098,VARCHAR(255) -> VARCHAR(256),inplace,SUCCESS,PASS,PASS,
TC-A0099,VARCHAR(255) -> VARCHAR(256),inplace,SUCCESS,PASS,PASS,
TC-A0100,VARCHAR(255) -> VARCHAR(256),inplace,SUCCESS,PASS,PASS,
TC-A0101,VARCHAR(255) -> VARCHAR(256),inplace,SUCCESS,PASS,PASS,
TC-A0102,VARCHAR(255) -> VARCHAR(256),inplace,SUCCESS,PASS,PASS,
TC-A0103,VARCHAR(255) -> VARCHAR(256),inplace,SUCCESS,PASS,PASS,
TC-A0104,VARCHAR(255) -> VARCHAR(256),inplace,SUCCESS,PASS,PASS,
TC-A0105,VARCHAR(255) -> VARCHAR(256),inplace,SUCCESS,PASS,PASS,
TC-AA0106,VARCHAR(255) -> VARCHAR(256),inplace,,PASS,PASS,
TC-AA0107,VARCHAR(255) -> VARCHAR(256),inplace,,PASS,PASS,
TC-AA0108,VARCHAR(255) -> VARCHAR(256),inplace,,PASS,PASS,
TC-A0109,VARCHAR(85) -> VARCHAR(86),inplace,SUCCESS,PASS,PASS,
TC-A0110,VARCHAR(85) -> VARCHAR(86),inplace,SUCCESS,PASS,PASS,
TC-A0111,VARCHAR(85) -> VARCHAR(86),inplace,SUCCESS,PASS,PASS,
TC-A0112,VARCHAR(85) -> VARCHAR(86),inplace,SUCCESS,PASS,PASS,
TC-A0113,VARCHAR(85) -> VARCHAR(86),inplace,SUCCESS,PASS,PASS,
TC-A0114,VARCHAR(85) -> VARCHAR(86),inplace,SUCCESS,PASS,PASS,
TC-A0115,VARCHAR(85) -> VARCHAR(86),inplace,SUCCESS,PASS,PASS,
TC-A0116,VARCHAR(85) -> VARCHAR(86),inplace,SUCCESS,PASS,PASS,
TC-A0117,VARCHAR(85) -> VARCHAR(86),inplace,SUCCESS,PASS,PASS,
TC-A0118,VARCHAR(85) -> VARCHAR(86),inplace,SUCCESS,PASS,PASS,
TC-A0119,VARCHAR(85) -> VARCHAR(86),inplace,SUCCESS,PASS,PASS,
TC-A0120,VARCHAR(85) -> VARCHAR(86),inplace,SUCCESS,PASS,PASS,
TC-A0121,VARCHAR(85) -> VARCHAR(86),inplace,SUCCESS,PASS,PASS,
TC-A0122,VARCHAR(85) -> VARCHAR(86),inplace,SUCCESS,PASS,PASS,
TC-A0123,VARCHAR(85) -> VARCHAR(86),inplace,SUCCESS,PASS,PASS,
TC-A0124,VARCHAR(85) -> VARCHAR(86),inplace,SUCCESS,PASS,PASS,
TC-A0125,VARCHAR(85) -> VARCHAR(86),inplace,SUCCESS,PASS,PASS,
TC-A0126,VARCHAR(85) -> VARCHAR(86),inplace,SUCCESS,PASS,PASS,
TC-A0127,VARCHAR(85) -> VARCHAR(86),inplace,SUCCESS,PASS,PASS,
TC-A0128,VARCHAR(85) -> VARCHAR(86),inplace,SUCCESS,PASS,PASS,
TC-A0129,VARCHAR(85) -> VARCHAR(86),inplace,SUCCESS,PASS,PASS,
TC-A0130,VARCHAR(85) -> VARCHAR(86),inplace,SUCCESS,PASS,PASS,
TC-A0131,VARCHAR(85) -> VARCHAR(86),inplace,SUCCESS,PASS,PASS,
TC-A0132,VARCHAR(85) -> VARCHAR(86),inplace,SUCCESS,PASS,PASS,
TC-A0133,VARCHAR(85) -> VARCHAR(86),inplace,SUCCESS,PASS,PASS,
TC-A0134,VARCHAR(85) -> VARCHAR(86),inplace,SUCCESS,PASS,PASS,
TC-A0135,VARCHAR(85) -> VARCHAR(86),inplace,SUCCESS,PASS,PASS,
TC-A0136,VARCHAR(85) -> VARCHAR(86),inplace,SUCCESS,PASS,PASS,
TC-A0137,VARCHAR(85) -> VARCHAR(86),inplace,SUCCESS,PASS,PASS,
TC-A0138,VARCHAR(85) -> VARCHAR(86),inplace,SUCCESS,PASS,PASS,
TC-A0139,VARCHAR(85) -> VARCHAR(86),inplace,SUCCESS,PASS,PASS,
TC-A0140,VARCHAR(85) -> VARCHAR(86),inplace,SUCCESS,PASS,PASS,
TC-A0141,VARCHAR(85) -> VARCHAR(86),inplace,SUCCESS,PASS,PASS,
TC-AA0142,VARCHAR(85) -> VARCHAR(86),inplace,,PASS,PASS,
TC-AA0143,VARCHAR(85) -> VARCHAR(86),inplace,,PASS,PASS,
TC-AA0144,VARCHAR(85) -> VARCHAR(86),inplace,,PASS,PASS,
TC-A0145,VARCHAR(63) -> VARCHAR(64),inplace,SUCCESS,PASS,PASS,
TC-A0146,VARCHAR(63) -> VARCHAR(64),inplace,SUCCESS,PASS,PASS,
TC-A0147,VARCHAR(63) -> VARCHAR(64),inplace,SUCCESS,PASS,PASS,
TC-A0148,VARCHAR(63) -> VARCHAR(64),inplace,SUCCESS,PASS,PASS,
TC-A0149,VARCHAR(63) -> VARCHAR(64),inplace,SUCCESS,PASS,PASS,
TC-A0150,VARCHAR(63) -> VARCHAR(64),inplace,SUCCESS,PASS,PASS,
TC-A0151,VARCHAR(63) -> VARCHAR(64),inplace,SUCCESS,PASS,PASS,
TC-A0152,VARCHAR(63) -> VARCHAR(64),inplace,SUCCESS,PASS,PASS,
TC-A0153,VARCHAR(63) -> VARCHAR(64),inplace,SUCCESS,PASS,PASS,
TC-A0154,VARCHAR(63) -> VARCHAR(64),inplace,SUCCESS,PASS,PASS,
TC-A0155,VARCHAR(63) -> VARCHAR(64),inplace,SUCCESS,PASS,PASS,
TC-A0156,VARCHAR(63) -> VARCHAR(64),inplace,SUCCESS,PASS,PASS,
TC-A0157,VARCHAR(63) -> VARCHAR(64),inplace,SUCCESS,PASS,PASS,
TC-A0158,VARCHAR(63) -> VARCHAR(64),inplace,SUCCESS,PASS,PASS,
TC-A0159,VARCHAR(63) -> VARCHAR(64),inplace,SUCCESS,PASS,PASS,
TC-A0160,VARCHAR(63) -> VARCHAR(64),inplace,SUCCESS,PASS,PASS,
TC-A0161,VARCHAR(63) -> VARCHAR(64),inplace,SUCCESS,PASS,PASS,
TC-A0162,VARCHAR(63) -> VARCHAR(64),inplace,SUCCESS,PASS,PASS,
TC-A0163,VARCHAR(63) -> VARCHAR(64),inplace,SUCCESS,PASS,PASS,
TC-A0164,VARCHAR(63) -> VARCHAR(64),inplace,SUCCESS,PASS,PASS,
TC-A0165,VARCHAR(63) -> VARCHAR(64),inplace,SUCCESS,PASS,PASS,
TC-A0166,VARCHAR(63) -> VARCHAR(64),inplace,SUCCESS,PASS,PASS,
TC-A0167,VARCHAR(63) -> VARCHAR(64),inplace,SUCCESS,PASS,PASS,
TC-A0168,VARCHAR(63) -> VARCHAR(64),inplace,SUCCESS,PASS,PASS,
TC-A0169,VARCHAR(63) -> VARCHAR(64),inplace,SUCCESS,PASS,PASS,
TC-A0170,VARCHAR(63) -> VARCHAR(64),inplace,SUCCESS,PASS,PASS,
TC-A0171,VARCHAR(63) -> VARCHAR(64),inplace,SUCCESS,PASS,PASS,
TC-A0172,VARCHAR(63) -> VARCHAR(64),inplace,SUCCESS,PASS,PASS,
TC-A0173,VARCHAR(63) -> VARCHAR(64),inplace,SUCCESS,PASS,PASS,
TC-A0174,VARCHAR(63) -> VARCHAR(64),inplace,SUCCESS,PASS,PASS,
TC-A0175,VARCHAR(63) -> VARCHAR(64),inplace,SUCCESS,PASS,PASS,
TC-A0176,VARCHAR(63) -> VARCHAR(64),inplace,SUCCESS,PASS,PASS,
TC-A0177,VARCHAR(63) -> VARCHAR(64),inplace,SUCCESS,PASS,PASS,
TC-AA0178,VARCHAR(63) -> VARCHAR(64),inplace,,PASS,PASS,
TC-AA0179,VARCHAR(63) -> VARCHAR(64),inplace,,PASS,PASS,
TC-AA0180,VARCHAR(63) -> VARCHAR(64),inplace,,PASS,PASS,
TC-A0181,VARCHAR(64) -> VARCHAR(65),inplace,SUCCESS,PASS,PASS,
TC-A0182,VARCHAR(64) -> VARCHAR(65),inplace,SUCCESS,PASS,PASS,
TC-A0183,VARCHAR(64) -> VARCHAR(65),inplace,SUCCESS,PASS,PASS,
TC-A0184,VARCHAR(64) -> VARCHAR(65),inplace,SUCCESS,PASS,PASS,
TC-A0185,VARCHAR(64) -> VARCHAR(65),inplace,SUCCESS,PASS,PASS,
TC-A0186,VARCHAR(64) -> VARCHAR(65),inplace,SUCCESS,PASS,PASS,
TC-A0187,VARCHAR(64) -> VARCHAR(65),inplace,SUCCESS,PASS,PASS,
TC-A0188,VARCHAR(64) -> VARCHAR(65),inplace,SUCCESS,PASS,PASS,
TC-A0189,VARCHAR(64) -> VARCHAR(65),inplace,SUCCESS,PASS,PASS,
TC-A0190,VARCHAR(64) -> VARCHAR(65),inplace,SUCCESS,PASS,PASS,
TC-A0191,VARCHAR(64) -> VARCHAR(65),inplace,SUCCESS,PASS,PASS,
TC-A0192,VARCHAR(64) -> VARCHAR(65),inplace,SUCCESS,PASS,PASS,
TC-A0193,VARCHAR(64) -> VARCHAR(65),inplace,SUCCESS,PASS,PASS,
TC-A0194,VARCHAR(64) -> VARCHAR(65),inplace,SUCCESS,PASS,PASS,
TC-A0195,VARCHAR(64) -> VARCHAR(65),inplace,SUCCESS,PASS,PASS,
TC-A0196,VARCHAR(64) -> VARCHAR(65),inplace,SUCCESS,PASS,PASS,
TC-A0197,VARCHAR(64) -> VARCHAR(65),inplace,SUCCESS,PASS,PASS,
TC-A0198,VARCHAR(64) -> VARCHAR(65),inplace,SUCCESS,PASS,PASS,
TC-A0199,VARCHAR(64) -> VARCHAR(65),inplace,SUCCESS,PASS,PASS,
TC-A0200,VARCHAR(64) -> VARCHAR(65),inplace,SUCCESS,PASS,PASS,
TC-A0201,VARCHAR(64) -> VARCHAR(65),inplace,SUCCESS,PASS,PASS,
TC-A0202,VARCHAR(64) -> VARCHAR(65),inplace,SUCCESS,PASS,PASS,
TC-A0203,VARCHAR(64) -> VARCHAR(65),inplace,SUCCESS,PASS,PASS,
TC-A0204,VARCHAR(64) -> VARCHAR(65),inplace,SUCCESS,PASS,PASS,
TC-A0205,VARCHAR(64) -> VARCHAR(65),inplace,SUCCESS,PASS,PASS,
TC-A0206,VARCHAR(64) -> VARCHAR(65),inplace,SUCCESS,PASS,PASS,
TC-A0207,VARCHAR(64) -> VARCHAR(65),inplace,SUCCESS,PASS,PASS,
TC-A0208,VARCHAR(64) -> VARCHAR(65),inplace,SUCCESS,PASS,PASS,
TC-A0209,VARCHAR(64) -> VARCHAR(65),inplace,SUCCESS,PASS,PASS,
TC-A0210,VARCHAR(64) -> VARCHAR(65),inplace,SUCCESS,PASS,PASS,
TC-A0211,VARCHAR(64) -> VARCHAR(65),inplace,SUCCESS,PASS,PASS,
TC-A0212,VARCHAR(64) -> VARCHAR(65),inplace,SUCCESS,PASS,PASS,
TC-A0213,VARCHAR(64) -> VARCHAR(65),inplace,SUCCESS,PASS,PASS,
TC-AA0214,VARCHAR(64) -> VARCHAR(65),inplace,,PASS,PASS,
TC-AA0215,VARCHAR(64) -> VARCHAR(65),inplace,,PASS,PASS,
TC-AA0216,VARCHAR(64) -> VARCHAR(65),inplace,,PASS,PASS,
TC-A0217,VARCHAR(100) -> VARCHAR(200),inplace,SUCCESS,PASS,PASS,
TC-A0218,VARCHAR(100) -> VARCHAR(200),inplace,SUCCESS,PASS,PASS,
TC-A0219,VARCHAR(100) -> VARCHAR(200),inplace,SUCCESS,PASS,PASS,
TC-A0220,VARCHAR(100) -> VARCHAR(200),inplace,SUCCESS,PASS,PASS,
TC-A0221,VARCHAR(100) -> VARCHAR(200),inplace,SUCCESS,PASS,PASS,
TC-A0222,VARCHAR(100) -> VARCHAR(200),inplace,SUCCESS,PASS,PASS,
TC-A0223,VARCHAR(100) -> VARCHAR(200),inplace,SUCCESS,PASS,PASS,
TC-A0224,VARCHAR(100) -> VARCHAR(200),inplace,SUCCESS,PASS,PASS,
TC-A0225,VARCHAR(100) -> VARCHAR(200),inplace,SUCCESS,PASS,PASS,
TC-A0226,VARCHAR(100) -> VARCHAR(200),inplace,SUCCESS,PASS,PASS,
TC-A0227,VARCHAR(100) -> VARCHAR(200),inplace,SUCCESS,PASS,PASS,
TC-A0228,VARCHAR(100) -> VARCHAR(200),inplace,SUCCESS,PASS,PASS,
TC-A0229,VARCHAR(100) -> VARCHAR(200),inplace,SUCCESS,PASS,PASS,
TC-A0230,VARCHAR(100) -> VARCHAR(200),inplace,SUCCESS,PASS,PASS,
TC-A0231,VARCHAR(100) -> VARCHAR(200),inplace,SUCCESS,PASS,PASS,
TC-A0232,VARCHAR(100) -> VARCHAR(200),inplace,SUCCESS,PASS,PASS,
TC-A0233,VARCHAR(100) -> VARCHAR(200),inplace,SUCCESS,PASS,PASS,
TC-A0234,VARCHAR(100) -> VARCHAR(200),inplace,SUCCESS,PASS,PASS,
TC-A0235,VARCHAR(100) -> VARCHAR(200),inplace,SUCCESS,PASS,PASS,
TC-A0236,VARCHAR(100) -> VARCHAR(200),inplace,SUCCESS,PASS,PASS,
TC-A0237,VARCHAR(100) -> VARCHAR(200),inplace,SUCCESS,PASS,PASS,
TC-A0238,VARCHAR(100) -> VARCHAR(200),inplace,SUCCESS,PASS,PASS,
TC-A0239,VARCHAR(100) -> VARCHAR(200),inplace,SUCCESS,PASS,PASS,
TC-A0240,VARCHAR(100) -> VARCHAR(200),inplace,SUCCESS,PASS,PASS,
TC-A0241,VARCHAR(100) -> VARCHAR(200),inplace,SUCCESS,PASS,PASS,
TC-A0242,VARCHAR(100) -> VARCHAR(200),inplace,SUCCESS,PASS,PASS,
TC-A0243,VARCHAR(100) -> VARCHAR(200),inplace,SUCCESS,PASS,PASS,
TC-A0244,VARCHAR(100) -> VARCHAR(200),inplace,SUCCESS,PASS,PASS,
TC-A0245,VARCHAR(100) -> VARCHAR(200),inplace,SUCCESS,PASS,PASS,
TC-A0246,VARCHAR(100) -> VARCHAR(200),inplace,SUCCESS,PASS,PASS,
TC-A0247,VARCHAR(100) -> VARCHAR(200),inplace,SUCCESS,PASS,PASS,
TC-A0248,VARCHAR(100) -> VARCHAR(200),inplace,SUCCESS,PASS,PASS,
TC-A0249,VARCHAR(100) -> VARCHAR(200),inplace,SUCCESS,PASS,PASS,
TC-AA0250,VARCHAR(100) -> VARCHAR(200),inplace,,PASS,PASS,
TC-AA0251,VARCHAR(100) -> VARCHAR(200),inplace,,PASS,PASS,
TC-AA0252,VARCHAR(100) -> VARCHAR(200),inplace,,PASS,PASS,
TC-AII001,TINYINT -> SMALLINT,instant,,PASS,PASS,
TC-AII002,TINYINT -> SMALLINT,inplace,,PASS,PASS,
TC-AII003,TINYINT -> MEDIUMINT,instant,,PASS,PASS,
TC-AII004,TINYINT -> MEDIUMINT,inplace,,PASS,PASS,
TC-AII005,TINYINT -> INT,instant,,PASS,PASS,
TC-AII006,TINYINT -> INT,inplace,,PASS,PASS,
TC-AII007,TINYINT -> BIGINT,instant,,PASS,PASS,
TC-AII008,TINYINT -> BIGINT,inplace,,PASS,PASS,
TC-AII009,SMALLINT -> MEDIUMINT,instant,,PASS,PASS,
TC-AII010,SMALLINT -> MEDIUMINT,inplace,,PASS,PASS,
TC-AII011,SMALLINT -> INT,instant,,PASS,PASS,
TC-AII012,SMALLINT -> INT,inplace,,PASS,PASS,
TC-AII013,SMALLINT -> BIGINT,instant,,PASS,PASS,
TC-AII014,SMALLINT -> BIGINT,inplace,,PASS,PASS,
TC-AII015,MEDIUMINT -> INT,instant,,PASS,PASS,
TC-AII016,MEDIUMINT -> INT,inplace,,PASS,PASS,
TC-AII017,MEDIUMINT -> BIGINT,instant,,PASS,PASS,
TC-AII018,MEDIUMINT -> BIGINT,inplace,,PASS,PASS,
TC-AII019,INT -> BIGINT,instant,,PASS,PASS,
TC-AII020,INT -> BIGINT,inplace,,PASS,PASS,
TC-AII021,TINYINT UNSIGNED -> SMALLINT UNSIGNED,instant,,PASS,PASS,
TC-AII022,TINYINT UNSIGNED -> SMALLINT UNSIGNED,inplace,,PASS,PASS,
TC-AII023,TINYINT UNSIGNED -> MEDIUMINT UNSIGNED,instant,,PASS,PASS,
TC-AII024,TINYINT UNSIGNED -> MEDIUMINT UNSIGNED,inplace,,PASS,PASS,
TC-AII025,TINYINT UNSIGNED -> INT UNSIGNED,instant,,PASS,PASS,
TC-AII026,TINYINT UNSIGNED -> INT UNSIGNED,inplace,,PASS,PASS,
TC-AII027,TINYINT UNSIGNED -> BIGINT UNSIGNED,instant,,PASS,PASS,
TC-AII028,TINYINT UNSIGNED -> BIGINT UNSIGNED,inplace,,PASS,PASS,
TC-AII029,SMALLINT UNSIGNED -> MEDIUMINT UNSIGNED,instant,,PASS,PASS,
TC-AII030,SMALLINT UNSIGNED -> MEDIUMINT UNSIGNED,inplace,,PASS,PASS,
TC-AII031,SMALLINT UNSIGNED -> INT UNSIGNED,instant,,PASS,PASS,
TC-AII032,SMALLINT UNSIGNED -> INT UNSIGNED,inplace,,PASS,PASS,
TC-AII033,SMALLINT UNSIGNED -> BIGINT UNSIGNED,instant,,PASS,PASS,
TC-AII034,SMALLINT UNSIGNED -> BIGINT UNSIGNED,inplace,,PASS,PASS,
TC-AII035,MEDIUMINT UNSIGNED -> INT UNSIGNED,instant,,PASS,PASS,
TC-AII036,MEDIUMINT UNSIGNED -> INT UNSIGNED,inplace,,PASS,PASS,
TC-AII037,MEDIUMINT UNSIGNED -> BIGINT UNSIGNED,instant,,PASS,PASS,
TC-AII038,MEDIUMINT UNSIGNED -> BIGINT UNSIGNED,inplace,,PASS,PASS,
TC-AII039,INT UNSIGNED -> BIGINT UNSIGNED,instant,,PASS,PASS,
TC-AII040,INT UNSIGNED -> BIGINT UNSIGNED,inplace,,PASS,PASS,
TC-SA0001,,,,PASS,PASS,
TC-SA0002,,,,PASS,PASS,
TC-SA0003,,,,PASS,PASS,
TC-SA0004,,,,PASS,PASS,
TC-SA0005,,,,PASS,PASS,
TC-SA0006,,,,PASS,PASS,
TC-SA0007,,,,PASS,PASS,
TC-SA0008,,,,PASS,PASS,
TC-FA0001,,,FAIL,PASS,PASS,
TC-FA0002,,,FAIL,PASS,PASS,
TC-FA0003,,,FAIL,PASS,PASS,
TC-FA0004,,,SUCCESS,PASS,PASS,
TC-FA0005,,,FAIL,PASS,PASS,
TC-FA0006,,,FAIL,PASS,PASS,
TC-FA0007,,,SUCCESS,PASS,PASS,
TC-FA0008,,,SUCCESS,PASS,PASS,
TC-FA0009,,,FAIL,PASS,PASS,
TC-FA0010,,,FAIL,PASS,PASS,
TC-FA0011,,,FAIL,PASS,PASS,
TC-FA0012,,,SUCCESS,PASS,PASS,
TC-FA0013,,,SUCCESS,PASS,PASS,
TC-FA0014,,,SUCCESS,PASS,PASS,
TC-FA0015,,,SUCCESS,PASS,PASS,
TC-FA0016,,,SUCCESS,PASS,PASS,
TC-QA0002,TINYINT -> SMALLINT,inplace,CREATE,PASS,PASS,
TC-QA0004,TINYINT -> MEDIUMINT,inplace,CREATE,PASS,PASS,
TC-QA0006,TINYINT -> INT,inplace,CREATE,PASS,PASS,
TC-QA0008,TINYINT -> BIGINT,inplace,CREATE,PASS,PASS,
TC-QA0010,SMALLINT -> MEDIUMINT,inplace,CREATE,PASS,PASS,
TC-QA0012,SMALLINT -> INT,inplace,CREATE,PASS,PASS,
TC-QA0014,SMALLINT -> BIGINT,inplace,CREATE,PASS,PASS,
TC-QA0016,MEDIUMINT -> INT,inplace,CREATE,PASS,PASS,
TC-QA0018,MEDIUMINT -> BIGINT,inplace,CREATE,PASS,PASS,
TC-QA0020,INT -> BIGINT,inplace,CREATE,PASS,PASS,
TC-QA0022,TINYINT UNSIGNED -> SMALLINT UNSIGNED,inplace,CREATE,PASS,PASS,
TC-QA0024,TINYINT UNSIGNED -> MEDIUMINT UNSIGNED,inplace,CREATE,PASS,PASS,
TC-QA0026,TINYINT UNSIGNED -> INT UNSIGNED,inplace,CREATE,PASS,PASS,
TC-QA0028,TINYINT UNSIGNED -> BIGINT UNSIGNED,inplace,CREATE,PASS,PASS,
TC-QA0030,SMALLINT UNSIGNED -> MEDIUMINT UNSIGNED,inplace,CREATE,PASS,PASS,
TC-QA0032,SMALLINT UNSIGNED -> INT UNSIGNED,inplace,CREATE,PASS,PASS,
TC-QA0034,SMALLINT UNSIGNED -> BIGINT UNSIGNED,inplace,CREATE,PASS,PASS,
TC-QA0036,MEDIUMINT UNSIGNED -> INT UNSIGNED,inplace,CREATE,PASS,PASS,
TC-QA0038,MEDIUMINT UNSIGNED -> BIGINT UNSIGNED,inplace,CREATE,PASS,PASS,
TC-QA0040,INT UNSIGNED -> BIGINT UNSIGNED,inplace,CREATE,PASS,PASS,
TC-PA0041,CHAR(1) -> CHAR(2),inplace,BUILD,BUILD_OR_ALTER_FAIL_EXPECTED,MANUAL,CHECK_MANUALLY
TC-QA0042,CHAR(1) -> CHAR(2),inplace,CREATE,PASS,PASS,
TC-PA0043,CHAR(63) -> CHAR(64),inplace,BUILD,BUILD_OR_ALTER_FAIL_EXPECTED,MANUAL,CHECK_MANUALLY
TC-QA0044,CHAR(63) -> CHAR(64),inplace,CREATE,PASS,PASS,
TC-PA0045,CHAR(254) -> CHAR(255),inplace,BUILD,BUILD_OR_ALTER_FAIL_EXPECTED,MANUAL,CHECK_MANUALLY
TC-QA0046,CHAR(254) -> CHAR(255),inplace,CREATE,PASS,PASS,
TC-PA0047,VARCHAR(1) -> VARCHAR(2),inplace,BUILD,BUILD_OR_ALTER_FAIL_EXPECTED,MANUAL,CHECK_MANUALLY
TC-QA0048,VARCHAR(1) -> VARCHAR(2),inplace,CREATE,PASS,PASS,
TC-PA0049,VARCHAR(254) -> VARCHAR(255),inplace,BUILD,BUILD_OR_ALTER_FAIL_EXPECTED,MANUAL,CHECK_MANUALLY
TC-QA0050,VARCHAR(254) -> VARCHAR(255),inplace,CREATE,PASS,PASS,
TC-PA0051,VARCHAR(255) -> VARCHAR(256),inplace,BUILD,BUILD_OR_ALTER_FAIL_EXPECTED,MANUAL,CHECK_MANUALLY
TC-QA0052,VARCHAR(255) -> VARCHAR(256),inplace,CREATE,PASS,PASS,
TC-PA0053,VARCHAR(85) -> VARCHAR(86),inplace,BUILD,BUILD_OR_ALTER_FAIL_EXPECTED,MANUAL,CHECK_MANUALLY
TC-QA0054,VARCHAR(85) -> VARCHAR(86),inplace,CREATE,PASS,PASS,
TC-PA0055,VARCHAR(63) -> VARCHAR(64),inplace,BUILD,BUILD_OR_ALTER_FAIL_EXPECTED,MANUAL,CHECK_MANUALLY
TC-QA0056,VARCHAR(63) -> VARCHAR(64),inplace,CREATE,PASS,PASS,
TC-PA0057,VARCHAR(64) -> VARCHAR(65),inplace,BUILD,BUILD_OR_ALTER_FAIL_EXPECTED,MANUAL,CHECK_MANUALLY
TC-QA0058,VARCHAR(64) -> VARCHAR(65),inplace,CREATE,PASS,PASS,
TC-PA0059,VARCHAR(100) -> VARCHAR(200),inplace,BUILD,BUILD_OR_ALTER_FAIL_EXPECTED,MANUAL,CHECK_MANUALLY
TC-QA0060,VARCHAR(100) -> VARCHAR(200),inplace,CREATE,PASS,PASS,
TC-QA0062,TINYINT -> SMALLINT,inplace,CREATE,PASS,PASS,
TC-QA0064,TINYINT -> MEDIUMINT,inplace,CREATE,PASS,PASS,
TC-QA0066,TINYINT -> INT,inplace,CREATE,PASS,PASS,
TC-QA0068,TINYINT -> BIGINT,inplace,CREATE,PASS,PASS,
TC-QA0070,SMALLINT -> MEDIUMINT,inplace,CREATE,PASS,PASS,
TC-QA0072,SMALLINT -> INT,inplace,CREATE,PASS,PASS,
TC-QA0074,SMALLINT -> BIGINT,inplace,CREATE,PASS,PASS,
TC-QA0076,MEDIUMINT -> INT,inplace,CREATE,PASS,PASS,
TC-QA0078,MEDIUMINT -> BIGINT,inplace,CREATE,PASS,PASS,
TC-QA0080,INT -> BIGINT,inplace,CREATE,PASS,PASS,
TC-QA0082,TINYINT UNSIGNED -> SMALLINT UNSIGNED,inplace,CREATE,PASS,PASS,
TC-QA0084,TINYINT UNSIGNED -> MEDIUMINT UNSIGNED,inplace,CREATE,PASS,PASS,
TC-QA0086,TINYINT UNSIGNED -> INT UNSIGNED,inplace,CREATE,PASS,PASS,
TC-QA0088,TINYINT UNSIGNED -> BIGINT UNSIGNED,inplace,CREATE,PASS,PASS,
TC-QA0090,SMALLINT UNSIGNED -> MEDIUMINT UNSIGNED,inplace,CREATE,PASS,PASS,
TC-QA0092,SMALLINT UNSIGNED -> INT UNSIGNED,inplace,CREATE,PASS,PASS,
TC-QA0094,SMALLINT UNSIGNED -> BIGINT UNSIGNED,inplace,CREATE,PASS,PASS,
TC-QA0096,MEDIUMINT UNSIGNED -> INT UNSIGNED,inplace,CREATE,PASS,PASS,
TC-QA0098,MEDIUMINT UNSIGNED -> BIGINT UNSIGNED,inplace,CREATE,PASS,PASS,
TC-QA0100,INT UNSIGNED -> BIGINT UNSIGNED,inplace,CREATE,PASS,PASS,
TC-PA0101,CHAR(1) -> CHAR(2),inplace,BUILD,BUILD_OR_ALTER_FAIL_EXPECTED,MANUAL,CHECK_MANUALLY
TC-QA0102,CHAR(1) -> CHAR(2),inplace,CREATE,PASS,PASS,
TC-PA0103,CHAR(63) -> CHAR(64),inplace,BUILD,BUILD_OR_ALTER_FAIL_EXPECTED,MANUAL,CHECK_MANUALLY
TC-QA0104,CHAR(63) -> CHAR(64),inplace,CREATE,PASS,PASS,
TC-PA0105,CHAR(254) -> CHAR(255),inplace,BUILD,BUILD_OR_ALTER_FAIL_EXPECTED,MANUAL,CHECK_MANUALLY
TC-QA0106,CHAR(254) -> CHAR(255),inplace,CREATE,PASS,PASS,
TC-PA0107,VARCHAR(1) -> VARCHAR(2),inplace,BUILD,BUILD_OR_ALTER_FAIL_EXPECTED,MANUAL,CHECK_MANUALLY
TC-QA0108,VARCHAR(1) -> VARCHAR(2),inplace,CREATE,PASS,PASS,
TC-PA0109,VARCHAR(254) -> VARCHAR(255),inplace,BUILD,BUILD_OR_ALTER_FAIL_EXPECTED,MANUAL,CHECK_MANUALLY
TC-QA0110,VARCHAR(254) -> VARCHAR(255),inplace,CREATE,PASS,PASS,
TC-PA0111,VARCHAR(255) -> VARCHAR(256),inplace,BUILD,BUILD_OR_ALTER_FAIL_EXPECTED,MANUAL,CHECK_MANUALLY
TC-QA0112,VARCHAR(255) -> VARCHAR(256),inplace,CREATE,PASS,PASS,
TC-PA0113,VARCHAR(85) -> VARCHAR(86),inplace,BUILD,BUILD_OR_ALTER_FAIL_EXPECTED,MANUAL,CHECK_MANUALLY
TC-QA0114,VARCHAR(85) -> VARCHAR(86),inplace,CREATE,PASS,PASS,
TC-PA0115,VARCHAR(63) -> VARCHAR(64),inplace,BUILD,BUILD_OR_ALTER_FAIL_EXPECTED,MANUAL,CHECK_MANUALLY
TC-QA0116,VARCHAR(63) -> VARCHAR(64),inplace,CREATE,PASS,PASS,
TC-PA0117,VARCHAR(64) -> VARCHAR(65),inplace,BUILD,BUILD_OR_ALTER_FAIL_EXPECTED,MANUAL,CHECK_MANUALLY
TC-QA0118,VARCHAR(64) -> VARCHAR(65),inplace,CREATE,PASS,PASS,
TC-PA0119,VARCHAR(100) -> VARCHAR(200),inplace,BUILD,BUILD_OR_ALTER_FAIL_EXPECTED,MANUAL,CHECK_MANUALLY
TC-QA0120,VARCHAR(100) -> VARCHAR(200),inplace,CREATE,PASS,PASS,
TC-QA0122,TINYINT -> SMALLINT,inplace,CREATE,PASS,PASS,
TC-QA0124,TINYINT -> MEDIUMINT,inplace,CREATE,PASS,PASS,
TC-QA0126,TINYINT -> INT,inplace,CREATE,PASS,PASS,
TC-QA0128,TINYINT -> BIGINT,inplace,CREATE,PASS,PASS,
TC-QA0130,SMALLINT -> MEDIUMINT,inplace,CREATE,PASS,PASS,
TC-QA0132,SMALLINT -> INT,inplace,CREATE,PASS,PASS,
TC-QA0134,SMALLINT -> BIGINT,inplace,CREATE,PASS,PASS,
TC-QA0136,MEDIUMINT -> INT,inplace,CREATE,PASS,PASS,
TC-QA0138,MEDIUMINT -> BIGINT,inplace,CREATE,PASS,PASS,
TC-QA0140,INT -> BIGINT,inplace,CREATE,PASS,PASS,
TC-QA0142,TINYINT UNSIGNED -> SMALLINT UNSIGNED,inplace,CREATE,PASS,PASS,
TC-QA0144,TINYINT UNSIGNED -> MEDIUMINT UNSIGNED,inplace,CREATE,PASS,PASS,
TC-QA0146,TINYINT UNSIGNED -> INT UNSIGNED,inplace,CREATE,PASS,PASS,
TC-QA0148,TINYINT UNSIGNED -> BIGINT UNSIGNED,inplace,CREATE,PASS,PASS,
TC-QA0150,SMALLINT UNSIGNED -> MEDIUMINT UNSIGNED,inplace,CREATE,PASS,PASS,
TC-QA0152,SMALLINT UNSIGNED -> INT UNSIGNED,inplace,CREATE,PASS,PASS,
TC-QA0154,SMALLINT UNSIGNED -> BIGINT UNSIGNED,inplace,CREATE,PASS,PASS,
TC-QA0156,MEDIUMINT UNSIGNED -> INT UNSIGNED,inplace,CREATE,PASS,PASS,
TC-QA0158,MEDIUMINT UNSIGNED -> BIGINT UNSIGNED,inplace,CREATE,PASS,PASS,
TC-QA0160,INT UNSIGNED -> BIGINT UNSIGNED,inplace,CREATE,PASS,PASS,
TC-PA0161,CHAR(1) -> CHAR(2),inplace,BUILD,BUILD_OR_ALTER_FAIL_EXPECTED,MANUAL,CHECK_MANUALLY
TC-QA0162,CHAR(1) -> CHAR(2),inplace,CREATE,PASS,PASS,
TC-PA0163,CHAR(63) -> CHAR(64),inplace,BUILD,BUILD_OR_ALTER_FAIL_EXPECTED,MANUAL,CHECK_MANUALLY
TC-QA0164,CHAR(63) -> CHAR(64),inplace,CREATE,PASS,PASS,
TC-PA0165,CHAR(254) -> CHAR(255),inplace,BUILD,BUILD_OR_ALTER_FAIL_EXPECTED,MANUAL,CHECK_MANUALLY
TC-QA0166,CHAR(254) -> CHAR(255),inplace,CREATE,PASS,PASS,
TC-PA0167,VARCHAR(1) -> VARCHAR(2),inplace,BUILD,BUILD_OR_ALTER_FAIL_EXPECTED,MANUAL,CHECK_MANUALLY
TC-QA0168,VARCHAR(1) -> VARCHAR(2),inplace,CREATE,PASS,PASS,
TC-PA0169,VARCHAR(254) -> VARCHAR(255),inplace,BUILD,BUILD_OR_ALTER_FAIL_EXPECTED,MANUAL,CHECK_MANUALLY
TC-QA0170,VARCHAR(254) -> VARCHAR(255),inplace,CREATE,PASS,PASS,
TC-PA0171,VARCHAR(255) -> VARCHAR(256),inplace,BUILD,BUILD_OR_ALTER_FAIL_EXPECTED,MANUAL,CHECK_MANUALLY
TC-QA0172,VARCHAR(255) -> VARCHAR(256),inplace,CREATE,PASS,PASS,
TC-PA0173,VARCHAR(85) -> VARCHAR(86),inplace,BUILD,BUILD_OR_ALTER_FAIL_EXPECTED,MANUAL,CHECK_MANUALLY
TC-QA0174,VARCHAR(85) -> VARCHAR(86),inplace,CREATE,PASS,PASS,
TC-PA0175,VARCHAR(63) -> VARCHAR(64),inplace,BUILD,BUILD_OR_ALTER_FAIL_EXPECTED,MANUAL,CHECK_MANUALLY
TC-QA0176,VARCHAR(63) -> VARCHAR(64),inplace,CREATE,PASS,PASS,
TC-PA0177,VARCHAR(64) -> VARCHAR(65),inplace,BUILD,BUILD_OR_ALTER_FAIL_EXPECTED,MANUAL,CHECK_MANUALLY
TC-QA0178,VARCHAR(64) -> VARCHAR(65),inplace,CREATE,PASS,PASS,
TC-PA0179,VARCHAR(100) -> VARCHAR(200),inplace,BUILD,BUILD_OR_ALTER_FAIL_EXPECTED,MANUAL,CHECK_MANUALLY
TC-QA0180,VARCHAR(100) -> VARCHAR(200),inplace,CREATE,PASS,PASS,
TC-QA0182,TINYINT -> SMALLINT,inplace,CREATE,PASS,PASS,
TC-QA0184,TINYINT -> MEDIUMINT,inplace,CREATE,PASS,PASS,
TC-QA0186,TINYINT -> INT,inplace,CREATE,PASS,PASS,
TC-QA0188,TINYINT -> BIGINT,inplace,CREATE,PASS,PASS,
TC-QA0190,SMALLINT -> MEDIUMINT,inplace,CREATE,PASS,PASS,
TC-QA0192,SMALLINT -> INT,inplace,CREATE,PASS,PASS,
TC-QA0194,SMALLINT -> BIGINT,inplace,CREATE,PASS,PASS,
TC-QA0196,MEDIUMINT -> INT,inplace,CREATE,PASS,PASS,
TC-QA0198,MEDIUMINT -> BIGINT,inplace,CREATE,PASS,PASS,
TC-QA0200,INT -> BIGINT,inplace,CREATE,PASS,PASS,
TC-QA0202,TINYINT UNSIGNED -> SMALLINT UNSIGNED,inplace,CREATE,PASS,PASS,
TC-QA0204,TINYINT UNSIGNED -> MEDIUMINT UNSIGNED,inplace,CREATE,PASS,PASS,
TC-QA0206,TINYINT UNSIGNED -> INT UNSIGNED,inplace,CREATE,PASS,PASS,
TC-QA0208,TINYINT UNSIGNED -> BIGINT UNSIGNED,inplace,CREATE,PASS,PASS,
TC-QA0210,SMALLINT UNSIGNED -> MEDIUMINT UNSIGNED,inplace,CREATE,PASS,PASS,
TC-QA0212,SMALLINT UNSIGNED -> INT UNSIGNED,inplace,CREATE,PASS,PASS,
TC-QA0214,SMALLINT UNSIGNED -> BIGINT UNSIGNED,inplace,CREATE,PASS,PASS,
TC-QA0216,MEDIUMINT UNSIGNED -> INT UNSIGNED,inplace,CREATE,PASS,PASS,
TC-QA0218,MEDIUMINT UNSIGNED -> BIGINT UNSIGNED,inplace,CREATE,PASS,PASS,
TC-QA0220,INT UNSIGNED -> BIGINT UNSIGNED,inplace,CREATE,PASS,PASS,
TC-PA0221,CHAR(1) -> CHAR(2),inplace,BUILD,BUILD_OR_ALTER_FAIL_EXPECTED,MANUAL,CHECK_MANUALLY
TC-QA0222,CHAR(1) -> CHAR(2),inplace,CREATE,PASS,PASS,
TC-PA0223,CHAR(63) -> CHAR(64),inplace,BUILD,BUILD_OR_ALTER_FAIL_EXPECTED,MANUAL,CHECK_MANUALLY
TC-QA0224,CHAR(63) -> CHAR(64),inplace,CREATE,PASS,PASS,
TC-PA0225,CHAR(254) -> CHAR(255),inplace,BUILD,BUILD_OR_ALTER_FAIL_EXPECTED,MANUAL,CHECK_MANUALLY
TC-QA0226,CHAR(254) -> CHAR(255),inplace,CREATE,PASS,PASS,
TC-PA0227,VARCHAR(1) -> VARCHAR(2),inplace,BUILD,BUILD_OR_ALTER_FAIL_EXPECTED,MANUAL,CHECK_MANUALLY
TC-QA0228,VARCHAR(1) -> VARCHAR(2),inplace,CREATE,PASS,PASS,
TC-PA0229,VARCHAR(254) -> VARCHAR(255),inplace,BUILD,BUILD_OR_ALTER_FAIL_EXPECTED,MANUAL,CHECK_MANUALLY
TC-QA0230,VARCHAR(254) -> VARCHAR(255),inplace,CREATE,PASS,PASS,
TC-PA0231,VARCHAR(255) -> VARCHAR(256),inplace,BUILD,BUILD_OR_ALTER_FAIL_EXPECTED,MANUAL,CHECK_MANUALLY
TC-QA0232,VARCHAR(255) -> VARCHAR(256),inplace,CREATE,PASS,PASS,
TC-PA0233,VARCHAR(85) -> VARCHAR(86),inplace,BUILD,BUILD_OR_ALTER_FAIL_EXPECTED,MANUAL,CHECK_MANUALLY
TC-QA0234,VARCHAR(85) -> VARCHAR(86),inplace,CREATE,PASS,PASS,
TC-PA0235,VARCHAR(63) -> VARCHAR(64),inplace,BUILD,BUILD_OR_ALTER_FAIL_EXPECTED,MANUAL,CHECK_MANUALLY
TC-QA0236,VARCHAR(63) -> VARCHAR(64),inplace,CREATE,PASS,PASS,
TC-PA0237,VARCHAR(64) -> VARCHAR(65),inplace,BUILD,BUILD_OR_ALTER_FAIL_EXPECTED,MANUAL,CHECK_MANUALLY
TC-QA0238,VARCHAR(64) -> VARCHAR(65),inplace,CREATE,PASS,PASS,
TC-PA0239,VARCHAR(100) -> VARCHAR(200),inplace,BUILD,BUILD_OR_ALTER_FAIL_EXPECTED,MANUAL,CHECK_MANUALLY
TC-QA0240,VARCHAR(100) -> VARCHAR(200),inplace,CREATE,PASS,PASS,
TC-QA0242,TINYINT -> SMALLINT,inplace,CREATE,PASS,PASS,
TC-QA0244,TINYINT -> MEDIUMINT,inplace,CREATE,PASS,PASS,
TC-QA0246,TINYINT -> INT,inplace,CREATE,PASS,PASS,
TC-QA0248,TINYINT -> BIGINT,inplace,CREATE,PASS,PASS,
TC-QA0250,SMALLINT -> MEDIUMINT,inplace,CREATE,PASS,PASS,
TC-QA0252,SMALLINT -> INT,inplace,CREATE,PASS,PASS,
TC-QA0254,SMALLINT -> BIGINT,inplace,CREATE,PASS,PASS,
TC-QA0256,MEDIUMINT -> INT,inplace,CREATE,PASS,PASS,
TC-QA0258,MEDIUMINT -> BIGINT,inplace,CREATE,PASS,PASS,
TC-QA0260,INT -> BIGINT,inplace,CREATE,PASS,PASS,
TC-QA0262,TINYINT UNSIGNED -> SMALLINT UNSIGNED,inplace,CREATE,PASS,PASS,
TC-QA0264,TINYINT UNSIGNED -> MEDIUMINT UNSIGNED,inplace,CREATE,PASS,PASS,
TC-QA0266,TINYINT UNSIGNED -> INT UNSIGNED,inplace,CREATE,PASS,PASS,
TC-QA0268,TINYINT UNSIGNED -> BIGINT UNSIGNED,inplace,CREATE,PASS,PASS,
TC-QA0270,SMALLINT UNSIGNED -> MEDIUMINT UNSIGNED,inplace,CREATE,PASS,PASS,
TC-QA0272,SMALLINT UNSIGNED -> INT UNSIGNED,inplace,CREATE,PASS,PASS,
TC-QA0274,SMALLINT UNSIGNED -> BIGINT UNSIGNED,inplace,CREATE,PASS,PASS,
TC-QA0276,MEDIUMINT UNSIGNED -> INT UNSIGNED,inplace,CREATE,PASS,PASS,
TC-QA0278,MEDIUMINT UNSIGNED -> BIGINT UNSIGNED,inplace,CREATE,PASS,PASS,
TC-QA0280,INT UNSIGNED -> BIGINT UNSIGNED,inplace,CREATE,PASS,PASS,
TC-PA0281,CHAR(1) -> CHAR(2),inplace,BUILD,BUILD_OR_ALTER_FAIL_EXPECTED,MANUAL,CHECK_MANUALLY
TC-QA0282,CHAR(1) -> CHAR(2),inplace,CREATE,PASS,PASS,
TC-PA0283,CHAR(63) -> CHAR(64),inplace,BUILD,BUILD_OR_ALTER_FAIL_EXPECTED,MANUAL,CHECK_MANUALLY
TC-QA0284,CHAR(63) -> CHAR(64),inplace,CREATE,PASS,PASS,
TC-PA0285,CHAR(254) -> CHAR(255),inplace,BUILD,BUILD_OR_ALTER_FAIL_EXPECTED,MANUAL,CHECK_MANUALLY
TC-QA0286,CHAR(254) -> CHAR(255),inplace,CREATE,PASS,PASS,
TC-PA0287,VARCHAR(1) -> VARCHAR(2),inplace,BUILD,BUILD_OR_ALTER_FAIL_EXPECTED,MANUAL,CHECK_MANUALLY
TC-QA0288,VARCHAR(1) -> VARCHAR(2),inplace,CREATE,PASS,PASS,
TC-PA0289,VARCHAR(254) -> VARCHAR(255),inplace,BUILD,BUILD_OR_ALTER_FAIL_EXPECTED,MANUAL,CHECK_MANUALLY
TC-QA0290,VARCHAR(254) -> VARCHAR(255),inplace,CREATE,PASS,PASS,
TC-PA0291,VARCHAR(255) -> VARCHAR(256),inplace,BUILD,BUILD_OR_ALTER_FAIL_EXPECTED,MANUAL,CHECK_MANUALLY
TC-QA0292,VARCHAR(255) -> VARCHAR(256),inplace,CREATE,PASS,PASS,
TC-PA0293,VARCHAR(85) -> VARCHAR(86),inplace,BUILD,BUILD_OR_ALTER_FAIL_EXPECTED,MANUAL,CHECK_MANUALLY
TC-QA0294,VARCHAR(85) -> VARCHAR(86),inplace,CREATE,PASS,PASS,
TC-PA0295,VARCHAR(63) -> VARCHAR(64),inplace,BUILD,BUILD_OR_ALTER_FAIL_EXPECTED,MANUAL,CHECK_MANUALLY
TC-QA0296,VARCHAR(63) -> VARCHAR(64),inplace,CREATE,PASS,PASS,
TC-PA0297,VARCHAR(64) -> VARCHAR(65),inplace,BUILD,BUILD_OR_ALTER_FAIL_EXPECTED,MANUAL,CHECK_MANUALLY
TC-QA0298,VARCHAR(64) -> VARCHAR(65),inplace,CREATE,PASS,PASS,
TC-PA0299,VARCHAR(100) -> VARCHAR(200),inplace,BUILD,BUILD_OR_ALTER_FAIL_EXPECTED,MANUAL,CHECK_MANUALLY
TC-QA0300,VARCHAR(100) -> VARCHAR(200),inplace,CREATE,PASS,PASS,
TC-QA0302,TINYINT -> SMALLINT,inplace,CREATE,PASS,PASS,
TC-QA0304,TINYINT -> MEDIUMINT,inplace,CREATE,PASS,PASS,
TC-QA0306,TINYINT -> INT,inplace,CREATE,PASS,PASS,
TC-QA0308,TINYINT -> BIGINT,inplace,CREATE,PASS,PASS,
TC-QA0310,SMALLINT -> MEDIUMINT,inplace,CREATE,PASS,PASS,
TC-QA0312,SMALLINT -> INT,inplace,CREATE,PASS,PASS,
TC-QA0314,SMALLINT -> BIGINT,inplace,CREATE,PASS,PASS,
TC-QA0316,MEDIUMINT -> INT,inplace,CREATE,PASS,PASS,
TC-QA0318,MEDIUMINT -> BIGINT,inplace,CREATE,PASS,PASS,
TC-QA0320,INT -> BIGINT,inplace,CREATE,PASS,PASS,
TC-QA0322,TINYINT UNSIGNED -> SMALLINT UNSIGNED,inplace,CREATE,PASS,PASS,
TC-QA0324,TINYINT UNSIGNED -> MEDIUMINT UNSIGNED,inplace,CREATE,PASS,PASS,
TC-QA0326,TINYINT UNSIGNED -> INT UNSIGNED,inplace,CREATE,PASS,PASS,
TC-QA0328,TINYINT UNSIGNED -> BIGINT UNSIGNED,inplace,CREATE,PASS,PASS,
TC-QA0330,SMALLINT UNSIGNED -> MEDIUMINT UNSIGNED,inplace,CREATE,PASS,PASS,
TC-QA0332,SMALLINT UNSIGNED -> INT UNSIGNED,inplace,CREATE,PASS,PASS,
TC-QA0334,SMALLINT UNSIGNED -> BIGINT UNSIGNED,inplace,CREATE,PASS,PASS,
TC-QA0336,MEDIUMINT UNSIGNED -> INT UNSIGNED,inplace,CREATE,PASS,PASS,
TC-QA0338,MEDIUMINT UNSIGNED -> BIGINT UNSIGNED,inplace,CREATE,PASS,PASS,
TC-QA0340,INT UNSIGNED -> BIGINT UNSIGNED,inplace,CREATE,PASS,PASS,
TC-PA0341,CHAR(1) -> CHAR(2),inplace,BUILD,BUILD_OR_ALTER_FAIL_EXPECTED,MANUAL,CHECK_MANUALLY
TC-QA0342,CHAR(1) -> CHAR(2),inplace,CREATE,PASS,PASS,
TC-PA0343,CHAR(63) -> CHAR(64),inplace,BUILD,BUILD_OR_ALTER_FAIL_EXPECTED,MANUAL,CHECK_MANUALLY
TC-QA0344,CHAR(63) -> CHAR(64),inplace,CREATE,PASS,PASS,
TC-PA0345,CHAR(254) -> CHAR(255),inplace,BUILD,BUILD_OR_ALTER_FAIL_EXPECTED,MANUAL,CHECK_MANUALLY
TC-QA0346,CHAR(254) -> CHAR(255),inplace,CREATE,PASS,PASS,
TC-PA0347,VARCHAR(1) -> VARCHAR(2),inplace,BUILD,BUILD_OR_ALTER_FAIL_EXPECTED,MANUAL,CHECK_MANUALLY
TC-QA0348,VARCHAR(1) -> VARCHAR(2),inplace,CREATE,PASS,PASS,
TC-PA0349,VARCHAR(254) -> VARCHAR(255),inplace,BUILD,BUILD_OR_ALTER_FAIL_EXPECTED,MANUAL,CHECK_MANUALLY
TC-QA0350,VARCHAR(254) -> VARCHAR(255),inplace,CREATE,PASS,PASS,
TC-PA0351,VARCHAR(255) -> VARCHAR(256),inplace,BUILD,BUILD_OR_ALTER_FAIL_EXPECTED,MANUAL,CHECK_MANUALLY
TC-QA0352,VARCHAR(255) -> VARCHAR(256),inplace,CREATE,PASS,PASS,
TC-PA0353,VARCHAR(85) -> VARCHAR(86),inplace,BUILD,BUILD_OR_ALTER_FAIL_EXPECTED,MANUAL,CHECK_MANUALLY
TC-QA0354,VARCHAR(85) -> VARCHAR(86),inplace,CREATE,PASS,PASS,
TC-PA0355,VARCHAR(63) -> VARCHAR(64),inplace,BUILD,BUILD_OR_ALTER_FAIL_EXPECTED,MANUAL,CHECK_MANUALLY
TC-QA0356,VARCHAR(63) -> VARCHAR(64),inplace,CREATE,PASS,PASS,
TC-PA0357,VARCHAR(64) -> VARCHAR(65),inplace,BUILD,BUILD_OR_ALTER_FAIL_EXPECTED,MANUAL,CHECK_MANUALLY
TC-QA0358,VARCHAR(64) -> VARCHAR(65),inplace,CREATE,PASS,PASS,
TC-PA0359,VARCHAR(100) -> VARCHAR(200),inplace,BUILD,BUILD_OR_ALTER_FAIL_EXPECTED,MANUAL,CHECK_MANUALLY
TC-QA0360,VARCHAR(100) -> VARCHAR(200),inplace,CREATE,PASS,PASS,
TC-QA0362,TINYINT -> SMALLINT,inplace,CREATE,PASS,PASS,
TC-QA0364,TINYINT -> MEDIUMINT,inplace,CREATE,PASS,PASS,
TC-QA0366,TINYINT -> INT,inplace,CREATE,PASS,PASS,
TC-QA0368,TINYINT -> BIGINT,inplace,CREATE,PASS,PASS,
TC-QA0370,SMALLINT -> MEDIUMINT,inplace,CREATE,PASS,PASS,
TC-QA0372,SMALLINT -> INT,inplace,CREATE,PASS,PASS,
TC-QA0374,SMALLINT -> BIGINT,inplace,CREATE,PASS,PASS,
TC-QA0376,MEDIUMINT -> INT,inplace,CREATE,PASS,PASS,
TC-QA0378,MEDIUMINT -> BIGINT,inplace,CREATE,PASS,PASS,
TC-QA0380,INT -> BIGINT,inplace,CREATE,PASS,PASS,
TC-QA0382,TINYINT UNSIGNED -> SMALLINT UNSIGNED,inplace,CREATE,PASS,PASS,
TC-QA0384,TINYINT UNSIGNED -> MEDIUMINT UNSIGNED,inplace,CREATE,PASS,PASS,
TC-QA0386,TINYINT UNSIGNED -> INT UNSIGNED,inplace,CREATE,PASS,PASS,
TC-QA0388,TINYINT UNSIGNED -> BIGINT UNSIGNED,inplace,CREATE,PASS,PASS,
TC-QA0390,SMALLINT UNSIGNED -> MEDIUMINT UNSIGNED,inplace,CREATE,PASS,PASS,
TC-QA0392,SMALLINT UNSIGNED -> INT UNSIGNED,inplace,CREATE,PASS,PASS,
TC-QA0394,SMALLINT UNSIGNED -> BIGINT UNSIGNED,inplace,CREATE,PASS,PASS,
TC-QA0396,MEDIUMINT UNSIGNED -> INT UNSIGNED,inplace,CREATE,PASS,PASS,
TC-QA0398,MEDIUMINT UNSIGNED -> BIGINT UNSIGNED,inplace,CREATE,PASS,PASS,
TC-QA0400,INT UNSIGNED -> BIGINT UNSIGNED,inplace,CREATE,PASS,PASS,
TC-PA0401,CHAR(1) -> CHAR(2),inplace,BUILD,BUILD_OR_ALTER_FAIL_EXPECTED,MANUAL,CHECK_MANUALLY
TC-QA0402,CHAR(1) -> CHAR(2),inplace,CREATE,PASS,PASS,
TC-PA0403,CHAR(63) -> CHAR(64),inplace,BUILD,BUILD_OR_ALTER_FAIL_EXPECTED,MANUAL,CHECK_MANUALLY
TC-QA0404,CHAR(63) -> CHAR(64),inplace,CREATE,PASS,PASS,
TC-PA0405,CHAR(254) -> CHAR(255),inplace,BUILD,BUILD_OR_ALTER_FAIL_EXPECTED,MANUAL,CHECK_MANUALLY
TC-QA0406,CHAR(254) -> CHAR(255),inplace,CREATE,PASS,PASS,
TC-PA0407,VARCHAR(1) -> VARCHAR(2),inplace,BUILD,BUILD_OR_ALTER_FAIL_EXPECTED,MANUAL,CHECK_MANUALLY
TC-QA0408,VARCHAR(1) -> VARCHAR(2),inplace,CREATE,PASS,PASS,
TC-PA0409,VARCHAR(254) -> VARCHAR(255),inplace,BUILD,BUILD_OR_ALTER_FAIL_EXPECTED,MANUAL,CHECK_MANUALLY
TC-QA0410,VARCHAR(254) -> VARCHAR(255),inplace,CREATE,PASS,PASS,
TC-PA0411,VARCHAR(255) -> VARCHAR(256),inplace,BUILD,BUILD_OR_ALTER_FAIL_EXPECTED,MANUAL,CHECK_MANUALLY
TC-QA0412,VARCHAR(255) -> VARCHAR(256),inplace,CREATE,PASS,PASS,
TC-PA0413,VARCHAR(85) -> VARCHAR(86),inplace,BUILD,BUILD_OR_ALTER_FAIL_EXPECTED,MANUAL,CHECK_MANUALLY
TC-QA0414,VARCHAR(85) -> VARCHAR(86),inplace,CREATE,PASS,PASS,
TC-PA0415,VARCHAR(63) -> VARCHAR(64),inplace,BUILD,BUILD_OR_ALTER_FAIL_EXPECTED,MANUAL,CHECK_MANUALLY
TC-QA0416,VARCHAR(63) -> VARCHAR(64),inplace,CREATE,PASS,PASS,
TC-PA0417,VARCHAR(64) -> VARCHAR(65),inplace,BUILD,BUILD_OR_ALTER_FAIL_EXPECTED,MANUAL,CHECK_MANUALLY
TC-QA0418,VARCHAR(64) -> VARCHAR(65),inplace,CREATE,PASS,PASS,
TC-PA0419,VARCHAR(100) -> VARCHAR(200),inplace,BUILD,BUILD_OR_ALTER_FAIL_EXPECTED,MANUAL,CHECK_MANUALLY
TC-QA0420,VARCHAR(100) -> VARCHAR(200),inplace,CREATE,PASS,PASS,
TC-QA0422,TINYINT -> SMALLINT,inplace,CREATE,PASS,PASS,
TC-QA0424,TINYINT -> MEDIUMINT,inplace,CREATE,PASS,PASS,
TC-QA0426,TINYINT -> INT,inplace,CREATE,PASS,PASS,
TC-QA0428,TINYINT -> BIGINT,inplace,CREATE,PASS,PASS,
TC-QA0430,SMALLINT -> MEDIUMINT,inplace,CREATE,PASS,PASS,
TC-QA0432,SMALLINT -> INT,inplace,CREATE,PASS,PASS,
TC-QA0434,SMALLINT -> BIGINT,inplace,CREATE,PASS,PASS,
TC-QA0436,MEDIUMINT -> INT,inplace,CREATE,PASS,PASS,
TC-QA0438,MEDIUMINT -> BIGINT,inplace,CREATE,PASS,PASS,
TC-QA0440,INT -> BIGINT,inplace,CREATE,PASS,PASS,
TC-QA0442,TINYINT UNSIGNED -> SMALLINT UNSIGNED,inplace,CREATE,PASS,PASS,
TC-QA0444,TINYINT UNSIGNED -> MEDIUMINT UNSIGNED,inplace,CREATE,PASS,PASS,
TC-QA0446,TINYINT UNSIGNED -> INT UNSIGNED,inplace,CREATE,PASS,PASS,
TC-QA0448,TINYINT UNSIGNED -> BIGINT UNSIGNED,inplace,CREATE,PASS,PASS,
TC-QA0450,SMALLINT UNSIGNED -> MEDIUMINT UNSIGNED,inplace,CREATE,PASS,PASS,
TC-QA0452,SMALLINT UNSIGNED -> INT UNSIGNED,inplace,CREATE,PASS,PASS,
TC-QA0454,SMALLINT UNSIGNED -> BIGINT UNSIGNED,inplace,CREATE,PASS,PASS,
TC-QA0456,MEDIUMINT UNSIGNED -> INT UNSIGNED,inplace,CREATE,PASS,PASS,
TC-QA0458,MEDIUMINT UNSIGNED -> BIGINT UNSIGNED,inplace,CREATE,PASS,PASS,
TC-QA0460,INT UNSIGNED -> BIGINT UNSIGNED,inplace,CREATE,PASS,PASS,
TC-PA0461,CHAR(1) -> CHAR(2),inplace,BUILD,BUILD_OR_ALTER_FAIL_EXPECTED,MANUAL,CHECK_MANUALLY
TC-QA0462,CHAR(1) -> CHAR(2),inplace,CREATE,PASS,PASS,
TC-PA0463,CHAR(63) -> CHAR(64),inplace,BUILD,BUILD_OR_ALTER_FAIL_EXPECTED,MANUAL,CHECK_MANUALLY
TC-QA0464,CHAR(63) -> CHAR(64),inplace,CREATE,PASS,PASS,
TC-PA0465,CHAR(254) -> CHAR(255),inplace,BUILD,BUILD_OR_ALTER_FAIL_EXPECTED,MANUAL,CHECK_MANUALLY
TC-QA0466,CHAR(254) -> CHAR(255),inplace,CREATE,PASS,PASS,
TC-PA0467,VARCHAR(1) -> VARCHAR(2),inplace,BUILD,BUILD_OR_ALTER_FAIL_EXPECTED,MANUAL,CHECK_MANUALLY
TC-QA0468,VARCHAR(1) -> VARCHAR(2),inplace,CREATE,PASS,PASS,
TC-PA0469,VARCHAR(254) -> VARCHAR(255),inplace,BUILD,BUILD_OR_ALTER_FAIL_EXPECTED,MANUAL,CHECK_MANUALLY
TC-QA0470,VARCHAR(254) -> VARCHAR(255),inplace,CREATE,PASS,PASS,
TC-PA0471,VARCHAR(255) -> VARCHAR(256),inplace,BUILD,BUILD_OR_ALTER_FAIL_EXPECTED,MANUAL,CHECK_MANUALLY
TC-QA0472,VARCHAR(255) -> VARCHAR(256),inplace,CREATE,PASS,PASS,
TC-PA0473,VARCHAR(85) -> VARCHAR(86),inplace,BUILD,BUILD_OR_ALTER_FAIL_EXPECTED,MANUAL,CHECK_MANUALLY
TC-QA0474,VARCHAR(85) -> VARCHAR(86),inplace,CREATE,PASS,PASS,
TC-PA0475,VARCHAR(63) -> VARCHAR(64),inplace,BUILD,BUILD_OR_ALTER_FAIL_EXPECTED,MANUAL,CHECK_MANUALLY
TC-QA0476,VARCHAR(63) -> VARCHAR(64),inplace,CREATE,PASS,PASS,
TC-PA0477,VARCHAR(64) -> VARCHAR(65),inplace,BUILD,BUILD_OR_ALTER_FAIL_EXPECTED,MANUAL,CHECK_MANUALLY
TC-QA0478,VARCHAR(64) -> VARCHAR(65),inplace,CREATE,PASS,PASS,
TC-PA0479,VARCHAR(100) -> VARCHAR(200),inplace,BUILD,BUILD_OR_ALTER_FAIL_EXPECTED,MANUAL,CHECK_MANUALLY
TC-QA0480,VARCHAR(100) -> VARCHAR(200),inplace,CREATE,PASS,PASS,
TC-QA0482,TINYINT -> SMALLINT,inplace,CREATE,PASS,PASS,
TC-QA0484,TINYINT -> MEDIUMINT,inplace,CREATE,PASS,PASS,
TC-QA0486,TINYINT -> INT,inplace,CREATE,PASS,PASS,
TC-QA0488,TINYINT -> BIGINT,inplace,CREATE,PASS,PASS,
TC-QA0490,SMALLINT -> MEDIUMINT,inplace,CREATE,PASS,PASS,
TC-QA0492,SMALLINT -> INT,inplace,CREATE,PASS,PASS,
TC-QA0494,SMALLINT -> BIGINT,inplace,CREATE,PASS,PASS,
TC-QA0496,MEDIUMINT -> INT,inplace,CREATE,PASS,PASS,
TC-QA0498,MEDIUMINT -> BIGINT,inplace,CREATE,PASS,PASS,
TC-QA0500,INT -> BIGINT,inplace,CREATE,PASS,PASS,
TC-QA0502,TINYINT UNSIGNED -> SMALLINT UNSIGNED,inplace,CREATE,PASS,PASS,
TC-QA0504,TINYINT UNSIGNED -> MEDIUMINT UNSIGNED,inplace,CREATE,PASS,PASS,
TC-QA0506,TINYINT UNSIGNED -> INT UNSIGNED,inplace,CREATE,PASS,PASS,
TC-QA0508,TINYINT UNSIGNED -> BIGINT UNSIGNED,inplace,CREATE,PASS,PASS,
TC-QA0510,SMALLINT UNSIGNED -> MEDIUMINT UNSIGNED,inplace,CREATE,PASS,PASS,
TC-QA0512,SMALLINT UNSIGNED -> INT UNSIGNED,inplace,CREATE,PASS,PASS,
TC-QA0514,SMALLINT UNSIGNED -> BIGINT UNSIGNED,inplace,CREATE,PASS,PASS,
TC-QA0516,MEDIUMINT UNSIGNED -> INT UNSIGNED,inplace,CREATE,PASS,PASS,
TC-QA0518,MEDIUMINT UNSIGNED -> BIGINT UNSIGNED,inplace,CREATE,PASS,PASS,
TC-QA0520,INT UNSIGNED -> BIGINT UNSIGNED,inplace,CREATE,PASS,PASS,
TC-QA0522,CHAR(1) -> CHAR(2),inplace,CREATE,PASS,PASS,
TC-QA0524,CHAR(63) -> CHAR(64),inplace,CREATE,PASS,PASS,
TC-QA0526,CHAR(254) -> CHAR(255),inplace,CREATE,PASS,PASS,
TC-QA0528,VARCHAR(1) -> VARCHAR(2),inplace,CREATE,PASS,PASS,
TC-QA0530,VARCHAR(254) -> VARCHAR(255),inplace,CREATE,PASS,PASS,
TC-QA0532,VARCHAR(255) -> VARCHAR(256),inplace,CREATE,PASS,PASS,
TC-QA0534,VARCHAR(85) -> VARCHAR(86),inplace,CREATE,PASS,PASS,
TC-QA0536,VARCHAR(63) -> VARCHAR(64),inplace,CREATE,PASS,PASS,
TC-QA0538,VARCHAR(64) -> VARCHAR(65),inplace,CREATE,PASS,PASS,
TC-QA0540,VARCHAR(100) -> VARCHAR(200),inplace,CREATE,PASS,PASS,
TC-QA0542,TINYINT -> SMALLINT,inplace,CREATE,PASS,PASS,
TC-QA0544,TINYINT -> MEDIUMINT,inplace,CREATE,PASS,PASS,
TC-QA0546,TINYINT -> INT,inplace,CREATE,PASS,PASS,
TC-QA0548,TINYINT -> BIGINT,inplace,CREATE,PASS,PASS,
TC-QA0550,SMALLINT -> MEDIUMINT,inplace,CREATE,PASS,PASS,
TC-QA0552,SMALLINT -> INT,inplace,CREATE,PASS,PASS,
TC-QA0554,SMALLINT -> BIGINT,inplace,CREATE,PASS,PASS,
TC-QA0556,MEDIUMINT -> INT,inplace,CREATE,PASS,PASS,
TC-QA0558,MEDIUMINT -> BIGINT,inplace,CREATE,PASS,PASS,
TC-QA0560,INT -> BIGINT,inplace,CREATE,PASS,PASS,
TC-QA0562,TINYINT UNSIGNED -> SMALLINT UNSIGNED,inplace,CREATE,PASS,PASS,
TC-QA0564,TINYINT UNSIGNED -> MEDIUMINT UNSIGNED,inplace,CREATE,PASS,PASS,
TC-QA0566,TINYINT UNSIGNED -> INT UNSIGNED,inplace,CREATE,PASS,PASS,
TC-QA0568,TINYINT UNSIGNED -> BIGINT UNSIGNED,inplace,CREATE,PASS,PASS,
TC-QA0570,SMALLINT UNSIGNED -> MEDIUMINT UNSIGNED,inplace,CREATE,PASS,PASS,
TC-QA0572,SMALLINT UNSIGNED -> INT UNSIGNED,inplace,CREATE,PASS,PASS,
TC-QA0574,SMALLINT UNSIGNED -> BIGINT UNSIGNED,inplace,CREATE,PASS,PASS,
TC-QA0576,MEDIUMINT UNSIGNED -> INT UNSIGNED,inplace,CREATE,PASS,PASS,
TC-QA0578,MEDIUMINT UNSIGNED -> BIGINT UNSIGNED,inplace,CREATE,PASS,PASS,
TC-QA0580,INT UNSIGNED -> BIGINT UNSIGNED,inplace,CREATE,PASS,PASS,
TC-QA0582,CHAR(1) -> CHAR(2),inplace,CREATE,PASS,PASS,
TC-QA0584,CHAR(63) -> CHAR(64),inplace,CREATE,PASS,PASS,
TC-QA0586,CHAR(254) -> CHAR(255),inplace,CREATE,PASS,PASS,
TC-QA0588,VARCHAR(1) -> VARCHAR(2),inplace,CREATE,PASS,PASS,
TC-QA0590,VARCHAR(254) -> VARCHAR(255),inplace,CREATE,PASS,PASS,
TC-QA0592,VARCHAR(255) -> VARCHAR(256),inplace,CREATE,PASS,PASS,
TC-QA0594,VARCHAR(85) -> VARCHAR(86),inplace,CREATE,PASS,PASS,
TC-QA0596,VARCHAR(63) -> VARCHAR(64),inplace,CREATE,PASS,PASS,
TC-QA0598,VARCHAR(64) -> VARCHAR(65),inplace,CREATE,PASS,PASS,
TC-QA0600,VARCHAR(100) -> VARCHAR(200),inplace,CREATE,PASS,PASS,
TC-QA0602,TINYINT -> SMALLINT,inplace,CREATE,PASS,PASS,
TC-QA0604,TINYINT -> MEDIUMINT,inplace,CREATE,PASS,PASS,
TC-QA0606,TINYINT -> INT,inplace,CREATE,PASS,PASS,
TC-QA0608,TINYINT -> BIGINT,inplace,CREATE,PASS,PASS,
TC-QA0610,SMALLINT -> MEDIUMINT,inplace,CREATE,PASS,PASS,
TC-QA0612,SMALLINT -> INT,inplace,CREATE,PASS,PASS,
TC-QA0614,SMALLINT -> BIGINT,inplace,CREATE,PASS,PASS,
TC-QA0616,MEDIUMINT -> INT,inplace,CREATE,PASS,PASS,
TC-QA0618,MEDIUMINT -> BIGINT,inplace,CREATE,PASS,PASS,
TC-QA0620,INT -> BIGINT,inplace,CREATE,PASS,PASS,
TC-QA0622,TINYINT UNSIGNED -> SMALLINT UNSIGNED,inplace,CREATE,PASS,PASS,
TC-QA0624,TINYINT UNSIGNED -> MEDIUMINT UNSIGNED,inplace,CREATE,PASS,PASS,
TC-QA0626,TINYINT UNSIGNED -> INT UNSIGNED,inplace,CREATE,PASS,PASS,
TC-QA0628,TINYINT UNSIGNED -> BIGINT UNSIGNED,inplace,CREATE,PASS,PASS,
TC-QA0630,SMALLINT UNSIGNED -> MEDIUMINT UNSIGNED,inplace,CREATE,PASS,PASS,
TC-QA0632,SMALLINT UNSIGNED -> INT UNSIGNED,inplace,CREATE,PASS,PASS,
TC-QA0634,SMALLINT UNSIGNED -> BIGINT UNSIGNED,inplace,CREATE,PASS,PASS,
TC-QA0636,MEDIUMINT UNSIGNED -> INT UNSIGNED,inplace,CREATE,PASS,PASS,
TC-QA0638,MEDIUMINT UNSIGNED -> BIGINT UNSIGNED,inplace,CREATE,PASS,PASS,
TC-QA0640,INT UNSIGNED -> BIGINT UNSIGNED,inplace,CREATE,PASS,PASS,
TC-QA0642,CHAR(1) -> CHAR(2),inplace,CREATE,PASS,PASS,
TC-QA0644,CHAR(63) -> CHAR(64),inplace,CREATE,PASS,PASS,
TC-QA0646,CHAR(254) -> CHAR(255),inplace,CREATE,PASS,PASS,
TC-QA0648,VARCHAR(1) -> VARCHAR(2),inplace,CREATE,PASS,PASS,
TC-QA0650,VARCHAR(254) -> VARCHAR(255),inplace,CREATE,PASS,PASS,
TC-QA0652,VARCHAR(255) -> VARCHAR(256),inplace,CREATE,PASS,PASS,
TC-QA0654,VARCHAR(85) -> VARCHAR(86),inplace,CREATE,PASS,PASS,
TC-QA0656,VARCHAR(63) -> VARCHAR(64),inplace,CREATE,PASS,PASS,
TC-QA0658,VARCHAR(64) -> VARCHAR(65),inplace,CREATE,PASS,PASS,
TC-QA0660,VARCHAR(100) -> VARCHAR(200),inplace,CREATE,PASS,PASS,
TC-QA0662,TINYINT -> SMALLINT,inplace,CREATE,PASS,PASS,
TC-QA0664,TINYINT -> MEDIUMINT,inplace,CREATE,PASS,PASS,
TC-QA0666,TINYINT -> INT,inplace,CREATE,PASS,PASS,
TC-QA0668,TINYINT -> BIGINT,inplace,CREATE,PASS,PASS,
TC-QA0670,SMALLINT -> MEDIUMINT,inplace,CREATE,PASS,PASS,
TC-QA0672,SMALLINT -> INT,inplace,CREATE,PASS,PASS,
TC-QA0674,SMALLINT -> BIGINT,inplace,CREATE,PASS,PASS,
TC-QA0676,MEDIUMINT -> INT,inplace,CREATE,PASS,PASS,
TC-QA0678,MEDIUMINT -> BIGINT,inplace,CREATE,PASS,PASS,
TC-QA0680,INT -> BIGINT,inplace,CREATE,PASS,PASS,
TC-QA0682,TINYINT UNSIGNED -> SMALLINT UNSIGNED,inplace,CREATE,PASS,PASS,
TC-QA0684,TINYINT UNSIGNED -> MEDIUMINT UNSIGNED,inplace,CREATE,PASS,PASS,
TC-QA0686,TINYINT UNSIGNED -> INT UNSIGNED,inplace,CREATE,PASS,PASS,
TC-QA0688,TINYINT UNSIGNED -> BIGINT UNSIGNED,inplace,CREATE,PASS,PASS,
TC-QA0690,SMALLINT UNSIGNED -> MEDIUMINT UNSIGNED,inplace,CREATE,PASS,PASS,
TC-QA0692,SMALLINT UNSIGNED -> INT UNSIGNED,inplace,CREATE,PASS,PASS,
TC-QA0694,SMALLINT UNSIGNED -> BIGINT UNSIGNED,inplace,CREATE,PASS,PASS,
TC-QA0696,MEDIUMINT UNSIGNED -> INT UNSIGNED,inplace,CREATE,PASS,PASS,
TC-QA0698,MEDIUMINT UNSIGNED -> BIGINT UNSIGNED,inplace,CREATE,PASS,PASS,
TC-QA0700,INT UNSIGNED -> BIGINT UNSIGNED,inplace,CREATE,PASS,PASS,
TC-QA0702,CHAR(1) -> CHAR(2),inplace,CREATE,PASS,PASS,
TC-QA0704,CHAR(63) -> CHAR(64),inplace,CREATE,PASS,PASS,
TC-QA0706,CHAR(254) -> CHAR(255),inplace,CREATE,PASS,PASS,
TC-QA0708,VARCHAR(1) -> VARCHAR(2),inplace,CREATE,PASS,PASS,
TC-QA0710,VARCHAR(254) -> VARCHAR(255),inplace,CREATE,PASS,PASS,
TC-QA0712,VARCHAR(255) -> VARCHAR(256),inplace,CREATE,PASS,PASS,
TC-QA0714,VARCHAR(85) -> VARCHAR(86),inplace,CREATE,PASS,PASS,
TC-QA0716,VARCHAR(63) -> VARCHAR(64),inplace,CREATE,PASS,PASS,
TC-QA0718,VARCHAR(64) -> VARCHAR(65),inplace,CREATE,PASS,PASS,
TC-QA0720,VARCHAR(100) -> VARCHAR(200),inplace,CREATE,PASS,PASS,
TC-QA0722,TINYINT -> SMALLINT,inplace,CREATE,PASS,PASS,
TC-QA0724,TINYINT -> MEDIUMINT,inplace,CREATE,PASS,PASS,
TC-QA0726,TINYINT -> INT,inplace,CREATE,PASS,PASS,
TC-QA0728,TINYINT -> BIGINT,inplace,CREATE,PASS,PASS,
TC-QA0730,SMALLINT -> MEDIUMINT,inplace,CREATE,PASS,PASS,
TC-QA0732,SMALLINT -> INT,inplace,CREATE,PASS,PASS,
TC-QA0734,SMALLINT -> BIGINT,inplace,CREATE,PASS,PASS,
TC-QA0736,MEDIUMINT -> INT,inplace,CREATE,PASS,PASS,
TC-QA0738,MEDIUMINT -> BIGINT,inplace,CREATE,PASS,PASS,
TC-QA0740,INT -> BIGINT,inplace,CREATE,PASS,PASS,
TC-QA0742,TINYINT UNSIGNED -> SMALLINT UNSIGNED,inplace,CREATE,PASS,PASS,
TC-QA0744,TINYINT UNSIGNED -> MEDIUMINT UNSIGNED,inplace,CREATE,PASS,PASS,
TC-QA0746,TINYINT UNSIGNED -> INT UNSIGNED,inplace,CREATE,PASS,PASS,
TC-QA0748,TINYINT UNSIGNED -> BIGINT UNSIGNED,inplace,CREATE,PASS,PASS,
TC-QA0750,SMALLINT UNSIGNED -> MEDIUMINT UNSIGNED,inplace,CREATE,PASS,PASS,
TC-QA0752,SMALLINT UNSIGNED -> INT UNSIGNED,inplace,CREATE,PASS,PASS,
TC-QA0754,SMALLINT UNSIGNED -> BIGINT UNSIGNED,inplace,CREATE,PASS,PASS,
TC-QA0756,MEDIUMINT UNSIGNED -> INT UNSIGNED,inplace,CREATE,PASS,PASS,
TC-QA0758,MEDIUMINT UNSIGNED -> BIGINT UNSIGNED,inplace,CREATE,PASS,PASS,
TC-QA0760,INT UNSIGNED -> BIGINT UNSIGNED,inplace,CREATE,PASS,PASS,
TC-QA0762,CHAR(1) -> CHAR(2),inplace,CREATE,PASS,PASS,
TC-QA0764,CHAR(63) -> CHAR(64),inplace,CREATE,PASS,PASS,
TC-QA0766,CHAR(254) -> CHAR(255),inplace,CREATE,PASS,PASS,
TC-QA0768,VARCHAR(1) -> VARCHAR(2),inplace,CREATE,PASS,PASS,
TC-QA0770,VARCHAR(254) -> VARCHAR(255),inplace,CREATE,PASS,PASS,
TC-QA0772,VARCHAR(255) -> VARCHAR(256),inplace,CREATE,PASS,PASS,
TC-QA0774,VARCHAR(85) -> VARCHAR(86),inplace,CREATE,PASS,PASS,
TC-QA0776,VARCHAR(63) -> VARCHAR(64),inplace,CREATE,PASS,PASS,
TC-QA0778,VARCHAR(64) -> VARCHAR(65),inplace,CREATE,PASS,PASS,
TC-QA0780,VARCHAR(100) -> VARCHAR(200),inplace,CREATE,PASS,PASS,
TC-QA0782,TINYINT -> SMALLINT,inplace,CREATE,PASS,PASS,
TC-QA0784,TINYINT -> MEDIUMINT,inplace,CREATE,PASS,PASS,
TC-QA0786,TINYINT -> INT,inplace,CREATE,PASS,PASS,
TC-QA0788,TINYINT -> BIGINT,inplace,CREATE,PASS,PASS,
TC-QA0790,SMALLINT -> MEDIUMINT,inplace,CREATE,PASS,PASS,
TC-QA0792,SMALLINT -> INT,inplace,CREATE,PASS,PASS,
TC-QA0794,SMALLINT -> BIGINT,inplace,CREATE,PASS,PASS,
TC-QA0796,MEDIUMINT -> INT,inplace,CREATE,PASS,PASS,
TC-QA0798,MEDIUMINT -> BIGINT,inplace,CREATE,PASS,PASS,
TC-QA0800,INT -> BIGINT,inplace,CREATE,PASS,PASS,
TC-QA0802,TINYINT UNSIGNED -> SMALLINT UNSIGNED,inplace,CREATE,PASS,PASS,
TC-QA0804,TINYINT UNSIGNED -> MEDIUMINT UNSIGNED,inplace,CREATE,PASS,PASS,
TC-QA0806,TINYINT UNSIGNED -> INT UNSIGNED,inplace,CREATE,PASS,PASS,
TC-QA0808,TINYINT UNSIGNED -> BIGINT UNSIGNED,inplace,CREATE,PASS,PASS,
TC-QA0810,SMALLINT UNSIGNED -> MEDIUMINT UNSIGNED,inplace,CREATE,PASS,PASS,
TC-QA0812,SMALLINT UNSIGNED -> INT UNSIGNED,inplace,CREATE,PASS,PASS,
TC-QA0814,SMALLINT UNSIGNED -> BIGINT UNSIGNED,inplace,CREATE,PASS,PASS,
TC-QA0816,MEDIUMINT UNSIGNED -> INT UNSIGNED,inplace,CREATE,PASS,PASS,
TC-QA0818,MEDIUMINT UNSIGNED -> BIGINT UNSIGNED,inplace,CREATE,PASS,PASS,
TC-QA0820,INT UNSIGNED -> BIGINT UNSIGNED,inplace,CREATE,PASS,PASS,
TC-QA0822,CHAR(1) -> CHAR(2),inplace,CREATE,PASS,PASS,
TC-QA0824,CHAR(63) -> CHAR(64),inplace,CREATE,PASS,PASS,
TC-QA0826,CHAR(254) -> CHAR(255),inplace,CREATE,PASS,PASS,
TC-QA0828,VARCHAR(1) -> VARCHAR(2),inplace,CREATE,PASS,PASS,
TC-QA0830,VARCHAR(254) -> VARCHAR(255),inplace,CREATE,PASS,PASS,
TC-QA0832,VARCHAR(255) -> VARCHAR(256),inplace,CREATE,PASS,PASS,
TC-QA0834,VARCHAR(85) -> VARCHAR(86),inplace,CREATE,PASS,PASS,
TC-QA0836,VARCHAR(63) -> VARCHAR(64),inplace,CREATE,PASS,PASS,
TC-QA0838,VARCHAR(64) -> VARCHAR(65),inplace,CREATE,PASS,PASS,
TC-QA0840,VARCHAR(100) -> VARCHAR(200),inplace,CREATE,PASS,PASS,
TC-QA0842,TINYINT -> SMALLINT,inplace,CREATE,PASS,PASS,
TC-QA0844,TINYINT -> MEDIUMINT,inplace,CREATE,PASS,PASS,
TC-QA0846,TINYINT -> INT,inplace,CREATE,PASS,PASS,
TC-QA0848,TINYINT -> BIGINT,inplace,CREATE,PASS,PASS,
TC-QA0850,SMALLINT -> MEDIUMINT,inplace,CREATE,PASS,PASS,
TC-QA0852,SMALLINT -> INT,inplace,CREATE,PASS,PASS,
TC-QA0854,SMALLINT -> BIGINT,inplace,CREATE,PASS,PASS,
TC-QA0856,MEDIUMINT -> INT,inplace,CREATE,PASS,PASS,
TC-QA0858,MEDIUMINT -> BIGINT,inplace,CREATE,PASS,PASS,
TC-QA0860,INT -> BIGINT,inplace,CREATE,PASS,PASS,
TC-QA0862,TINYINT UNSIGNED -> SMALLINT UNSIGNED,inplace,CREATE,PASS,PASS,
TC-QA0864,TINYINT UNSIGNED -> MEDIUMINT UNSIGNED,inplace,CREATE,PASS,PASS,
TC-QA0866,TINYINT UNSIGNED -> INT UNSIGNED,inplace,CREATE,PASS,PASS,
TC-QA0868,TINYINT UNSIGNED -> BIGINT UNSIGNED,inplace,CREATE,PASS,PASS,
TC-QA0870,SMALLINT UNSIGNED -> MEDIUMINT UNSIGNED,inplace,CREATE,PASS,PASS,
TC-QA0872,SMALLINT UNSIGNED -> INT UNSIGNED,inplace,CREATE,PASS,PASS,
TC-QA0874,SMALLINT UNSIGNED -> BIGINT UNSIGNED,inplace,CREATE,PASS,PASS,
TC-QA0876,MEDIUMINT UNSIGNED -> INT UNSIGNED,inplace,CREATE,PASS,PASS,
TC-QA0878,MEDIUMINT UNSIGNED -> BIGINT UNSIGNED,inplace,CREATE,PASS,PASS,
TC-QA0880,INT UNSIGNED -> BIGINT UNSIGNED,inplace,CREATE,PASS,PASS,
TC-QA0882,CHAR(1) -> CHAR(2),inplace,CREATE,PASS,PASS,
TC-QA0884,CHAR(63) -> CHAR(64),inplace,CREATE,PASS,PASS,
TC-QA0886,CHAR(254) -> CHAR(255),inplace,CREATE,PASS,PASS,
TC-QA0888,VARCHAR(1) -> VARCHAR(2),inplace,CREATE,PASS,PASS,
TC-QA0890,VARCHAR(254) -> VARCHAR(255),inplace,CREATE,PASS,PASS,
TC-QA0892,VARCHAR(255) -> VARCHAR(256),inplace,CREATE,PASS,PASS,
TC-QA0894,VARCHAR(85) -> VARCHAR(86),inplace,CREATE,PASS,PASS,
TC-QA0896,VARCHAR(63) -> VARCHAR(64),inplace,CREATE,PASS,PASS,
TC-QA0898,VARCHAR(64) -> VARCHAR(65),inplace,CREATE,PASS,PASS,
TC-QA0900,VARCHAR(100) -> VARCHAR(200),inplace,CREATE,PASS,PASS,
TC-QA0902,TINYINT -> SMALLINT,inplace,CREATE,PASS,PASS,
TC-QA0904,TINYINT -> MEDIUMINT,inplace,CREATE,PASS,PASS,
TC-QA0906,TINYINT -> INT,inplace,CREATE,PASS,PASS,
TC-QA0908,TINYINT -> BIGINT,inplace,CREATE,PASS,PASS,
TC-QA0910,SMALLINT -> MEDIUMINT,inplace,CREATE,PASS,PASS,
TC-QA0912,SMALLINT -> INT,inplace,CREATE,PASS,PASS,
TC-QA0914,SMALLINT -> BIGINT,inplace,CREATE,PASS,PASS,
TC-QA0916,MEDIUMINT -> INT,inplace,CREATE,PASS,PASS,
TC-QA0918,MEDIUMINT -> BIGINT,inplace,CREATE,PASS,PASS,
TC-QA0920,INT -> BIGINT,inplace,CREATE,PASS,PASS,
TC-QA0922,TINYINT UNSIGNED -> SMALLINT UNSIGNED,inplace,CREATE,PASS,PASS,
TC-QA0924,TINYINT UNSIGNED -> MEDIUMINT UNSIGNED,inplace,CREATE,PASS,PASS,
TC-QA0926,TINYINT UNSIGNED -> INT UNSIGNED,inplace,CREATE,PASS,PASS,
TC-QA0928,TINYINT UNSIGNED -> BIGINT UNSIGNED,inplace,CREATE,PASS,PASS,
TC-QA0930,SMALLINT UNSIGNED -> MEDIUMINT UNSIGNED,inplace,CREATE,PASS,PASS,
TC-QA0932,SMALLINT UNSIGNED -> INT UNSIGNED,inplace,CREATE,PASS,PASS,
TC-QA0934,SMALLINT UNSIGNED -> BIGINT UNSIGNED,inplace,CREATE,PASS,PASS,
TC-QA0936,MEDIUMINT UNSIGNED -> INT UNSIGNED,inplace,CREATE,PASS,PASS,
TC-QA0938,MEDIUMINT UNSIGNED -> BIGINT UNSIGNED,inplace,CREATE,PASS,PASS,
TC-QA0940,INT UNSIGNED -> BIGINT UNSIGNED,inplace,CREATE,PASS,PASS,
TC-QA0942,CHAR(1) -> CHAR(2),inplace,CREATE,PASS,PASS,
TC-QA0944,CHAR(63) -> CHAR(64),inplace,CREATE,PASS,PASS,
TC-QA0946,CHAR(254) -> CHAR(255),inplace,CREATE,PASS,PASS,
TC-QA0948,VARCHAR(1) -> VARCHAR(2),inplace,CREATE,PASS,PASS,
TC-QA0950,VARCHAR(254) -> VARCHAR(255),inplace,CREATE,PASS,PASS,
TC-QA0952,VARCHAR(255) -> VARCHAR(256),inplace,CREATE,PASS,PASS,
TC-QA0954,VARCHAR(85) -> VARCHAR(86),inplace,CREATE,PASS,PASS,
TC-QA0956,VARCHAR(63) -> VARCHAR(64),inplace,CREATE,PASS,PASS,
TC-QA0958,VARCHAR(64) -> VARCHAR(65),inplace,CREATE,PASS,PASS,
TC-QA0960,VARCHAR(100) -> VARCHAR(200),inplace,CREATE,PASS,PASS,
TC-QA0962,TINYINT -> SMALLINT,inplace,CREATE,PASS,PASS,
TC-QA0964,TINYINT -> MEDIUMINT,inplace,CREATE,PASS,PASS,
TC-QA0966,TINYINT -> INT,inplace,CREATE,PASS,PASS,
TC-QA0968,TINYINT -> BIGINT,inplace,CREATE,PASS,PASS,
TC-QA0970,SMALLINT -> MEDIUMINT,inplace,CREATE,PASS,PASS,
TC-QA0972,SMALLINT -> INT,inplace,CREATE,PASS,PASS,
TC-QA0974,SMALLINT -> BIGINT,inplace,CREATE,PASS,PASS,
TC-QA0976,MEDIUMINT -> INT,inplace,CREATE,PASS,PASS,
TC-QA0978,MEDIUMINT -> BIGINT,inplace,CREATE,PASS,PASS,
TC-QA0980,INT -> BIGINT,inplace,CREATE,PASS,PASS,
TC-QA0982,TINYINT UNSIGNED -> SMALLINT UNSIGNED,inplace,CREATE,PASS,PASS,
TC-QA0984,TINYINT UNSIGNED -> MEDIUMINT UNSIGNED,inplace,CREATE,PASS,PASS,
TC-QA0986,TINYINT UNSIGNED -> INT UNSIGNED,inplace,CREATE,PASS,PASS,
TC-QA0988,TINYINT UNSIGNED -> BIGINT UNSIGNED,inplace,CREATE,PASS,PASS,
TC-QA0990,SMALLINT UNSIGNED -> MEDIUMINT UNSIGNED,inplace,CREATE,PASS,PASS,
TC-QA0992,SMALLINT UNSIGNED -> INT UNSIGNED,inplace,CREATE,PASS,PASS,
TC-QA0994,SMALLINT UNSIGNED -> BIGINT UNSIGNED,inplace,CREATE,PASS,PASS,
TC-QA0996,MEDIUMINT UNSIGNED -> INT UNSIGNED,inplace,CREATE,PASS,PASS,
TC-QA0998,MEDIUMINT UNSIGNED -> BIGINT UNSIGNED,inplace,CREATE,PASS,PASS,
TC-QA1000,INT UNSIGNED -> BIGINT UNSIGNED,inplace,CREATE,PASS,PASS,
TC-PA1001,CHAR(1) -> CHAR(2),inplace,BUILD,BUILD_OR_ALTER_FAIL_EXPECTED,MANUAL,CHECK_MANUALLY
TC-QA1002,CHAR(1) -> CHAR(2),inplace,CREATE,PASS,PASS,
TC-PA1003,CHAR(63) -> CHAR(64),inplace,BUILD,BUILD_OR_ALTER_FAIL_EXPECTED,MANUAL,CHECK_MANUALLY
TC-QA1004,CHAR(63) -> CHAR(64),inplace,CREATE,PASS,PASS,
TC-PA1005,CHAR(254) -> CHAR(255),inplace,BUILD,BUILD_OR_ALTER_FAIL_EXPECTED,MANUAL,CHECK_MANUALLY
TC-QA1006,CHAR(254) -> CHAR(255),inplace,CREATE,PASS,PASS,
TC-PA1007,VARCHAR(1) -> VARCHAR(2),inplace,BUILD,BUILD_OR_ALTER_FAIL_EXPECTED,MANUAL,CHECK_MANUALLY
TC-QA1008,VARCHAR(1) -> VARCHAR(2),inplace,CREATE,PASS,PASS,
TC-PA1009,VARCHAR(254) -> VARCHAR(255),inplace,BUILD,BUILD_OR_ALTER_FAIL_EXPECTED,MANUAL,CHECK_MANUALLY
TC-QA1010,VARCHAR(254) -> VARCHAR(255),inplace,CREATE,PASS,PASS,
TC-PA1011,VARCHAR(255) -> VARCHAR(256),inplace,BUILD,BUILD_OR_ALTER_FAIL_EXPECTED,MANUAL,CHECK_MANUALLY
TC-QA1012,VARCHAR(255) -> VARCHAR(256),inplace,CREATE,PASS,PASS,
TC-PA1013,VARCHAR(85) -> VARCHAR(86),inplace,BUILD,BUILD_OR_ALTER_FAIL_EXPECTED,MANUAL,CHECK_MANUALLY
TC-QA1014,VARCHAR(85) -> VARCHAR(86),inplace,CREATE,PASS,PASS,
TC-PA1015,VARCHAR(63) -> VARCHAR(64),inplace,BUILD,BUILD_OR_ALTER_FAIL_EXPECTED,MANUAL,CHECK_MANUALLY
TC-QA1016,VARCHAR(63) -> VARCHAR(64),inplace,CREATE,PASS,PASS,
TC-PA1017,VARCHAR(64) -> VARCHAR(65),inplace,BUILD,BUILD_OR_ALTER_FAIL_EXPECTED,MANUAL,CHECK_MANUALLY
TC-QA1018,VARCHAR(64) -> VARCHAR(65),inplace,CREATE,PASS,PASS,
TC-PA1019,VARCHAR(100) -> VARCHAR(200),inplace,BUILD,BUILD_OR_ALTER_FAIL_EXPECTED,MANUAL,CHECK_MANUALLY
TC-QA1020,VARCHAR(100) -> VARCHAR(200),inplace,CREATE,PASS,PASS,
TC-QA1022,TINYINT -> SMALLINT,inplace,CREATE,PASS,PASS,
TC-QA1024,TINYINT -> MEDIUMINT,inplace,CREATE,PASS,PASS,
TC-QA1026,TINYINT -> INT,inplace,CREATE,PASS,PASS,
TC-QA1028,TINYINT -> BIGINT,inplace,CREATE,PASS,PASS,
TC-QA1030,SMALLINT -> MEDIUMINT,inplace,CREATE,PASS,PASS,
TC-QA1032,SMALLINT -> INT,inplace,CREATE,PASS,PASS,
TC-QA1034,SMALLINT -> BIGINT,inplace,CREATE,PASS,PASS,
TC-QA1036,MEDIUMINT -> INT,inplace,CREATE,PASS,PASS,
TC-QA1038,MEDIUMINT -> BIGINT,inplace,CREATE,PASS,PASS,
TC-QA1040,INT -> BIGINT,inplace,CREATE,PASS,PASS,
TC-QA1042,TINYINT UNSIGNED -> SMALLINT UNSIGNED,inplace,CREATE,PASS,PASS,
TC-QA1044,TINYINT UNSIGNED -> MEDIUMINT UNSIGNED,inplace,CREATE,PASS,PASS,
TC-QA1046,TINYINT UNSIGNED -> INT UNSIGNED,inplace,CREATE,PASS,PASS,
TC-QA1048,TINYINT UNSIGNED -> BIGINT UNSIGNED,inplace,CREATE,PASS,PASS,
TC-QA1050,SMALLINT UNSIGNED -> MEDIUMINT UNSIGNED,inplace,CREATE,PASS,PASS,
TC-QA1052,SMALLINT UNSIGNED -> INT UNSIGNED,inplace,CREATE,PASS,PASS,
TC-QA1054,SMALLINT UNSIGNED -> BIGINT UNSIGNED,inplace,CREATE,PASS,PASS,
TC-QA1056,MEDIUMINT UNSIGNED -> INT UNSIGNED,inplace,CREATE,PASS,PASS,
TC-QA1058,MEDIUMINT UNSIGNED -> BIGINT UNSIGNED,inplace,CREATE,PASS,PASS,
TC-QA1060,INT UNSIGNED -> BIGINT UNSIGNED,inplace,CREATE,PASS,PASS,
TC-PA1061,CHAR(1) -> CHAR(2),inplace,BUILD,BUILD_OR_ALTER_FAIL_EXPECTED,MANUAL,CHECK_MANUALLY
TC-QA1062,CHAR(1) -> CHAR(2),inplace,CREATE,PASS,PASS,
TC-PA1063,CHAR(63) -> CHAR(64),inplace,BUILD,BUILD_OR_ALTER_FAIL_EXPECTED,MANUAL,CHECK_MANUALLY
TC-QA1064,CHAR(63) -> CHAR(64),inplace,CREATE,PASS,PASS,
TC-PA1065,CHAR(254) -> CHAR(255),inplace,BUILD,BUILD_OR_ALTER_FAIL_EXPECTED,MANUAL,CHECK_MANUALLY
TC-QA1066,CHAR(254) -> CHAR(255),inplace,CREATE,PASS,PASS,
TC-PA1067,VARCHAR(1) -> VARCHAR(2),inplace,BUILD,BUILD_OR_ALTER_FAIL_EXPECTED,MANUAL,CHECK_MANUALLY
TC-QA1068,VARCHAR(1) -> VARCHAR(2),inplace,CREATE,PASS,PASS,
TC-PA1069,VARCHAR(254) -> VARCHAR(255),inplace,BUILD,BUILD_OR_ALTER_FAIL_EXPECTED,MANUAL,CHECK_MANUALLY
TC-QA1070,VARCHAR(254) -> VARCHAR(255),inplace,CREATE,PASS,PASS,
TC-PA1071,VARCHAR(255) -> VARCHAR(256),inplace,BUILD,BUILD_OR_ALTER_FAIL_EXPECTED,MANUAL,CHECK_MANUALLY
TC-QA1072,VARCHAR(255) -> VARCHAR(256),inplace,CREATE,PASS,PASS,
TC-PA1073,VARCHAR(85) -> VARCHAR(86),inplace,BUILD,BUILD_OR_ALTER_FAIL_EXPECTED,MANUAL,CHECK_MANUALLY
TC-QA1074,VARCHAR(85) -> VARCHAR(86),inplace,CREATE,PASS,PASS,
TC-PA1075,VARCHAR(63) -> VARCHAR(64),inplace,BUILD,BUILD_OR_ALTER_FAIL_EXPECTED,MANUAL,CHECK_MANUALLY
TC-QA1076,VARCHAR(63) -> VARCHAR(64),inplace,CREATE,PASS,PASS,
TC-PA1077,VARCHAR(64) -> VARCHAR(65),inplace,BUILD,BUILD_OR_ALTER_FAIL_EXPECTED,MANUAL,CHECK_MANUALLY
TC-QA1078,VARCHAR(64) -> VARCHAR(65),inplace,CREATE,PASS,PASS,
TC-PA1079,VARCHAR(100) -> VARCHAR(200),inplace,BUILD,BUILD_OR_ALTER_FAIL_EXPECTED,MANUAL,CHECK_MANUALLY
TC-QA1080,VARCHAR(100) -> VARCHAR(200),inplace,CREATE,PASS,PASS,
TC-QA1082,TINYINT -> SMALLINT,inplace,CREATE,PASS,PASS,
TC-QA1084,TINYINT -> MEDIUMINT,inplace,CREATE,PASS,PASS,
TC-QA1086,TINYINT -> INT,inplace,CREATE,PASS,PASS,
TC-QA1088,TINYINT -> BIGINT,inplace,CREATE,PASS,PASS,
TC-QA1090,SMALLINT -> MEDIUMINT,inplace,CREATE,PASS,PASS,
TC-QA1092,SMALLINT -> INT,inplace,CREATE,PASS,PASS,
TC-QA1094,SMALLINT -> BIGINT,inplace,CREATE,PASS,PASS,
TC-QA1096,MEDIUMINT -> INT,inplace,CREATE,PASS,PASS,
TC-QA1098,MEDIUMINT -> BIGINT,inplace,CREATE,PASS,PASS,
TC-QA1100,INT -> BIGINT,inplace,CREATE,PASS,PASS,
TC-QA1102,TINYINT UNSIGNED -> SMALLINT UNSIGNED,inplace,CREATE,PASS,PASS,
TC-QA1104,TINYINT UNSIGNED -> MEDIUMINT UNSIGNED,inplace,CREATE,PASS,PASS,
TC-QA1106,TINYINT UNSIGNED -> INT UNSIGNED,inplace,CREATE,PASS,PASS,
TC-QA1108,TINYINT UNSIGNED -> BIGINT UNSIGNED,inplace,CREATE,PASS,PASS,
TC-QA1110,SMALLINT UNSIGNED -> MEDIUMINT UNSIGNED,inplace,CREATE,PASS,PASS,
TC-QA1112,SMALLINT UNSIGNED -> INT UNSIGNED,inplace,CREATE,PASS,PASS,
TC-QA1114,SMALLINT UNSIGNED -> BIGINT UNSIGNED,inplace,CREATE,PASS,PASS,
TC-QA1116,MEDIUMINT UNSIGNED -> INT UNSIGNED,inplace,CREATE,PASS,PASS,
TC-QA1118,MEDIUMINT UNSIGNED -> BIGINT UNSIGNED,inplace,CREATE,PASS,PASS,
TC-QA1120,INT UNSIGNED -> BIGINT UNSIGNED,inplace,CREATE,PASS,PASS,
TC-PA1121,CHAR(1) -> CHAR(2),inplace,BUILD,BUILD_OR_ALTER_FAIL_EXPECTED,MANUAL,CHECK_MANUALLY
TC-QA1122,CHAR(1) -> CHAR(2),inplace,CREATE,PASS,PASS,
TC-PA1123,CHAR(63) -> CHAR(64),inplace,BUILD,BUILD_OR_ALTER_FAIL_EXPECTED,MANUAL,CHECK_MANUALLY
TC-QA1124,CHAR(63) -> CHAR(64),inplace,CREATE,PASS,PASS,
TC-PA1125,CHAR(254) -> CHAR(255),inplace,BUILD,BUILD_OR_ALTER_FAIL_EXPECTED,MANUAL,CHECK_MANUALLY
TC-QA1126,CHAR(254) -> CHAR(255),inplace,CREATE,PASS,PASS,
TC-PA1127,VARCHAR(1) -> VARCHAR(2),inplace,BUILD,BUILD_OR_ALTER_FAIL_EXPECTED,MANUAL,CHECK_MANUALLY
TC-QA1128,VARCHAR(1) -> VARCHAR(2),inplace,CREATE,PASS,PASS,
TC-PA1129,VARCHAR(254) -> VARCHAR(255),inplace,BUILD,BUILD_OR_ALTER_FAIL_EXPECTED,MANUAL,CHECK_MANUALLY
TC-QA1130,VARCHAR(254) -> VARCHAR(255),inplace,CREATE,PASS,PASS,
TC-PA1131,VARCHAR(255) -> VARCHAR(256),inplace,BUILD,BUILD_OR_ALTER_FAIL_EXPECTED,MANUAL,CHECK_MANUALLY
TC-QA1132,VARCHAR(255) -> VARCHAR(256),inplace,CREATE,PASS,PASS,
TC-PA1133,VARCHAR(85) -> VARCHAR(86),inplace,BUILD,BUILD_OR_ALTER_FAIL_EXPECTED,MANUAL,CHECK_MANUALLY
TC-QA1134,VARCHAR(85) -> VARCHAR(86),inplace,CREATE,PASS,PASS,
TC-PA1135,VARCHAR(63) -> VARCHAR(64),inplace,BUILD,BUILD_OR_ALTER_FAIL_EXPECTED,MANUAL,CHECK_MANUALLY
TC-QA1136,VARCHAR(63) -> VARCHAR(64),inplace,CREATE,PASS,PASS,
TC-PA1137,VARCHAR(64) -> VARCHAR(65),inplace,BUILD,BUILD_OR_ALTER_FAIL_EXPECTED,MANUAL,CHECK_MANUALLY
TC-QA1138,VARCHAR(64) -> VARCHAR(65),inplace,CREATE,PASS,PASS,
TC-PA1139,VARCHAR(100) -> VARCHAR(200),inplace,BUILD,BUILD_OR_ALTER_FAIL_EXPECTED,MANUAL,CHECK_MANUALLY
TC-QA1140,VARCHAR(100) -> VARCHAR(200),inplace,CREATE,PASS,PASS,
TC-QA1142,TINYINT -> SMALLINT,inplace,CREATE,PASS,PASS,
TC-QA1144,TINYINT -> MEDIUMINT,inplace,CREATE,PASS,PASS,
TC-QA1146,TINYINT -> INT,inplace,CREATE,PASS,PASS,
TC-QA1148,TINYINT -> BIGINT,inplace,CREATE,PASS,PASS,
TC-QA1150,SMALLINT -> MEDIUMINT,inplace,CREATE,PASS,PASS,
TC-QA1152,SMALLINT -> INT,inplace,CREATE,PASS,PASS,
TC-QA1154,SMALLINT -> BIGINT,inplace,CREATE,PASS,PASS,
TC-QA1156,MEDIUMINT -> INT,inplace,CREATE,PASS,PASS,
TC-QA1158,MEDIUMINT -> BIGINT,inplace,CREATE,PASS,PASS,
TC-QA1160,INT -> BIGINT,inplace,CREATE,PASS,PASS,
TC-QA1162,TINYINT UNSIGNED -> SMALLINT UNSIGNED,inplace,CREATE,PASS,PASS,
TC-QA1164,TINYINT UNSIGNED -> MEDIUMINT UNSIGNED,inplace,CREATE,PASS,PASS,
TC-QA1166,TINYINT UNSIGNED -> INT UNSIGNED,inplace,CREATE,PASS,PASS,
TC-QA1168,TINYINT UNSIGNED -> BIGINT UNSIGNED,inplace,CREATE,PASS,PASS,
TC-QA1170,SMALLINT UNSIGNED -> MEDIUMINT UNSIGNED,inplace,CREATE,PASS,PASS,
TC-QA1172,SMALLINT UNSIGNED -> INT UNSIGNED,inplace,CREATE,PASS,PASS,
TC-QA1174,SMALLINT UNSIGNED -> BIGINT UNSIGNED,inplace,CREATE,PASS,PASS,
TC-QA1176,MEDIUMINT UNSIGNED -> INT UNSIGNED,inplace,CREATE,PASS,PASS,
TC-QA1178,MEDIUMINT UNSIGNED -> BIGINT UNSIGNED,inplace,CREATE,PASS,PASS,
TC-QA1180,INT UNSIGNED -> BIGINT UNSIGNED,inplace,CREATE,PASS,PASS,
TC-PA1181,CHAR(1) -> CHAR(2),inplace,BUILD,BUILD_OR_ALTER_FAIL_EXPECTED,MANUAL,CHECK_MANUALLY
TC-QA1182,CHAR(1) -> CHAR(2),inplace,CREATE,PASS,PASS,
TC-PA1183,CHAR(63) -> CHAR(64),inplace,BUILD,BUILD_OR_ALTER_FAIL_EXPECTED,MANUAL,CHECK_MANUALLY
TC-QA1184,CHAR(63) -> CHAR(64),inplace,CREATE,PASS,PASS,
TC-PA1185,CHAR(254) -> CHAR(255),inplace,BUILD,BUILD_OR_ALTER_FAIL_EXPECTED,MANUAL,CHECK_MANUALLY
TC-QA1186,CHAR(254) -> CHAR(255),inplace,CREATE,PASS,PASS,
TC-PA1187,VARCHAR(1) -> VARCHAR(2),inplace,BUILD,BUILD_OR_ALTER_FAIL_EXPECTED,MANUAL,CHECK_MANUALLY
TC-QA1188,VARCHAR(1) -> VARCHAR(2),inplace,CREATE,PASS,PASS,
TC-PA1189,VARCHAR(254) -> VARCHAR(255),inplace,BUILD,BUILD_OR_ALTER_FAIL_EXPECTED,MANUAL,CHECK_MANUALLY
TC-QA1190,VARCHAR(254) -> VARCHAR(255),inplace,CREATE,PASS,PASS,
TC-PA1191,VARCHAR(255) -> VARCHAR(256),inplace,BUILD,BUILD_OR_ALTER_FAIL_EXPECTED,MANUAL,CHECK_MANUALLY
TC-QA1192,VARCHAR(255) -> VARCHAR(256),inplace,CREATE,PASS,PASS,
TC-PA1193,VARCHAR(85) -> VARCHAR(86),inplace,BUILD,BUILD_OR_ALTER_FAIL_EXPECTED,MANUAL,CHECK_MANUALLY
TC-QA1194,VARCHAR(85) -> VARCHAR(86),inplace,CREATE,PASS,PASS,
TC-PA1195,VARCHAR(63) -> VARCHAR(64),inplace,BUILD,BUILD_OR_ALTER_FAIL_EXPECTED,MANUAL,CHECK_MANUALLY
TC-QA1196,VARCHAR(63) -> VARCHAR(64),inplace,CREATE,PASS,PASS,
TC-PA1197,VARCHAR(64) -> VARCHAR(65),inplace,BUILD,BUILD_OR_ALTER_FAIL_EXPECTED,MANUAL,CHECK_MANUALLY
TC-QA1198,VARCHAR(64) -> VARCHAR(65),inplace,CREATE,PASS,PASS,
TC-PA1199,VARCHAR(100) -> VARCHAR(200),inplace,BUILD,BUILD_OR_ALTER_FAIL_EXPECTED,MANUAL,CHECK_MANUALLY
TC-QA1200,VARCHAR(100) -> VARCHAR(200),inplace,CREATE,PASS,PASS,
TC-QA1202,TINYINT -> SMALLINT,inplace,CREATE,PASS,PASS,
TC-QA1204,TINYINT -> MEDIUMINT,inplace,CREATE,PASS,PASS,
TC-QA1206,TINYINT -> INT,inplace,CREATE,PASS,PASS,
TC-QA1208,TINYINT -> BIGINT,inplace,CREATE,PASS,PASS,
TC-QA1210,SMALLINT -> MEDIUMINT,inplace,CREATE,PASS,PASS,
TC-QA1212,SMALLINT -> INT,inplace,CREATE,PASS,PASS,
TC-QA1214,SMALLINT -> BIGINT,inplace,CREATE,PASS,PASS,
TC-QA1216,MEDIUMINT -> INT,inplace,CREATE,PASS,PASS,
TC-QA1218,MEDIUMINT -> BIGINT,inplace,CREATE,PASS,PASS,
TC-QA1220,INT -> BIGINT,inplace,CREATE,PASS,PASS,
TC-QA1222,TINYINT UNSIGNED -> SMALLINT UNSIGNED,inplace,CREATE,PASS,PASS,
TC-QA1224,TINYINT UNSIGNED -> MEDIUMINT UNSIGNED,inplace,CREATE,PASS,PASS,
TC-QA1226,TINYINT UNSIGNED -> INT UNSIGNED,inplace,CREATE,PASS,PASS,
TC-QA1228,TINYINT UNSIGNED -> BIGINT UNSIGNED,inplace,CREATE,PASS,PASS,
TC-QA1230,SMALLINT UNSIGNED -> MEDIUMINT UNSIGNED,inplace,CREATE,PASS,PASS,
TC-QA1232,SMALLINT UNSIGNED -> INT UNSIGNED,inplace,CREATE,PASS,PASS,
TC-QA1234,SMALLINT UNSIGNED -> BIGINT UNSIGNED,inplace,CREATE,PASS,PASS,
TC-QA1236,MEDIUMINT UNSIGNED -> INT UNSIGNED,inplace,CREATE,PASS,PASS,
TC-QA1238,MEDIUMINT UNSIGNED -> BIGINT UNSIGNED,inplace,CREATE,PASS,PASS,
TC-QA1240,INT UNSIGNED -> BIGINT UNSIGNED,inplace,CREATE,PASS,PASS,
TC-PA1241,CHAR(1) -> CHAR(2),inplace,BUILD,BUILD_OR_ALTER_FAIL_EXPECTED,MANUAL,CHECK_MANUALLY
TC-QA1242,CHAR(1) -> CHAR(2),inplace,CREATE,PASS,PASS,
TC-PA1243,CHAR(63) -> CHAR(64),inplace,BUILD,BUILD_OR_ALTER_FAIL_EXPECTED,MANUAL,CHECK_MANUALLY
TC-QA1244,CHAR(63) -> CHAR(64),inplace,CREATE,PASS,PASS,
TC-PA1245,CHAR(254) -> CHAR(255),inplace,BUILD,BUILD_OR_ALTER_FAIL_EXPECTED,MANUAL,CHECK_MANUALLY
TC-QA1246,CHAR(254) -> CHAR(255),inplace,CREATE,PASS,PASS,
TC-PA1247,VARCHAR(1) -> VARCHAR(2),inplace,BUILD,BUILD_OR_ALTER_FAIL_EXPECTED,MANUAL,CHECK_MANUALLY
TC-QA1248,VARCHAR(1) -> VARCHAR(2),inplace,CREATE,PASS,PASS,
TC-PA1249,VARCHAR(254) -> VARCHAR(255),inplace,BUILD,BUILD_OR_ALTER_FAIL_EXPECTED,MANUAL,CHECK_MANUALLY
TC-QA1250,VARCHAR(254) -> VARCHAR(255),inplace,CREATE,PASS,PASS,
TC-PA1251,VARCHAR(255) -> VARCHAR(256),inplace,BUILD,BUILD_OR_ALTER_FAIL_EXPECTED,MANUAL,CHECK_MANUALLY
TC-QA1252,VARCHAR(255) -> VARCHAR(256),inplace,CREATE,PASS,PASS,
TC-PA1253,VARCHAR(85) -> VARCHAR(86),inplace,BUILD,BUILD_OR_ALTER_FAIL_EXPECTED,MANUAL,CHECK_MANUALLY
TC-QA1254,VARCHAR(85) -> VARCHAR(86),inplace,CREATE,PASS,PASS,
TC-PA1255,VARCHAR(63) -> VARCHAR(64),inplace,BUILD,BUILD_OR_ALTER_FAIL_EXPECTED,MANUAL,CHECK_MANUALLY
TC-QA1256,VARCHAR(63) -> VARCHAR(64),inplace,CREATE,PASS,PASS,
TC-PA1257,VARCHAR(64) -> VARCHAR(65),inplace,BUILD,BUILD_OR_ALTER_FAIL_EXPECTED,MANUAL,CHECK_MANUALLY
TC-QA1258,VARCHAR(64) -> VARCHAR(65),inplace,CREATE,PASS,PASS,
TC-PA1259,VARCHAR(100) -> VARCHAR(200),inplace,BUILD,BUILD_OR_ALTER_FAIL_EXPECTED,MANUAL,CHECK_MANUALLY
TC-QA1260,VARCHAR(100) -> VARCHAR(200),inplace,CREATE,PASS,PASS,
TC-QA1262,TINYINT -> SMALLINT,inplace,CREATE,PASS,PASS,
TC-QA1264,TINYINT -> MEDIUMINT,inplace,CREATE,PASS,PASS,
TC-QA1266,TINYINT -> INT,inplace,CREATE,PASS,PASS,
TC-QA1268,TINYINT -> BIGINT,inplace,CREATE,PASS,PASS,
TC-QA1270,SMALLINT -> MEDIUMINT,inplace,CREATE,PASS,PASS,
TC-QA1272,SMALLINT -> INT,inplace,CREATE,PASS,PASS,
TC-QA1274,SMALLINT -> BIGINT,inplace,CREATE,PASS,PASS,
TC-QA1276,MEDIUMINT -> INT,inplace,CREATE,PASS,PASS,
TC-QA1278,MEDIUMINT -> BIGINT,inplace,CREATE,PASS,PASS,
TC-QA1280,INT -> BIGINT,inplace,CREATE,PASS,PASS,
TC-QA1282,TINYINT UNSIGNED -> SMALLINT UNSIGNED,inplace,CREATE,PASS,PASS,
TC-QA1284,TINYINT UNSIGNED -> MEDIUMINT UNSIGNED,inplace,CREATE,PASS,PASS,
TC-QA1286,TINYINT UNSIGNED -> INT UNSIGNED,inplace,CREATE,PASS,PASS,
TC-QA1288,TINYINT UNSIGNED -> BIGINT UNSIGNED,inplace,CREATE,PASS,PASS,
TC-QA1290,SMALLINT UNSIGNED -> MEDIUMINT UNSIGNED,inplace,CREATE,PASS,PASS,
TC-QA1292,SMALLINT UNSIGNED -> INT UNSIGNED,inplace,CREATE,PASS,PASS,
TC-QA1294,SMALLINT UNSIGNED -> BIGINT UNSIGNED,inplace,CREATE,PASS,PASS,
TC-QA1296,MEDIUMINT UNSIGNED -> INT UNSIGNED,inplace,CREATE,PASS,PASS,
TC-QA1298,MEDIUMINT UNSIGNED -> BIGINT UNSIGNED,inplace,CREATE,PASS,PASS,
TC-QA1300,INT UNSIGNED -> BIGINT UNSIGNED,inplace,CREATE,PASS,PASS,
TC-PA1301,CHAR(1) -> CHAR(2),inplace,BUILD,BUILD_OR_ALTER_FAIL_EXPECTED,MANUAL,CHECK_MANUALLY
TC-QA1302,CHAR(1) -> CHAR(2),inplace,CREATE,PASS,PASS,
TC-PA1303,CHAR(63) -> CHAR(64),inplace,BUILD,BUILD_OR_ALTER_FAIL_EXPECTED,MANUAL,CHECK_MANUALLY
TC-QA1304,CHAR(63) -> CHAR(64),inplace,CREATE,PASS,PASS,
TC-PA1305,CHAR(254) -> CHAR(255),inplace,BUILD,BUILD_OR_ALTER_FAIL_EXPECTED,MANUAL,CHECK_MANUALLY
TC-QA1306,CHAR(254) -> CHAR(255),inplace,CREATE,PASS,PASS,
TC-PA1307,VARCHAR(1) -> VARCHAR(2),inplace,BUILD,BUILD_OR_ALTER_FAIL_EXPECTED,MANUAL,CHECK_MANUALLY
TC-QA1308,VARCHAR(1) -> VARCHAR(2),inplace,CREATE,PASS,PASS,
TC-PA1309,VARCHAR(254) -> VARCHAR(255),inplace,BUILD,BUILD_OR_ALTER_FAIL_EXPECTED,MANUAL,CHECK_MANUALLY
TC-QA1310,VARCHAR(254) -> VARCHAR(255),inplace,CREATE,PASS,PASS,
TC-PA1311,VARCHAR(255) -> VARCHAR(256),inplace,BUILD,BUILD_OR_ALTER_FAIL_EXPECTED,MANUAL,CHECK_MANUALLY
TC-QA1312,VARCHAR(255) -> VARCHAR(256),inplace,CREATE,PASS,PASS,
TC-PA1313,VARCHAR(85) -> VARCHAR(86),inplace,BUILD,BUILD_OR_ALTER_FAIL_EXPECTED,MANUAL,CHECK_MANUALLY
TC-QA1314,VARCHAR(85) -> VARCHAR(86),inplace,CREATE,PASS,PASS,
TC-PA1315,VARCHAR(63) -> VARCHAR(64),inplace,BUILD,BUILD_OR_ALTER_FAIL_EXPECTED,MANUAL,CHECK_MANUALLY
TC-QA1316,VARCHAR(63) -> VARCHAR(64),inplace,CREATE,PASS,PASS,
TC-PA1317,VARCHAR(64) -> VARCHAR(65),inplace,BUILD,BUILD_OR_ALTER_FAIL_EXPECTED,MANUAL,CHECK_MANUALLY
TC-QA1318,VARCHAR(64) -> VARCHAR(65),inplace,CREATE,PASS,PASS,
TC-PA1319,VARCHAR(100) -> VARCHAR(200),inplace,BUILD,BUILD_OR_ALTER_FAIL_EXPECTED,MANUAL,CHECK_MANUALLY
TC-QA1320,VARCHAR(100) -> VARCHAR(200),inplace,CREATE,PASS,PASS,
TC-QA1322,TINYINT -> SMALLINT,inplace,CREATE,PASS,PASS,
TC-QA1324,TINYINT -> MEDIUMINT,inplace,CREATE,PASS,PASS,
TC-QA1326,TINYINT -> INT,inplace,CREATE,PASS,PASS,
TC-QA1328,TINYINT -> BIGINT,inplace,CREATE,PASS,PASS,
TC-QA1330,SMALLINT -> MEDIUMINT,inplace,CREATE,PASS,PASS,
TC-QA1332,SMALLINT -> INT,inplace,CREATE,PASS,PASS,
TC-QA1334,SMALLINT -> BIGINT,inplace,CREATE,PASS,PASS,
TC-QA1336,MEDIUMINT -> INT,inplace,CREATE,PASS,PASS,
TC-QA1338,MEDIUMINT -> BIGINT,inplace,CREATE,PASS,PASS,
TC-QA1340,INT -> BIGINT,inplace,CREATE,PASS,PASS,
TC-QA1342,TINYINT UNSIGNED -> SMALLINT UNSIGNED,inplace,CREATE,PASS,PASS,
TC-QA1344,TINYINT UNSIGNED -> MEDIUMINT UNSIGNED,inplace,CREATE,PASS,PASS,
TC-QA1346,TINYINT UNSIGNED -> INT UNSIGNED,inplace,CREATE,PASS,PASS,
TC-QA1348,TINYINT UNSIGNED -> BIGINT UNSIGNED,inplace,CREATE,PASS,PASS,
TC-QA1350,SMALLINT UNSIGNED -> MEDIUMINT UNSIGNED,inplace,CREATE,PASS,PASS,
TC-QA1352,SMALLINT UNSIGNED -> INT UNSIGNED,inplace,CREATE,PASS,PASS,
TC-QA1354,SMALLINT UNSIGNED -> BIGINT UNSIGNED,inplace,CREATE,PASS,PASS,
TC-QA1356,MEDIUMINT UNSIGNED -> INT UNSIGNED,inplace,CREATE,PASS,PASS,
TC-QA1358,MEDIUMINT UNSIGNED -> BIGINT UNSIGNED,inplace,CREATE,PASS,PASS,
TC-QA1360,INT UNSIGNED -> BIGINT UNSIGNED,inplace,CREATE,PASS,PASS,
TC-PA1361,CHAR(1) -> CHAR(2),inplace,BUILD,BUILD_OR_ALTER_FAIL_EXPECTED,MANUAL,CHECK_MANUALLY
TC-QA1362,CHAR(1) -> CHAR(2),inplace,CREATE,PASS,PASS,
TC-PA1363,CHAR(63) -> CHAR(64),inplace,BUILD,BUILD_OR_ALTER_FAIL_EXPECTED,MANUAL,CHECK_MANUALLY
TC-QA1364,CHAR(63) -> CHAR(64),inplace,CREATE,PASS,PASS,
TC-PA1365,CHAR(254) -> CHAR(255),inplace,BUILD,BUILD_OR_ALTER_FAIL_EXPECTED,MANUAL,CHECK_MANUALLY
TC-QA1366,CHAR(254) -> CHAR(255),inplace,CREATE,PASS,PASS,
TC-PA1367,VARCHAR(1) -> VARCHAR(2),inplace,BUILD,BUILD_OR_ALTER_FAIL_EXPECTED,MANUAL,CHECK_MANUALLY
TC-QA1368,VARCHAR(1) -> VARCHAR(2),inplace,CREATE,PASS,PASS,
TC-PA1369,VARCHAR(254) -> VARCHAR(255),inplace,BUILD,BUILD_OR_ALTER_FAIL_EXPECTED,MANUAL,CHECK_MANUALLY
TC-QA1370,VARCHAR(254) -> VARCHAR(255),inplace,CREATE,PASS,PASS,
TC-PA1371,VARCHAR(255) -> VARCHAR(256),inplace,BUILD,BUILD_OR_ALTER_FAIL_EXPECTED,MANUAL,CHECK_MANUALLY
TC-QA1372,VARCHAR(255) -> VARCHAR(256),inplace,CREATE,PASS,PASS,
TC-PA1373,VARCHAR(85) -> VARCHAR(86),inplace,BUILD,BUILD_OR_ALTER_FAIL_EXPECTED,MANUAL,CHECK_MANUALLY
TC-QA1374,VARCHAR(85) -> VARCHAR(86),inplace,CREATE,PASS,PASS,
TC-PA1375,VARCHAR(63) -> VARCHAR(64),inplace,BUILD,BUILD_OR_ALTER_FAIL_EXPECTED,MANUAL,CHECK_MANUALLY
TC-QA1376,VARCHAR(63) -> VARCHAR(64),inplace,CREATE,PASS,PASS,
TC-PA1377,VARCHAR(64) -> VARCHAR(65),inplace,BUILD,BUILD_OR_ALTER_FAIL_EXPECTED,MANUAL,CHECK_MANUALLY
TC-QA1378,VARCHAR(64) -> VARCHAR(65),inplace,CREATE,PASS,PASS,
TC-PA1379,VARCHAR(100) -> VARCHAR(200),inplace,BUILD,BUILD_OR_ALTER_FAIL_EXPECTED,MANUAL,CHECK_MANUALLY
TC-QA1380,VARCHAR(100) -> VARCHAR(200),inplace,CREATE,PASS,PASS,
TC-QA1382,TINYINT -> SMALLINT,inplace,CREATE,PASS,PASS,
TC-QA1384,TINYINT -> MEDIUMINT,inplace,CREATE,PASS,PASS,
TC-QA1386,TINYINT -> INT,inplace,CREATE,PASS,PASS,
TC-QA1388,TINYINT -> BIGINT,inplace,CREATE,PASS,PASS,
TC-QA1390,SMALLINT -> MEDIUMINT,inplace,CREATE,PASS,PASS,
TC-QA1392,SMALLINT -> INT,inplace,CREATE,PASS,PASS,
TC-QA1394,SMALLINT -> BIGINT,inplace,CREATE,PASS,PASS,
TC-QA1396,MEDIUMINT -> INT,inplace,CREATE,PASS,PASS,
TC-QA1398,MEDIUMINT -> BIGINT,inplace,CREATE,PASS,PASS,
TC-QA1400,INT -> BIGINT,inplace,CREATE,PASS,PASS,
TC-QA1402,TINYINT UNSIGNED -> SMALLINT UNSIGNED,inplace,CREATE,PASS,PASS,
TC-QA1404,TINYINT UNSIGNED -> MEDIUMINT UNSIGNED,inplace,CREATE,PASS,PASS,
TC-QA1406,TINYINT UNSIGNED -> INT UNSIGNED,inplace,CREATE,PASS,PASS,
TC-QA1408,TINYINT UNSIGNED -> BIGINT UNSIGNED,inplace,CREATE,PASS,PASS,
TC-QA1410,SMALLINT UNSIGNED -> MEDIUMINT UNSIGNED,inplace,CREATE,PASS,PASS,
TC-QA1412,SMALLINT UNSIGNED -> INT UNSIGNED,inplace,CREATE,PASS,PASS,
TC-QA1414,SMALLINT UNSIGNED -> BIGINT UNSIGNED,inplace,CREATE,PASS,PASS,
TC-QA1416,MEDIUMINT UNSIGNED -> INT UNSIGNED,inplace,CREATE,PASS,PASS,
TC-QA1418,MEDIUMINT UNSIGNED -> BIGINT UNSIGNED,inplace,CREATE,PASS,PASS,
TC-QA1420,INT UNSIGNED -> BIGINT UNSIGNED,inplace,CREATE,PASS,PASS,
TC-PA1421,CHAR(1) -> CHAR(2),inplace,BUILD,BUILD_OR_ALTER_FAIL_EXPECTED,MANUAL,CHECK_MANUALLY
TC-QA1422,CHAR(1) -> CHAR(2),inplace,CREATE,PASS,PASS,
TC-PA1423,CHAR(63) -> CHAR(64),inplace,BUILD,BUILD_OR_ALTER_FAIL_EXPECTED,MANUAL,CHECK_MANUALLY
TC-QA1424,CHAR(63) -> CHAR(64),inplace,CREATE,PASS,PASS,
TC-PA1425,CHAR(254) -> CHAR(255),inplace,BUILD,BUILD_OR_ALTER_FAIL_EXPECTED,MANUAL,CHECK_MANUALLY
TC-QA1426,CHAR(254) -> CHAR(255),inplace,CREATE,PASS,PASS,
TC-PA1427,VARCHAR(1) -> VARCHAR(2),inplace,BUILD,BUILD_OR_ALTER_FAIL_EXPECTED,MANUAL,CHECK_MANUALLY
TC-QA1428,VARCHAR(1) -> VARCHAR(2),inplace,CREATE,PASS,PASS,
TC-PA1429,VARCHAR(254) -> VARCHAR(255),inplace,BUILD,BUILD_OR_ALTER_FAIL_EXPECTED,MANUAL,CHECK_MANUALLY
TC-QA1430,VARCHAR(254) -> VARCHAR(255),inplace,CREATE,PASS,PASS,
TC-PA1431,VARCHAR(255) -> VARCHAR(256),inplace,BUILD,BUILD_OR_ALTER_FAIL_EXPECTED,MANUAL,CHECK_MANUALLY
TC-QA1432,VARCHAR(255) -> VARCHAR(256),inplace,CREATE,PASS,PASS,
TC-PA1433,VARCHAR(85) -> VARCHAR(86),inplace,BUILD,BUILD_OR_ALTER_FAIL_EXPECTED,MANUAL,CHECK_MANUALLY
TC-QA1434,VARCHAR(85) -> VARCHAR(86),inplace,CREATE,PASS,PASS,
TC-PA1435,VARCHAR(63) -> VARCHAR(64),inplace,BUILD,BUILD_OR_ALTER_FAIL_EXPECTED,MANUAL,CHECK_MANUALLY
TC-QA1436,VARCHAR(63) -> VARCHAR(64),inplace,CREATE,PASS,PASS,
TC-PA1437,VARCHAR(64) -> VARCHAR(65),inplace,BUILD,BUILD_OR_ALTER_FAIL_EXPECTED,MANUAL,CHECK_MANUALLY
TC-QA1438,VARCHAR(64) -> VARCHAR(65),inplace,CREATE,PASS,PASS,
TC-PA1439,VARCHAR(100) -> VARCHAR(200),inplace,BUILD,BUILD_OR_ALTER_FAIL_EXPECTED,MANUAL,CHECK_MANUALLY
TC-QA1440,VARCHAR(100) -> VARCHAR(200),inplace,CREATE,PASS,PASS,
TC-QA1442,TINYINT -> SMALLINT,inplace,CREATE,PASS,PASS,
TC-QA1444,TINYINT -> MEDIUMINT,inplace,CREATE,PASS,PASS,
TC-QA1446,TINYINT -> INT,inplace,CREATE,PASS,PASS,
TC-QA1448,TINYINT -> BIGINT,inplace,CREATE,PASS,PASS,
TC-QA1450,SMALLINT -> MEDIUMINT,inplace,CREATE,PASS,PASS,
TC-QA1452,SMALLINT -> INT,inplace,CREATE,PASS,PASS,
TC-QA1454,SMALLINT -> BIGINT,inplace,CREATE,PASS,PASS,
TC-QA1456,MEDIUMINT -> INT,inplace,CREATE,PASS,PASS,
TC-QA1458,MEDIUMINT -> BIGINT,inplace,CREATE,PASS,PASS,
TC-QA1460,INT -> BIGINT,inplace,CREATE,PASS,PASS,
TC-QA1462,TINYINT UNSIGNED -> SMALLINT UNSIGNED,inplace,CREATE,PASS,PASS,
TC-QA1464,TINYINT UNSIGNED -> MEDIUMINT UNSIGNED,inplace,CREATE,PASS,PASS,
TC-QA1466,TINYINT UNSIGNED -> INT UNSIGNED,inplace,CREATE,PASS,PASS,
TC-QA1468,TINYINT UNSIGNED -> BIGINT UNSIGNED,inplace,CREATE,PASS,PASS,
TC-QA1470,SMALLINT UNSIGNED -> MEDIUMINT UNSIGNED,inplace,CREATE,PASS,PASS,
TC-QA1472,SMALLINT UNSIGNED -> INT UNSIGNED,inplace,CREATE,PASS,PASS,
TC-QA1474,SMALLINT UNSIGNED -> BIGINT UNSIGNED,inplace,CREATE,PASS,PASS,
TC-QA1476,MEDIUMINT UNSIGNED -> INT UNSIGNED,inplace,CREATE,PASS,PASS,
TC-QA1478,MEDIUMINT UNSIGNED -> BIGINT UNSIGNED,inplace,CREATE,PASS,PASS,
TC-QA1480,INT UNSIGNED -> BIGINT UNSIGNED,inplace,CREATE,PASS,PASS,
TC-QA1482,CHAR(1) -> CHAR(2),inplace,CREATE,PASS,PASS,
TC-QA1484,CHAR(63) -> CHAR(64),inplace,CREATE,PASS,PASS,
TC-QA1486,CHAR(254) -> CHAR(255),inplace,CREATE,PASS,PASS,
TC-QA1488,VARCHAR(1) -> VARCHAR(2),inplace,CREATE,PASS,PASS,
TC-QA1490,VARCHAR(254) -> VARCHAR(255),inplace,CREATE,PASS,PASS,
TC-QA1492,VARCHAR(255) -> VARCHAR(256),inplace,CREATE,PASS,PASS,
TC-QA1494,VARCHAR(85) -> VARCHAR(86),inplace,CREATE,PASS,PASS,
TC-QA1496,VARCHAR(63) -> VARCHAR(64),inplace,CREATE,PASS,PASS,
TC-QA1498,VARCHAR(64) -> VARCHAR(65),inplace,CREATE,PASS,PASS,
TC-QA1500,VARCHAR(100) -> VARCHAR(200),inplace,CREATE,PASS,PASS,
TC-QA1502,TINYINT -> SMALLINT,inplace,CREATE,PASS,PASS,
TC-QA1504,TINYINT -> MEDIUMINT,inplace,CREATE,PASS,PASS,
TC-QA1506,TINYINT -> INT,inplace,CREATE,PASS,PASS,
TC-QA1508,TINYINT -> BIGINT,inplace,CREATE,PASS,PASS,
TC-QA1510,SMALLINT -> MEDIUMINT,inplace,CREATE,PASS,PASS,
TC-QA1512,SMALLINT -> INT,inplace,CREATE,PASS,PASS,
TC-QA1514,SMALLINT -> BIGINT,inplace,CREATE,PASS,PASS,
TC-QA1516,MEDIUMINT -> INT,inplace,CREATE,PASS,PASS,
TC-QA1518,MEDIUMINT -> BIGINT,inplace,CREATE,PASS,PASS,
TC-QA1520,INT -> BIGINT,inplace,CREATE,PASS,PASS,
TC-QA1522,TINYINT UNSIGNED -> SMALLINT UNSIGNED,inplace,CREATE,PASS,PASS,
TC-QA1524,TINYINT UNSIGNED -> MEDIUMINT UNSIGNED,inplace,CREATE,PASS,PASS,
TC-QA1526,TINYINT UNSIGNED -> INT UNSIGNED,inplace,CREATE,PASS,PASS,
TC-QA1528,TINYINT UNSIGNED -> BIGINT UNSIGNED,inplace,CREATE,PASS,PASS,
TC-QA1530,SMALLINT UNSIGNED -> MEDIUMINT UNSIGNED,inplace,CREATE,PASS,PASS,
TC-QA1532,SMALLINT UNSIGNED -> INT UNSIGNED,inplace,CREATE,PASS,PASS,
TC-QA1534,SMALLINT UNSIGNED -> BIGINT UNSIGNED,inplace,CREATE,PASS,PASS,
TC-QA1536,MEDIUMINT UNSIGNED -> INT UNSIGNED,inplace,CREATE,PASS,PASS,
TC-QA1538,MEDIUMINT UNSIGNED -> BIGINT UNSIGNED,inplace,CREATE,PASS,PASS,
TC-QA1540,INT UNSIGNED -> BIGINT UNSIGNED,inplace,CREATE,PASS,PASS,
TC-QA1542,CHAR(1) -> CHAR(2),inplace,CREATE,PASS,PASS,
TC-QA1544,CHAR(63) -> CHAR(64),inplace,CREATE,PASS,PASS,
TC-QA1546,CHAR(254) -> CHAR(255),inplace,CREATE,PASS,PASS,
TC-QA1548,VARCHAR(1) -> VARCHAR(2),inplace,CREATE,PASS,PASS,
TC-QA1550,VARCHAR(254) -> VARCHAR(255),inplace,CREATE,PASS,PASS,
TC-QA1552,VARCHAR(255) -> VARCHAR(256),inplace,CREATE,PASS,PASS,
TC-QA1554,VARCHAR(85) -> VARCHAR(86),inplace,CREATE,PASS,PASS,
TC-QA1556,VARCHAR(63) -> VARCHAR(64),inplace,CREATE,PASS,PASS,
TC-QA1558,VARCHAR(64) -> VARCHAR(65),inplace,CREATE,PASS,PASS,
TC-QA1560,VARCHAR(100) -> VARCHAR(200),inplace,CREATE,PASS,PASS,
TC-QA1562,TINYINT -> SMALLINT,inplace,CREATE,PASS,PASS,
TC-QA1564,TINYINT -> MEDIUMINT,inplace,CREATE,PASS,PASS,
TC-QA1566,TINYINT -> INT,inplace,CREATE,PASS,PASS,
TC-QA1568,TINYINT -> BIGINT,inplace,CREATE,PASS,PASS,
TC-QA1570,SMALLINT -> MEDIUMINT,inplace,CREATE,PASS,PASS,
TC-QA1572,SMALLINT -> INT,inplace,CREATE,PASS,PASS,
TC-QA1574,SMALLINT -> BIGINT,inplace,CREATE,PASS,PASS,
TC-QA1576,MEDIUMINT -> INT,inplace,CREATE,PASS,PASS,
TC-QA1578,MEDIUMINT -> BIGINT,inplace,CREATE,PASS,PASS,
TC-QA1580,INT -> BIGINT,inplace,CREATE,PASS,PASS,
TC-QA1582,TINYINT UNSIGNED -> SMALLINT UNSIGNED,inplace,CREATE,PASS,PASS,
TC-QA1584,TINYINT UNSIGNED -> MEDIUMINT UNSIGNED,inplace,CREATE,PASS,PASS,
TC-QA1586,TINYINT UNSIGNED -> INT UNSIGNED,inplace,CREATE,PASS,PASS,
TC-QA1588,TINYINT UNSIGNED -> BIGINT UNSIGNED,inplace,CREATE,PASS,PASS,
TC-QA1590,SMALLINT UNSIGNED -> MEDIUMINT UNSIGNED,inplace,CREATE,PASS,PASS,
TC-QA1592,SMALLINT UNSIGNED -> INT UNSIGNED,inplace,CREATE,PASS,PASS,
TC-QA1594,SMALLINT UNSIGNED -> BIGINT UNSIGNED,inplace,CREATE,PASS,PASS,
TC-QA1596,MEDIUMINT UNSIGNED -> INT UNSIGNED,inplace,CREATE,PASS,PASS,
TC-QA1598,MEDIUMINT UNSIGNED -> BIGINT UNSIGNED,inplace,CREATE,PASS,PASS,
TC-QA1600,INT UNSIGNED -> BIGINT UNSIGNED,inplace,CREATE,PASS,PASS,
TC-QA1602,CHAR(1) -> CHAR(2),inplace,CREATE,PASS,PASS,
TC-QA1604,CHAR(63) -> CHAR(64),inplace,CREATE,PASS,PASS,
TC-QA1606,CHAR(254) -> CHAR(255),inplace,CREATE,PASS,PASS,
TC-QA1608,VARCHAR(1) -> VARCHAR(2),inplace,CREATE,PASS,PASS,
TC-QA1610,VARCHAR(254) -> VARCHAR(255),inplace,CREATE,PASS,PASS,
TC-QA1612,VARCHAR(255) -> VARCHAR(256),inplace,CREATE,PASS,PASS,
TC-QA1614,VARCHAR(85) -> VARCHAR(86),inplace,CREATE,PASS,PASS,
TC-QA1616,VARCHAR(63) -> VARCHAR(64),inplace,CREATE,PASS,PASS,
TC-QA1618,VARCHAR(64) -> VARCHAR(65),inplace,CREATE,PASS,PASS,
TC-QA1620,VARCHAR(100) -> VARCHAR(200),inplace,CREATE,PASS,PASS,
TC-QA1622,TINYINT -> SMALLINT,inplace,CREATE,PASS,PASS,
TC-QA1624,TINYINT -> MEDIUMINT,inplace,CREATE,PASS,PASS,
TC-QA1626,TINYINT -> INT,inplace,CREATE,PASS,PASS,
TC-QA1628,TINYINT -> BIGINT,inplace,CREATE,PASS,PASS,
TC-QA1630,SMALLINT -> MEDIUMINT,inplace,CREATE,PASS,PASS,
TC-QA1632,SMALLINT -> INT,inplace,CREATE,PASS,PASS,
TC-QA1634,SMALLINT -> BIGINT,inplace,CREATE,PASS,PASS,
TC-QA1636,MEDIUMINT -> INT,inplace,CREATE,PASS,PASS,
TC-QA1638,MEDIUMINT -> BIGINT,inplace,CREATE,PASS,PASS,
TC-QA1640,INT -> BIGINT,inplace,CREATE,PASS,PASS,
TC-QA1642,TINYINT UNSIGNED -> SMALLINT UNSIGNED,inplace,CREATE,PASS,PASS,
TC-QA1644,TINYINT UNSIGNED -> MEDIUMINT UNSIGNED,inplace,CREATE,PASS,PASS,
TC-QA1646,TINYINT UNSIGNED -> INT UNSIGNED,inplace,CREATE,PASS,PASS,
TC-QA1648,TINYINT UNSIGNED -> BIGINT UNSIGNED,inplace,CREATE,PASS,PASS,
TC-QA1650,SMALLINT UNSIGNED -> MEDIUMINT UNSIGNED,inplace,CREATE,PASS,PASS,
TC-QA1652,SMALLINT UNSIGNED -> INT UNSIGNED,inplace,CREATE,PASS,PASS,
TC-QA1654,SMALLINT UNSIGNED -> BIGINT UNSIGNED,inplace,CREATE,PASS,PASS,
TC-QA1656,MEDIUMINT UNSIGNED -> INT UNSIGNED,inplace,CREATE,PASS,PASS,
TC-QA1658,MEDIUMINT UNSIGNED -> BIGINT UNSIGNED,inplace,CREATE,PASS,PASS,
TC-QA1660,INT UNSIGNED -> BIGINT UNSIGNED,inplace,CREATE,PASS,PASS,
TC-QA1662,CHAR(1) -> CHAR(2),inplace,CREATE,PASS,PASS,
TC-QA1664,CHAR(63) -> CHAR(64),inplace,CREATE,PASS,PASS,
TC-QA1666,CHAR(254) -> CHAR(255),inplace,CREATE,PASS,PASS,
TC-QA1668,VARCHAR(1) -> VARCHAR(2),inplace,CREATE,PASS,PASS,
TC-QA1670,VARCHAR(254) -> VARCHAR(255),inplace,CREATE,PASS,PASS,
TC-QA1672,VARCHAR(255) -> VARCHAR(256),inplace,CREATE,PASS,PASS,
TC-QA1674,VARCHAR(85) -> VARCHAR(86),inplace,CREATE,PASS,PASS,
TC-QA1676,VARCHAR(63) -> VARCHAR(64),inplace,CREATE,PASS,PASS,
TC-QA1678,VARCHAR(64) -> VARCHAR(65),inplace,CREATE,PASS,PASS,
TC-QA1680,VARCHAR(100) -> VARCHAR(200),inplace,CREATE,PASS,PASS,
TC-QA1682,TINYINT -> SMALLINT,inplace,CREATE,PASS,PASS,
TC-QA1684,TINYINT -> MEDIUMINT,inplace,CREATE,PASS,PASS,
TC-QA1686,TINYINT -> INT,inplace,CREATE,PASS,PASS,
TC-QA1688,TINYINT -> BIGINT,inplace,CREATE,PASS,PASS,
TC-QA1690,SMALLINT -> MEDIUMINT,inplace,CREATE,PASS,PASS,
TC-QA1692,SMALLINT -> INT,inplace,CREATE,PASS,PASS,
TC-QA1694,SMALLINT -> BIGINT,inplace,CREATE,PASS,PASS,
TC-QA1696,MEDIUMINT -> INT,inplace,CREATE,PASS,PASS,
TC-QA1698,MEDIUMINT -> BIGINT,inplace,CREATE,PASS,PASS,
TC-QA1700,INT -> BIGINT,inplace,CREATE,PASS,PASS,
TC-QA1702,TINYINT UNSIGNED -> SMALLINT UNSIGNED,inplace,CREATE,PASS,PASS,
TC-QA1704,TINYINT UNSIGNED -> MEDIUMINT UNSIGNED,inplace,CREATE,PASS,PASS,
TC-QA1706,TINYINT UNSIGNED -> INT UNSIGNED,inplace,CREATE,PASS,PASS,
TC-QA1708,TINYINT UNSIGNED -> BIGINT UNSIGNED,inplace,CREATE,PASS,PASS,
TC-QA1710,SMALLINT UNSIGNED -> MEDIUMINT UNSIGNED,inplace,CREATE,PASS,PASS,
TC-QA1712,SMALLINT UNSIGNED -> INT UNSIGNED,inplace,CREATE,PASS,PASS,
TC-QA1714,SMALLINT UNSIGNED -> BIGINT UNSIGNED,inplace,CREATE,PASS,PASS,
TC-QA1716,MEDIUMINT UNSIGNED -> INT UNSIGNED,inplace,CREATE,PASS,PASS,
TC-QA1718,MEDIUMINT UNSIGNED -> BIGINT UNSIGNED,inplace,CREATE,PASS,PASS,
TC-QA1720,INT UNSIGNED -> BIGINT UNSIGNED,inplace,CREATE,PASS,PASS,
TC-QA1722,CHAR(1) -> CHAR(2),inplace,CREATE,PASS,PASS,
TC-QA1724,CHAR(63) -> CHAR(64),inplace,CREATE,PASS,PASS,
TC-QA1726,CHAR(254) -> CHAR(255),inplace,CREATE,PASS,PASS,
TC-QA1728,VARCHAR(1) -> VARCHAR(2),inplace,CREATE,PASS,PASS,
TC-QA1730,VARCHAR(254) -> VARCHAR(255),inplace,CREATE,PASS,PASS,
TC-QA1732,VARCHAR(255) -> VARCHAR(256),inplace,CREATE,PASS,PASS,
TC-QA1734,VARCHAR(85) -> VARCHAR(86),inplace,CREATE,PASS,PASS,
TC-QA1736,VARCHAR(63) -> VARCHAR(64),inplace,CREATE,PASS,PASS,
TC-QA1738,VARCHAR(64) -> VARCHAR(65),inplace,CREATE,PASS,PASS,
TC-QA1740,VARCHAR(100) -> VARCHAR(200),inplace,CREATE,PASS,PASS,
TC-QA1742,TINYINT -> SMALLINT,inplace,CREATE,PASS,PASS,
TC-QA1744,TINYINT -> MEDIUMINT,inplace,CREATE,PASS,PASS,
TC-QA1746,TINYINT -> INT,inplace,CREATE,PASS,PASS,
TC-QA1748,TINYINT -> BIGINT,inplace,CREATE,PASS,PASS,
TC-QA1750,SMALLINT -> MEDIUMINT,inplace,CREATE,PASS,PASS,
TC-QA1752,SMALLINT -> INT,inplace,CREATE,PASS,PASS,
TC-QA1754,SMALLINT -> BIGINT,inplace,CREATE,PASS,PASS,
TC-QA1756,MEDIUMINT -> INT,inplace,CREATE,PASS,PASS,
TC-QA1758,MEDIUMINT -> BIGINT,inplace,CREATE,PASS,PASS,
TC-QA1760,INT -> BIGINT,inplace,CREATE,PASS,PASS,
TC-QA1762,TINYINT UNSIGNED -> SMALLINT UNSIGNED,inplace,CREATE,PASS,PASS,
TC-QA1764,TINYINT UNSIGNED -> MEDIUMINT UNSIGNED,inplace,CREATE,PASS,PASS,
TC-QA1766,TINYINT UNSIGNED -> INT UNSIGNED,inplace,CREATE,PASS,PASS,
TC-QA1768,TINYINT UNSIGNED -> BIGINT UNSIGNED,inplace,CREATE,PASS,PASS,
TC-QA1770,SMALLINT UNSIGNED -> MEDIUMINT UNSIGNED,inplace,CREATE,PASS,PASS,
TC-QA1772,SMALLINT UNSIGNED -> INT UNSIGNED,inplace,CREATE,PASS,PASS,
TC-QA1774,SMALLINT UNSIGNED -> BIGINT UNSIGNED,inplace,CREATE,PASS,PASS,
TC-QA1776,MEDIUMINT UNSIGNED -> INT UNSIGNED,inplace,CREATE,PASS,PASS,
TC-QA1778,MEDIUMINT UNSIGNED -> BIGINT UNSIGNED,inplace,CREATE,PASS,PASS,
TC-QA1780,INT UNSIGNED -> BIGINT UNSIGNED,inplace,CREATE,PASS,PASS,
TC-QA1782,CHAR(1) -> CHAR(2),inplace,CREATE,PASS,PASS,
TC-QA1784,CHAR(63) -> CHAR(64),inplace,CREATE,PASS,PASS,
TC-QA1786,CHAR(254) -> CHAR(255),inplace,CREATE,PASS,PASS,
TC-QA1788,VARCHAR(1) -> VARCHAR(2),inplace,CREATE,PASS,PASS,
TC-QA1790,VARCHAR(254) -> VARCHAR(255),inplace,CREATE,PASS,PASS,
TC-QA1792,VARCHAR(255) -> VARCHAR(256),inplace,CREATE,PASS,PASS,
TC-QA1794,VARCHAR(85) -> VARCHAR(86),inplace,CREATE,PASS,PASS,
TC-QA1796,VARCHAR(63) -> VARCHAR(64),inplace,CREATE,PASS,PASS,
TC-QA1798,VARCHAR(64) -> VARCHAR(65),inplace,CREATE,PASS,PASS,
TC-QA1800,VARCHAR(100) -> VARCHAR(200),inplace,CREATE,PASS,PASS,
TC-QA1802,TINYINT -> SMALLINT,inplace,CREATE,PASS,PASS,
TC-QA1804,TINYINT -> MEDIUMINT,inplace,CREATE,PASS,PASS,
TC-QA1806,TINYINT -> INT,inplace,CREATE,PASS,PASS,
TC-QA1808,TINYINT -> BIGINT,inplace,CREATE,PASS,PASS,
TC-QA1810,SMALLINT -> MEDIUMINT,inplace,CREATE,PASS,PASS,
TC-QA1812,SMALLINT -> INT,inplace,CREATE,PASS,PASS,
TC-QA1814,SMALLINT -> BIGINT,inplace,CREATE,PASS,PASS,
TC-QA1816,MEDIUMINT -> INT,inplace,CREATE,PASS,PASS,
TC-QA1818,MEDIUMINT -> BIGINT,inplace,CREATE,PASS,PASS,
TC-QA1820,INT -> BIGINT,inplace,CREATE,PASS,PASS,
TC-QA1822,TINYINT UNSIGNED -> SMALLINT UNSIGNED,inplace,CREATE,PASS,PASS,
TC-QA1824,TINYINT UNSIGNED -> MEDIUMINT UNSIGNED,inplace,CREATE,PASS,PASS,
TC-QA1826,TINYINT UNSIGNED -> INT UNSIGNED,inplace,CREATE,PASS,PASS,
TC-QA1828,TINYINT UNSIGNED -> BIGINT UNSIGNED,inplace,CREATE,PASS,PASS,
TC-QA1830,SMALLINT UNSIGNED -> MEDIUMINT UNSIGNED,inplace,CREATE,PASS,PASS,
TC-QA1832,SMALLINT UNSIGNED -> INT UNSIGNED,inplace,CREATE,PASS,PASS,
TC-QA1834,SMALLINT UNSIGNED -> BIGINT UNSIGNED,inplace,CREATE,PASS,PASS,
TC-QA1836,MEDIUMINT UNSIGNED -> INT UNSIGNED,inplace,CREATE,PASS,PASS,
TC-QA1838,MEDIUMINT UNSIGNED -> BIGINT UNSIGNED,inplace,CREATE,PASS,PASS,
TC-QA1840,INT UNSIGNED -> BIGINT UNSIGNED,inplace,CREATE,PASS,PASS,
TC-QA1842,CHAR(1) -> CHAR(2),inplace,CREATE,PASS,PASS,
TC-QA1844,CHAR(63) -> CHAR(64),inplace,CREATE,PASS,PASS,
TC-QA1846,CHAR(254) -> CHAR(255),inplace,CREATE,PASS,PASS,
TC-QA1848,VARCHAR(1) -> VARCHAR(2),inplace,CREATE,PASS,PASS,
TC-QA1850,VARCHAR(254) -> VARCHAR(255),inplace,CREATE,PASS,PASS,
TC-QA1852,VARCHAR(255) -> VARCHAR(256),inplace,CREATE,PASS,PASS,
TC-QA1854,VARCHAR(85) -> VARCHAR(86),inplace,CREATE,PASS,PASS,
TC-QA1856,VARCHAR(63) -> VARCHAR(64),inplace,CREATE,PASS,PASS,
TC-QA1858,VARCHAR(64) -> VARCHAR(65),inplace,CREATE,PASS,PASS,
TC-QA1860,VARCHAR(100) -> VARCHAR(200),inplace,CREATE,PASS,PASS,
TC-QA1862,TINYINT -> SMALLINT,inplace,CREATE,PASS,PASS,
TC-QA1864,TINYINT -> MEDIUMINT,inplace,CREATE,PASS,PASS,
TC-QA1866,TINYINT -> INT,inplace,CREATE,PASS,PASS,
TC-QA1868,TINYINT -> BIGINT,inplace,CREATE,PASS,PASS,
TC-QA1870,SMALLINT -> MEDIUMINT,inplace,CREATE,PASS,PASS,
TC-QA1872,SMALLINT -> INT,inplace,CREATE,PASS,PASS,
TC-QA1874,SMALLINT -> BIGINT,inplace,CREATE,PASS,PASS,
TC-QA1876,MEDIUMINT -> INT,inplace,CREATE,PASS,PASS,
TC-QA1878,MEDIUMINT -> BIGINT,inplace,CREATE,PASS,PASS,
TC-QA1880,INT -> BIGINT,inplace,CREATE,PASS,PASS,
TC-QA1882,TINYINT UNSIGNED -> SMALLINT UNSIGNED,inplace,CREATE,PASS,PASS,
TC-QA1884,TINYINT UNSIGNED -> MEDIUMINT UNSIGNED,inplace,CREATE,PASS,PASS,
TC-QA1886,TINYINT UNSIGNED -> INT UNSIGNED,inplace,CREATE,PASS,PASS,
TC-QA1888,TINYINT UNSIGNED -> BIGINT UNSIGNED,inplace,CREATE,PASS,PASS,
TC-QA1890,SMALLINT UNSIGNED -> MEDIUMINT UNSIGNED,inplace,CREATE,PASS,PASS,
TC-QA1892,SMALLINT UNSIGNED -> INT UNSIGNED,inplace,CREATE,PASS,PASS,
TC-QA1894,SMALLINT UNSIGNED -> BIGINT UNSIGNED,inplace,CREATE,PASS,PASS,
TC-QA1896,MEDIUMINT UNSIGNED -> INT UNSIGNED,inplace,CREATE,PASS,PASS,
TC-QA1898,MEDIUMINT UNSIGNED -> BIGINT UNSIGNED,inplace,CREATE,PASS,PASS,
TC-QA1900,INT UNSIGNED -> BIGINT UNSIGNED,inplace,CREATE,PASS,PASS,
TC-QA1902,CHAR(1) -> CHAR(2),inplace,CREATE,PASS,PASS,
TC-QA1904,CHAR(63) -> CHAR(64),inplace,CREATE,PASS,PASS,
TC-QA1906,CHAR(254) -> CHAR(255),inplace,CREATE,PASS,PASS,
TC-QA1908,VARCHAR(1) -> VARCHAR(2),inplace,CREATE,PASS,PASS,
TC-QA1910,VARCHAR(254) -> VARCHAR(255),inplace,CREATE,PASS,PASS,
TC-QA1912,VARCHAR(255) -> VARCHAR(256),inplace,CREATE,PASS,PASS,
TC-QA1914,VARCHAR(85) -> VARCHAR(86),inplace,CREATE,PASS,PASS,
TC-QA1916,VARCHAR(63) -> VARCHAR(64),inplace,CREATE,PASS,PASS,
TC-QA1918,VARCHAR(64) -> VARCHAR(65),inplace,CREATE,PASS,PASS,
TC-QA1920,VARCHAR(100) -> VARCHAR(200),inplace,CREATE,PASS,PASS,
TC-QA1922,TINYINT -> SMALLINT,inplace,CREATE,PASS,PASS,
TC-QA1924,TINYINT -> MEDIUMINT,inplace,CREATE,PASS,PASS,
TC-QA1926,TINYINT -> INT,inplace,CREATE,PASS,PASS,
TC-QA1928,TINYINT -> BIGINT,inplace,CREATE,PASS,PASS,
TC-QA1930,SMALLINT -> MEDIUMINT,inplace,CREATE,PASS,PASS,
TC-QA1932,SMALLINT -> INT,inplace,CREATE,PASS,PASS,
TC-QA1934,SMALLINT -> BIGINT,inplace,CREATE,PASS,PASS,
TC-QA1936,MEDIUMINT -> INT,inplace,CREATE,PASS,PASS,
TC-QA1938,MEDIUMINT -> BIGINT,inplace,CREATE,PASS,PASS,
TC-QA1940,INT -> BIGINT,inplace,CREATE,PASS,PASS,
TC-QA1942,TINYINT UNSIGNED -> SMALLINT UNSIGNED,inplace,CREATE,PASS,PASS,
TC-QA1944,TINYINT UNSIGNED -> MEDIUMINT UNSIGNED,inplace,CREATE,PASS,PASS,
TC-QA1946,TINYINT UNSIGNED -> INT UNSIGNED,inplace,CREATE,PASS,PASS,
TC-QA1948,TINYINT UNSIGNED -> BIGINT UNSIGNED,inplace,CREATE,PASS,PASS,
TC-QA1950,SMALLINT UNSIGNED -> MEDIUMINT UNSIGNED,inplace,CREATE,PASS,PASS,
TC-QA1952,SMALLINT UNSIGNED -> INT UNSIGNED,inplace,CREATE,PASS,PASS,
TC-QA1954,SMALLINT UNSIGNED -> BIGINT UNSIGNED,inplace,CREATE,PASS,PASS,
TC-QA1956,MEDIUMINT UNSIGNED -> INT UNSIGNED,inplace,CREATE,PASS,PASS,
TC-QA1958,MEDIUMINT UNSIGNED -> BIGINT UNSIGNED,inplace,CREATE,PASS,PASS,
TC-QA1960,INT UNSIGNED -> BIGINT UNSIGNED,inplace,CREATE,PASS,PASS,
TC-PA1961,CHAR(1) -> CHAR(2),inplace,BUILD,BUILD_OR_ALTER_FAIL_EXPECTED,MANUAL,CHECK_MANUALLY
TC-QA1962,CHAR(1) -> CHAR(2),inplace,CREATE,PASS,PASS,
TC-PA1963,CHAR(63) -> CHAR(64),inplace,BUILD,BUILD_OR_ALTER_FAIL_EXPECTED,MANUAL,CHECK_MANUALLY
TC-QA1964,CHAR(63) -> CHAR(64),inplace,CREATE,PASS,PASS,
TC-PA1965,CHAR(254) -> CHAR(255),inplace,BUILD,BUILD_OR_ALTER_FAIL_EXPECTED,MANUAL,CHECK_MANUALLY
TC-QA1966,CHAR(254) -> CHAR(255),inplace,CREATE,PASS,PASS,
TC-PA1967,VARCHAR(1) -> VARCHAR(2),inplace,BUILD,BUILD_OR_ALTER_FAIL_EXPECTED,MANUAL,CHECK_MANUALLY
TC-QA1968,VARCHAR(1) -> VARCHAR(2),inplace,CREATE,PASS,PASS,
TC-PA1969,VARCHAR(254) -> VARCHAR(255),inplace,BUILD,BUILD_OR_ALTER_FAIL_EXPECTED,MANUAL,CHECK_MANUALLY
TC-QA1970,VARCHAR(254) -> VARCHAR(255),inplace,CREATE,PASS,PASS,
TC-PA1971,VARCHAR(255) -> VARCHAR(256),inplace,BUILD,BUILD_OR_ALTER_FAIL_EXPECTED,MANUAL,CHECK_MANUALLY
TC-QA1972,VARCHAR(255) -> VARCHAR(256),inplace,CREATE,PASS,PASS,
TC-PA1973,VARCHAR(85) -> VARCHAR(86),inplace,BUILD,BUILD_OR_ALTER_FAIL_EXPECTED,MANUAL,CHECK_MANUALLY
TC-QA1974,VARCHAR(85) -> VARCHAR(86),inplace,CREATE,PASS,PASS,
TC-PA1975,VARCHAR(63) -> VARCHAR(64),inplace,BUILD,BUILD_OR_ALTER_FAIL_EXPECTED,MANUAL,CHECK_MANUALLY
TC-QA1976,VARCHAR(63) -> VARCHAR(64),inplace,CREATE,PASS,PASS,
TC-PA1977,VARCHAR(64) -> VARCHAR(65),inplace,BUILD,BUILD_OR_ALTER_FAIL_EXPECTED,MANUAL,CHECK_MANUALLY
TC-QA1978,VARCHAR(64) -> VARCHAR(65),inplace,CREATE,PASS,PASS,
TC-PA1979,VARCHAR(100) -> VARCHAR(200),inplace,BUILD,BUILD_OR_ALTER_FAIL_EXPECTED,MANUAL,CHECK_MANUALLY
TC-QA1980,VARCHAR(100) -> VARCHAR(200),inplace,CREATE,PASS,PASS,
TC-QA1982,TINYINT -> SMALLINT,inplace,CREATE,PASS,PASS,
TC-QA1984,TINYINT -> MEDIUMINT,inplace,CREATE,PASS,PASS,
TC-QA1986,TINYINT -> INT,inplace,CREATE,PASS,PASS,
TC-QA1988,TINYINT -> BIGINT,inplace,CREATE,PASS,PASS,
TC-QA1990,SMALLINT -> MEDIUMINT,inplace,CREATE,PASS,PASS,
TC-QA1992,SMALLINT -> INT,inplace,CREATE,PASS,PASS,
TC-QA1994,SMALLINT -> BIGINT,inplace,CREATE,PASS,PASS,
TC-QA1996,MEDIUMINT -> INT,inplace,CREATE,PASS,PASS,
TC-QA1998,MEDIUMINT -> BIGINT,inplace,CREATE,PASS,PASS,
TC-QA2000,INT -> BIGINT,inplace,CREATE,PASS,PASS,
TC-QA2002,TINYINT UNSIGNED -> SMALLINT UNSIGNED,inplace,CREATE,PASS,PASS,
TC-QA2004,TINYINT UNSIGNED -> MEDIUMINT UNSIGNED,inplace,CREATE,PASS,PASS,
TC-QA2006,TINYINT UNSIGNED -> INT UNSIGNED,inplace,CREATE,PASS,PASS,
TC-QA2008,TINYINT UNSIGNED -> BIGINT UNSIGNED,inplace,CREATE,PASS,PASS,
TC-QA2010,SMALLINT UNSIGNED -> MEDIUMINT UNSIGNED,inplace,CREATE,PASS,PASS,
TC-QA2012,SMALLINT UNSIGNED -> INT UNSIGNED,inplace,CREATE,PASS,PASS,
TC-QA2014,SMALLINT UNSIGNED -> BIGINT UNSIGNED,inplace,CREATE,PASS,PASS,
TC-QA2016,MEDIUMINT UNSIGNED -> INT UNSIGNED,inplace,CREATE,PASS,PASS,
TC-QA2018,MEDIUMINT UNSIGNED -> BIGINT UNSIGNED,inplace,CREATE,PASS,PASS,
TC-QA2020,INT UNSIGNED -> BIGINT UNSIGNED,inplace,CREATE,PASS,PASS,
TC-PA2021,CHAR(1) -> CHAR(2),inplace,BUILD,BUILD_OR_ALTER_FAIL_EXPECTED,MANUAL,CHECK_MANUALLY
TC-QA2022,CHAR(1) -> CHAR(2),inplace,CREATE,PASS,PASS,
TC-PA2023,CHAR(63) -> CHAR(64),inplace,BUILD,BUILD_OR_ALTER_FAIL_EXPECTED,MANUAL,CHECK_MANUALLY
TC-QA2024,CHAR(63) -> CHAR(64),inplace,CREATE,PASS,PASS,
TC-PA2025,CHAR(254) -> CHAR(255),inplace,BUILD,BUILD_OR_ALTER_FAIL_EXPECTED,MANUAL,CHECK_MANUALLY
TC-QA2026,CHAR(254) -> CHAR(255),inplace,CREATE,PASS,PASS,
TC-PA2027,VARCHAR(1) -> VARCHAR(2),inplace,BUILD,BUILD_OR_ALTER_FAIL_EXPECTED,MANUAL,CHECK_MANUALLY
TC-QA2028,VARCHAR(1) -> VARCHAR(2),inplace,CREATE,PASS,PASS,
TC-PA2029,VARCHAR(254) -> VARCHAR(255),inplace,BUILD,BUILD_OR_ALTER_FAIL_EXPECTED,MANUAL,CHECK_MANUALLY
TC-QA2030,VARCHAR(254) -> VARCHAR(255),inplace,CREATE,PASS,PASS,
TC-PA2031,VARCHAR(255) -> VARCHAR(256),inplace,BUILD,BUILD_OR_ALTER_FAIL_EXPECTED,MANUAL,CHECK_MANUALLY
TC-QA2032,VARCHAR(255) -> VARCHAR(256),inplace,CREATE,PASS,PASS,
TC-PA2033,VARCHAR(85) -> VARCHAR(86),inplace,BUILD,BUILD_OR_ALTER_FAIL_EXPECTED,MANUAL,CHECK_MANUALLY
TC-QA2034,VARCHAR(85) -> VARCHAR(86),inplace,CREATE,PASS,PASS,
TC-PA2035,VARCHAR(63) -> VARCHAR(64),inplace,BUILD,BUILD_OR_ALTER_FAIL_EXPECTED,MANUAL,CHECK_MANUALLY
TC-QA2036,VARCHAR(63) -> VARCHAR(64),inplace,CREATE,PASS,PASS,
TC-PA2037,VARCHAR(64) -> VARCHAR(65),inplace,BUILD,BUILD_OR_ALTER_FAIL_EXPECTED,MANUAL,CHECK_MANUALLY
TC-QA2038,VARCHAR(64) -> VARCHAR(65),inplace,CREATE,PASS,PASS,
TC-PA2039,VARCHAR(100) -> VARCHAR(200),inplace,BUILD,BUILD_OR_ALTER_FAIL_EXPECTED,MANUAL,CHECK_MANUALLY
TC-QA2040,VARCHAR(100) -> VARCHAR(200),inplace,CREATE,PASS,PASS,
TC-QA2042,TINYINT -> SMALLINT,inplace,CREATE,PASS,PASS,
TC-QA2044,TINYINT -> MEDIUMINT,inplace,CREATE,PASS,PASS,
TC-QA2046,TINYINT -> INT,inplace,CREATE,PASS,PASS,
TC-QA2048,TINYINT -> BIGINT,inplace,CREATE,PASS,PASS,
TC-QA2050,SMALLINT -> MEDIUMINT,inplace,CREATE,PASS,PASS,
TC-QA2052,SMALLINT -> INT,inplace,CREATE,PASS,PASS,
TC-QA2054,SMALLINT -> BIGINT,inplace,CREATE,PASS,PASS,
TC-QA2056,MEDIUMINT -> INT,inplace,CREATE,PASS,PASS,
TC-QA2058,MEDIUMINT -> BIGINT,inplace,CREATE,PASS,PASS,
TC-QA2060,INT -> BIGINT,inplace,CREATE,PASS,PASS,
TC-QA2062,TINYINT UNSIGNED -> SMALLINT UNSIGNED,inplace,CREATE,PASS,PASS,
TC-QA2064,TINYINT UNSIGNED -> MEDIUMINT UNSIGNED,inplace,CREATE,PASS,PASS,
TC-QA2066,TINYINT UNSIGNED -> INT UNSIGNED,inplace,CREATE,PASS,PASS,
TC-QA2068,TINYINT UNSIGNED -> BIGINT UNSIGNED,inplace,CREATE,PASS,PASS,
TC-QA2070,SMALLINT UNSIGNED -> MEDIUMINT UNSIGNED,inplace,CREATE,PASS,PASS,
TC-QA2072,SMALLINT UNSIGNED -> INT UNSIGNED,inplace,CREATE,PASS,PASS,
TC-QA2074,SMALLINT UNSIGNED -> BIGINT UNSIGNED,inplace,CREATE,PASS,PASS,
TC-QA2076,MEDIUMINT UNSIGNED -> INT UNSIGNED,inplace,CREATE,PASS,PASS,
TC-QA2078,MEDIUMINT UNSIGNED -> BIGINT UNSIGNED,inplace,CREATE,PASS,PASS,
TC-QA2080,INT UNSIGNED -> BIGINT UNSIGNED,inplace,CREATE,PASS,PASS,
TC-PA2081,CHAR(1) -> CHAR(2),inplace,BUILD,BUILD_OR_ALTER_FAIL_EXPECTED,MANUAL,CHECK_MANUALLY
TC-QA2082,CHAR(1) -> CHAR(2),inplace,CREATE,PASS,PASS,
TC-PA2083,CHAR(63) -> CHAR(64),inplace,BUILD,BUILD_OR_ALTER_FAIL_EXPECTED,MANUAL,CHECK_MANUALLY
TC-QA2084,CHAR(63) -> CHAR(64),inplace,CREATE,PASS,PASS,
TC-PA2085,CHAR(254) -> CHAR(255),inplace,BUILD,BUILD_OR_ALTER_FAIL_EXPECTED,MANUAL,CHECK_MANUALLY
TC-QA2086,CHAR(254) -> CHAR(255),inplace,CREATE,PASS,PASS,
TC-PA2087,VARCHAR(1) -> VARCHAR(2),inplace,BUILD,BUILD_OR_ALTER_FAIL_EXPECTED,MANUAL,CHECK_MANUALLY
TC-QA2088,VARCHAR(1) -> VARCHAR(2),inplace,CREATE,PASS,PASS,
TC-PA2089,VARCHAR(254) -> VARCHAR(255),inplace,BUILD,BUILD_OR_ALTER_FAIL_EXPECTED,MANUAL,CHECK_MANUALLY
TC-QA2090,VARCHAR(254) -> VARCHAR(255),inplace,CREATE,PASS,PASS,
TC-PA2091,VARCHAR(255) -> VARCHAR(256),inplace,BUILD,BUILD_OR_ALTER_FAIL_EXPECTED,MANUAL,CHECK_MANUALLY
TC-QA2092,VARCHAR(255) -> VARCHAR(256),inplace,CREATE,PASS,PASS,
TC-PA2093,VARCHAR(85) -> VARCHAR(86),inplace,BUILD,BUILD_OR_ALTER_FAIL_EXPECTED,MANUAL,CHECK_MANUALLY
TC-QA2094,VARCHAR(85) -> VARCHAR(86),inplace,CREATE,PASS,PASS,
TC-PA2095,VARCHAR(63) -> VARCHAR(64),inplace,BUILD,BUILD_OR_ALTER_FAIL_EXPECTED,MANUAL,CHECK_MANUALLY
TC-QA2096,VARCHAR(63) -> VARCHAR(64),inplace,CREATE,PASS,PASS,
TC-PA2097,VARCHAR(64) -> VARCHAR(65),inplace,BUILD,BUILD_OR_ALTER_FAIL_EXPECTED,MANUAL,CHECK_MANUALLY
TC-QA2098,VARCHAR(64) -> VARCHAR(65),inplace,CREATE,PASS,PASS,
TC-PA2099,VARCHAR(100) -> VARCHAR(200),inplace,BUILD,BUILD_OR_ALTER_FAIL_EXPECTED,MANUAL,CHECK_MANUALLY
TC-QA2100,VARCHAR(100) -> VARCHAR(200),inplace,CREATE,PASS,PASS,
TC-QA2102,TINYINT -> SMALLINT,inplace,CREATE,PASS,PASS,
TC-QA2104,TINYINT -> MEDIUMINT,inplace,CREATE,PASS,PASS,
TC-QA2106,TINYINT -> INT,inplace,CREATE,PASS,PASS,
TC-QA2108,TINYINT -> BIGINT,inplace,CREATE,PASS,PASS,
TC-QA2110,SMALLINT -> MEDIUMINT,inplace,CREATE,PASS,PASS,
TC-QA2112,SMALLINT -> INT,inplace,CREATE,PASS,PASS,
TC-QA2114,SMALLINT -> BIGINT,inplace,CREATE,PASS,PASS,
TC-QA2116,MEDIUMINT -> INT,inplace,CREATE,PASS,PASS,
TC-QA2118,MEDIUMINT -> BIGINT,inplace,CREATE,PASS,PASS,
TC-QA2120,INT -> BIGINT,inplace,CREATE,PASS,PASS,
TC-QA2122,TINYINT UNSIGNED -> SMALLINT UNSIGNED,inplace,CREATE,PASS,PASS,
TC-QA2124,TINYINT UNSIGNED -> MEDIUMINT UNSIGNED,inplace,CREATE,PASS,PASS,
TC-QA2126,TINYINT UNSIGNED -> INT UNSIGNED,inplace,CREATE,PASS,PASS,
TC-QA2128,TINYINT UNSIGNED -> BIGINT UNSIGNED,inplace,CREATE,PASS,PASS,
TC-QA2130,SMALLINT UNSIGNED -> MEDIUMINT UNSIGNED,inplace,CREATE,PASS,PASS,
TC-QA2132,SMALLINT UNSIGNED -> INT UNSIGNED,inplace,CREATE,PASS,PASS,
TC-QA2134,SMALLINT UNSIGNED -> BIGINT UNSIGNED,inplace,CREATE,PASS,PASS,
TC-QA2136,MEDIUMINT UNSIGNED -> INT UNSIGNED,inplace,CREATE,PASS,PASS,
TC-QA2138,MEDIUMINT UNSIGNED -> BIGINT UNSIGNED,inplace,CREATE,PASS,PASS,
TC-QA2140,INT UNSIGNED -> BIGINT UNSIGNED,inplace,CREATE,PASS,PASS,
TC-PA2141,CHAR(1) -> CHAR(2),inplace,BUILD,BUILD_OR_ALTER_FAIL_EXPECTED,MANUAL,CHECK_MANUALLY
TC-QA2142,CHAR(1) -> CHAR(2),inplace,CREATE,PASS,PASS,
TC-PA2143,CHAR(63) -> CHAR(64),inplace,BUILD,BUILD_OR_ALTER_FAIL_EXPECTED,MANUAL,CHECK_MANUALLY
TC-QA2144,CHAR(63) -> CHAR(64),inplace,CREATE,PASS,PASS,
TC-PA2145,CHAR(254) -> CHAR(255),inplace,BUILD,BUILD_OR_ALTER_FAIL_EXPECTED,MANUAL,CHECK_MANUALLY
TC-QA2146,CHAR(254) -> CHAR(255),inplace,CREATE,PASS,PASS,
TC-PA2147,VARCHAR(1) -> VARCHAR(2),inplace,BUILD,BUILD_OR_ALTER_FAIL_EXPECTED,MANUAL,CHECK_MANUALLY
TC-QA2148,VARCHAR(1) -> VARCHAR(2),inplace,CREATE,PASS,PASS,
TC-PA2149,VARCHAR(254) -> VARCHAR(255),inplace,BUILD,BUILD_OR_ALTER_FAIL_EXPECTED,MANUAL,CHECK_MANUALLY
TC-QA2150,VARCHAR(254) -> VARCHAR(255),inplace,CREATE,PASS,PASS,
TC-PA2151,VARCHAR(255) -> VARCHAR(256),inplace,BUILD,BUILD_OR_ALTER_FAIL_EXPECTED,MANUAL,CHECK_MANUALLY
TC-QA2152,VARCHAR(255) -> VARCHAR(256),inplace,CREATE,PASS,PASS,
TC-PA2153,VARCHAR(85) -> VARCHAR(86),inplace,BUILD,BUILD_OR_ALTER_FAIL_EXPECTED,MANUAL,CHECK_MANUALLY
TC-QA2154,VARCHAR(85) -> VARCHAR(86),inplace,CREATE,PASS,PASS,
TC-PA2155,VARCHAR(63) -> VARCHAR(64),inplace,BUILD,BUILD_OR_ALTER_FAIL_EXPECTED,MANUAL,CHECK_MANUALLY
TC-QA2156,VARCHAR(63) -> VARCHAR(64),inplace,CREATE,PASS,PASS,
TC-PA2157,VARCHAR(64) -> VARCHAR(65),inplace,BUILD,BUILD_OR_ALTER_FAIL_EXPECTED,MANUAL,CHECK_MANUALLY
TC-QA2158,VARCHAR(64) -> VARCHAR(65),inplace,CREATE,PASS,PASS,
TC-PA2159,VARCHAR(100) -> VARCHAR(200),inplace,BUILD,BUILD_OR_ALTER_FAIL_EXPECTED,MANUAL,CHECK_MANUALLY
TC-QA2160,VARCHAR(100) -> VARCHAR(200),inplace,CREATE,PASS,PASS,
TC-QA2162,TINYINT -> SMALLINT,inplace,CREATE,PASS,PASS,
TC-QA2164,TINYINT -> MEDIUMINT,inplace,CREATE,PASS,PASS,
TC-QA2166,TINYINT -> INT,inplace,CREATE,PASS,PASS,
TC-QA2168,TINYINT -> BIGINT,inplace,CREATE,PASS,PASS,
TC-QA2170,SMALLINT -> MEDIUMINT,inplace,CREATE,PASS,PASS,
TC-QA2172,SMALLINT -> INT,inplace,CREATE,PASS,PASS,
TC-QA2174,SMALLINT -> BIGINT,inplace,CREATE,PASS,PASS,
TC-QA2176,MEDIUMINT -> INT,inplace,CREATE,PASS,PASS,
TC-QA2178,MEDIUMINT -> BIGINT,inplace,CREATE,PASS,PASS,
TC-QA2180,INT -> BIGINT,inplace,CREATE,PASS,PASS,
TC-QA2182,TINYINT UNSIGNED -> SMALLINT UNSIGNED,inplace,CREATE,PASS,PASS,
TC-QA2184,TINYINT UNSIGNED -> MEDIUMINT UNSIGNED,inplace,CREATE,PASS,PASS,
TC-QA2186,TINYINT UNSIGNED -> INT UNSIGNED,inplace,CREATE,PASS,PASS,
TC-QA2188,TINYINT UNSIGNED -> BIGINT UNSIGNED,inplace,CREATE,PASS,PASS,
TC-QA2190,SMALLINT UNSIGNED -> MEDIUMINT UNSIGNED,inplace,CREATE,PASS,PASS,
TC-QA2192,SMALLINT UNSIGNED -> INT UNSIGNED,inplace,CREATE,PASS,PASS,
TC-QA2194,SMALLINT UNSIGNED -> BIGINT UNSIGNED,inplace,CREATE,PASS,PASS,
TC-QA2196,MEDIUMINT UNSIGNED -> INT UNSIGNED,inplace,CREATE,PASS,PASS,
TC-QA2198,MEDIUMINT UNSIGNED -> BIGINT UNSIGNED,inplace,CREATE,PASS,PASS,
TC-QA2200,INT UNSIGNED -> BIGINT UNSIGNED,inplace,CREATE,PASS,PASS,
TC-PA2201,CHAR(1) -> CHAR(2),inplace,BUILD,BUILD_OR_ALTER_FAIL_EXPECTED,MANUAL,CHECK_MANUALLY
TC-QA2202,CHAR(1) -> CHAR(2),inplace,CREATE,PASS,PASS,
TC-PA2203,CHAR(63) -> CHAR(64),inplace,BUILD,BUILD_OR_ALTER_FAIL_EXPECTED,MANUAL,CHECK_MANUALLY
TC-QA2204,CHAR(63) -> CHAR(64),inplace,CREATE,PASS,PASS,
TC-PA2205,CHAR(254) -> CHAR(255),inplace,BUILD,BUILD_OR_ALTER_FAIL_EXPECTED,MANUAL,CHECK_MANUALLY
TC-QA2206,CHAR(254) -> CHAR(255),inplace,CREATE,PASS,PASS,
TC-PA2207,VARCHAR(1) -> VARCHAR(2),inplace,BUILD,BUILD_OR_ALTER_FAIL_EXPECTED,MANUAL,CHECK_MANUALLY
TC-QA2208,VARCHAR(1) -> VARCHAR(2),inplace,CREATE,PASS,PASS,
TC-PA2209,VARCHAR(254) -> VARCHAR(255),inplace,BUILD,BUILD_OR_ALTER_FAIL_EXPECTED,MANUAL,CHECK_MANUALLY
TC-QA2210,VARCHAR(254) -> VARCHAR(255),inplace,CREATE,PASS,PASS,
TC-PA2211,VARCHAR(255) -> VARCHAR(256),inplace,BUILD,BUILD_OR_ALTER_FAIL_EXPECTED,MANUAL,CHECK_MANUALLY
TC-QA2212,VARCHAR(255) -> VARCHAR(256),inplace,CREATE,PASS,PASS,
TC-PA2213,VARCHAR(85) -> VARCHAR(86),inplace,BUILD,BUILD_OR_ALTER_FAIL_EXPECTED,MANUAL,CHECK_MANUALLY
TC-QA2214,VARCHAR(85) -> VARCHAR(86),inplace,CREATE,PASS,PASS,
TC-PA2215,VARCHAR(63) -> VARCHAR(64),inplace,BUILD,BUILD_OR_ALTER_FAIL_EXPECTED,MANUAL,CHECK_MANUALLY
TC-QA2216,VARCHAR(63) -> VARCHAR(64),inplace,CREATE,PASS,PASS,
TC-PA2217,VARCHAR(64) -> VARCHAR(65),inplace,BUILD,BUILD_OR_ALTER_FAIL_EXPECTED,MANUAL,CHECK_MANUALLY
TC-QA2218,VARCHAR(64) -> VARCHAR(65),inplace,CREATE,PASS,PASS,
TC-PA2219,VARCHAR(100) -> VARCHAR(200),inplace,BUILD,BUILD_OR_ALTER_FAIL_EXPECTED,MANUAL,CHECK_MANUALLY
TC-QA2220,VARCHAR(100) -> VARCHAR(200),inplace,CREATE,PASS,PASS,
TC-QA2222,TINYINT -> SMALLINT,inplace,CREATE,PASS,PASS,
TC-QA2224,TINYINT -> MEDIUMINT,inplace,CREATE,PASS,PASS,
TC-QA2226,TINYINT -> INT,inplace,CREATE,PASS,PASS,
TC-QA2228,TINYINT -> BIGINT,inplace,CREATE,PASS,PASS,
TC-QA2230,SMALLINT -> MEDIUMINT,inplace,CREATE,PASS,PASS,
TC-QA2232,SMALLINT -> INT,inplace,CREATE,PASS,PASS,
TC-QA2234,SMALLINT -> BIGINT,inplace,CREATE,PASS,PASS,
TC-QA2236,MEDIUMINT -> INT,inplace,CREATE,PASS,PASS,
TC-QA2238,MEDIUMINT -> BIGINT,inplace,CREATE,PASS,PASS,
TC-QA2240,INT -> BIGINT,inplace,CREATE,PASS,PASS,
TC-QA2242,TINYINT UNSIGNED -> SMALLINT UNSIGNED,inplace,CREATE,PASS,PASS,
TC-QA2244,TINYINT UNSIGNED -> MEDIUMINT UNSIGNED,inplace,CREATE,PASS,PASS,
TC-QA2246,TINYINT UNSIGNED -> INT UNSIGNED,inplace,CREATE,PASS,PASS,
TC-QA2248,TINYINT UNSIGNED -> BIGINT UNSIGNED,inplace,CREATE,PASS,PASS,
TC-QA2250,SMALLINT UNSIGNED -> MEDIUMINT UNSIGNED,inplace,CREATE,PASS,PASS,
TC-QA2252,SMALLINT UNSIGNED -> INT UNSIGNED,inplace,CREATE,PASS,PASS,
TC-QA2254,SMALLINT UNSIGNED -> BIGINT UNSIGNED,inplace,CREATE,PASS,PASS,
TC-QA2256,MEDIUMINT UNSIGNED -> INT UNSIGNED,inplace,CREATE,PASS,PASS,
TC-QA2258,MEDIUMINT UNSIGNED -> BIGINT UNSIGNED,inplace,CREATE,PASS,PASS,
TC-QA2260,INT UNSIGNED -> BIGINT UNSIGNED,inplace,CREATE,PASS,PASS,
TC-PA2261,CHAR(1) -> CHAR(2),inplace,BUILD,BUILD_OR_ALTER_FAIL_EXPECTED,MANUAL,CHECK_MANUALLY
TC-QA2262,CHAR(1) -> CHAR(2),inplace,CREATE,PASS,PASS,
TC-PA2263,CHAR(63) -> CHAR(64),inplace,BUILD,BUILD_OR_ALTER_FAIL_EXPECTED,MANUAL,CHECK_MANUALLY
TC-QA2264,CHAR(63) -> CHAR(64),inplace,CREATE,PASS,PASS,
TC-PA2265,CHAR(254) -> CHAR(255),inplace,BUILD,BUILD_OR_ALTER_FAIL_EXPECTED,MANUAL,CHECK_MANUALLY
TC-QA2266,CHAR(254) -> CHAR(255),inplace,CREATE,PASS,PASS,
TC-PA2267,VARCHAR(1) -> VARCHAR(2),inplace,BUILD,BUILD_OR_ALTER_FAIL_EXPECTED,MANUAL,CHECK_MANUALLY
TC-QA2268,VARCHAR(1) -> VARCHAR(2),inplace,CREATE,PASS,PASS,
TC-PA2269,VARCHAR(254) -> VARCHAR(255),inplace,BUILD,BUILD_OR_ALTER_FAIL_EXPECTED,MANUAL,CHECK_MANUALLY
TC-QA2270,VARCHAR(254) -> VARCHAR(255),inplace,CREATE,PASS,PASS,
TC-PA2271,VARCHAR(255) -> VARCHAR(256),inplace,BUILD,BUILD_OR_ALTER_FAIL_EXPECTED,MANUAL,CHECK_MANUALLY
TC-QA2272,VARCHAR(255) -> VARCHAR(256),inplace,CREATE,PASS,PASS,
TC-PA2273,VARCHAR(85) -> VARCHAR(86),inplace,BUILD,BUILD_OR_ALTER_FAIL_EXPECTED,MANUAL,CHECK_MANUALLY
TC-QA2274,VARCHAR(85) -> VARCHAR(86),inplace,CREATE,PASS,PASS,
TC-PA2275,VARCHAR(63) -> VARCHAR(64),inplace,BUILD,BUILD_OR_ALTER_FAIL_EXPECTED,MANUAL,CHECK_MANUALLY
TC-QA2276,VARCHAR(63) -> VARCHAR(64),inplace,CREATE,PASS,PASS,
TC-PA2277,VARCHAR(64) -> VARCHAR(65),inplace,BUILD,BUILD_OR_ALTER_FAIL_EXPECTED,MANUAL,CHECK_MANUALLY
TC-QA2278,VARCHAR(64) -> VARCHAR(65),inplace,CREATE,PASS,PASS,
TC-PA2279,VARCHAR(100) -> VARCHAR(200),inplace,BUILD,BUILD_OR_ALTER_FAIL_EXPECTED,MANUAL,CHECK_MANUALLY
TC-QA2280,VARCHAR(100) -> VARCHAR(200),inplace,CREATE,PASS,PASS,
TC-QA2282,TINYINT -> SMALLINT,inplace,CREATE,PASS,PASS,
TC-QA2284,TINYINT -> MEDIUMINT,inplace,CREATE,PASS,PASS,
TC-QA2286,TINYINT -> INT,inplace,CREATE,PASS,PASS,
TC-QA2288,TINYINT -> BIGINT,inplace,CREATE,PASS,PASS,
TC-QA2290,SMALLINT -> MEDIUMINT,inplace,CREATE,PASS,PASS,
TC-QA2292,SMALLINT -> INT,inplace,CREATE,PASS,PASS,
TC-QA2294,SMALLINT -> BIGINT,inplace,CREATE,PASS,PASS,
TC-QA2296,MEDIUMINT -> INT,inplace,CREATE,PASS,PASS,
TC-QA2298,MEDIUMINT -> BIGINT,inplace,CREATE,PASS,PASS,
TC-QA2300,INT -> BIGINT,inplace,CREATE,PASS,PASS,
TC-QA2302,TINYINT UNSIGNED -> SMALLINT UNSIGNED,inplace,CREATE,PASS,PASS,
TC-QA2304,TINYINT UNSIGNED -> MEDIUMINT UNSIGNED,inplace,CREATE,PASS,PASS,
TC-QA2306,TINYINT UNSIGNED -> INT UNSIGNED,inplace,CREATE,PASS,PASS,
TC-QA2308,TINYINT UNSIGNED -> BIGINT UNSIGNED,inplace,CREATE,PASS,PASS,
TC-QA2310,SMALLINT UNSIGNED -> MEDIUMINT UNSIGNED,inplace,CREATE,PASS,PASS,
TC-QA2312,SMALLINT UNSIGNED -> INT UNSIGNED,inplace,CREATE,PASS,PASS,
TC-QA2314,SMALLINT UNSIGNED -> BIGINT UNSIGNED,inplace,CREATE,PASS,PASS,
TC-QA2316,MEDIUMINT UNSIGNED -> INT UNSIGNED,inplace,CREATE,PASS,PASS,
TC-QA2318,MEDIUMINT UNSIGNED -> BIGINT UNSIGNED,inplace,CREATE,PASS,PASS,
TC-QA2320,INT UNSIGNED -> BIGINT UNSIGNED,inplace,CREATE,PASS,PASS,
TC-PA2321,CHAR(1) -> CHAR(2),inplace,BUILD,BUILD_OR_ALTER_FAIL_EXPECTED,MANUAL,CHECK_MANUALLY
TC-QA2322,CHAR(1) -> CHAR(2),inplace,CREATE,PASS,PASS,
TC-PA2323,CHAR(63) -> CHAR(64),inplace,BUILD,BUILD_OR_ALTER_FAIL_EXPECTED,MANUAL,CHECK_MANUALLY
TC-QA2324,CHAR(63) -> CHAR(64),inplace,CREATE,PASS,PASS,
TC-PA2325,CHAR(254) -> CHAR(255),inplace,BUILD,BUILD_OR_ALTER_FAIL_EXPECTED,MANUAL,CHECK_MANUALLY
TC-QA2326,CHAR(254) -> CHAR(255),inplace,CREATE,PASS,PASS,
TC-PA2327,VARCHAR(1) -> VARCHAR(2),inplace,BUILD,BUILD_OR_ALTER_FAIL_EXPECTED,MANUAL,CHECK_MANUALLY
TC-QA2328,VARCHAR(1) -> VARCHAR(2),inplace,CREATE,PASS,PASS,
TC-PA2329,VARCHAR(254) -> VARCHAR(255),inplace,BUILD,BUILD_OR_ALTER_FAIL_EXPECTED,MANUAL,CHECK_MANUALLY
TC-QA2330,VARCHAR(254) -> VARCHAR(255),inplace,CREATE,PASS,PASS,
TC-PA2331,VARCHAR(255) -> VARCHAR(256),inplace,BUILD,BUILD_OR_ALTER_FAIL_EXPECTED,MANUAL,CHECK_MANUALLY
TC-QA2332,VARCHAR(255) -> VARCHAR(256),inplace,CREATE,PASS,PASS,
TC-PA2333,VARCHAR(85) -> VARCHAR(86),inplace,BUILD,BUILD_OR_ALTER_FAIL_EXPECTED,MANUAL,CHECK_MANUALLY
TC-QA2334,VARCHAR(85) -> VARCHAR(86),inplace,CREATE,PASS,PASS,
TC-PA2335,VARCHAR(63) -> VARCHAR(64),inplace,BUILD,BUILD_OR_ALTER_FAIL_EXPECTED,MANUAL,CHECK_MANUALLY
TC-QA2336,VARCHAR(63) -> VARCHAR(64),inplace,CREATE,PASS,PASS,
TC-PA2337,VARCHAR(64) -> VARCHAR(65),inplace,BUILD,BUILD_OR_ALTER_FAIL_EXPECTED,MANUAL,CHECK_MANUALLY
TC-QA2338,VARCHAR(64) -> VARCHAR(65),inplace,CREATE,PASS,PASS,
TC-PA2339,VARCHAR(100) -> VARCHAR(200),inplace,BUILD,BUILD_OR_ALTER_FAIL_EXPECTED,MANUAL,CHECK_MANUALLY
TC-QA2340,VARCHAR(100) -> VARCHAR(200),inplace,CREATE,PASS,PASS,
TC-QA2342,TINYINT -> SMALLINT,inplace,CREATE,PASS,PASS,
TC-QA2344,TINYINT -> MEDIUMINT,inplace,CREATE,PASS,PASS,
TC-QA2346,TINYINT -> INT,inplace,CREATE,PASS,PASS,
TC-QA2348,TINYINT -> BIGINT,inplace,CREATE,PASS,PASS,
TC-QA2350,SMALLINT -> MEDIUMINT,inplace,CREATE,PASS,PASS,
TC-QA2352,SMALLINT -> INT,inplace,CREATE,PASS,PASS,
TC-QA2354,SMALLINT -> BIGINT,inplace,CREATE,PASS,PASS,
TC-QA2356,MEDIUMINT -> INT,inplace,CREATE,PASS,PASS,
TC-QA2358,MEDIUMINT -> BIGINT,inplace,CREATE,PASS,PASS,
TC-QA2360,INT -> BIGINT,inplace,CREATE,PASS,PASS,
TC-QA2362,TINYINT UNSIGNED -> SMALLINT UNSIGNED,inplace,CREATE,PASS,PASS,
TC-QA2364,TINYINT UNSIGNED -> MEDIUMINT UNSIGNED,inplace,CREATE,PASS,PASS,
TC-QA2366,TINYINT UNSIGNED -> INT UNSIGNED,inplace,CREATE,PASS,PASS,
TC-QA2368,TINYINT UNSIGNED -> BIGINT UNSIGNED,inplace,CREATE,PASS,PASS,
TC-QA2370,SMALLINT UNSIGNED -> MEDIUMINT UNSIGNED,inplace,CREATE,PASS,PASS,
TC-QA2372,SMALLINT UNSIGNED -> INT UNSIGNED,inplace,CREATE,PASS,PASS,
TC-QA2374,SMALLINT UNSIGNED -> BIGINT UNSIGNED,inplace,CREATE,PASS,PASS,
TC-QA2376,MEDIUMINT UNSIGNED -> INT UNSIGNED,inplace,CREATE,PASS,PASS,
TC-QA2378,MEDIUMINT UNSIGNED -> BIGINT UNSIGNED,inplace,CREATE,PASS,PASS,
TC-QA2380,INT UNSIGNED -> BIGINT UNSIGNED,inplace,CREATE,PASS,PASS,
TC-PA2381,CHAR(1) -> CHAR(2),inplace,BUILD,BUILD_OR_ALTER_FAIL_EXPECTED,MANUAL,CHECK_MANUALLY
TC-QA2382,CHAR(1) -> CHAR(2),inplace,CREATE,PASS,PASS,
TC-PA2383,CHAR(63) -> CHAR(64),inplace,BUILD,BUILD_OR_ALTER_FAIL_EXPECTED,MANUAL,CHECK_MANUALLY
TC-QA2384,CHAR(63) -> CHAR(64),inplace,CREATE,PASS,PASS,
TC-PA2385,CHAR(254) -> CHAR(255),inplace,BUILD,BUILD_OR_ALTER_FAIL_EXPECTED,MANUAL,CHECK_MANUALLY
TC-QA2386,CHAR(254) -> CHAR(255),inplace,CREATE,PASS,PASS,
TC-PA2387,VARCHAR(1) -> VARCHAR(2),inplace,BUILD,BUILD_OR_ALTER_FAIL_EXPECTED,MANUAL,CHECK_MANUALLY
TC-QA2388,VARCHAR(1) -> VARCHAR(2),inplace,CREATE,PASS,PASS,
TC-PA2389,VARCHAR(254) -> VARCHAR(255),inplace,BUILD,BUILD_OR_ALTER_FAIL_EXPECTED,MANUAL,CHECK_MANUALLY
TC-QA2390,VARCHAR(254) -> VARCHAR(255),inplace,CREATE,PASS,PASS,
TC-PA2391,VARCHAR(255) -> VARCHAR(256),inplace,BUILD,BUILD_OR_ALTER_FAIL_EXPECTED,MANUAL,CHECK_MANUALLY
TC-QA2392,VARCHAR(255) -> VARCHAR(256),inplace,CREATE,PASS,PASS,
TC-PA2393,VARCHAR(85) -> VARCHAR(86),inplace,BUILD,BUILD_OR_ALTER_FAIL_EXPECTED,MANUAL,CHECK_MANUALLY
TC-QA2394,VARCHAR(85) -> VARCHAR(86),inplace,CREATE,PASS,PASS,
TC-PA2395,VARCHAR(63) -> VARCHAR(64),inplace,BUILD,BUILD_OR_ALTER_FAIL_EXPECTED,MANUAL,CHECK_MANUALLY
TC-QA2396,VARCHAR(63) -> VARCHAR(64),inplace,CREATE,PASS,PASS,
TC-PA2397,VARCHAR(64) -> VARCHAR(65),inplace,BUILD,BUILD_OR_ALTER_FAIL_EXPECTED,MANUAL,CHECK_MANUALLY
TC-QA2398,VARCHAR(64) -> VARCHAR(65),inplace,CREATE,PASS,PASS,
TC-PA2399,VARCHAR(100) -> VARCHAR(200),inplace,BUILD,BUILD_OR_ALTER_FAIL_EXPECTED,MANUAL,CHECK_MANUALLY
TC-QA2400,VARCHAR(100) -> VARCHAR(200),inplace,CREATE,PASS,PASS,
TC-QA2402,TINYINT -> SMALLINT,inplace,CREATE,PASS,PASS,
TC-QA2404,TINYINT -> MEDIUMINT,inplace,CREATE,PASS,PASS,
TC-QA2406,TINYINT -> INT,inplace,CREATE,PASS,PASS,
TC-QA2408,TINYINT -> BIGINT,inplace,CREATE,PASS,PASS,
TC-QA2410,SMALLINT -> MEDIUMINT,inplace,CREATE,PASS,PASS,
TC-QA2412,SMALLINT -> INT,inplace,CREATE,PASS,PASS,
TC-QA2414,SMALLINT -> BIGINT,inplace,CREATE,PASS,PASS,
TC-QA2416,MEDIUMINT -> INT,inplace,CREATE,PASS,PASS,
TC-QA2418,MEDIUMINT -> BIGINT,inplace,CREATE,PASS,PASS,
TC-QA2420,INT -> BIGINT,inplace,CREATE,PASS,PASS,
TC-QA2422,TINYINT UNSIGNED -> SMALLINT UNSIGNED,inplace,CREATE,PASS,PASS,
TC-QA2424,TINYINT UNSIGNED -> MEDIUMINT UNSIGNED,inplace,CREATE,PASS,PASS,
TC-QA2426,TINYINT UNSIGNED -> INT UNSIGNED,inplace,CREATE,PASS,PASS,
TC-QA2428,TINYINT UNSIGNED -> BIGINT UNSIGNED,inplace,CREATE,PASS,PASS,
TC-QA2430,SMALLINT UNSIGNED -> MEDIUMINT UNSIGNED,inplace,CREATE,PASS,PASS,
TC-QA2432,SMALLINT UNSIGNED -> INT UNSIGNED,inplace,CREATE,PASS,PASS,
TC-QA2434,SMALLINT UNSIGNED -> BIGINT UNSIGNED,inplace,CREATE,PASS,PASS,
TC-QA2436,MEDIUMINT UNSIGNED -> INT UNSIGNED,inplace,CREATE,PASS,PASS,
TC-QA2438,MEDIUMINT UNSIGNED -> BIGINT UNSIGNED,inplace,CREATE,PASS,PASS,
TC-QA2440,INT UNSIGNED -> BIGINT UNSIGNED,inplace,CREATE,PASS,PASS,
TC-PA2441,CHAR(1) -> CHAR(2),inplace,BUILD,BUILD_OR_ALTER_FAIL_EXPECTED,MANUAL,CHECK_MANUALLY
TC-QA2442,CHAR(1) -> CHAR(2),inplace,CREATE,PASS,PASS,
TC-PA2443,CHAR(63) -> CHAR(64),inplace,BUILD,BUILD_OR_ALTER_FAIL_EXPECTED,MANUAL,CHECK_MANUALLY
TC-QA2444,CHAR(63) -> CHAR(64),inplace,CREATE,PASS,PASS,
TC-PA2445,CHAR(254) -> CHAR(255),inplace,BUILD,BUILD_OR_ALTER_FAIL_EXPECTED,MANUAL,CHECK_MANUALLY
TC-QA2446,CHAR(254) -> CHAR(255),inplace,CREATE,PASS,PASS,
TC-PA2447,VARCHAR(1) -> VARCHAR(2),inplace,BUILD,BUILD_OR_ALTER_FAIL_EXPECTED,MANUAL,CHECK_MANUALLY
TC-QA2448,VARCHAR(1) -> VARCHAR(2),inplace,CREATE,PASS,PASS,
TC-PA2449,VARCHAR(254) -> VARCHAR(255),inplace,BUILD,BUILD_OR_ALTER_FAIL_EXPECTED,MANUAL,CHECK_MANUALLY
TC-QA2450,VARCHAR(254) -> VARCHAR(255),inplace,CREATE,PASS,PASS,
TC-PA2451,VARCHAR(255) -> VARCHAR(256),inplace,BUILD,BUILD_OR_ALTER_FAIL_EXPECTED,MANUAL,CHECK_MANUALLY
TC-QA2452,VARCHAR(255) -> VARCHAR(256),inplace,CREATE,PASS,PASS,
TC-PA2453,VARCHAR(85) -> VARCHAR(86),inplace,BUILD,BUILD_OR_ALTER_FAIL_EXPECTED,MANUAL,CHECK_MANUALLY
TC-QA2454,VARCHAR(85) -> VARCHAR(86),inplace,CREATE,PASS,PASS,
TC-PA2455,VARCHAR(63) -> VARCHAR(64),inplace,BUILD,BUILD_OR_ALTER_FAIL_EXPECTED,MANUAL,CHECK_MANUALLY
TC-QA2456,VARCHAR(63) -> VARCHAR(64),inplace,CREATE,PASS,PASS,
TC-PA2457,VARCHAR(64) -> VARCHAR(65),inplace,BUILD,BUILD_OR_ALTER_FAIL_EXPECTED,MANUAL,CHECK_MANUALLY
TC-QA2458,VARCHAR(64) -> VARCHAR(65),inplace,CREATE,PASS,PASS,
TC-PA2459,VARCHAR(100) -> VARCHAR(200),inplace,BUILD,BUILD_OR_ALTER_FAIL_EXPECTED,MANUAL,CHECK_MANUALLY
TC-QA2460,VARCHAR(100) -> VARCHAR(200),inplace,CREATE,PASS,PASS,
TC-QA2462,TINYINT -> SMALLINT,inplace,CREATE,PASS,PASS,
TC-QA2464,TINYINT -> MEDIUMINT,inplace,CREATE,PASS,PASS,
TC-QA2466,TINYINT -> INT,inplace,CREATE,PASS,PASS,
TC-QA2468,TINYINT -> BIGINT,inplace,CREATE,PASS,PASS,
TC-QA2470,SMALLINT -> MEDIUMINT,inplace,CREATE,PASS,PASS,
TC-QA2472,SMALLINT -> INT,inplace,CREATE,PASS,PASS,
TC-QA2474,SMALLINT -> BIGINT,inplace,CREATE,PASS,PASS,
TC-QA2476,MEDIUMINT -> INT,inplace,CREATE,PASS,PASS,
TC-QA2478,MEDIUMINT -> BIGINT,inplace,CREATE,PASS,PASS,
TC-QA2480,INT -> BIGINT,inplace,CREATE,PASS,PASS,
TC-QA2482,TINYINT UNSIGNED -> SMALLINT UNSIGNED,inplace,CREATE,PASS,PASS,
TC-QA2484,TINYINT UNSIGNED -> MEDIUMINT UNSIGNED,inplace,CREATE,PASS,PASS,
TC-QA2486,TINYINT UNSIGNED -> INT UNSIGNED,inplace,CREATE,PASS,PASS,
TC-QA2488,TINYINT UNSIGNED -> BIGINT UNSIGNED,inplace,CREATE,PASS,PASS,
TC-QA2490,SMALLINT UNSIGNED -> MEDIUMINT UNSIGNED,inplace,CREATE,PASS,PASS,
TC-QA2492,SMALLINT UNSIGNED -> INT UNSIGNED,inplace,CREATE,PASS,PASS,
TC-QA2494,SMALLINT UNSIGNED -> BIGINT UNSIGNED,inplace,CREATE,PASS,PASS,
TC-QA2496,MEDIUMINT UNSIGNED -> INT UNSIGNED,inplace,CREATE,PASS,PASS,
TC-QA2498,MEDIUMINT UNSIGNED -> BIGINT UNSIGNED,inplace,CREATE,PASS,PASS,
TC-QA2500,INT UNSIGNED -> BIGINT UNSIGNED,inplace,CREATE,PASS,PASS,
TC-PA2501,CHAR(1) -> CHAR(2),inplace,BUILD,BUILD_OR_ALTER_FAIL_EXPECTED,MANUAL,CHECK_MANUALLY
TC-QA2502,CHAR(1) -> CHAR(2),inplace,CREATE,PASS,PASS,
TC-PA2503,CHAR(63) -> CHAR(64),inplace,BUILD,BUILD_OR_ALTER_FAIL_EXPECTED,MANUAL,CHECK_MANUALLY
TC-QA2504,CHAR(63) -> CHAR(64),inplace,CREATE,PASS,PASS,
TC-PA2505,CHAR(254) -> CHAR(255),inplace,BUILD,BUILD_OR_ALTER_FAIL_EXPECTED,MANUAL,CHECK_MANUALLY
TC-QA2506,CHAR(254) -> CHAR(255),inplace,CREATE,PASS,PASS,
TC-PA2507,VARCHAR(1) -> VARCHAR(2),inplace,BUILD,BUILD_OR_ALTER_FAIL_EXPECTED,MANUAL,CHECK_MANUALLY
TC-QA2508,VARCHAR(1) -> VARCHAR(2),inplace,CREATE,PASS,PASS,
TC-PA2509,VARCHAR(254) -> VARCHAR(255),inplace,BUILD,BUILD_OR_ALTER_FAIL_EXPECTED,MANUAL,CHECK_MANUALLY
TC-QA2510,VARCHAR(254) -> VARCHAR(255),inplace,CREATE,PASS,PASS,
TC-PA2511,VARCHAR(255) -> VARCHAR(256),inplace,BUILD,BUILD_OR_ALTER_FAIL_EXPECTED,MANUAL,CHECK_MANUALLY
TC-QA2512,VARCHAR(255) -> VARCHAR(256),inplace,CREATE,PASS,PASS,
TC-PA2513,VARCHAR(85) -> VARCHAR(86),inplace,BUILD,BUILD_OR_ALTER_FAIL_EXPECTED,MANUAL,CHECK_MANUALLY
TC-QA2514,VARCHAR(85) -> VARCHAR(86),inplace,CREATE,PASS,PASS,
TC-PA2515,VARCHAR(63) -> VARCHAR(64),inplace,BUILD,BUILD_OR_ALTER_FAIL_EXPECTED,MANUAL,CHECK_MANUALLY
TC-QA2516,VARCHAR(63) -> VARCHAR(64),inplace,CREATE,PASS,PASS,
TC-PA2517,VARCHAR(64) -> VARCHAR(65),inplace,BUILD,BUILD_OR_ALTER_FAIL_EXPECTED,MANUAL,CHECK_MANUALLY
TC-QA2518,VARCHAR(64) -> VARCHAR(65),inplace,CREATE,PASS,PASS,
TC-PA2519,VARCHAR(100) -> VARCHAR(200),inplace,BUILD,BUILD_OR_ALTER_FAIL_EXPECTED,MANUAL,CHECK_MANUALLY
TC-QA2520,VARCHAR(100) -> VARCHAR(200),inplace,CREATE,PASS,PASS,
TC-QA2522,TINYINT -> SMALLINT,inplace,CREATE,PASS,PASS,
TC-QA2524,TINYINT -> MEDIUMINT,inplace,CREATE,PASS,PASS,
TC-QA2526,TINYINT -> INT,inplace,CREATE,PASS,PASS,
TC-QA2528,TINYINT -> BIGINT,inplace,CREATE,PASS,PASS,
TC-QA2530,SMALLINT -> MEDIUMINT,inplace,CREATE,PASS,PASS,
TC-QA2532,SMALLINT -> INT,inplace,CREATE,PASS,PASS,
TC-QA2534,SMALLINT -> BIGINT,inplace,CREATE,PASS,PASS,
TC-QA2536,MEDIUMINT -> INT,inplace,CREATE,PASS,PASS,
TC-QA2538,MEDIUMINT -> BIGINT,inplace,CREATE,PASS,PASS,
TC-QA2540,INT -> BIGINT,inplace,CREATE,PASS,PASS,
TC-QA2542,TINYINT UNSIGNED -> SMALLINT UNSIGNED,inplace,CREATE,PASS,PASS,
TC-QA2544,TINYINT UNSIGNED -> MEDIUMINT UNSIGNED,inplace,CREATE,PASS,PASS,
TC-QA2546,TINYINT UNSIGNED -> INT UNSIGNED,inplace,CREATE,PASS,PASS,
TC-QA2548,TINYINT UNSIGNED -> BIGINT UNSIGNED,inplace,CREATE,PASS,PASS,
TC-QA2550,SMALLINT UNSIGNED -> MEDIUMINT UNSIGNED,inplace,CREATE,PASS,PASS,
TC-QA2552,SMALLINT UNSIGNED -> INT UNSIGNED,inplace,CREATE,PASS,PASS,
TC-QA2554,SMALLINT UNSIGNED -> BIGINT UNSIGNED,inplace,CREATE,PASS,PASS,
TC-QA2556,MEDIUMINT UNSIGNED -> INT UNSIGNED,inplace,CREATE,PASS,PASS,
TC-QA2558,MEDIUMINT UNSIGNED -> BIGINT UNSIGNED,inplace,CREATE,PASS,PASS,
TC-QA2560,INT UNSIGNED -> BIGINT UNSIGNED,inplace,CREATE,PASS,PASS,
TC-PA2561,CHAR(1) -> CHAR(2),inplace,BUILD,BUILD_OR_ALTER_FAIL_EXPECTED,MANUAL,CHECK_MANUALLY
TC-QA2562,CHAR(1) -> CHAR(2),inplace,CREATE,PASS,PASS,
TC-PA2563,CHAR(63) -> CHAR(64),inplace,BUILD,BUILD_OR_ALTER_FAIL_EXPECTED,MANUAL,CHECK_MANUALLY
TC-QA2564,CHAR(63) -> CHAR(64),inplace,CREATE,PASS,PASS,
TC-PA2565,CHAR(254) -> CHAR(255),inplace,BUILD,BUILD_OR_ALTER_FAIL_EXPECTED,MANUAL,CHECK_MANUALLY
TC-QA2566,CHAR(254) -> CHAR(255),inplace,CREATE,PASS,PASS,
TC-PA2567,VARCHAR(1) -> VARCHAR(2),inplace,BUILD,BUILD_OR_ALTER_FAIL_EXPECTED,MANUAL,CHECK_MANUALLY
TC-QA2568,VARCHAR(1) -> VARCHAR(2),inplace,CREATE,PASS,PASS,
TC-PA2569,VARCHAR(254) -> VARCHAR(255),inplace,BUILD,BUILD_OR_ALTER_FAIL_EXPECTED,MANUAL,CHECK_MANUALLY
TC-QA2570,VARCHAR(254) -> VARCHAR(255),inplace,CREATE,PASS,PASS,
TC-PA2571,VARCHAR(255) -> VARCHAR(256),inplace,BUILD,BUILD_OR_ALTER_FAIL_EXPECTED,MANUAL,CHECK_MANUALLY
TC-QA2572,VARCHAR(255) -> VARCHAR(256),inplace,CREATE,PASS,PASS,
TC-PA2573,VARCHAR(85) -> VARCHAR(86),inplace,BUILD,BUILD_OR_ALTER_FAIL_EXPECTED,MANUAL,CHECK_MANUALLY
TC-QA2574,VARCHAR(85) -> VARCHAR(86),inplace,CREATE,PASS,PASS,
TC-PA2575,VARCHAR(63) -> VARCHAR(64),inplace,BUILD,BUILD_OR_ALTER_FAIL_EXPECTED,MANUAL,CHECK_MANUALLY
TC-QA2576,VARCHAR(63) -> VARCHAR(64),inplace,CREATE,PASS,PASS,
TC-PA2577,VARCHAR(64) -> VARCHAR(65),inplace,BUILD,BUILD_OR_ALTER_FAIL_EXPECTED,MANUAL,CHECK_MANUALLY
TC-QA2578,VARCHAR(64) -> VARCHAR(65),inplace,CREATE,PASS,PASS,
TC-PA2579,VARCHAR(100) -> VARCHAR(200),inplace,BUILD,BUILD_OR_ALTER_FAIL_EXPECTED,MANUAL,CHECK_MANUALLY
TC-QA2580,VARCHAR(100) -> VARCHAR(200),inplace,CREATE,PASS,PASS,
TC-QA2582,TINYINT -> SMALLINT,inplace,CREATE,PASS,PASS,
TC-QA2584,TINYINT -> MEDIUMINT,inplace,CREATE,PASS,PASS,
TC-QA2586,TINYINT -> INT,inplace,CREATE,PASS,PASS,
TC-QA2588,TINYINT -> BIGINT,inplace,CREATE,PASS,PASS,
TC-QA2590,SMALLINT -> MEDIUMINT,inplace,CREATE,PASS,PASS,
TC-QA2592,SMALLINT -> INT,inplace,CREATE,PASS,PASS,
TC-QA2594,SMALLINT -> BIGINT,inplace,CREATE,PASS,PASS,
TC-QA2596,MEDIUMINT -> INT,inplace,CREATE,PASS,PASS,
TC-QA2598,MEDIUMINT -> BIGINT,inplace,CREATE,PASS,PASS,
TC-QA2600,INT -> BIGINT,inplace,CREATE,PASS,PASS,
TC-QA2602,TINYINT UNSIGNED -> SMALLINT UNSIGNED,inplace,CREATE,PASS,PASS,
TC-QA2604,TINYINT UNSIGNED -> MEDIUMINT UNSIGNED,inplace,CREATE,PASS,PASS,
TC-QA2606,TINYINT UNSIGNED -> INT UNSIGNED,inplace,CREATE,PASS,PASS,
TC-QA2608,TINYINT UNSIGNED -> BIGINT UNSIGNED,inplace,CREATE,PASS,PASS,
TC-QA2610,SMALLINT UNSIGNED -> MEDIUMINT UNSIGNED,inplace,CREATE,PASS,PASS,
TC-QA2612,SMALLINT UNSIGNED -> INT UNSIGNED,inplace,CREATE,PASS,PASS,
TC-QA2614,SMALLINT UNSIGNED -> BIGINT UNSIGNED,inplace,CREATE,PASS,PASS,
TC-QA2616,MEDIUMINT UNSIGNED -> INT UNSIGNED,inplace,CREATE,PASS,PASS,
TC-QA2618,MEDIUMINT UNSIGNED -> BIGINT UNSIGNED,inplace,CREATE,PASS,PASS,
TC-QA2620,INT UNSIGNED -> BIGINT UNSIGNED,inplace,CREATE,PASS,PASS,
TC-PA2621,CHAR(1) -> CHAR(2),inplace,BUILD,BUILD_OR_ALTER_FAIL_EXPECTED,MANUAL,CHECK_MANUALLY
TC-QA2622,CHAR(1) -> CHAR(2),inplace,CREATE,PASS,PASS,
TC-PA2623,CHAR(63) -> CHAR(64),inplace,BUILD,BUILD_OR_ALTER_FAIL_EXPECTED,MANUAL,CHECK_MANUALLY
TC-QA2624,CHAR(63) -> CHAR(64),inplace,CREATE,PASS,PASS,
TC-PA2625,CHAR(254) -> CHAR(255),inplace,BUILD,BUILD_OR_ALTER_FAIL_EXPECTED,MANUAL,CHECK_MANUALLY
TC-QA2626,CHAR(254) -> CHAR(255),inplace,CREATE,PASS,PASS,
TC-PA2627,VARCHAR(1) -> VARCHAR(2),inplace,BUILD,BUILD_OR_ALTER_FAIL_EXPECTED,MANUAL,CHECK_MANUALLY
TC-QA2628,VARCHAR(1) -> VARCHAR(2),inplace,CREATE,PASS,PASS,
TC-PA2629,VARCHAR(254) -> VARCHAR(255),inplace,BUILD,BUILD_OR_ALTER_FAIL_EXPECTED,MANUAL,CHECK_MANUALLY
TC-QA2630,VARCHAR(254) -> VARCHAR(255),inplace,CREATE,PASS,PASS,
TC-PA2631,VARCHAR(255) -> VARCHAR(256),inplace,BUILD,BUILD_OR_ALTER_FAIL_EXPECTED,MANUAL,CHECK_MANUALLY
TC-QA2632,VARCHAR(255) -> VARCHAR(256),inplace,CREATE,PASS,PASS,
TC-PA2633,VARCHAR(85) -> VARCHAR(86),inplace,BUILD,BUILD_OR_ALTER_FAIL_EXPECTED,MANUAL,CHECK_MANUALLY
TC-QA2634,VARCHAR(85) -> VARCHAR(86),inplace,CREATE,PASS,PASS,
TC-PA2635,VARCHAR(63) -> VARCHAR(64),inplace,BUILD,BUILD_OR_ALTER_FAIL_EXPECTED,MANUAL,CHECK_MANUALLY
TC-QA2636,VARCHAR(63) -> VARCHAR(64),inplace,CREATE,PASS,PASS,
TC-PA2637,VARCHAR(64) -> VARCHAR(65),inplace,BUILD,BUILD_OR_ALTER_FAIL_EXPECTED,MANUAL,CHECK_MANUALLY
TC-QA2638,VARCHAR(64) -> VARCHAR(65),inplace,CREATE,PASS,PASS,
TC-PA2639,VARCHAR(100) -> VARCHAR(200),inplace,BUILD,BUILD_OR_ALTER_FAIL_EXPECTED,MANUAL,CHECK_MANUALLY
TC-QA2640,VARCHAR(100) -> VARCHAR(200),inplace,CREATE,PASS,PASS,
TC-QA2642,TINYINT -> SMALLINT,inplace,CREATE,PASS,PASS,
TC-QA2644,TINYINT -> MEDIUMINT,inplace,CREATE,PASS,PASS,
TC-QA2646,TINYINT -> INT,inplace,CREATE,PASS,PASS,
TC-QA2648,TINYINT -> BIGINT,inplace,CREATE,PASS,PASS,
TC-QA2650,SMALLINT -> MEDIUMINT,inplace,CREATE,PASS,PASS,
TC-QA2652,SMALLINT -> INT,inplace,CREATE,PASS,PASS,
TC-QA2654,SMALLINT -> BIGINT,inplace,CREATE,PASS,PASS,
TC-QA2656,MEDIUMINT -> INT,inplace,CREATE,PASS,PASS,
TC-QA2658,MEDIUMINT -> BIGINT,inplace,CREATE,PASS,PASS,
TC-QA2660,INT -> BIGINT,inplace,CREATE,PASS,PASS,
TC-QA2662,TINYINT UNSIGNED -> SMALLINT UNSIGNED,inplace,CREATE,PASS,PASS,
TC-QA2664,TINYINT UNSIGNED -> MEDIUMINT UNSIGNED,inplace,CREATE,PASS,PASS,
TC-QA2666,TINYINT UNSIGNED -> INT UNSIGNED,inplace,CREATE,PASS,PASS,
TC-QA2668,TINYINT UNSIGNED -> BIGINT UNSIGNED,inplace,CREATE,PASS,PASS,
TC-QA2670,SMALLINT UNSIGNED -> MEDIUMINT UNSIGNED,inplace,CREATE,PASS,PASS,
TC-QA2672,SMALLINT UNSIGNED -> INT UNSIGNED,inplace,CREATE,PASS,PASS,
TC-QA2674,SMALLINT UNSIGNED -> BIGINT UNSIGNED,inplace,CREATE,PASS,PASS,
TC-QA2676,MEDIUMINT UNSIGNED -> INT UNSIGNED,inplace,CREATE,PASS,PASS,
TC-QA2678,MEDIUMINT UNSIGNED -> BIGINT UNSIGNED,inplace,CREATE,PASS,PASS,
TC-QA2680,INT UNSIGNED -> BIGINT UNSIGNED,inplace,CREATE,PASS,PASS,
TC-PA2681,CHAR(1) -> CHAR(2),inplace,BUILD,BUILD_OR_ALTER_FAIL_EXPECTED,MANUAL,CHECK_MANUALLY
TC-QA2682,CHAR(1) -> CHAR(2),inplace,CREATE,PASS,PASS,
TC-PA2683,CHAR(63) -> CHAR(64),inplace,BUILD,BUILD_OR_ALTER_FAIL_EXPECTED,MANUAL,CHECK_MANUALLY
TC-QA2684,CHAR(63) -> CHAR(64),inplace,CREATE,PASS,PASS,
TC-PA2685,CHAR(254) -> CHAR(255),inplace,BUILD,BUILD_OR_ALTER_FAIL_EXPECTED,MANUAL,CHECK_MANUALLY
TC-QA2686,CHAR(254) -> CHAR(255),inplace,CREATE,PASS,PASS,
TC-PA2687,VARCHAR(1) -> VARCHAR(2),inplace,BUILD,BUILD_OR_ALTER_FAIL_EXPECTED,MANUAL,CHECK_MANUALLY
TC-QA2688,VARCHAR(1) -> VARCHAR(2),inplace,CREATE,PASS,PASS,
TC-PA2689,VARCHAR(254) -> VARCHAR(255),inplace,BUILD,BUILD_OR_ALTER_FAIL_EXPECTED,MANUAL,CHECK_MANUALLY
TC-QA2690,VARCHAR(254) -> VARCHAR(255),inplace,CREATE,PASS,PASS,
TC-PA2691,VARCHAR(255) -> VARCHAR(256),inplace,BUILD,BUILD_OR_ALTER_FAIL_EXPECTED,MANUAL,CHECK_MANUALLY
TC-QA2692,VARCHAR(255) -> VARCHAR(256),inplace,CREATE,PASS,PASS,
TC-PA2693,VARCHAR(85) -> VARCHAR(86),inplace,BUILD,BUILD_OR_ALTER_FAIL_EXPECTED,MANUAL,CHECK_MANUALLY
TC-QA2694,VARCHAR(85) -> VARCHAR(86),inplace,CREATE,PASS,PASS,
TC-PA2695,VARCHAR(63) -> VARCHAR(64),inplace,BUILD,BUILD_OR_ALTER_FAIL_EXPECTED,MANUAL,CHECK_MANUALLY
TC-QA2696,VARCHAR(63) -> VARCHAR(64),inplace,CREATE,PASS,PASS,
TC-PA2697,VARCHAR(64) -> VARCHAR(65),inplace,BUILD,BUILD_OR_ALTER_FAIL_EXPECTED,MANUAL,CHECK_MANUALLY
TC-QA2698,VARCHAR(64) -> VARCHAR(65),inplace,CREATE,PASS,PASS,
TC-PA2699,VARCHAR(100) -> VARCHAR(200),inplace,BUILD,BUILD_OR_ALTER_FAIL_EXPECTED,MANUAL,CHECK_MANUALLY
TC-QA2700,VARCHAR(100) -> VARCHAR(200),inplace,CREATE,PASS,PASS,
TC-QA2702,TINYINT -> SMALLINT,inplace,CREATE,PASS,PASS,
TC-QA2704,TINYINT -> MEDIUMINT,inplace,CREATE,PASS,PASS,
TC-QA2706,TINYINT -> INT,inplace,CREATE,PASS,PASS,
TC-QA2708,TINYINT -> BIGINT,inplace,CREATE,PASS,PASS,
TC-QA2710,SMALLINT -> MEDIUMINT,inplace,CREATE,PASS,PASS,
TC-QA2712,SMALLINT -> INT,inplace,CREATE,PASS,PASS,
TC-QA2714,SMALLINT -> BIGINT,inplace,CREATE,PASS,PASS,
TC-QA2716,MEDIUMINT -> INT,inplace,CREATE,PASS,PASS,
TC-QA2718,MEDIUMINT -> BIGINT,inplace,CREATE,PASS,PASS,
TC-QA2720,INT -> BIGINT,inplace,CREATE,PASS,PASS,
TC-QA2722,TINYINT UNSIGNED -> SMALLINT UNSIGNED,inplace,CREATE,PASS,PASS,
TC-QA2724,TINYINT UNSIGNED -> MEDIUMINT UNSIGNED,inplace,CREATE,PASS,PASS,
TC-QA2726,TINYINT UNSIGNED -> INT UNSIGNED,inplace,CREATE,PASS,PASS,
TC-QA2728,TINYINT UNSIGNED -> BIGINT UNSIGNED,inplace,CREATE,PASS,PASS,
TC-QA2730,SMALLINT UNSIGNED -> MEDIUMINT UNSIGNED,inplace,CREATE,PASS,PASS,
TC-QA2732,SMALLINT UNSIGNED -> INT UNSIGNED,inplace,CREATE,PASS,PASS,
TC-QA2734,SMALLINT UNSIGNED -> BIGINT UNSIGNED,inplace,CREATE,PASS,PASS,
TC-QA2736,MEDIUMINT UNSIGNED -> INT UNSIGNED,inplace,CREATE,PASS,PASS,
TC-QA2738,MEDIUMINT UNSIGNED -> BIGINT UNSIGNED,inplace,CREATE,PASS,PASS,
TC-QA2740,INT UNSIGNED -> BIGINT UNSIGNED,inplace,CREATE,PASS,PASS,
TC-PA2741,CHAR(1) -> CHAR(2),inplace,BUILD,BUILD_OR_ALTER_FAIL_EXPECTED,MANUAL,CHECK_MANUALLY
TC-QA2742,CHAR(1) -> CHAR(2),inplace,CREATE,PASS,PASS,
TC-PA2743,CHAR(63) -> CHAR(64),inplace,BUILD,BUILD_OR_ALTER_FAIL_EXPECTED,MANUAL,CHECK_MANUALLY
TC-QA2744,CHAR(63) -> CHAR(64),inplace,CREATE,PASS,PASS,
TC-PA2745,CHAR(254) -> CHAR(255),inplace,BUILD,BUILD_OR_ALTER_FAIL_EXPECTED,MANUAL,CHECK_MANUALLY
TC-QA2746,CHAR(254) -> CHAR(255),inplace,CREATE,PASS,PASS,
TC-PA2747,VARCHAR(1) -> VARCHAR(2),inplace,BUILD,BUILD_OR_ALTER_FAIL_EXPECTED,MANUAL,CHECK_MANUALLY
TC-QA2748,VARCHAR(1) -> VARCHAR(2),inplace,CREATE,PASS,PASS,
TC-PA2749,VARCHAR(254) -> VARCHAR(255),inplace,BUILD,BUILD_OR_ALTER_FAIL_EXPECTED,MANUAL,CHECK_MANUALLY
TC-QA2750,VARCHAR(254) -> VARCHAR(255),inplace,CREATE,PASS,PASS,
TC-PA2751,VARCHAR(255) -> VARCHAR(256),inplace,BUILD,BUILD_OR_ALTER_FAIL_EXPECTED,MANUAL,CHECK_MANUALLY
TC-QA2752,VARCHAR(255) -> VARCHAR(256),inplace,CREATE,PASS,PASS,
TC-PA2753,VARCHAR(85) -> VARCHAR(86),inplace,BUILD,BUILD_OR_ALTER_FAIL_EXPECTED,MANUAL,CHECK_MANUALLY
TC-QA2754,VARCHAR(85) -> VARCHAR(86),inplace,CREATE,PASS,PASS,
TC-PA2755,VARCHAR(63) -> VARCHAR(64),inplace,BUILD,BUILD_OR_ALTER_FAIL_EXPECTED,MANUAL,CHECK_MANUALLY
TC-QA2756,VARCHAR(63) -> VARCHAR(64),inplace,CREATE,PASS,PASS,
TC-PA2757,VARCHAR(64) -> VARCHAR(65),inplace,BUILD,BUILD_OR_ALTER_FAIL_EXPECTED,MANUAL,CHECK_MANUALLY
TC-QA2758,VARCHAR(64) -> VARCHAR(65),inplace,CREATE,PASS,PASS,
TC-PA2759,VARCHAR(100) -> VARCHAR(200),inplace,BUILD,BUILD_OR_ALTER_FAIL_EXPECTED,MANUAL,CHECK_MANUALLY
TC-QA2760,VARCHAR(100) -> VARCHAR(200),inplace,CREATE,PASS,PASS,
TC-QA2762,TINYINT -> SMALLINT,inplace,CREATE,PASS,PASS,
TC-QA2764,TINYINT -> MEDIUMINT,inplace,CREATE,PASS,PASS,
TC-QA2766,TINYINT -> INT,inplace,CREATE,PASS,PASS,
TC-QA2768,TINYINT -> BIGINT,inplace,CREATE,PASS,PASS,
TC-QA2770,SMALLINT -> MEDIUMINT,inplace,CREATE,PASS,PASS,
TC-QA2772,SMALLINT -> INT,inplace,CREATE,PASS,PASS,
TC-QA2774,SMALLINT -> BIGINT,inplace,CREATE,PASS,PASS,
TC-QA2776,MEDIUMINT -> INT,inplace,CREATE,PASS,PASS,
TC-QA2778,MEDIUMINT -> BIGINT,inplace,CREATE,PASS,PASS,
TC-QA2780,INT -> BIGINT,inplace,CREATE,PASS,PASS,
TC-QA2782,TINYINT UNSIGNED -> SMALLINT UNSIGNED,inplace,CREATE,PASS,PASS,
TC-QA2784,TINYINT UNSIGNED -> MEDIUMINT UNSIGNED,inplace,CREATE,PASS,PASS,
TC-QA2786,TINYINT UNSIGNED -> INT UNSIGNED,inplace,CREATE,PASS,PASS,
TC-QA2788,TINYINT UNSIGNED -> BIGINT UNSIGNED,inplace,CREATE,PASS,PASS,
TC-QA2790,SMALLINT UNSIGNED -> MEDIUMINT UNSIGNED,inplace,CREATE,PASS,PASS,
TC-QA2792,SMALLINT UNSIGNED -> INT UNSIGNED,inplace,CREATE,PASS,PASS,
TC-QA2794,SMALLINT UNSIGNED -> BIGINT UNSIGNED,inplace,CREATE,PASS,PASS,
TC-QA2796,MEDIUMINT UNSIGNED -> INT UNSIGNED,inplace,CREATE,PASS,PASS,
TC-QA2798,MEDIUMINT UNSIGNED -> BIGINT UNSIGNED,inplace,CREATE,PASS,PASS,
TC-QA2800,INT UNSIGNED -> BIGINT UNSIGNED,inplace,CREATE,PASS,PASS,
TC-PA2801,CHAR(1) -> CHAR(2),inplace,BUILD,BUILD_OR_ALTER_FAIL_EXPECTED,MANUAL,CHECK_MANUALLY
TC-QA2802,CHAR(1) -> CHAR(2),inplace,CREATE,PASS,PASS,
TC-PA2803,CHAR(63) -> CHAR(64),inplace,BUILD,BUILD_OR_ALTER_FAIL_EXPECTED,MANUAL,CHECK_MANUALLY
TC-QA2804,CHAR(63) -> CHAR(64),inplace,CREATE,PASS,PASS,
TC-PA2805,CHAR(254) -> CHAR(255),inplace,BUILD,BUILD_OR_ALTER_FAIL_EXPECTED,MANUAL,CHECK_MANUALLY
TC-QA2806,CHAR(254) -> CHAR(255),inplace,CREATE,PASS,PASS,
TC-PA2807,VARCHAR(1) -> VARCHAR(2),inplace,BUILD,BUILD_OR_ALTER_FAIL_EXPECTED,MANUAL,CHECK_MANUALLY
TC-QA2808,VARCHAR(1) -> VARCHAR(2),inplace,CREATE,PASS,PASS,
TC-PA2809,VARCHAR(254) -> VARCHAR(255),inplace,BUILD,BUILD_OR_ALTER_FAIL_EXPECTED,MANUAL,CHECK_MANUALLY
TC-QA2810,VARCHAR(254) -> VARCHAR(255),inplace,CREATE,PASS,PASS,
TC-PA2811,VARCHAR(255) -> VARCHAR(256),inplace,BUILD,BUILD_OR_ALTER_FAIL_EXPECTED,MANUAL,CHECK_MANUALLY
TC-QA2812,VARCHAR(255) -> VARCHAR(256),inplace,CREATE,PASS,PASS,
TC-PA2813,VARCHAR(85) -> VARCHAR(86),inplace,BUILD,BUILD_OR_ALTER_FAIL_EXPECTED,MANUAL,CHECK_MANUALLY
TC-QA2814,VARCHAR(85) -> VARCHAR(86),inplace,CREATE,PASS,PASS,
TC-PA2815,VARCHAR(63) -> VARCHAR(64),inplace,BUILD,BUILD_OR_ALTER_FAIL_EXPECTED,MANUAL,CHECK_MANUALLY
TC-QA2816,VARCHAR(63) -> VARCHAR(64),inplace,CREATE,PASS,PASS,
TC-PA2817,VARCHAR(64) -> VARCHAR(65),inplace,BUILD,BUILD_OR_ALTER_FAIL_EXPECTED,MANUAL,CHECK_MANUALLY
TC-QA2818,VARCHAR(64) -> VARCHAR(65),inplace,CREATE,PASS,PASS,
TC-PA2819,VARCHAR(100) -> VARCHAR(200),inplace,BUILD,BUILD_OR_ALTER_FAIL_EXPECTED,MANUAL,CHECK_MANUALLY
TC-QA2820,VARCHAR(100) -> VARCHAR(200),inplace,CREATE,PASS,PASS,
TC-QA2822,TINYINT -> SMALLINT,inplace,CREATE,PASS,PASS,
TC-QA2824,TINYINT -> MEDIUMINT,inplace,CREATE,PASS,PASS,
TC-QA2826,TINYINT -> INT,inplace,CREATE,PASS,PASS,
TC-QA2828,TINYINT -> BIGINT,inplace,CREATE,PASS,PASS,
TC-QA2830,SMALLINT -> MEDIUMINT,inplace,CREATE,PASS,PASS,
TC-QA2832,SMALLINT -> INT,inplace,CREATE,PASS,PASS,
TC-QA2834,SMALLINT -> BIGINT,inplace,CREATE,PASS,PASS,
TC-QA2836,MEDIUMINT -> INT,inplace,CREATE,PASS,PASS,
TC-QA2838,MEDIUMINT -> BIGINT,inplace,CREATE,PASS,PASS,
TC-QA2840,INT -> BIGINT,inplace,CREATE,PASS,PASS,
TC-QA2842,TINYINT UNSIGNED -> SMALLINT UNSIGNED,inplace,CREATE,PASS,PASS,
TC-QA2844,TINYINT UNSIGNED -> MEDIUMINT UNSIGNED,inplace,CREATE,PASS,PASS,
TC-QA2846,TINYINT UNSIGNED -> INT UNSIGNED,inplace,CREATE,PASS,PASS,
TC-QA2848,TINYINT UNSIGNED -> BIGINT UNSIGNED,inplace,CREATE,PASS,PASS,
TC-QA2850,SMALLINT UNSIGNED -> MEDIUMINT UNSIGNED,inplace,CREATE,PASS,PASS,
TC-QA2852,SMALLINT UNSIGNED -> INT UNSIGNED,inplace,CREATE,PASS,PASS,
TC-QA2854,SMALLINT UNSIGNED -> BIGINT UNSIGNED,inplace,CREATE,PASS,PASS,
TC-QA2856,MEDIUMINT UNSIGNED -> INT UNSIGNED,inplace,CREATE,PASS,PASS,
TC-QA2858,MEDIUMINT UNSIGNED -> BIGINT UNSIGNED,inplace,CREATE,PASS,PASS,
TC-QA2860,INT UNSIGNED -> BIGINT UNSIGNED,inplace,CREATE,PASS,PASS,
TC-PA2861,CHAR(1) -> CHAR(2),inplace,BUILD,BUILD_OR_ALTER_FAIL_EXPECTED,MANUAL,CHECK_MANUALLY
TC-QA2862,CHAR(1) -> CHAR(2),inplace,CREATE,PASS,PASS,
TC-PA2863,CHAR(63) -> CHAR(64),inplace,BUILD,BUILD_OR_ALTER_FAIL_EXPECTED,MANUAL,CHECK_MANUALLY
TC-QA2864,CHAR(63) -> CHAR(64),inplace,CREATE,PASS,PASS,
TC-PA2865,CHAR(254) -> CHAR(255),inplace,BUILD,BUILD_OR_ALTER_FAIL_EXPECTED,MANUAL,CHECK_MANUALLY
TC-QA2866,CHAR(254) -> CHAR(255),inplace,CREATE,PASS,PASS,
TC-PA2867,VARCHAR(1) -> VARCHAR(2),inplace,BUILD,BUILD_OR_ALTER_FAIL_EXPECTED,MANUAL,CHECK_MANUALLY
TC-QA2868,VARCHAR(1) -> VARCHAR(2),inplace,CREATE,PASS,PASS,
TC-PA2869,VARCHAR(254) -> VARCHAR(255),inplace,BUILD,BUILD_OR_ALTER_FAIL_EXPECTED,MANUAL,CHECK_MANUALLY
TC-QA2870,VARCHAR(254) -> VARCHAR(255),inplace,CREATE,PASS,PASS,
TC-PA2871,VARCHAR(255) -> VARCHAR(256),inplace,BUILD,BUILD_OR_ALTER_FAIL_EXPECTED,MANUAL,CHECK_MANUALLY
TC-QA2872,VARCHAR(255) -> VARCHAR(256),inplace,CREATE,PASS,PASS,
TC-PA2873,VARCHAR(85) -> VARCHAR(86),inplace,BUILD,BUILD_OR_ALTER_FAIL_EXPECTED,MANUAL,CHECK_MANUALLY
TC-QA2874,VARCHAR(85) -> VARCHAR(86),inplace,CREATE,PASS,PASS,
TC-PA2875,VARCHAR(63) -> VARCHAR(64),inplace,BUILD,BUILD_OR_ALTER_FAIL_EXPECTED,MANUAL,CHECK_MANUALLY
TC-QA2876,VARCHAR(63) -> VARCHAR(64),inplace,CREATE,PASS,PASS,
TC-PA2877,VARCHAR(64) -> VARCHAR(65),inplace,BUILD,BUILD_OR_ALTER_FAIL_EXPECTED,MANUAL,CHECK_MANUALLY
TC-QA2878,VARCHAR(64) -> VARCHAR(65),inplace,CREATE,PASS,PASS,
TC-PA2879,VARCHAR(100) -> VARCHAR(200),inplace,BUILD,BUILD_OR_ALTER_FAIL_EXPECTED,MANUAL,CHECK_MANUALLY
TC-QA2880,VARCHAR(100) -> VARCHAR(200),inplace,CREATE,PASS,PASS,
TC-QA2882,TINYINT -> SMALLINT,inplace,CREATE,PASS,PASS,
TC-QA2884,TINYINT -> MEDIUMINT,inplace,CREATE,PASS,PASS,
TC-QA2886,TINYINT -> INT,inplace,CREATE,PASS,PASS,
TC-QA2888,TINYINT -> BIGINT,inplace,CREATE,PASS,PASS,
TC-QA2890,SMALLINT -> MEDIUMINT,inplace,CREATE,PASS,PASS,
TC-QA2892,SMALLINT -> INT,inplace,CREATE,PASS,PASS,
TC-QA2894,SMALLINT -> BIGINT,inplace,CREATE,PASS,PASS,
TC-QA2896,MEDIUMINT -> INT,inplace,CREATE,PASS,PASS,
TC-QA2898,MEDIUMINT -> BIGINT,inplace,CREATE,PASS,PASS,
TC-QA2900,INT -> BIGINT,inplace,CREATE,PASS,PASS,
TC-QA2902,TINYINT UNSIGNED -> SMALLINT UNSIGNED,inplace,CREATE,PASS,PASS,
TC-QA2904,TINYINT UNSIGNED -> MEDIUMINT UNSIGNED,inplace,CREATE,PASS,PASS,
TC-QA2906,TINYINT UNSIGNED -> INT UNSIGNED,inplace,CREATE,PASS,PASS,
TC-QA2908,TINYINT UNSIGNED -> BIGINT UNSIGNED,inplace,CREATE,PASS,PASS,
TC-QA2910,SMALLINT UNSIGNED -> MEDIUMINT UNSIGNED,inplace,CREATE,PASS,PASS,
TC-QA2912,SMALLINT UNSIGNED -> INT UNSIGNED,inplace,CREATE,PASS,PASS,
TC-QA2914,SMALLINT UNSIGNED -> BIGINT UNSIGNED,inplace,CREATE,PASS,PASS,
TC-QA2916,MEDIUMINT UNSIGNED -> INT UNSIGNED,inplace,CREATE,PASS,PASS,
TC-QA2918,MEDIUMINT UNSIGNED -> BIGINT UNSIGNED,inplace,CREATE,PASS,PASS,
TC-QA2920,INT UNSIGNED -> BIGINT UNSIGNED,inplace,CREATE,PASS,PASS,
TC-QA2922,CHAR(1) -> CHAR(2),inplace,CREATE,PASS,PASS,
TC-QA2924,CHAR(63) -> CHAR(64),inplace,CREATE,PASS,PASS,
TC-QA2926,CHAR(254) -> CHAR(255),inplace,CREATE,PASS,PASS,
TC-QA2928,VARCHAR(1) -> VARCHAR(2),inplace,CREATE,PASS,PASS,
TC-QA2930,VARCHAR(254) -> VARCHAR(255),inplace,CREATE,PASS,PASS,
TC-QA2932,VARCHAR(255) -> VARCHAR(256),inplace,CREATE,PASS,PASS,
TC-QA2934,VARCHAR(85) -> VARCHAR(86),inplace,CREATE,PASS,PASS,
TC-QA2936,VARCHAR(63) -> VARCHAR(64),inplace,CREATE,PASS,PASS,
TC-QA2938,VARCHAR(64) -> VARCHAR(65),inplace,CREATE,PASS,PASS,
TC-QA2940,VARCHAR(100) -> VARCHAR(200),inplace,CREATE,PASS,PASS,
TC-QA2942,TINYINT -> SMALLINT,inplace,CREATE,PASS,PASS,
TC-QA2944,TINYINT -> MEDIUMINT,inplace,CREATE,PASS,PASS,
TC-QA2946,TINYINT -> INT,inplace,CREATE,PASS,PASS,
TC-QA2948,TINYINT -> BIGINT,inplace,CREATE,PASS,PASS,
TC-QA2950,SMALLINT -> MEDIUMINT,inplace,CREATE,PASS,PASS,
TC-QA2952,SMALLINT -> INT,inplace,CREATE,PASS,PASS,
TC-QA2954,SMALLINT -> BIGINT,inplace,CREATE,PASS,PASS,
TC-QA2956,MEDIUMINT -> INT,inplace,CREATE,PASS,PASS,
TC-QA2958,MEDIUMINT -> BIGINT,inplace,CREATE,PASS,PASS,
TC-QA2960,INT -> BIGINT,inplace,CREATE,PASS,PASS,
TC-QA2962,TINYINT UNSIGNED -> SMALLINT UNSIGNED,inplace,CREATE,PASS,PASS,
TC-QA2964,TINYINT UNSIGNED -> MEDIUMINT UNSIGNED,inplace,CREATE,PASS,PASS,
TC-QA2966,TINYINT UNSIGNED -> INT UNSIGNED,inplace,CREATE,PASS,PASS,
TC-QA2968,TINYINT UNSIGNED -> BIGINT UNSIGNED,inplace,CREATE,PASS,PASS,
TC-QA2970,SMALLINT UNSIGNED -> MEDIUMINT UNSIGNED,inplace,CREATE,PASS,PASS,
TC-QA2972,SMALLINT UNSIGNED -> INT UNSIGNED,inplace,CREATE,PASS,PASS,
TC-QA2974,SMALLINT UNSIGNED -> BIGINT UNSIGNED,inplace,CREATE,PASS,PASS,
TC-QA2976,MEDIUMINT UNSIGNED -> INT UNSIGNED,inplace,CREATE,PASS,PASS,
TC-QA2978,MEDIUMINT UNSIGNED -> BIGINT UNSIGNED,inplace,CREATE,PASS,PASS,
TC-QA2980,INT UNSIGNED -> BIGINT UNSIGNED,inplace,CREATE,PASS,PASS,
TC-QA2982,CHAR(1) -> CHAR(2),inplace,CREATE,PASS,PASS,
TC-QA2984,CHAR(63) -> CHAR(64),inplace,CREATE,PASS,PASS,
TC-QA2986,CHAR(254) -> CHAR(255),inplace,CREATE,PASS,PASS,
TC-QA2988,VARCHAR(1) -> VARCHAR(2),inplace,CREATE,PASS,PASS,
TC-QA2990,VARCHAR(254) -> VARCHAR(255),inplace,CREATE,PASS,PASS,
TC-QA2992,VARCHAR(255) -> VARCHAR(256),inplace,CREATE,PASS,PASS,
TC-QA2994,VARCHAR(85) -> VARCHAR(86),inplace,CREATE,PASS,PASS,
TC-QA2996,VARCHAR(63) -> VARCHAR(64),inplace,CREATE,PASS,PASS,
TC-QA2998,VARCHAR(64) -> VARCHAR(65),inplace,CREATE,PASS,PASS,
TC-QA3000,VARCHAR(100) -> VARCHAR(200),inplace,CREATE,PASS,PASS,
TC-QA3002,TINYINT -> SMALLINT,inplace,CREATE,PASS,PASS,
TC-QA3004,TINYINT -> MEDIUMINT,inplace,CREATE,PASS,PASS,
TC-QA3006,TINYINT -> INT,inplace,CREATE,PASS,PASS,
TC-QA3008,TINYINT -> BIGINT,inplace,CREATE,PASS,PASS,
TC-QA3010,SMALLINT -> MEDIUMINT,inplace,CREATE,PASS,PASS,
TC-QA3012,SMALLINT -> INT,inplace,CREATE,PASS,PASS,
TC-QA3014,SMALLINT -> BIGINT,inplace,CREATE,PASS,PASS,
TC-QA3016,MEDIUMINT -> INT,inplace,CREATE,PASS,PASS,
TC-QA3018,MEDIUMINT -> BIGINT,inplace,CREATE,PASS,PASS,
TC-QA3020,INT -> BIGINT,inplace,CREATE,PASS,PASS,
TC-QA3022,TINYINT UNSIGNED -> SMALLINT UNSIGNED,inplace,CREATE,PASS,PASS,
TC-QA3024,TINYINT UNSIGNED -> MEDIUMINT UNSIGNED,inplace,CREATE,PASS,PASS,
TC-QA3026,TINYINT UNSIGNED -> INT UNSIGNED,inplace,CREATE,PASS,PASS,
TC-QA3028,TINYINT UNSIGNED -> BIGINT UNSIGNED,inplace,CREATE,PASS,PASS,
TC-QA3030,SMALLINT UNSIGNED -> MEDIUMINT UNSIGNED,inplace,CREATE,PASS,PASS,
TC-QA3032,SMALLINT UNSIGNED -> INT UNSIGNED,inplace,CREATE,PASS,PASS,
TC-QA3034,SMALLINT UNSIGNED -> BIGINT UNSIGNED,inplace,CREATE,PASS,PASS,
TC-QA3036,MEDIUMINT UNSIGNED -> INT UNSIGNED,inplace,CREATE,PASS,PASS,
TC-QA3038,MEDIUMINT UNSIGNED -> BIGINT UNSIGNED,inplace,CREATE,PASS,PASS,
TC-QA3040,INT UNSIGNED -> BIGINT UNSIGNED,inplace,CREATE,PASS,PASS,
TC-QA3042,CHAR(1) -> CHAR(2),inplace,CREATE,PASS,PASS,
TC-QA3044,CHAR(63) -> CHAR(64),inplace,CREATE,PASS,PASS,
TC-QA3046,CHAR(254) -> CHAR(255),inplace,CREATE,PASS,PASS,
TC-QA3048,VARCHAR(1) -> VARCHAR(2),inplace,CREATE,PASS,PASS,
TC-QA3050,VARCHAR(254) -> VARCHAR(255),inplace,CREATE,PASS,PASS,
TC-QA3052,VARCHAR(255) -> VARCHAR(256),inplace,CREATE,PASS,PASS,
TC-QA3054,VARCHAR(85) -> VARCHAR(86),inplace,CREATE,PASS,PASS,
TC-QA3056,VARCHAR(63) -> VARCHAR(64),inplace,CREATE,PASS,PASS,
TC-QA3058,VARCHAR(64) -> VARCHAR(65),inplace,CREATE,PASS,PASS,
TC-QA3060,VARCHAR(100) -> VARCHAR(200),inplace,CREATE,PASS,PASS,
TC-QA3062,TINYINT -> SMALLINT,inplace,CREATE,PASS,PASS,
TC-QA3064,TINYINT -> MEDIUMINT,inplace,CREATE,PASS,PASS,
TC-QA3066,TINYINT -> INT,inplace,CREATE,PASS,PASS,
TC-QA3068,TINYINT -> BIGINT,inplace,CREATE,PASS,PASS,
TC-QA3070,SMALLINT -> MEDIUMINT,inplace,CREATE,PASS,PASS,
TC-QA3072,SMALLINT -> INT,inplace,CREATE,PASS,PASS,
TC-QA3074,SMALLINT -> BIGINT,inplace,CREATE,PASS,PASS,
TC-QA3076,MEDIUMINT -> INT,inplace,CREATE,PASS,PASS,
TC-QA3078,MEDIUMINT -> BIGINT,inplace,CREATE,PASS,PASS,
TC-QA3080,INT -> BIGINT,inplace,CREATE,PASS,PASS,
TC-QA3082,TINYINT UNSIGNED -> SMALLINT UNSIGNED,inplace,CREATE,PASS,PASS,
TC-QA3084,TINYINT UNSIGNED -> MEDIUMINT UNSIGNED,inplace,CREATE,PASS,PASS,
TC-QA3086,TINYINT UNSIGNED -> INT UNSIGNED,inplace,CREATE,PASS,PASS,
TC-QA3088,TINYINT UNSIGNED -> BIGINT UNSIGNED,inplace,CREATE,PASS,PASS,
TC-QA3090,SMALLINT UNSIGNED -> MEDIUMINT UNSIGNED,inplace,CREATE,PASS,PASS,
TC-QA3092,SMALLINT UNSIGNED -> INT UNSIGNED,inplace,CREATE,PASS,PASS,
TC-QA3094,SMALLINT UNSIGNED -> BIGINT UNSIGNED,inplace,CREATE,PASS,PASS,
TC-QA3096,MEDIUMINT UNSIGNED -> INT UNSIGNED,inplace,CREATE,PASS,PASS,
TC-QA3098,MEDIUMINT UNSIGNED -> BIGINT UNSIGNED,inplace,CREATE,PASS,PASS,
TC-QA3100,INT UNSIGNED -> BIGINT UNSIGNED,inplace,CREATE,PASS,PASS,
TC-QA3102,CHAR(1) -> CHAR(2),inplace,CREATE,PASS,PASS,
TC-QA3104,CHAR(63) -> CHAR(64),inplace,CREATE,PASS,PASS,
TC-QA3106,CHAR(254) -> CHAR(255),inplace,CREATE,PASS,PASS,
TC-QA3108,VARCHAR(1) -> VARCHAR(2),inplace,CREATE,PASS,PASS,
TC-QA3110,VARCHAR(254) -> VARCHAR(255),inplace,CREATE,PASS,PASS,
TC-QA3112,VARCHAR(255) -> VARCHAR(256),inplace,CREATE,PASS,PASS,
TC-QA3114,VARCHAR(85) -> VARCHAR(86),inplace,CREATE,PASS,PASS,
TC-QA3116,VARCHAR(63) -> VARCHAR(64),inplace,CREATE,PASS,PASS,
TC-QA3118,VARCHAR(64) -> VARCHAR(65),inplace,CREATE,PASS,PASS,
TC-QA3120,VARCHAR(100) -> VARCHAR(200),inplace,CREATE,PASS,PASS,
TC-QA3122,TINYINT -> SMALLINT,inplace,CREATE,PASS,PASS,
TC-QA3124,TINYINT -> MEDIUMINT,inplace,CREATE,PASS,PASS,
TC-QA3126,TINYINT -> INT,inplace,CREATE,PASS,PASS,
TC-QA3128,TINYINT -> BIGINT,inplace,CREATE,PASS,PASS,
TC-QA3130,SMALLINT -> MEDIUMINT,inplace,CREATE,PASS,PASS,
TC-QA3132,SMALLINT -> INT,inplace,CREATE,PASS,PASS,
TC-QA3134,SMALLINT -> BIGINT,inplace,CREATE,PASS,PASS,
TC-QA3136,MEDIUMINT -> INT,inplace,CREATE,PASS,PASS,
TC-QA3138,MEDIUMINT -> BIGINT,inplace,CREATE,PASS,PASS,
TC-QA3140,INT -> BIGINT,inplace,CREATE,PASS,PASS,
TC-QA3142,TINYINT UNSIGNED -> SMALLINT UNSIGNED,inplace,CREATE,PASS,PASS,
TC-QA3144,TINYINT UNSIGNED -> MEDIUMINT UNSIGNED,inplace,CREATE,PASS,PASS,
TC-QA3146,TINYINT UNSIGNED -> INT UNSIGNED,inplace,CREATE,PASS,PASS,
TC-QA3148,TINYINT UNSIGNED -> BIGINT UNSIGNED,inplace,CREATE,PASS,PASS,
TC-QA3150,SMALLINT UNSIGNED -> MEDIUMINT UNSIGNED,inplace,CREATE,PASS,PASS,
TC-QA3152,SMALLINT UNSIGNED -> INT UNSIGNED,inplace,CREATE,PASS,PASS,
TC-QA3154,SMALLINT UNSIGNED -> BIGINT UNSIGNED,inplace,CREATE,PASS,PASS,
TC-QA3156,MEDIUMINT UNSIGNED -> INT UNSIGNED,inplace,CREATE,PASS,PASS,
TC-QA3158,MEDIUMINT UNSIGNED -> BIGINT UNSIGNED,inplace,CREATE,PASS,PASS,
TC-QA3160,INT UNSIGNED -> BIGINT UNSIGNED,inplace,CREATE,PASS,PASS,
TC-QA3162,CHAR(1) -> CHAR(2),inplace,CREATE,PASS,PASS,
TC-QA3164,CHAR(63) -> CHAR(64),inplace,CREATE,PASS,PASS,
TC-QA3166,CHAR(254) -> CHAR(255),inplace,CREATE,PASS,PASS,
TC-QA3168,VARCHAR(1) -> VARCHAR(2),inplace,CREATE,PASS,PASS,
TC-QA3170,VARCHAR(254) -> VARCHAR(255),inplace,CREATE,PASS,PASS,
TC-QA3172,VARCHAR(255) -> VARCHAR(256),inplace,CREATE,PASS,PASS,
TC-QA3174,VARCHAR(85) -> VARCHAR(86),inplace,CREATE,PASS,PASS,
TC-QA3176,VARCHAR(63) -> VARCHAR(64),inplace,CREATE,PASS,PASS,
TC-QA3178,VARCHAR(64) -> VARCHAR(65),inplace,CREATE,PASS,PASS,
TC-QA3180,VARCHAR(100) -> VARCHAR(200),inplace,CREATE,PASS,PASS,
TC-QA3182,TINYINT -> SMALLINT,inplace,CREATE,PASS,PASS,
TC-QA3184,TINYINT -> MEDIUMINT,inplace,CREATE,PASS,PASS,
TC-QA3186,TINYINT -> INT,inplace,CREATE,PASS,PASS,
TC-QA3188,TINYINT -> BIGINT,inplace,CREATE,PASS,PASS,
TC-QA3190,SMALLINT -> MEDIUMINT,inplace,CREATE,PASS,PASS,
TC-QA3192,SMALLINT -> INT,inplace,CREATE,PASS,PASS,
TC-QA3194,SMALLINT -> BIGINT,inplace,CREATE,PASS,PASS,
TC-QA3196,MEDIUMINT -> INT,inplace,CREATE,PASS,PASS,
TC-QA3198,MEDIUMINT -> BIGINT,inplace,CREATE,PASS,PASS,
TC-QA3200,INT -> BIGINT,inplace,CREATE,PASS,PASS,
TC-QA3202,TINYINT UNSIGNED -> SMALLINT UNSIGNED,inplace,CREATE,PASS,PASS,
TC-QA3204,TINYINT UNSIGNED -> MEDIUMINT UNSIGNED,inplace,CREATE,PASS,PASS,
TC-QA3206,TINYINT UNSIGNED -> INT UNSIGNED,inplace,CREATE,PASS,PASS,
TC-QA3208,TINYINT UNSIGNED -> BIGINT UNSIGNED,inplace,CREATE,PASS,PASS,
TC-QA3210,SMALLINT UNSIGNED -> MEDIUMINT UNSIGNED,inplace,CREATE,PASS,PASS,
TC-QA3212,SMALLINT UNSIGNED -> INT UNSIGNED,inplace,CREATE,PASS,PASS,
TC-QA3214,SMALLINT UNSIGNED -> BIGINT UNSIGNED,inplace,CREATE,PASS,PASS,
TC-QA3216,MEDIUMINT UNSIGNED -> INT UNSIGNED,inplace,CREATE,PASS,PASS,
TC-QA3218,MEDIUMINT UNSIGNED -> BIGINT UNSIGNED,inplace,CREATE,PASS,PASS,
TC-QA3220,INT UNSIGNED -> BIGINT UNSIGNED,inplace,CREATE,PASS,PASS,
TC-QA3222,CHAR(1) -> CHAR(2),inplace,CREATE,PASS,PASS,
TC-QA3224,CHAR(63) -> CHAR(64),inplace,CREATE,PASS,PASS,
TC-QA3226,CHAR(254) -> CHAR(255),inplace,CREATE,PASS,PASS,
TC-QA3228,VARCHAR(1) -> VARCHAR(2),inplace,CREATE,PASS,PASS,
TC-QA3230,VARCHAR(254) -> VARCHAR(255),inplace,CREATE,PASS,PASS,
TC-QA3232,VARCHAR(255) -> VARCHAR(256),inplace,CREATE,PASS,PASS,
TC-QA3234,VARCHAR(85) -> VARCHAR(86),inplace,CREATE,PASS,PASS,
TC-QA3236,VARCHAR(63) -> VARCHAR(64),inplace,CREATE,PASS,PASS,
TC-QA3238,VARCHAR(64) -> VARCHAR(65),inplace,CREATE,PASS,PASS,
TC-QA3240,VARCHAR(100) -> VARCHAR(200),inplace,CREATE,PASS,PASS,
TC-QA3242,TINYINT -> SMALLINT,inplace,CREATE,PASS,PASS,
TC-QA3244,TINYINT -> MEDIUMINT,inplace,CREATE,PASS,PASS,
TC-QA3246,TINYINT -> INT,inplace,CREATE,PASS,PASS,
TC-QA3248,TINYINT -> BIGINT,inplace,CREATE,PASS,PASS,
TC-QA3250,SMALLINT -> MEDIUMINT,inplace,CREATE,PASS,PASS,
TC-QA3252,SMALLINT -> INT,inplace,CREATE,PASS,PASS,
TC-QA3254,SMALLINT -> BIGINT,inplace,CREATE,PASS,PASS,
TC-QA3256,MEDIUMINT -> INT,inplace,CREATE,PASS,PASS,
TC-QA3258,MEDIUMINT -> BIGINT,inplace,CREATE,PASS,PASS,
TC-QA3260,INT -> BIGINT,inplace,CREATE,PASS,PASS,
TC-QA3262,TINYINT UNSIGNED -> SMALLINT UNSIGNED,inplace,CREATE,PASS,PASS,
TC-QA3264,TINYINT UNSIGNED -> MEDIUMINT UNSIGNED,inplace,CREATE,PASS,PASS,
TC-QA3266,TINYINT UNSIGNED -> INT UNSIGNED,inplace,CREATE,PASS,PASS,
TC-QA3268,TINYINT UNSIGNED -> BIGINT UNSIGNED,inplace,CREATE,PASS,PASS,
TC-QA3270,SMALLINT UNSIGNED -> MEDIUMINT UNSIGNED,inplace,CREATE,PASS,PASS,
TC-QA3272,SMALLINT UNSIGNED -> INT UNSIGNED,inplace,CREATE,PASS,PASS,
TC-QA3274,SMALLINT UNSIGNED -> BIGINT UNSIGNED,inplace,CREATE,PASS,PASS,
TC-QA3276,MEDIUMINT UNSIGNED -> INT UNSIGNED,inplace,CREATE,PASS,PASS,
TC-QA3278,MEDIUMINT UNSIGNED -> BIGINT UNSIGNED,inplace,CREATE,PASS,PASS,
TC-QA3280,INT UNSIGNED -> BIGINT UNSIGNED,inplace,CREATE,PASS,PASS,
TC-QA3282,CHAR(1) -> CHAR(2),inplace,CREATE,PASS,PASS,
TC-QA3284,CHAR(63) -> CHAR(64),inplace,CREATE,PASS,PASS,
TC-QA3286,CHAR(254) -> CHAR(255),inplace,CREATE,PASS,PASS,
TC-QA3288,VARCHAR(1) -> VARCHAR(2),inplace,CREATE,PASS,PASS,
TC-QA3290,VARCHAR(254) -> VARCHAR(255),inplace,CREATE,PASS,PASS,
TC-QA3292,VARCHAR(255) -> VARCHAR(256),inplace,CREATE,PASS,PASS,
TC-QA3294,VARCHAR(85) -> VARCHAR(86),inplace,CREATE,PASS,PASS,
TC-QA3296,VARCHAR(63) -> VARCHAR(64),inplace,CREATE,PASS,PASS,
TC-QA3298,VARCHAR(64) -> VARCHAR(65),inplace,CREATE,PASS,PASS,
TC-QA3300,VARCHAR(100) -> VARCHAR(200),inplace,CREATE,PASS,PASS,
TC-QA3302,TINYINT -> SMALLINT,inplace,CREATE,PASS,PASS,
TC-QA3304,TINYINT -> MEDIUMINT,inplace,CREATE,PASS,PASS,
TC-QA3306,TINYINT -> INT,inplace,CREATE,PASS,PASS,
TC-QA3308,TINYINT -> BIGINT,inplace,CREATE,PASS,PASS,
TC-QA3310,SMALLINT -> MEDIUMINT,inplace,CREATE,PASS,PASS,
TC-QA3312,SMALLINT -> INT,inplace,CREATE,PASS,PASS,
TC-QA3314,SMALLINT -> BIGINT,inplace,CREATE,PASS,PASS,
TC-QA3316,MEDIUMINT -> INT,inplace,CREATE,PASS,PASS,
TC-QA3318,MEDIUMINT -> BIGINT,inplace,CREATE,PASS,PASS,
TC-QA3320,INT -> BIGINT,inplace,CREATE,PASS,PASS,
TC-QA3322,TINYINT UNSIGNED -> SMALLINT UNSIGNED,inplace,CREATE,PASS,PASS,
TC-QA3324,TINYINT UNSIGNED -> MEDIUMINT UNSIGNED,inplace,CREATE,PASS,PASS,
TC-QA3326,TINYINT UNSIGNED -> INT UNSIGNED,inplace,CREATE,PASS,PASS,
TC-QA3328,TINYINT UNSIGNED -> BIGINT UNSIGNED,inplace,CREATE,PASS,PASS,
TC-QA3330,SMALLINT UNSIGNED -> MEDIUMINT UNSIGNED,inplace,CREATE,PASS,PASS,
TC-QA3332,SMALLINT UNSIGNED -> INT UNSIGNED,inplace,CREATE,PASS,PASS,
TC-QA3334,SMALLINT UNSIGNED -> BIGINT UNSIGNED,inplace,CREATE,PASS,PASS,
TC-QA3336,MEDIUMINT UNSIGNED -> INT UNSIGNED,inplace,CREATE,PASS,PASS,
TC-QA3338,MEDIUMINT UNSIGNED -> BIGINT UNSIGNED,inplace,CREATE,PASS,PASS,
TC-QA3340,INT UNSIGNED -> BIGINT UNSIGNED,inplace,CREATE,PASS,PASS,
TC-QA3342,CHAR(1) -> CHAR(2),inplace,CREATE,PASS,PASS,
TC-QA3344,CHAR(63) -> CHAR(64),inplace,CREATE,PASS,PASS,
TC-QA3346,CHAR(254) -> CHAR(255),inplace,CREATE,PASS,PASS,
TC-QA3348,VARCHAR(1) -> VARCHAR(2),inplace,CREATE,PASS,PASS,
TC-QA3350,VARCHAR(254) -> VARCHAR(255),inplace,CREATE,PASS,PASS,
TC-QA3352,VARCHAR(255) -> VARCHAR(256),inplace,CREATE,PASS,PASS,
TC-QA3354,VARCHAR(85) -> VARCHAR(86),inplace,CREATE,PASS,PASS,
TC-QA3356,VARCHAR(63) -> VARCHAR(64),inplace,CREATE,PASS,PASS,
TC-QA3358,VARCHAR(64) -> VARCHAR(65),inplace,CREATE,PASS,PASS,
TC-QA3360,VARCHAR(100) -> VARCHAR(200),inplace,CREATE,PASS,PASS,
TC-QA3362,TINYINT -> SMALLINT,inplace,CREATE,PASS,PASS,
TC-QA3364,TINYINT -> MEDIUMINT,inplace,CREATE,PASS,PASS,
TC-QA3366,TINYINT -> INT,inplace,CREATE,PASS,PASS,
TC-QA3368,TINYINT -> BIGINT,inplace,CREATE,PASS,PASS,
TC-QA3370,SMALLINT -> MEDIUMINT,inplace,CREATE,PASS,PASS,
TC-QA3372,SMALLINT -> INT,inplace,CREATE,PASS,PASS,
TC-QA3374,SMALLINT -> BIGINT,inplace,CREATE,PASS,PASS,
TC-QA3376,MEDIUMINT -> INT,inplace,CREATE,PASS,PASS,
TC-QA3378,MEDIUMINT -> BIGINT,inplace,CREATE,PASS,PASS,
TC-QA3380,INT -> BIGINT,inplace,CREATE,PASS,PASS,
TC-QA3382,TINYINT UNSIGNED -> SMALLINT UNSIGNED,inplace,CREATE,PASS,PASS,
TC-QA3384,TINYINT UNSIGNED -> MEDIUMINT UNSIGNED,inplace,CREATE,PASS,PASS,
TC-QA3386,TINYINT UNSIGNED -> INT UNSIGNED,inplace,CREATE,PASS,PASS,
TC-QA3388,TINYINT UNSIGNED -> BIGINT UNSIGNED,inplace,CREATE,PASS,PASS,
TC-QA3390,SMALLINT UNSIGNED -> MEDIUMINT UNSIGNED,inplace,CREATE,PASS,PASS,
TC-QA3392,SMALLINT UNSIGNED -> INT UNSIGNED,inplace,CREATE,PASS,PASS,
TC-QA3394,SMALLINT UNSIGNED -> BIGINT UNSIGNED,inplace,CREATE,PASS,PASS,
TC-QA3396,MEDIUMINT UNSIGNED -> INT UNSIGNED,inplace,CREATE,PASS,PASS,
TC-QA3398,MEDIUMINT UNSIGNED -> BIGINT UNSIGNED,inplace,CREATE,PASS,PASS,
TC-QA3400,INT UNSIGNED -> BIGINT UNSIGNED,inplace,CREATE,PASS,PASS,
TC-QA3402,CHAR(1) -> CHAR(2),inplace,CREATE,PASS,PASS,
TC-QA3404,CHAR(63) -> CHAR(64),inplace,CREATE,PASS,PASS,
TC-QA3406,CHAR(254) -> CHAR(255),inplace,CREATE,PASS,PASS,
TC-QA3408,VARCHAR(1) -> VARCHAR(2),inplace,CREATE,PASS,PASS,
TC-QA3410,VARCHAR(254) -> VARCHAR(255),inplace,CREATE,PASS,PASS,
TC-QA3412,VARCHAR(255) -> VARCHAR(256),inplace,CREATE,PASS,PASS,
TC-QA3414,VARCHAR(85) -> VARCHAR(86),inplace,CREATE,PASS,PASS,
TC-QA3416,VARCHAR(63) -> VARCHAR(64),inplace,CREATE,PASS,PASS,
TC-QA3418,VARCHAR(64) -> VARCHAR(65),inplace,CREATE,PASS,PASS,
TC-QA3420,VARCHAR(100) -> VARCHAR(200),inplace,CREATE,PASS,PASS,
TC-QA3422,TINYINT -> SMALLINT,inplace,CREATE,PASS,PASS,
TC-QA3424,TINYINT -> MEDIUMINT,inplace,CREATE,PASS,PASS,
TC-QA3426,TINYINT -> INT,inplace,CREATE,PASS,PASS,
TC-QA3428,TINYINT -> BIGINT,inplace,CREATE,PASS,PASS,
TC-QA3430,SMALLINT -> MEDIUMINT,inplace,CREATE,PASS,PASS,
TC-QA3432,SMALLINT -> INT,inplace,CREATE,PASS,PASS,
TC-QA3434,SMALLINT -> BIGINT,inplace,CREATE,PASS,PASS,
TC-QA3436,MEDIUMINT -> INT,inplace,CREATE,PASS,PASS,
TC-QA3438,MEDIUMINT -> BIGINT,inplace,CREATE,PASS,PASS,
TC-QA3440,INT -> BIGINT,inplace,CREATE,PASS,PASS,
TC-QA3442,TINYINT UNSIGNED -> SMALLINT UNSIGNED,inplace,CREATE,PASS,PASS,
TC-QA3444,TINYINT UNSIGNED -> MEDIUMINT UNSIGNED,inplace,CREATE,PASS,PASS,
TC-QA3446,TINYINT UNSIGNED -> INT UNSIGNED,inplace,CREATE,PASS,PASS,
TC-QA3448,TINYINT UNSIGNED -> BIGINT UNSIGNED,inplace,CREATE,PASS,PASS,
TC-QA3450,SMALLINT UNSIGNED -> MEDIUMINT UNSIGNED,inplace,CREATE,PASS,PASS,
TC-QA3452,SMALLINT UNSIGNED -> INT UNSIGNED,inplace,CREATE,PASS,PASS,
TC-QA3454,SMALLINT UNSIGNED -> BIGINT UNSIGNED,inplace,CREATE,PASS,PASS,
TC-QA3456,MEDIUMINT UNSIGNED -> INT UNSIGNED,inplace,CREATE,PASS,PASS,
TC-QA3458,MEDIUMINT UNSIGNED -> BIGINT UNSIGNED,inplace,CREATE,PASS,PASS,
TC-QA3460,INT UNSIGNED -> BIGINT UNSIGNED,inplace,CREATE,PASS,PASS,
TC-QA3462,CHAR(1) -> CHAR(2),inplace,CREATE,PASS,PASS,
TC-QA3464,CHAR(63) -> CHAR(64),inplace,CREATE,PASS,PASS,
TC-QA3466,CHAR(254) -> CHAR(255),inplace,CREATE,PASS,PASS,
TC-QA3468,VARCHAR(1) -> VARCHAR(2),inplace,CREATE,PASS,PASS,
TC-QA3470,VARCHAR(254) -> VARCHAR(255),inplace,CREATE,PASS,PASS,
TC-QA3472,VARCHAR(255) -> VARCHAR(256),inplace,CREATE,PASS,PASS,
TC-QA3474,VARCHAR(85) -> VARCHAR(86),inplace,CREATE,PASS,PASS,
TC-QA3476,VARCHAR(63) -> VARCHAR(64),inplace,CREATE,PASS,PASS,
TC-QA3478,VARCHAR(64) -> VARCHAR(65),inplace,CREATE,PASS,PASS,
TC-QA3480,VARCHAR(100) -> VARCHAR(200),inplace,CREATE,PASS,PASS,
TC-QA3482,TINYINT -> SMALLINT,inplace,CREATE,PASS,PASS,
TC-QA3484,TINYINT -> MEDIUMINT,inplace,CREATE,PASS,PASS,
TC-QA3486,TINYINT -> INT,inplace,CREATE,PASS,PASS,
TC-QA3488,TINYINT -> BIGINT,inplace,CREATE,PASS,PASS,
TC-QA3490,SMALLINT -> MEDIUMINT,inplace,CREATE,PASS,PASS,
TC-QA3492,SMALLINT -> INT,inplace,CREATE,PASS,PASS,
TC-QA3494,SMALLINT -> BIGINT,inplace,CREATE,PASS,PASS,
TC-QA3496,MEDIUMINT -> INT,inplace,CREATE,PASS,PASS,
TC-QA3498,MEDIUMINT -> BIGINT,inplace,CREATE,PASS,PASS,
TC-QA3500,INT -> BIGINT,inplace,CREATE,PASS,PASS,
TC-QA3502,TINYINT UNSIGNED -> SMALLINT UNSIGNED,inplace,CREATE,PASS,PASS,
TC-QA3504,TINYINT UNSIGNED -> MEDIUMINT UNSIGNED,inplace,CREATE,PASS,PASS,
TC-QA3506,TINYINT UNSIGNED -> INT UNSIGNED,inplace,CREATE,PASS,PASS,
TC-QA3508,TINYINT UNSIGNED -> BIGINT UNSIGNED,inplace,CREATE,PASS,PASS,
TC-QA3510,SMALLINT UNSIGNED -> MEDIUMINT UNSIGNED,inplace,CREATE,PASS,PASS,
TC-QA3512,SMALLINT UNSIGNED -> INT UNSIGNED,inplace,CREATE,PASS,PASS,
TC-QA3514,SMALLINT UNSIGNED -> BIGINT UNSIGNED,inplace,CREATE,PASS,PASS,
TC-QA3516,MEDIUMINT UNSIGNED -> INT UNSIGNED,inplace,CREATE,PASS,PASS,
TC-QA3518,MEDIUMINT UNSIGNED -> BIGINT UNSIGNED,inplace,CREATE,PASS,PASS,
TC-QA3520,INT UNSIGNED -> BIGINT UNSIGNED,inplace,CREATE,PASS,PASS,
TC-QA3522,CHAR(1) -> CHAR(2),inplace,CREATE,PASS,PASS,
TC-QA3524,CHAR(63) -> CHAR(64),inplace,CREATE,PASS,PASS,
TC-QA3526,CHAR(254) -> CHAR(255),inplace,CREATE,PASS,PASS,
TC-QA3528,VARCHAR(1) -> VARCHAR(2),inplace,CREATE,PASS,PASS,
TC-QA3530,VARCHAR(254) -> VARCHAR(255),inplace,CREATE,PASS,PASS,
TC-QA3532,VARCHAR(255) -> VARCHAR(256),inplace,CREATE,PASS,PASS,
TC-QA3534,VARCHAR(85) -> VARCHAR(86),inplace,CREATE,PASS,PASS,
TC-QA3536,VARCHAR(63) -> VARCHAR(64),inplace,CREATE,PASS,PASS,
TC-QA3538,VARCHAR(64) -> VARCHAR(65),inplace,CREATE,PASS,PASS,
TC-QA3540,VARCHAR(100) -> VARCHAR(200),inplace,CREATE,PASS,PASS,
TC-QA3542,TINYINT -> SMALLINT,inplace,CREATE,PASS,PASS,
TC-QA3544,TINYINT -> MEDIUMINT,inplace,CREATE,PASS,PASS,
TC-QA3546,TINYINT -> INT,inplace,CREATE,PASS,PASS,
TC-QA3548,TINYINT -> BIGINT,inplace,CREATE,PASS,PASS,
TC-QA3550,SMALLINT -> MEDIUMINT,inplace,CREATE,PASS,PASS,
TC-QA3552,SMALLINT -> INT,inplace,CREATE,PASS,PASS,
TC-QA3554,SMALLINT -> BIGINT,inplace,CREATE,PASS,PASS,
TC-QA3556,MEDIUMINT -> INT,inplace,CREATE,PASS,PASS,
TC-QA3558,MEDIUMINT -> BIGINT,inplace,CREATE,PASS,PASS,
TC-QA3560,INT -> BIGINT,inplace,CREATE,PASS,PASS,
TC-QA3562,TINYINT UNSIGNED -> SMALLINT UNSIGNED,inplace,CREATE,PASS,PASS,
TC-QA3564,TINYINT UNSIGNED -> MEDIUMINT UNSIGNED,inplace,CREATE,PASS,PASS,
TC-QA3566,TINYINT UNSIGNED -> INT UNSIGNED,inplace,CREATE,PASS,PASS,
TC-QA3568,TINYINT UNSIGNED -> BIGINT UNSIGNED,inplace,CREATE,PASS,PASS,
TC-QA3570,SMALLINT UNSIGNED -> MEDIUMINT UNSIGNED,inplace,CREATE,PASS,PASS,
TC-QA3572,SMALLINT UNSIGNED -> INT UNSIGNED,inplace,CREATE,PASS,PASS,
TC-QA3574,SMALLINT UNSIGNED -> BIGINT UNSIGNED,inplace,CREATE,PASS,PASS,
TC-QA3576,MEDIUMINT UNSIGNED -> INT UNSIGNED,inplace,CREATE,PASS,PASS,
TC-QA3578,MEDIUMINT UNSIGNED -> BIGINT UNSIGNED,inplace,CREATE,PASS,PASS,
TC-QA3580,INT UNSIGNED -> BIGINT UNSIGNED,inplace,CREATE,PASS,PASS,
TC-QA3582,CHAR(1) -> CHAR(2),inplace,CREATE,PASS,PASS,
TC-QA3584,CHAR(63) -> CHAR(64),inplace,CREATE,PASS,PASS,
TC-QA3586,CHAR(254) -> CHAR(255),inplace,CREATE,PASS,PASS,
TC-QA3588,VARCHAR(1) -> VARCHAR(2),inplace,CREATE,PASS,PASS,
TC-QA3590,VARCHAR(254) -> VARCHAR(255),inplace,CREATE,PASS,PASS,
TC-QA3592,VARCHAR(255) -> VARCHAR(256),inplace,CREATE,PASS,PASS,
TC-QA3594,VARCHAR(85) -> VARCHAR(86),inplace,CREATE,PASS,PASS,
TC-QA3596,VARCHAR(63) -> VARCHAR(64),inplace,CREATE,PASS,PASS,
TC-QA3598,VARCHAR(64) -> VARCHAR(65),inplace,CREATE,PASS,PASS,
TC-QA3600,VARCHAR(100) -> VARCHAR(200),inplace,CREATE,PASS,PASS,
TC-QA3602,TINYINT -> SMALLINT,inplace,CREATE,PASS,PASS,
TC-QA3604,TINYINT -> MEDIUMINT,inplace,CREATE,PASS,PASS,
TC-QA3606,TINYINT -> INT,inplace,CREATE,PASS,PASS,
TC-QA3608,TINYINT -> BIGINT,inplace,CREATE,PASS,PASS,
TC-QA3610,SMALLINT -> MEDIUMINT,inplace,CREATE,PASS,PASS,
TC-QA3612,SMALLINT -> INT,inplace,CREATE,PASS,PASS,
TC-QA3614,SMALLINT -> BIGINT,inplace,CREATE,PASS,PASS,
TC-QA3616,MEDIUMINT -> INT,inplace,CREATE,PASS,PASS,
TC-QA3618,MEDIUMINT -> BIGINT,inplace,CREATE,PASS,PASS,
TC-QA3620,INT -> BIGINT,inplace,CREATE,PASS,PASS,
TC-QA3622,TINYINT UNSIGNED -> SMALLINT UNSIGNED,inplace,CREATE,PASS,PASS,
TC-QA3624,TINYINT UNSIGNED -> MEDIUMINT UNSIGNED,inplace,CREATE,PASS,PASS,
TC-QA3626,TINYINT UNSIGNED -> INT UNSIGNED,inplace,CREATE,PASS,PASS,
TC-QA3628,TINYINT UNSIGNED -> BIGINT UNSIGNED,inplace,CREATE,PASS,PASS,
TC-QA3630,SMALLINT UNSIGNED -> MEDIUMINT UNSIGNED,inplace,CREATE,PASS,PASS,
TC-QA3632,SMALLINT UNSIGNED -> INT UNSIGNED,inplace,CREATE,PASS,PASS,
TC-QA3634,SMALLINT UNSIGNED -> BIGINT UNSIGNED,inplace,CREATE,PASS,PASS,
TC-QA3636,MEDIUMINT UNSIGNED -> INT UNSIGNED,inplace,CREATE,PASS,PASS,
TC-QA3638,MEDIUMINT UNSIGNED -> BIGINT UNSIGNED,inplace,CREATE,PASS,PASS,
TC-QA3640,INT UNSIGNED -> BIGINT UNSIGNED,inplace,CREATE,PASS,PASS,
TC-QA3642,CHAR(1) -> CHAR(2),inplace,CREATE,PASS,PASS,
TC-QA3644,CHAR(63) -> CHAR(64),inplace,CREATE,PASS,PASS,
TC-QA3646,CHAR(254) -> CHAR(255),inplace,CREATE,PASS,PASS,
TC-QA3648,VARCHAR(1) -> VARCHAR(2),inplace,CREATE,PASS,PASS,
TC-QA3650,VARCHAR(254) -> VARCHAR(255),inplace,CREATE,PASS,PASS,
TC-QA3652,VARCHAR(255) -> VARCHAR(256),inplace,CREATE,PASS,PASS,
TC-QA3654,VARCHAR(85) -> VARCHAR(86),inplace,CREATE,PASS,PASS,
TC-QA3656,VARCHAR(63) -> VARCHAR(64),inplace,CREATE,PASS,PASS,
TC-QA3658,VARCHAR(64) -> VARCHAR(65),inplace,CREATE,PASS,PASS,
TC-QA3660,VARCHAR(100) -> VARCHAR(200),inplace,CREATE,PASS,PASS,
TC-QA3662,TINYINT -> SMALLINT,inplace,CREATE,PASS,PASS,
TC-QA3664,TINYINT -> MEDIUMINT,inplace,CREATE,PASS,PASS,
TC-QA3666,TINYINT -> INT,inplace,CREATE,PASS,PASS,
TC-QA3668,TINYINT -> BIGINT,inplace,CREATE,PASS,PASS,
TC-QA3670,SMALLINT -> MEDIUMINT,inplace,CREATE,PASS,PASS,
TC-QA3672,SMALLINT -> INT,inplace,CREATE,PASS,PASS,
TC-QA3674,SMALLINT -> BIGINT,inplace,CREATE,PASS,PASS,
TC-QA3676,MEDIUMINT -> INT,inplace,CREATE,PASS,PASS,
TC-QA3678,MEDIUMINT -> BIGINT,inplace,CREATE,PASS,PASS,
TC-QA3680,INT -> BIGINT,inplace,CREATE,PASS,PASS,
TC-QA3682,TINYINT UNSIGNED -> SMALLINT UNSIGNED,inplace,CREATE,PASS,PASS,
TC-QA3684,TINYINT UNSIGNED -> MEDIUMINT UNSIGNED,inplace,CREATE,PASS,PASS,
TC-QA3686,TINYINT UNSIGNED -> INT UNSIGNED,inplace,CREATE,PASS,PASS,
TC-QA3688,TINYINT UNSIGNED -> BIGINT UNSIGNED,inplace,CREATE,PASS,PASS,
TC-QA3690,SMALLINT UNSIGNED -> MEDIUMINT UNSIGNED,inplace,CREATE,PASS,PASS,
TC-QA3692,SMALLINT UNSIGNED -> INT UNSIGNED,inplace,CREATE,PASS,PASS,
TC-QA3694,SMALLINT UNSIGNED -> BIGINT UNSIGNED,inplace,CREATE,PASS,PASS,
TC-QA3696,MEDIUMINT UNSIGNED -> INT UNSIGNED,inplace,CREATE,PASS,PASS,
TC-QA3698,MEDIUMINT UNSIGNED -> BIGINT UNSIGNED,inplace,CREATE,PASS,PASS,
TC-QA3700,INT UNSIGNED -> BIGINT UNSIGNED,inplace,CREATE,PASS,PASS,
TC-QA3702,CHAR(1) -> CHAR(2),inplace,CREATE,PASS,PASS,
TC-QA3704,CHAR(63) -> CHAR(64),inplace,CREATE,PASS,PASS,
TC-QA3706,CHAR(254) -> CHAR(255),inplace,CREATE,PASS,PASS,
TC-QA3708,VARCHAR(1) -> VARCHAR(2),inplace,CREATE,PASS,PASS,
TC-QA3710,VARCHAR(254) -> VARCHAR(255),inplace,CREATE,PASS,PASS,
TC-QA3712,VARCHAR(255) -> VARCHAR(256),inplace,CREATE,PASS,PASS,
TC-QA3714,VARCHAR(85) -> VARCHAR(86),inplace,CREATE,PASS,PASS,
TC-QA3716,VARCHAR(63) -> VARCHAR(64),inplace,CREATE,PASS,PASS,
TC-QA3718,VARCHAR(64) -> VARCHAR(65),inplace,CREATE,PASS,PASS,
TC-QA3720,VARCHAR(100) -> VARCHAR(200),inplace,CREATE,PASS,PASS,
TC-QA3722,TINYINT -> SMALLINT,inplace,CREATE,PASS,PASS,
TC-QA3724,TINYINT -> MEDIUMINT,inplace,CREATE,PASS,PASS,
TC-QA3726,TINYINT -> INT,inplace,CREATE,PASS,PASS,
TC-QA3728,TINYINT -> BIGINT,inplace,CREATE,PASS,PASS,
TC-QA3730,SMALLINT -> MEDIUMINT,inplace,CREATE,PASS,PASS,
TC-QA3732,SMALLINT -> INT,inplace,CREATE,PASS,PASS,
TC-QA3734,SMALLINT -> BIGINT,inplace,CREATE,PASS,PASS,
TC-QA3736,MEDIUMINT -> INT,inplace,CREATE,PASS,PASS,
TC-QA3738,MEDIUMINT -> BIGINT,inplace,CREATE,PASS,PASS,
TC-QA3740,INT -> BIGINT,inplace,CREATE,PASS,PASS,
TC-QA3742,TINYINT UNSIGNED -> SMALLINT UNSIGNED,inplace,CREATE,PASS,PASS,
TC-QA3744,TINYINT UNSIGNED -> MEDIUMINT UNSIGNED,inplace,CREATE,PASS,PASS,
TC-QA3746,TINYINT UNSIGNED -> INT UNSIGNED,inplace,CREATE,PASS,PASS,
TC-QA3748,TINYINT UNSIGNED -> BIGINT UNSIGNED,inplace,CREATE,PASS,PASS,
TC-QA3750,SMALLINT UNSIGNED -> MEDIUMINT UNSIGNED,inplace,CREATE,PASS,PASS,
TC-QA3752,SMALLINT UNSIGNED -> INT UNSIGNED,inplace,CREATE,PASS,PASS,
TC-QA3754,SMALLINT UNSIGNED -> BIGINT UNSIGNED,inplace,CREATE,PASS,PASS,
TC-QA3756,MEDIUMINT UNSIGNED -> INT UNSIGNED,inplace,CREATE,PASS,PASS,
TC-QA3758,MEDIUMINT UNSIGNED -> BIGINT UNSIGNED,inplace,CREATE,PASS,PASS,
TC-QA3760,INT UNSIGNED -> BIGINT UNSIGNED,inplace,CREATE,PASS,PASS,
TC-QA3762,CHAR(1) -> CHAR(2),inplace,CREATE,PASS,PASS,
TC-QA3764,CHAR(63) -> CHAR(64),inplace,CREATE,PASS,PASS,
TC-QA3766,CHAR(254) -> CHAR(255),inplace,CREATE,PASS,PASS,
TC-QA3768,VARCHAR(1) -> VARCHAR(2),inplace,CREATE,PASS,PASS,
TC-QA3770,VARCHAR(254) -> VARCHAR(255),inplace,CREATE,PASS,PASS,
TC-QA3772,VARCHAR(255) -> VARCHAR(256),inplace,CREATE,PASS,PASS,
TC-QA3774,VARCHAR(85) -> VARCHAR(86),inplace,CREATE,PASS,PASS,
TC-QA3776,VARCHAR(63) -> VARCHAR(64),inplace,CREATE,PASS,PASS,
TC-QA3778,VARCHAR(64) -> VARCHAR(65),inplace,CREATE,PASS,PASS,
TC-QA3780,VARCHAR(100) -> VARCHAR(200),inplace,CREATE,PASS,PASS,
TC-QA3782,TINYINT -> SMALLINT,inplace,CREATE,PASS,PASS,
TC-QA3784,TINYINT -> MEDIUMINT,inplace,CREATE,PASS,PASS,
TC-QA3786,TINYINT -> INT,inplace,CREATE,PASS,PASS,
TC-QA3788,TINYINT -> BIGINT,inplace,CREATE,PASS,PASS,
TC-QA3790,SMALLINT -> MEDIUMINT,inplace,CREATE,PASS,PASS,
TC-QA3792,SMALLINT -> INT,inplace,CREATE,PASS,PASS,
TC-QA3794,SMALLINT -> BIGINT,inplace,CREATE,PASS,PASS,
TC-QA3796,MEDIUMINT -> INT,inplace,CREATE,PASS,PASS,
TC-QA3798,MEDIUMINT -> BIGINT,inplace,CREATE,PASS,PASS,
TC-QA3800,INT -> BIGINT,inplace,CREATE,PASS,PASS,
TC-QA3802,TINYINT UNSIGNED -> SMALLINT UNSIGNED,inplace,CREATE,PASS,PASS,
TC-QA3804,TINYINT UNSIGNED -> MEDIUMINT UNSIGNED,inplace,CREATE,PASS,PASS,
TC-QA3806,TINYINT UNSIGNED -> INT UNSIGNED,inplace,CREATE,PASS,PASS,
TC-QA3808,TINYINT UNSIGNED -> BIGINT UNSIGNED,inplace,CREATE,PASS,PASS,
TC-QA3810,SMALLINT UNSIGNED -> MEDIUMINT UNSIGNED,inplace,CREATE,PASS,PASS,
TC-QA3812,SMALLINT UNSIGNED -> INT UNSIGNED,inplace,CREATE,PASS,PASS,
TC-QA3814,SMALLINT UNSIGNED -> BIGINT UNSIGNED,inplace,CREATE,PASS,PASS,
TC-QA3816,MEDIUMINT UNSIGNED -> INT UNSIGNED,inplace,CREATE,PASS,PASS,
TC-QA3818,MEDIUMINT UNSIGNED -> BIGINT UNSIGNED,inplace,CREATE,PASS,PASS,
TC-QA3820,INT UNSIGNED -> BIGINT UNSIGNED,inplace,CREATE,PASS,PASS,
TC-QA3822,CHAR(1) -> CHAR(2),inplace,CREATE,PASS,PASS,
TC-QA3824,CHAR(63) -> CHAR(64),inplace,CREATE,PASS,PASS,
TC-QA3826,CHAR(254) -> CHAR(255),inplace,CREATE,PASS,PASS,
TC-QA3828,VARCHAR(1) -> VARCHAR(2),inplace,CREATE,PASS,PASS,
TC-QA3830,VARCHAR(254) -> VARCHAR(255),inplace,CREATE,PASS,PASS,
TC-QA3832,VARCHAR(255) -> VARCHAR(256),inplace,CREATE,PASS,PASS,
TC-QA3834,VARCHAR(85) -> VARCHAR(86),inplace,CREATE,PASS,PASS,
TC-QA3836,VARCHAR(63) -> VARCHAR(64),inplace,CREATE,PASS,PASS,
TC-QA3838,VARCHAR(64) -> VARCHAR(65),inplace,CREATE,PASS,PASS,
TC-QA3840,VARCHAR(100) -> VARCHAR(200),inplace,CREATE,PASS,PASS,
TC-QA0002,TINYINT -> SMALLINT,inplace,CREATE,PASS,PASS,
TC-QA0004,TINYINT -> MEDIUMINT,inplace,CREATE,PASS,PASS,
TC-QA0006,TINYINT -> INT,inplace,CREATE,PASS,PASS,
TC-QA0008,TINYINT -> BIGINT,inplace,CREATE,PASS,PASS,
TC-QA0010,SMALLINT -> MEDIUMINT,inplace,CREATE,PASS,PASS,
TC-QA0012,SMALLINT -> INT,inplace,CREATE,PASS,PASS,
TC-QA0014,SMALLINT -> BIGINT,inplace,CREATE,PASS,PASS,
TC-QA0016,MEDIUMINT -> INT,inplace,CREATE,PASS,PASS,
TC-QA0018,MEDIUMINT -> BIGINT,inplace,CREATE,PASS,PASS,
TC-QA0020,INT -> BIGINT,inplace,CREATE,PASS,PASS,
TC-QA0022,TINYINT UNSIGNED -> SMALLINT UNSIGNED,inplace,CREATE,PASS,PASS,
TC-QA0024,TINYINT UNSIGNED -> MEDIUMINT UNSIGNED,inplace,CREATE,PASS,PASS,
TC-QA0026,TINYINT UNSIGNED -> INT UNSIGNED,inplace,CREATE,PASS,PASS,
TC-QA0028,TINYINT UNSIGNED -> BIGINT UNSIGNED,inplace,CREATE,PASS,PASS,
TC-QA0030,SMALLINT UNSIGNED -> MEDIUMINT UNSIGNED,inplace,CREATE,PASS,PASS,
TC-QA0032,SMALLINT UNSIGNED -> INT UNSIGNED,inplace,CREATE,PASS,PASS,
TC-QA0034,SMALLINT UNSIGNED -> BIGINT UNSIGNED,inplace,CREATE,PASS,PASS,
TC-QA0036,MEDIUMINT UNSIGNED -> INT UNSIGNED,inplace,CREATE,PASS,PASS,
TC-QA0038,MEDIUMINT UNSIGNED -> BIGINT UNSIGNED,inplace,CREATE,PASS,PASS,
TC-QA0040,INT UNSIGNED -> BIGINT UNSIGNED,inplace,CREATE,PASS,PASS,
TC-PA0041,CHAR(1) -> CHAR(2),inplace,BUILD,BUILD_OR_ALTER_FAIL_EXPECTED,MANUAL,CHECK_MANUALLY
TC-QA0042,CHAR(1) -> CHAR(2),inplace,CREATE,PASS,PASS,
TC-PA0043,CHAR(63) -> CHAR(64),inplace,BUILD,BUILD_OR_ALTER_FAIL_EXPECTED,MANUAL,CHECK_MANUALLY
TC-QA0044,CHAR(63) -> CHAR(64),inplace,CREATE,PASS,PASS,
TC-PA0045,CHAR(254) -> CHAR(255),inplace,BUILD,BUILD_OR_ALTER_FAIL_EXPECTED,MANUAL,CHECK_MANUALLY
TC-QA0046,CHAR(254) -> CHAR(255),inplace,CREATE,PASS,PASS,
TC-PA0047,VARCHAR(1) -> VARCHAR(2),inplace,BUILD,BUILD_OR_ALTER_FAIL_EXPECTED,MANUAL,CHECK_MANUALLY
TC-QA0048,VARCHAR(1) -> VARCHAR(2),inplace,CREATE,PASS,PASS,
TC-PA0049,VARCHAR(254) -> VARCHAR(255),inplace,BUILD,BUILD_OR_ALTER_FAIL_EXPECTED,MANUAL,CHECK_MANUALLY
TC-QA0050,VARCHAR(254) -> VARCHAR(255),inplace,CREATE,PASS,PASS,
TC-PA0051,VARCHAR(255) -> VARCHAR(256),inplace,BUILD,BUILD_OR_ALTER_FAIL_EXPECTED,MANUAL,CHECK_MANUALLY
TC-QA0052,VARCHAR(255) -> VARCHAR(256),inplace,CREATE,PASS,PASS,
TC-PA0053,VARCHAR(85) -> VARCHAR(86),inplace,BUILD,BUILD_OR_ALTER_FAIL_EXPECTED,MANUAL,CHECK_MANUALLY
TC-QA0054,VARCHAR(85) -> VARCHAR(86),inplace,CREATE,PASS,PASS,
TC-PA0055,VARCHAR(63) -> VARCHAR(64),inplace,BUILD,BUILD_OR_ALTER_FAIL_EXPECTED,MANUAL,CHECK_MANUALLY
TC-QA0056,VARCHAR(63) -> VARCHAR(64),inplace,CREATE,PASS,PASS,
TC-PA0057,VARCHAR(64) -> VARCHAR(65),inplace,BUILD,BUILD_OR_ALTER_FAIL_EXPECTED,MANUAL,CHECK_MANUALLY
TC-QA0058,VARCHAR(64) -> VARCHAR(65),inplace,CREATE,PASS,PASS,
TC-PA0059,VARCHAR(100) -> VARCHAR(200),inplace,BUILD,BUILD_OR_ALTER_FAIL_EXPECTED,MANUAL,CHECK_MANUALLY
TC-QA0060,VARCHAR(100) -> VARCHAR(200),inplace,CREATE,PASS,PASS,
TC-QA0062,TINYINT -> SMALLINT,inplace,CREATE,PASS,PASS,
TC-QA0064,TINYINT -> MEDIUMINT,inplace,CREATE,PASS,PASS,
TC-QA0066,TINYINT -> INT,inplace,CREATE,PASS,PASS,
TC-QA0068,TINYINT -> BIGINT,inplace,CREATE,PASS,PASS,
TC-QA0070,SMALLINT -> MEDIUMINT,inplace,CREATE,PASS,PASS,
TC-QA0072,SMALLINT -> INT,inplace,CREATE,PASS,PASS,
TC-QA0074,SMALLINT -> BIGINT,inplace,CREATE,PASS,PASS,
TC-QA0076,MEDIUMINT -> INT,inplace,CREATE,PASS,PASS,
TC-QA0078,MEDIUMINT -> BIGINT,inplace,CREATE,PASS,PASS,
TC-QA0080,INT -> BIGINT,inplace,CREATE,PASS,PASS,
TC-QA0082,TINYINT UNSIGNED -> SMALLINT UNSIGNED,inplace,CREATE,PASS,PASS,
TC-QA0084,TINYINT UNSIGNED -> MEDIUMINT UNSIGNED,inplace,CREATE,PASS,PASS,
TC-QA0086,TINYINT UNSIGNED -> INT UNSIGNED,inplace,CREATE,PASS,PASS,
TC-QA0088,TINYINT UNSIGNED -> BIGINT UNSIGNED,inplace,CREATE,PASS,PASS,
TC-QA0090,SMALLINT UNSIGNED -> MEDIUMINT UNSIGNED,inplace,CREATE,PASS,PASS,
TC-QA0092,SMALLINT UNSIGNED -> INT UNSIGNED,inplace,CREATE,PASS,PASS,
TC-QA0094,SMALLINT UNSIGNED -> BIGINT UNSIGNED,inplace,CREATE,PASS,PASS,
TC-QA0096,MEDIUMINT UNSIGNED -> INT UNSIGNED,inplace,CREATE,PASS,PASS,
TC-QA0098,MEDIUMINT UNSIGNED -> BIGINT UNSIGNED,inplace,CREATE,PASS,PASS,
TC-QA0100,INT UNSIGNED -> BIGINT UNSIGNED,inplace,CREATE,PASS,PASS,
TC-PA0101,CHAR(1) -> CHAR(2),inplace,BUILD,BUILD_OR_ALTER_FAIL_EXPECTED,MANUAL,CHECK_MANUALLY
TC-QA0102,CHAR(1) -> CHAR(2),inplace,CREATE,PASS,PASS,
TC-PA0103,CHAR(63) -> CHAR(64),inplace,BUILD,BUILD_OR_ALTER_FAIL_EXPECTED,MANUAL,CHECK_MANUALLY
TC-QA0104,CHAR(63) -> CHAR(64),inplace,CREATE,PASS,PASS,
TC-PA0105,CHAR(254) -> CHAR(255),inplace,BUILD,BUILD_OR_ALTER_FAIL_EXPECTED,MANUAL,CHECK_MANUALLY
TC-QA0106,CHAR(254) -> CHAR(255),inplace,CREATE,PASS,PASS,
TC-PA0107,VARCHAR(1) -> VARCHAR(2),inplace,BUILD,BUILD_OR_ALTER_FAIL_EXPECTED,MANUAL,CHECK_MANUALLY
TC-QA0108,VARCHAR(1) -> VARCHAR(2),inplace,CREATE,PASS,PASS,
TC-PA0109,VARCHAR(254) -> VARCHAR(255),inplace,BUILD,BUILD_OR_ALTER_FAIL_EXPECTED,MANUAL,CHECK_MANUALLY
TC-QA0110,VARCHAR(254) -> VARCHAR(255),inplace,CREATE,PASS,PASS,
TC-PA0111,VARCHAR(255) -> VARCHAR(256),inplace,BUILD,BUILD_OR_ALTER_FAIL_EXPECTED,MANUAL,CHECK_MANUALLY
TC-QA0112,VARCHAR(255) -> VARCHAR(256),inplace,CREATE,PASS,PASS,
TC-PA0113,VARCHAR(85) -> VARCHAR(86),inplace,BUILD,BUILD_OR_ALTER_FAIL_EXPECTED,MANUAL,CHECK_MANUALLY
TC-QA0114,VARCHAR(85) -> VARCHAR(86),inplace,CREATE,PASS,PASS,
TC-PA0115,VARCHAR(63) -> VARCHAR(64),inplace,BUILD,BUILD_OR_ALTER_FAIL_EXPECTED,MANUAL,CHECK_MANUALLY
TC-QA0116,VARCHAR(63) -> VARCHAR(64),inplace,CREATE,PASS,PASS,
TC-PA0117,VARCHAR(64) -> VARCHAR(65),inplace,BUILD,BUILD_OR_ALTER_FAIL_EXPECTED,MANUAL,CHECK_MANUALLY
TC-QA0118,VARCHAR(64) -> VARCHAR(65),inplace,CREATE,PASS,PASS,
TC-PA0119,VARCHAR(100) -> VARCHAR(200),inplace,BUILD,BUILD_OR_ALTER_FAIL_EXPECTED,MANUAL,CHECK_MANUALLY
TC-QA0120,VARCHAR(100) -> VARCHAR(200),inplace,CREATE,PASS,PASS,
TC-QA0122,TINYINT -> SMALLINT,inplace,CREATE,PASS,PASS,
TC-QA0124,TINYINT -> MEDIUMINT,inplace,CREATE,PASS,PASS,
TC-QA0126,TINYINT -> INT,inplace,CREATE,PASS,PASS,
TC-QA0128,TINYINT -> BIGINT,inplace,CREATE,PASS,PASS,
TC-QA0130,SMALLINT -> MEDIUMINT,inplace,CREATE,PASS,PASS,
TC-QA0132,SMALLINT -> INT,inplace,CREATE,PASS,PASS,
TC-QA0134,SMALLINT -> BIGINT,inplace,CREATE,PASS,PASS,
TC-QA0136,MEDIUMINT -> INT,inplace,CREATE,PASS,PASS,
TC-QA0138,MEDIUMINT -> BIGINT,inplace,CREATE,PASS,PASS,
TC-QA0140,INT -> BIGINT,inplace,CREATE,PASS,PASS,
TC-QA0142,TINYINT UNSIGNED -> SMALLINT UNSIGNED,inplace,CREATE,PASS,PASS,
TC-QA0144,TINYINT UNSIGNED -> MEDIUMINT UNSIGNED,inplace,CREATE,PASS,PASS,
TC-QA0146,TINYINT UNSIGNED -> INT UNSIGNED,inplace,CREATE,PASS,PASS,
TC-QA0148,TINYINT UNSIGNED -> BIGINT UNSIGNED,inplace,CREATE,PASS,PASS,
TC-QA0150,SMALLINT UNSIGNED -> MEDIUMINT UNSIGNED,inplace,CREATE,PASS,PASS,
TC-QA0152,SMALLINT UNSIGNED -> INT UNSIGNED,inplace,CREATE,PASS,PASS,
TC-QA0154,SMALLINT UNSIGNED -> BIGINT UNSIGNED,inplace,CREATE,PASS,PASS,
TC-QA0156,MEDIUMINT UNSIGNED -> INT UNSIGNED,inplace,CREATE,PASS,PASS,
TC-QA0158,MEDIUMINT UNSIGNED -> BIGINT UNSIGNED,inplace,CREATE,PASS,PASS,
TC-QA0160,INT UNSIGNED -> BIGINT UNSIGNED,inplace,CREATE,PASS,PASS,
TC-PA0161,CHAR(1) -> CHAR(2),inplace,BUILD,BUILD_OR_ALTER_FAIL_EXPECTED,MANUAL,CHECK_MANUALLY
TC-QA0162,CHAR(1) -> CHAR(2),inplace,CREATE,PASS,PASS,
TC-PA0163,CHAR(63) -> CHAR(64),inplace,BUILD,BUILD_OR_ALTER_FAIL_EXPECTED,MANUAL,CHECK_MANUALLY
TC-QA0164,CHAR(63) -> CHAR(64),inplace,CREATE,PASS,PASS,
TC-PA0165,CHAR(254) -> CHAR(255),inplace,BUILD,BUILD_OR_ALTER_FAIL_EXPECTED,MANUAL,CHECK_MANUALLY
TC-QA0166,CHAR(254) -> CHAR(255),inplace,CREATE,PASS,PASS,
TC-PA0167,VARCHAR(1) -> VARCHAR(2),inplace,BUILD,BUILD_OR_ALTER_FAIL_EXPECTED,MANUAL,CHECK_MANUALLY
TC-QA0168,VARCHAR(1) -> VARCHAR(2),inplace,CREATE,PASS,PASS,
TC-PA0169,VARCHAR(254) -> VARCHAR(255),inplace,BUILD,BUILD_OR_ALTER_FAIL_EXPECTED,MANUAL,CHECK_MANUALLY
TC-QA0170,VARCHAR(254) -> VARCHAR(255),inplace,CREATE,PASS,PASS,
TC-PA0171,VARCHAR(255) -> VARCHAR(256),inplace,BUILD,BUILD_OR_ALTER_FAIL_EXPECTED,MANUAL,CHECK_MANUALLY
TC-QA0172,VARCHAR(255) -> VARCHAR(256),inplace,CREATE,PASS,PASS,
TC-PA0173,VARCHAR(85) -> VARCHAR(86),inplace,BUILD,BUILD_OR_ALTER_FAIL_EXPECTED,MANUAL,CHECK_MANUALLY
TC-QA0174,VARCHAR(85) -> VARCHAR(86),inplace,CREATE,PASS,PASS,
TC-PA0175,VARCHAR(63) -> VARCHAR(64),inplace,BUILD,BUILD_OR_ALTER_FAIL_EXPECTED,MANUAL,CHECK_MANUALLY
TC-QA0176,VARCHAR(63) -> VARCHAR(64),inplace,CREATE,PASS,PASS,
TC-PA0177,VARCHAR(64) -> VARCHAR(65),inplace,BUILD,BUILD_OR_ALTER_FAIL_EXPECTED,MANUAL,CHECK_MANUALLY
TC-QA0178,VARCHAR(64) -> VARCHAR(65),inplace,CREATE,PASS,PASS,
TC-PA0179,VARCHAR(100) -> VARCHAR(200),inplace,BUILD,BUILD_OR_ALTER_FAIL_EXPECTED,MANUAL,CHECK_MANUALLY
TC-QA0180,VARCHAR(100) -> VARCHAR(200),inplace,CREATE,PASS,PASS,
TC-QA0182,TINYINT -> SMALLINT,inplace,CREATE,PASS,PASS,
TC-QA0184,TINYINT -> MEDIUMINT,inplace,CREATE,PASS,PASS,
TC-QA0186,TINYINT -> INT,inplace,CREATE,PASS,PASS,
TC-QA0188,TINYINT -> BIGINT,inplace,CREATE,PASS,PASS,
TC-QA0190,SMALLINT -> MEDIUMINT,inplace,CREATE,PASS,PASS,
TC-QA0192,SMALLINT -> INT,inplace,CREATE,PASS,PASS,
TC-QA0194,SMALLINT -> BIGINT,inplace,CREATE,PASS,PASS,
TC-QA0196,MEDIUMINT -> INT,inplace,CREATE,PASS,PASS,
TC-QA0198,MEDIUMINT -> BIGINT,inplace,CREATE,PASS,PASS,
TC-QA0200,INT -> BIGINT,inplace,CREATE,PASS,PASS,
TC-QA0202,TINYINT UNSIGNED -> SMALLINT UNSIGNED,inplace,CREATE,PASS,PASS,
TC-QA0204,TINYINT UNSIGNED -> MEDIUMINT UNSIGNED,inplace,CREATE,PASS,PASS,
TC-QA0206,TINYINT UNSIGNED -> INT UNSIGNED,inplace,CREATE,PASS,PASS,
TC-QA0208,TINYINT UNSIGNED -> BIGINT UNSIGNED,inplace,CREATE,PASS,PASS,
TC-QA0210,SMALLINT UNSIGNED -> MEDIUMINT UNSIGNED,inplace,CREATE,PASS,PASS,
TC-QA0212,SMALLINT UNSIGNED -> INT UNSIGNED,inplace,CREATE,PASS,PASS,
TC-QA0214,SMALLINT UNSIGNED -> BIGINT UNSIGNED,inplace,CREATE,PASS,PASS,
TC-QA0216,MEDIUMINT UNSIGNED -> INT UNSIGNED,inplace,CREATE,PASS,PASS,
TC-QA0218,MEDIUMINT UNSIGNED -> BIGINT UNSIGNED,inplace,CREATE,PASS,PASS,
TC-QA0220,INT UNSIGNED -> BIGINT UNSIGNED,inplace,CREATE,PASS,PASS,
TC-PA0221,CHAR(1) -> CHAR(2),inplace,BUILD,BUILD_OR_ALTER_FAIL_EXPECTED,MANUAL,CHECK_MANUALLY
TC-QA0222,CHAR(1) -> CHAR(2),inplace,CREATE,PASS,PASS,
TC-PA0223,CHAR(63) -> CHAR(64),inplace,BUILD,BUILD_OR_ALTER_FAIL_EXPECTED,MANUAL,CHECK_MANUALLY
TC-QA0224,CHAR(63) -> CHAR(64),inplace,CREATE,PASS,PASS,
TC-PA0225,CHAR(254) -> CHAR(255),inplace,BUILD,BUILD_OR_ALTER_FAIL_EXPECTED,MANUAL,CHECK_MANUALLY
TC-QA0226,CHAR(254) -> CHAR(255),inplace,CREATE,PASS,PASS,
TC-PA0227,VARCHAR(1) -> VARCHAR(2),inplace,BUILD,BUILD_OR_ALTER_FAIL_EXPECTED,MANUAL,CHECK_MANUALLY
TC-QA0228,VARCHAR(1) -> VARCHAR(2),inplace,CREATE,PASS,PASS,
TC-PA0229,VARCHAR(254) -> VARCHAR(255),inplace,BUILD,BUILD_OR_ALTER_FAIL_EXPECTED,MANUAL,CHECK_MANUALLY
TC-QA0230,VARCHAR(254) -> VARCHAR(255),inplace,CREATE,PASS,PASS,
TC-PA0231,VARCHAR(255) -> VARCHAR(256),inplace,BUILD,BUILD_OR_ALTER_FAIL_EXPECTED,MANUAL,CHECK_MANUALLY
TC-QA0232,VARCHAR(255) -> VARCHAR(256),inplace,CREATE,PASS,PASS,
TC-PA0233,VARCHAR(85) -> VARCHAR(86),inplace,BUILD,BUILD_OR_ALTER_FAIL_EXPECTED,MANUAL,CHECK_MANUALLY
TC-QA0234,VARCHAR(85) -> VARCHAR(86),inplace,CREATE,PASS,PASS,
TC-PA0235,VARCHAR(63) -> VARCHAR(64),inplace,BUILD,BUILD_OR_ALTER_FAIL_EXPECTED,MANUAL,CHECK_MANUALLY
TC-QA0236,VARCHAR(63) -> VARCHAR(64),inplace,CREATE,PASS,PASS,
TC-PA0237,VARCHAR(64) -> VARCHAR(65),inplace,BUILD,BUILD_OR_ALTER_FAIL_EXPECTED,MANUAL,CHECK_MANUALLY
TC-QA0238,VARCHAR(64) -> VARCHAR(65),inplace,CREATE,PASS,PASS,
TC-PA0239,VARCHAR(100) -> VARCHAR(200),inplace,BUILD,BUILD_OR_ALTER_FAIL_EXPECTED,MANUAL,CHECK_MANUALLY
TC-QA0240,VARCHAR(100) -> VARCHAR(200),inplace,CREATE,PASS,PASS,
TC-QA0242,TINYINT -> SMALLINT,inplace,CREATE,PASS,PASS,
TC-QA0244,TINYINT -> MEDIUMINT,inplace,CREATE,PASS,PASS,
TC-QA0246,TINYINT -> INT,inplace,CREATE,PASS,PASS,
TC-QA0248,TINYINT -> BIGINT,inplace,CREATE,PASS,PASS,
TC-QA0250,SMALLINT -> MEDIUMINT,inplace,CREATE,PASS,PASS,
TC-QA0252,SMALLINT -> INT,inplace,CREATE,PASS,PASS,
TC-QA0254,SMALLINT -> BIGINT,inplace,CREATE,PASS,PASS,
TC-QA0256,MEDIUMINT -> INT,inplace,CREATE,PASS,PASS,
TC-QA0258,MEDIUMINT -> BIGINT,inplace,CREATE,PASS,PASS,
TC-QA0260,INT -> BIGINT,inplace,CREATE,PASS,PASS,
TC-QA0262,TINYINT UNSIGNED -> SMALLINT UNSIGNED,inplace,CREATE,PASS,PASS,
TC-QA0264,TINYINT UNSIGNED -> MEDIUMINT UNSIGNED,inplace,CREATE,PASS,PASS,
TC-QA0266,TINYINT UNSIGNED -> INT UNSIGNED,inplace,CREATE,PASS,PASS,
TC-QA0268,TINYINT UNSIGNED -> BIGINT UNSIGNED,inplace,CREATE,PASS,PASS,
TC-QA0270,SMALLINT UNSIGNED -> MEDIUMINT UNSIGNED,inplace,CREATE,PASS,PASS,
TC-QA0272,SMALLINT UNSIGNED -> INT UNSIGNED,inplace,CREATE,PASS,PASS,
TC-QA0274,SMALLINT UNSIGNED -> BIGINT UNSIGNED,inplace,CREATE,PASS,PASS,
TC-QA0276,MEDIUMINT UNSIGNED -> INT UNSIGNED,inplace,CREATE,PASS,PASS,
TC-QA0278,MEDIUMINT UNSIGNED -> BIGINT UNSIGNED,inplace,CREATE,PASS,PASS,
TC-QA0280,INT UNSIGNED -> BIGINT UNSIGNED,inplace,CREATE,PASS,PASS,
TC-PA0281,CHAR(1) -> CHAR(2),inplace,BUILD,BUILD_OR_ALTER_FAIL_EXPECTED,MANUAL,CHECK_MANUALLY
TC-QA0282,CHAR(1) -> CHAR(2),inplace,CREATE,PASS,PASS,
TC-PA0283,CHAR(63) -> CHAR(64),inplace,BUILD,BUILD_OR_ALTER_FAIL_EXPECTED,MANUAL,CHECK_MANUALLY
TC-QA0284,CHAR(63) -> CHAR(64),inplace,CREATE,PASS,PASS,
TC-PA0285,CHAR(254) -> CHAR(255),inplace,BUILD,BUILD_OR_ALTER_FAIL_EXPECTED,MANUAL,CHECK_MANUALLY
TC-QA0286,CHAR(254) -> CHAR(255),inplace,CREATE,PASS,PASS,
TC-PA0287,VARCHAR(1) -> VARCHAR(2),inplace,BUILD,BUILD_OR_ALTER_FAIL_EXPECTED,MANUAL,CHECK_MANUALLY
TC-QA0288,VARCHAR(1) -> VARCHAR(2),inplace,CREATE,PASS,PASS,
TC-PA0289,VARCHAR(254) -> VARCHAR(255),inplace,BUILD,BUILD_OR_ALTER_FAIL_EXPECTED,MANUAL,CHECK_MANUALLY
TC-QA0290,VARCHAR(254) -> VARCHAR(255),inplace,CREATE,PASS,PASS,
TC-PA0291,VARCHAR(255) -> VARCHAR(256),inplace,BUILD,BUILD_OR_ALTER_FAIL_EXPECTED,MANUAL,CHECK_MANUALLY
TC-QA0292,VARCHAR(255) -> VARCHAR(256),inplace,CREATE,PASS,PASS,
TC-PA0293,VARCHAR(85) -> VARCHAR(86),inplace,BUILD,BUILD_OR_ALTER_FAIL_EXPECTED,MANUAL,CHECK_MANUALLY
TC-QA0294,VARCHAR(85) -> VARCHAR(86),inplace,CREATE,PASS,PASS,
TC-PA0295,VARCHAR(63) -> VARCHAR(64),inplace,BUILD,BUILD_OR_ALTER_FAIL_EXPECTED,MANUAL,CHECK_MANUALLY
TC-QA0296,VARCHAR(63) -> VARCHAR(64),inplace,CREATE,PASS,PASS,
TC-PA0297,VARCHAR(64) -> VARCHAR(65),inplace,BUILD,BUILD_OR_ALTER_FAIL_EXPECTED,MANUAL,CHECK_MANUALLY
TC-QA0298,VARCHAR(64) -> VARCHAR(65),inplace,CREATE,PASS,PASS,
TC-PA0299,VARCHAR(100) -> VARCHAR(200),inplace,BUILD,BUILD_OR_ALTER_FAIL_EXPECTED,MANUAL,CHECK_MANUALLY
TC-QA0300,VARCHAR(100) -> VARCHAR(200),inplace,CREATE,PASS,PASS,
TC-QA0302,TINYINT -> SMALLINT,inplace,CREATE,PASS,PASS,
TC-QA0304,TINYINT -> MEDIUMINT,inplace,CREATE,PASS,PASS,
TC-QA0306,TINYINT -> INT,inplace,CREATE,PASS,PASS,
TC-QA0308,TINYINT -> BIGINT,inplace,CREATE,PASS,PASS,
TC-QA0310,SMALLINT -> MEDIUMINT,inplace,CREATE,PASS,PASS,
TC-QA0312,SMALLINT -> INT,inplace,CREATE,PASS,PASS,
TC-QA0314,SMALLINT -> BIGINT,inplace,CREATE,PASS,PASS,
TC-QA0316,MEDIUMINT -> INT,inplace,CREATE,PASS,PASS,
TC-QA0318,MEDIUMINT -> BIGINT,inplace,CREATE,PASS,PASS,
TC-QA0320,INT -> BIGINT,inplace,CREATE,PASS,PASS,
TC-QA0322,TINYINT UNSIGNED -> SMALLINT UNSIGNED,inplace,CREATE,PASS,PASS,
TC-QA0324,TINYINT UNSIGNED -> MEDIUMINT UNSIGNED,inplace,CREATE,PASS,PASS,
TC-QA0326,TINYINT UNSIGNED -> INT UNSIGNED,inplace,CREATE,PASS,PASS,
TC-QA0328,TINYINT UNSIGNED -> BIGINT UNSIGNED,inplace,CREATE,PASS,PASS,
TC-QA0330,SMALLINT UNSIGNED -> MEDIUMINT UNSIGNED,inplace,CREATE,PASS,PASS,
TC-QA0332,SMALLINT UNSIGNED -> INT UNSIGNED,inplace,CREATE,PASS,PASS,
TC-QA0334,SMALLINT UNSIGNED -> BIGINT UNSIGNED,inplace,CREATE,PASS,PASS,
TC-QA0336,MEDIUMINT UNSIGNED -> INT UNSIGNED,inplace,CREATE,PASS,PASS,
TC-QA0338,MEDIUMINT UNSIGNED -> BIGINT UNSIGNED,inplace,CREATE,PASS,PASS,
TC-QA0340,INT UNSIGNED -> BIGINT UNSIGNED,inplace,CREATE,PASS,PASS,
TC-PA0341,CHAR(1) -> CHAR(2),inplace,BUILD,BUILD_OR_ALTER_FAIL_EXPECTED,MANUAL,CHECK_MANUALLY
TC-QA0342,CHAR(1) -> CHAR(2),inplace,CREATE,PASS,PASS,
TC-PA0343,CHAR(63) -> CHAR(64),inplace,BUILD,BUILD_OR_ALTER_FAIL_EXPECTED,MANUAL,CHECK_MANUALLY
TC-QA0344,CHAR(63) -> CHAR(64),inplace,CREATE,PASS,PASS,
TC-PA0345,CHAR(254) -> CHAR(255),inplace,BUILD,BUILD_OR_ALTER_FAIL_EXPECTED,MANUAL,CHECK_MANUALLY
TC-QA0346,CHAR(254) -> CHAR(255),inplace,CREATE,PASS,PASS,
TC-PA0347,VARCHAR(1) -> VARCHAR(2),inplace,BUILD,BUILD_OR_ALTER_FAIL_EXPECTED,MANUAL,CHECK_MANUALLY
TC-QA0348,VARCHAR(1) -> VARCHAR(2),inplace,CREATE,PASS,PASS,
TC-PA0349,VARCHAR(254) -> VARCHAR(255),inplace,BUILD,BUILD_OR_ALTER_FAIL_EXPECTED,MANUAL,CHECK_MANUALLY
TC-QA0350,VARCHAR(254) -> VARCHAR(255),inplace,CREATE,PASS,PASS,
TC-PA0351,VARCHAR(255) -> VARCHAR(256),inplace,BUILD,BUILD_OR_ALTER_FAIL_EXPECTED,MANUAL,CHECK_MANUALLY
TC-QA0352,VARCHAR(255) -> VARCHAR(256),inplace,CREATE,PASS,PASS,
TC-PA0353,VARCHAR(85) -> VARCHAR(86),inplace,BUILD,BUILD_OR_ALTER_FAIL_EXPECTED,MANUAL,CHECK_MANUALLY
TC-QA0354,VARCHAR(85) -> VARCHAR(86),inplace,CREATE,PASS,PASS,
TC-PA0355,VARCHAR(63) -> VARCHAR(64),inplace,BUILD,BUILD_OR_ALTER_FAIL_EXPECTED,MANUAL,CHECK_MANUALLY
TC-QA0356,VARCHAR(63) -> VARCHAR(64),inplace,CREATE,PASS,PASS,
TC-PA0357,VARCHAR(64) -> VARCHAR(65),inplace,BUILD,BUILD_OR_ALTER_FAIL_EXPECTED,MANUAL,CHECK_MANUALLY
TC-QA0358,VARCHAR(64) -> VARCHAR(65),inplace,CREATE,PASS,PASS,
TC-PA0359,VARCHAR(100) -> VARCHAR(200),inplace,BUILD,BUILD_OR_ALTER_FAIL_EXPECTED,MANUAL,CHECK_MANUALLY
TC-QA0360,VARCHAR(100) -> VARCHAR(200),inplace,CREATE,PASS,PASS,
TC-QA0362,TINYINT -> SMALLINT,inplace,CREATE,PASS,PASS,
TC-QA0364,TINYINT -> MEDIUMINT,inplace,CREATE,PASS,PASS,
TC-QA0366,TINYINT -> INT,inplace,CREATE,PASS,PASS,
TC-QA0368,TINYINT -> BIGINT,inplace,CREATE,PASS,PASS,
TC-QA0370,SMALLINT -> MEDIUMINT,inplace,CREATE,PASS,PASS,
TC-QA0372,SMALLINT -> INT,inplace,CREATE,PASS,PASS,
TC-QA0374,SMALLINT -> BIGINT,inplace,CREATE,PASS,PASS,
TC-QA0376,MEDIUMINT -> INT,inplace,CREATE,PASS,PASS,
TC-QA0378,MEDIUMINT -> BIGINT,inplace,CREATE,PASS,PASS,
TC-QA0380,INT -> BIGINT,inplace,CREATE,PASS,PASS,
TC-QA0382,TINYINT UNSIGNED -> SMALLINT UNSIGNED,inplace,CREATE,PASS,PASS,
TC-QA0384,TINYINT UNSIGNED -> MEDIUMINT UNSIGNED,inplace,CREATE,PASS,PASS,
TC-QA0386,TINYINT UNSIGNED -> INT UNSIGNED,inplace,CREATE,PASS,PASS,
TC-QA0388,TINYINT UNSIGNED -> BIGINT UNSIGNED,inplace,CREATE,PASS,PASS,
TC-QA0390,SMALLINT UNSIGNED -> MEDIUMINT UNSIGNED,inplace,CREATE,PASS,PASS,
TC-QA0392,SMALLINT UNSIGNED -> INT UNSIGNED,inplace,CREATE,PASS,PASS,
TC-QA0394,SMALLINT UNSIGNED -> BIGINT UNSIGNED,inplace,CREATE,PASS,PASS,
TC-QA0396,MEDIUMINT UNSIGNED -> INT UNSIGNED,inplace,CREATE,PASS,PASS,
TC-QA0398,MEDIUMINT UNSIGNED -> BIGINT UNSIGNED,inplace,CREATE,PASS,PASS,
TC-QA0400,INT UNSIGNED -> BIGINT UNSIGNED,inplace,CREATE,PASS,PASS,
TC-PA0401,CHAR(1) -> CHAR(2),inplace,BUILD,BUILD_OR_ALTER_FAIL_EXPECTED,MANUAL,CHECK_MANUALLY
TC-QA0402,CHAR(1) -> CHAR(2),inplace,CREATE,PASS,PASS,
TC-PA0403,CHAR(63) -> CHAR(64),inplace,BUILD,BUILD_OR_ALTER_FAIL_EXPECTED,MANUAL,CHECK_MANUALLY
TC-QA0404,CHAR(63) -> CHAR(64),inplace,CREATE,PASS,PASS,
TC-PA0405,CHAR(254) -> CHAR(255),inplace,BUILD,BUILD_OR_ALTER_FAIL_EXPECTED,MANUAL,CHECK_MANUALLY
TC-QA0406,CHAR(254) -> CHAR(255),inplace,CREATE,PASS,PASS,
TC-PA0407,VARCHAR(1) -> VARCHAR(2),inplace,BUILD,BUILD_OR_ALTER_FAIL_EXPECTED,MANUAL,CHECK_MANUALLY
TC-QA0408,VARCHAR(1) -> VARCHAR(2),inplace,CREATE,PASS,PASS,
TC-PA0409,VARCHAR(254) -> VARCHAR(255),inplace,BUILD,BUILD_OR_ALTER_FAIL_EXPECTED,MANUAL,CHECK_MANUALLY
TC-QA0410,VARCHAR(254) -> VARCHAR(255),inplace,CREATE,PASS,PASS,
TC-PA0411,VARCHAR(255) -> VARCHAR(256),inplace,BUILD,BUILD_OR_ALTER_FAIL_EXPECTED,MANUAL,CHECK_MANUALLY
TC-QA0412,VARCHAR(255) -> VARCHAR(256),inplace,CREATE,PASS,PASS,
TC-PA0413,VARCHAR(85) -> VARCHAR(86),inplace,BUILD,BUILD_OR_ALTER_FAIL_EXPECTED,MANUAL,CHECK_MANUALLY
TC-QA0414,VARCHAR(85) -> VARCHAR(86),inplace,CREATE,PASS,PASS,
TC-PA0415,VARCHAR(63) -> VARCHAR(64),inplace,BUILD,BUILD_OR_ALTER_FAIL_EXPECTED,MANUAL,CHECK_MANUALLY
TC-QA0416,VARCHAR(63) -> VARCHAR(64),inplace,CREATE,PASS,PASS,
TC-PA0417,VARCHAR(64) -> VARCHAR(65),inplace,BUILD,BUILD_OR_ALTER_FAIL_EXPECTED,MANUAL,CHECK_MANUALLY
TC-QA0418,VARCHAR(64) -> VARCHAR(65),inplace,CREATE,PASS,PASS,
TC-PA0419,VARCHAR(100) -> VARCHAR(200),inplace,BUILD,BUILD_OR_ALTER_FAIL_EXPECTED,MANUAL,CHECK_MANUALLY
TC-QA0420,VARCHAR(100) -> VARCHAR(200),inplace,CREATE,PASS,PASS,
TC-QA0422,TINYINT -> SMALLINT,inplace,CREATE,PASS,PASS,
TC-QA0424,TINYINT -> MEDIUMINT,inplace,CREATE,PASS,PASS,
TC-QA0426,TINYINT -> INT,inplace,CREATE,PASS,PASS,
TC-QA0428,TINYINT -> BIGINT,inplace,CREATE,PASS,PASS,
TC-QA0430,SMALLINT -> MEDIUMINT,inplace,CREATE,PASS,PASS,
TC-QA0432,SMALLINT -> INT,inplace,CREATE,PASS,PASS,
TC-QA0434,SMALLINT -> BIGINT,inplace,CREATE,PASS,PASS,
TC-QA0436,MEDIUMINT -> INT,inplace,CREATE,PASS,PASS,
TC-QA0438,MEDIUMINT -> BIGINT,inplace,CREATE,PASS,PASS,
TC-QA0440,INT -> BIGINT,inplace,CREATE,PASS,PASS,
TC-QA0442,TINYINT UNSIGNED -> SMALLINT UNSIGNED,inplace,CREATE,PASS,PASS,
TC-QA0444,TINYINT UNSIGNED -> MEDIUMINT UNSIGNED,inplace,CREATE,PASS,PASS,
TC-QA0446,TINYINT UNSIGNED -> INT UNSIGNED,inplace,CREATE,PASS,PASS,
TC-QA0448,TINYINT UNSIGNED -> BIGINT UNSIGNED,inplace,CREATE,PASS,PASS,
TC-QA0450,SMALLINT UNSIGNED -> MEDIUMINT UNSIGNED,inplace,CREATE,PASS,PASS,
TC-QA0452,SMALLINT UNSIGNED -> INT UNSIGNED,inplace,CREATE,PASS,PASS,
TC-QA0454,SMALLINT UNSIGNED -> BIGINT UNSIGNED,inplace,CREATE,PASS,PASS,
TC-QA0456,MEDIUMINT UNSIGNED -> INT UNSIGNED,inplace,CREATE,PASS,PASS,
TC-QA0458,MEDIUMINT UNSIGNED -> BIGINT UNSIGNED,inplace,CREATE,PASS,PASS,
TC-QA0460,INT UNSIGNED -> BIGINT UNSIGNED,inplace,CREATE,PASS,PASS,
TC-PA0461,CHAR(1) -> CHAR(2),inplace,BUILD,BUILD_OR_ALTER_FAIL_EXPECTED,MANUAL,CHECK_MANUALLY
TC-QA0462,CHAR(1) -> CHAR(2),inplace,CREATE,PASS,PASS,
TC-PA0463,CHAR(63) -> CHAR(64),inplace,BUILD,BUILD_OR_ALTER_FAIL_EXPECTED,MANUAL,CHECK_MANUALLY
TC-QA0464,CHAR(63) -> CHAR(64),inplace,CREATE,PASS,PASS,
TC-PA0465,CHAR(254) -> CHAR(255),inplace,BUILD,BUILD_OR_ALTER_FAIL_EXPECTED,MANUAL,CHECK_MANUALLY
TC-QA0466,CHAR(254) -> CHAR(255),inplace,CREATE,PASS,PASS,
TC-PA0467,VARCHAR(1) -> VARCHAR(2),inplace,BUILD,BUILD_OR_ALTER_FAIL_EXPECTED,MANUAL,CHECK_MANUALLY
TC-QA0468,VARCHAR(1) -> VARCHAR(2),inplace,CREATE,PASS,PASS,
TC-PA0469,VARCHAR(254) -> VARCHAR(255),inplace,BUILD,BUILD_OR_ALTER_FAIL_EXPECTED,MANUAL,CHECK_MANUALLY
TC-QA0470,VARCHAR(254) -> VARCHAR(255),inplace,CREATE,PASS,PASS,
TC-PA0471,VARCHAR(255) -> VARCHAR(256),inplace,BUILD,BUILD_OR_ALTER_FAIL_EXPECTED,MANUAL,CHECK_MANUALLY
TC-QA0472,VARCHAR(255) -> VARCHAR(256),inplace,CREATE,PASS,PASS,
TC-PA0473,VARCHAR(85) -> VARCHAR(86),inplace,BUILD,BUILD_OR_ALTER_FAIL_EXPECTED,MANUAL,CHECK_MANUALLY
TC-QA0474,VARCHAR(85) -> VARCHAR(86),inplace,CREATE,PASS,PASS,
TC-PA0475,VARCHAR(63) -> VARCHAR(64),inplace,BUILD,BUILD_OR_ALTER_FAIL_EXPECTED,MANUAL,CHECK_MANUALLY
TC-QA0476,VARCHAR(63) -> VARCHAR(64),inplace,CREATE,PASS,PASS,
TC-PA0477,VARCHAR(64) -> VARCHAR(65),inplace,BUILD,BUILD_OR_ALTER_FAIL_EXPECTED,MANUAL,CHECK_MANUALLY
TC-QA0478,VARCHAR(64) -> VARCHAR(65),inplace,CREATE,PASS,PASS,
TC-PA0479,VARCHAR(100) -> VARCHAR(200),inplace,BUILD,BUILD_OR_ALTER_FAIL_EXPECTED,MANUAL,CHECK_MANUALLY
TC-QA0480,VARCHAR(100) -> VARCHAR(200),inplace,CREATE,PASS,PASS,
TC-QA0482,TINYINT -> SMALLINT,inplace,CREATE,PASS,PASS,
TC-QA0484,TINYINT -> MEDIUMINT,inplace,CREATE,PASS,PASS,
TC-QA0486,TINYINT -> INT,inplace,CREATE,PASS,PASS,
TC-QA0488,TINYINT -> BIGINT,inplace,CREATE,PASS,PASS,
TC-QA0490,SMALLINT -> MEDIUMINT,inplace,CREATE,PASS,PASS,
TC-QA0492,SMALLINT -> INT,inplace,CREATE,PASS,PASS,
TC-QA0494,SMALLINT -> BIGINT,inplace,CREATE,PASS,PASS,
TC-QA0496,MEDIUMINT -> INT,inplace,CREATE,PASS,PASS,
TC-QA0498,MEDIUMINT -> BIGINT,inplace,CREATE,PASS,PASS,
TC-QA0500,INT -> BIGINT,inplace,CREATE,PASS,PASS,
TC-QA0502,TINYINT UNSIGNED -> SMALLINT UNSIGNED,inplace,CREATE,PASS,PASS,
TC-QA0504,TINYINT UNSIGNED -> MEDIUMINT UNSIGNED,inplace,CREATE,PASS,PASS,
TC-QA0506,TINYINT UNSIGNED -> INT UNSIGNED,inplace,CREATE,PASS,PASS,
TC-QA0508,TINYINT UNSIGNED -> BIGINT UNSIGNED,inplace,CREATE,PASS,PASS,
TC-QA0510,SMALLINT UNSIGNED -> MEDIUMINT UNSIGNED,inplace,CREATE,PASS,PASS,
TC-QA0512,SMALLINT UNSIGNED -> INT UNSIGNED,inplace,CREATE,PASS,PASS,
TC-QA0514,SMALLINT UNSIGNED -> BIGINT UNSIGNED,inplace,CREATE,PASS,PASS,
TC-QA0516,MEDIUMINT UNSIGNED -> INT UNSIGNED,inplace,CREATE,PASS,PASS,
TC-QA0518,MEDIUMINT UNSIGNED -> BIGINT UNSIGNED,inplace,CREATE,PASS,PASS,
TC-QA0520,INT UNSIGNED -> BIGINT UNSIGNED,inplace,CREATE,PASS,PASS,
TC-QA0522,CHAR(1) -> CHAR(2),inplace,CREATE,PASS,PASS,
TC-QA0524,CHAR(63) -> CHAR(64),inplace,CREATE,PASS,PASS,
TC-QA0526,CHAR(254) -> CHAR(255),inplace,CREATE,PASS,PASS,
TC-QA0528,VARCHAR(1) -> VARCHAR(2),inplace,CREATE,PASS,PASS,
TC-QA0530,VARCHAR(254) -> VARCHAR(255),inplace,CREATE,PASS,PASS,
TC-QA0532,VARCHAR(255) -> VARCHAR(256),inplace,CREATE,PASS,PASS,
TC-QA0534,VARCHAR(85) -> VARCHAR(86),inplace,CREATE,PASS,PASS,
TC-QA0536,VARCHAR(63) -> VARCHAR(64),inplace,CREATE,PASS,PASS,
TC-QA0538,VARCHAR(64) -> VARCHAR(65),inplace,CREATE,PASS,PASS,
TC-QA0540,VARCHAR(100) -> VARCHAR(200),inplace,CREATE,PASS,PASS,
TC-QA0542,TINYINT -> SMALLINT,inplace,CREATE,PASS,PASS,
TC-QA0544,TINYINT -> MEDIUMINT,inplace,CREATE,PASS,PASS,
TC-QA0546,TINYINT -> INT,inplace,CREATE,PASS,PASS,
TC-QA0548,TINYINT -> BIGINT,inplace,CREATE,PASS,PASS,
TC-QA0550,SMALLINT -> MEDIUMINT,inplace,CREATE,PASS,PASS,
TC-QA0552,SMALLINT -> INT,inplace,CREATE,PASS,PASS,
TC-QA0554,SMALLINT -> BIGINT,inplace,CREATE,PASS,PASS,
TC-QA0556,MEDIUMINT -> INT,inplace,CREATE,PASS,PASS,
TC-QA0558,MEDIUMINT -> BIGINT,inplace,CREATE,PASS,PASS,
TC-QA0560,INT -> BIGINT,inplace,CREATE,PASS,PASS,
TC-QA0562,TINYINT UNSIGNED -> SMALLINT UNSIGNED,inplace,CREATE,PASS,PASS,
TC-QA0564,TINYINT UNSIGNED -> MEDIUMINT UNSIGNED,inplace,CREATE,PASS,PASS,
TC-QA0566,TINYINT UNSIGNED -> INT UNSIGNED,inplace,CREATE,PASS,PASS,
TC-QA0568,TINYINT UNSIGNED -> BIGINT UNSIGNED,inplace,CREATE,PASS,PASS,
TC-QA0570,SMALLINT UNSIGNED -> MEDIUMINT UNSIGNED,inplace,CREATE,PASS,PASS,
TC-QA0572,SMALLINT UNSIGNED -> INT UNSIGNED,inplace,CREATE,PASS,PASS,
TC-QA0574,SMALLINT UNSIGNED -> BIGINT UNSIGNED,inplace,CREATE,PASS,PASS,
TC-QA0576,MEDIUMINT UNSIGNED -> INT UNSIGNED,inplace,CREATE,PASS,PASS,
TC-QA0578,MEDIUMINT UNSIGNED -> BIGINT UNSIGNED,inplace,CREATE,PASS,PASS,
TC-QA0580,INT UNSIGNED -> BIGINT UNSIGNED,inplace,CREATE,PASS,PASS,
TC-QA0582,CHAR(1) -> CHAR(2),inplace,CREATE,PASS,PASS,
TC-QA0584,CHAR(63) -> CHAR(64),inplace,CREATE,PASS,PASS,
TC-QA0586,CHAR(254) -> CHAR(255),inplace,CREATE,PASS,PASS,
TC-QA0588,VARCHAR(1) -> VARCHAR(2),inplace,CREATE,PASS,PASS,
TC-QA0590,VARCHAR(254) -> VARCHAR(255),inplace,CREATE,PASS,PASS,
TC-QA0592,VARCHAR(255) -> VARCHAR(256),inplace,CREATE,PASS,PASS,
TC-QA0594,VARCHAR(85) -> VARCHAR(86),inplace,CREATE,PASS,PASS,
TC-QA0596,VARCHAR(63) -> VARCHAR(64),inplace,CREATE,PASS,PASS,
TC-QA0598,VARCHAR(64) -> VARCHAR(65),inplace,CREATE,PASS,PASS,
TC-QA0600,VARCHAR(100) -> VARCHAR(200),inplace,CREATE,PASS,PASS,
TC-QA0602,TINYINT -> SMALLINT,inplace,CREATE,PASS,PASS,
TC-QA0604,TINYINT -> MEDIUMINT,inplace,CREATE,PASS,PASS,
TC-QA0606,TINYINT -> INT,inplace,CREATE,PASS,PASS,
TC-QA0608,TINYINT -> BIGINT,inplace,CREATE,PASS,PASS,
TC-QA0610,SMALLINT -> MEDIUMINT,inplace,CREATE,PASS,PASS,
TC-QA0612,SMALLINT -> INT,inplace,CREATE,PASS,PASS,
TC-QA0614,SMALLINT -> BIGINT,inplace,CREATE,PASS,PASS,
TC-QA0616,MEDIUMINT -> INT,inplace,CREATE,PASS,PASS,
TC-QA0618,MEDIUMINT -> BIGINT,inplace,CREATE,PASS,PASS,
TC-QA0620,INT -> BIGINT,inplace,CREATE,PASS,PASS,
TC-QA0622,TINYINT UNSIGNED -> SMALLINT UNSIGNED,inplace,CREATE,PASS,PASS,
TC-QA0624,TINYINT UNSIGNED -> MEDIUMINT UNSIGNED,inplace,CREATE,PASS,PASS,
TC-QA0626,TINYINT UNSIGNED -> INT UNSIGNED,inplace,CREATE,PASS,PASS,
TC-QA0628,TINYINT UNSIGNED -> BIGINT UNSIGNED,inplace,CREATE,PASS,PASS,
TC-QA0630,SMALLINT UNSIGNED -> MEDIUMINT UNSIGNED,inplace,CREATE,PASS,PASS,
TC-QA0632,SMALLINT UNSIGNED -> INT UNSIGNED,inplace,CREATE,PASS,PASS,
TC-QA0634,SMALLINT UNSIGNED -> BIGINT UNSIGNED,inplace,CREATE,PASS,PASS,
TC-QA0636,MEDIUMINT UNSIGNED -> INT UNSIGNED,inplace,CREATE,PASS,PASS,
TC-QA0638,MEDIUMINT UNSIGNED -> BIGINT UNSIGNED,inplace,CREATE,PASS,PASS,
TC-QA0640,INT UNSIGNED -> BIGINT UNSIGNED,inplace,CREATE,PASS,PASS,
TC-QA0642,CHAR(1) -> CHAR(2),inplace,CREATE,PASS,PASS,
TC-QA0644,CHAR(63) -> CHAR(64),inplace,CREATE,PASS,PASS,
TC-QA0646,CHAR(254) -> CHAR(255),inplace,CREATE,PASS,PASS,
TC-QA0648,VARCHAR(1) -> VARCHAR(2),inplace,CREATE,PASS,PASS,
TC-QA0650,VARCHAR(254) -> VARCHAR(255),inplace,CREATE,PASS,PASS,
TC-QA0652,VARCHAR(255) -> VARCHAR(256),inplace,CREATE,PASS,PASS,
TC-QA0654,VARCHAR(85) -> VARCHAR(86),inplace,CREATE,PASS,PASS,
TC-QA0656,VARCHAR(63) -> VARCHAR(64),inplace,CREATE,PASS,PASS,
TC-QA0658,VARCHAR(64) -> VARCHAR(65),inplace,CREATE,PASS,PASS,
TC-QA0660,VARCHAR(100) -> VARCHAR(200),inplace,CREATE,PASS,PASS,
TC-QA0662,TINYINT -> SMALLINT,inplace,CREATE,PASS,PASS,
TC-QA0664,TINYINT -> MEDIUMINT,inplace,CREATE,PASS,PASS,
TC-QA0666,TINYINT -> INT,inplace,CREATE,PASS,PASS,
TC-QA0668,TINYINT -> BIGINT,inplace,CREATE,PASS,PASS,
TC-QA0670,SMALLINT -> MEDIUMINT,inplace,CREATE,PASS,PASS,
TC-QA0672,SMALLINT -> INT,inplace,CREATE,PASS,PASS,
TC-QA0674,SMALLINT -> BIGINT,inplace,CREATE,PASS,PASS,
TC-QA0676,MEDIUMINT -> INT,inplace,CREATE,PASS,PASS,
TC-QA0678,MEDIUMINT -> BIGINT,inplace,CREATE,PASS,PASS,
TC-QA0680,INT -> BIGINT,inplace,CREATE,PASS,PASS,
TC-QA0682,TINYINT UNSIGNED -> SMALLINT UNSIGNED,inplace,CREATE,PASS,PASS,
TC-QA0684,TINYINT UNSIGNED -> MEDIUMINT UNSIGNED,inplace,CREATE,PASS,PASS,
TC-QA0686,TINYINT UNSIGNED -> INT UNSIGNED,inplace,CREATE,PASS,PASS,
TC-QA0688,TINYINT UNSIGNED -> BIGINT UNSIGNED,inplace,CREATE,PASS,PASS,
TC-QA0690,SMALLINT UNSIGNED -> MEDIUMINT UNSIGNED,inplace,CREATE,PASS,PASS,
TC-QA0692,SMALLINT UNSIGNED -> INT UNSIGNED,inplace,CREATE,PASS,PASS,
TC-QA0694,SMALLINT UNSIGNED -> BIGINT UNSIGNED,inplace,CREATE,PASS,PASS,
TC-QA0696,MEDIUMINT UNSIGNED -> INT UNSIGNED,inplace,CREATE,PASS,PASS,
TC-QA0698,MEDIUMINT UNSIGNED -> BIGINT UNSIGNED,inplace,CREATE,PASS,PASS,
TC-QA0700,INT UNSIGNED -> BIGINT UNSIGNED,inplace,CREATE,PASS,PASS,
TC-QA0702,CHAR(1) -> CHAR(2),inplace,CREATE,PASS,PASS,
TC-QA0704,CHAR(63) -> CHAR(64),inplace,CREATE,PASS,PASS,
TC-QA0706,CHAR(254) -> CHAR(255),inplace,CREATE,PASS,PASS,
TC-QA0708,VARCHAR(1) -> VARCHAR(2),inplace,CREATE,PASS,PASS,
TC-QA0710,VARCHAR(254) -> VARCHAR(255),inplace,CREATE,PASS,PASS,
TC-QA0712,VARCHAR(255) -> VARCHAR(256),inplace,CREATE,PASS,PASS,
TC-QA0714,VARCHAR(85) -> VARCHAR(86),inplace,CREATE,PASS,PASS,
TC-QA0716,VARCHAR(63) -> VARCHAR(64),inplace,CREATE,PASS,PASS,
TC-QA0718,VARCHAR(64) -> VARCHAR(65),inplace,CREATE,PASS,PASS,
TC-QA0720,VARCHAR(100) -> VARCHAR(200),inplace,CREATE,PASS,PASS,
TC-QA0722,TINYINT -> SMALLINT,inplace,CREATE,PASS,PASS,
TC-QA0724,TINYINT -> MEDIUMINT,inplace,CREATE,PASS,PASS,
TC-QA0726,TINYINT -> INT,inplace,CREATE,PASS,PASS,
TC-QA0728,TINYINT -> BIGINT,inplace,CREATE,PASS,PASS,
TC-QA0730,SMALLINT -> MEDIUMINT,inplace,CREATE,PASS,PASS,
TC-QA0732,SMALLINT -> INT,inplace,CREATE,PASS,PASS,
TC-QA0734,SMALLINT -> BIGINT,inplace,CREATE,PASS,PASS,
TC-QA0736,MEDIUMINT -> INT,inplace,CREATE,PASS,PASS,
TC-QA0738,MEDIUMINT -> BIGINT,inplace,CREATE,PASS,PASS,
TC-QA0740,INT -> BIGINT,inplace,CREATE,PASS,PASS,
TC-QA0742,TINYINT UNSIGNED -> SMALLINT UNSIGNED,inplace,CREATE,PASS,PASS,
TC-QA0744,TINYINT UNSIGNED -> MEDIUMINT UNSIGNED,inplace,CREATE,PASS,PASS,
TC-QA0746,TINYINT UNSIGNED -> INT UNSIGNED,inplace,CREATE,PASS,PASS,
TC-QA0748,TINYINT UNSIGNED -> BIGINT UNSIGNED,inplace,CREATE,PASS,PASS,
TC-QA0750,SMALLINT UNSIGNED -> MEDIUMINT UNSIGNED,inplace,CREATE,PASS,PASS,
TC-QA0752,SMALLINT UNSIGNED -> INT UNSIGNED,inplace,CREATE,PASS,PASS,
TC-QA0754,SMALLINT UNSIGNED -> BIGINT UNSIGNED,inplace,CREATE,PASS,PASS,
TC-QA0756,MEDIUMINT UNSIGNED -> INT UNSIGNED,inplace,CREATE,PASS,PASS,
TC-QA0758,MEDIUMINT UNSIGNED -> BIGINT UNSIGNED,inplace,CREATE,PASS,PASS,
TC-QA0760,INT UNSIGNED -> BIGINT UNSIGNED,inplace,CREATE,PASS,PASS,
TC-QA0762,CHAR(1) -> CHAR(2),inplace,CREATE,PASS,PASS,
TC-QA0764,CHAR(63) -> CHAR(64),inplace,CREATE,PASS,PASS,
TC-QA0766,CHAR(254) -> CHAR(255),inplace,CREATE,PASS,PASS,
TC-QA0768,VARCHAR(1) -> VARCHAR(2),inplace,CREATE,PASS,PASS,
TC-QA0770,VARCHAR(254) -> VARCHAR(255),inplace,CREATE,PASS,PASS,
TC-QA0772,VARCHAR(255) -> VARCHAR(256),inplace,CREATE,PASS,PASS,
TC-QA0774,VARCHAR(85) -> VARCHAR(86),inplace,CREATE,PASS,PASS,
TC-QA0776,VARCHAR(63) -> VARCHAR(64),inplace,CREATE,PASS,PASS,
TC-QA0778,VARCHAR(64) -> VARCHAR(65),inplace,CREATE,PASS,PASS,
TC-QA0780,VARCHAR(100) -> VARCHAR(200),inplace,CREATE,PASS,PASS,
TC-QA0782,TINYINT -> SMALLINT,inplace,CREATE,PASS,PASS,
TC-QA0784,TINYINT -> MEDIUMINT,inplace,CREATE,PASS,PASS,
TC-QA0786,TINYINT -> INT,inplace,CREATE,PASS,PASS,
TC-QA0788,TINYINT -> BIGINT,inplace,CREATE,PASS,PASS,
TC-QA0790,SMALLINT -> MEDIUMINT,inplace,CREATE,PASS,PASS,
TC-QA0792,SMALLINT -> INT,inplace,CREATE,PASS,PASS,
TC-QA0794,SMALLINT -> BIGINT,inplace,CREATE,PASS,PASS,
TC-QA0796,MEDIUMINT -> INT,inplace,CREATE,PASS,PASS,
TC-QA0798,MEDIUMINT -> BIGINT,inplace,CREATE,PASS,PASS,
TC-QA0800,INT -> BIGINT,inplace,CREATE,PASS,PASS,
TC-QA0802,TINYINT UNSIGNED -> SMALLINT UNSIGNED,inplace,CREATE,PASS,PASS,
TC-QA0804,TINYINT UNSIGNED -> MEDIUMINT UNSIGNED,inplace,CREATE,PASS,PASS,
TC-QA0806,TINYINT UNSIGNED -> INT UNSIGNED,inplace,CREATE,PASS,PASS,
TC-QA0808,TINYINT UNSIGNED -> BIGINT UNSIGNED,inplace,CREATE,PASS,PASS,
TC-QA0810,SMALLINT UNSIGNED -> MEDIUMINT UNSIGNED,inplace,CREATE,PASS,PASS,
TC-QA0812,SMALLINT UNSIGNED -> INT UNSIGNED,inplace,CREATE,PASS,PASS,
TC-QA0814,SMALLINT UNSIGNED -> BIGINT UNSIGNED,inplace,CREATE,PASS,PASS,
TC-QA0816,MEDIUMINT UNSIGNED -> INT UNSIGNED,inplace,CREATE,PASS,PASS,
TC-QA0818,MEDIUMINT UNSIGNED -> BIGINT UNSIGNED,inplace,CREATE,PASS,PASS,
TC-QA0820,INT UNSIGNED -> BIGINT UNSIGNED,inplace,CREATE,PASS,PASS,
TC-QA0822,CHAR(1) -> CHAR(2),inplace,CREATE,PASS,PASS,
TC-QA0824,CHAR(63) -> CHAR(64),inplace,CREATE,PASS,PASS,
TC-QA0826,CHAR(254) -> CHAR(255),inplace,CREATE,PASS,PASS,
TC-QA0828,VARCHAR(1) -> VARCHAR(2),inplace,CREATE,PASS,PASS,
TC-QA0830,VARCHAR(254) -> VARCHAR(255),inplace,CREATE,PASS,PASS,
TC-QA0832,VARCHAR(255) -> VARCHAR(256),inplace,CREATE,PASS,PASS,
TC-QA0834,VARCHAR(85) -> VARCHAR(86),inplace,CREATE,PASS,PASS,
TC-QA0836,VARCHAR(63) -> VARCHAR(64),inplace,CREATE,PASS,PASS,
TC-QA0838,VARCHAR(64) -> VARCHAR(65),inplace,CREATE,PASS,PASS,
TC-QA0840,VARCHAR(100) -> VARCHAR(200),inplace,CREATE,PASS,PASS,
TC-QA0842,TINYINT -> SMALLINT,inplace,CREATE,PASS,PASS,
TC-QA0844,TINYINT -> MEDIUMINT,inplace,CREATE,PASS,PASS,
TC-QA0846,TINYINT -> INT,inplace,CREATE,PASS,PASS,
TC-QA0848,TINYINT -> BIGINT,inplace,CREATE,PASS,PASS,
TC-QA0850,SMALLINT -> MEDIUMINT,inplace,CREATE,PASS,PASS,
TC-QA0852,SMALLINT -> INT,inplace,CREATE,PASS,PASS,
TC-QA0854,SMALLINT -> BIGINT,inplace,CREATE,PASS,PASS,
TC-QA0856,MEDIUMINT -> INT,inplace,CREATE,PASS,PASS,
TC-QA0858,MEDIUMINT -> BIGINT,inplace,CREATE,PASS,PASS,
TC-QA0860,INT -> BIGINT,inplace,CREATE,PASS,PASS,
TC-QA0862,TINYINT UNSIGNED -> SMALLINT UNSIGNED,inplace,CREATE,PASS,PASS,
TC-QA0864,TINYINT UNSIGNED -> MEDIUMINT UNSIGNED,inplace,CREATE,PASS,PASS,
TC-QA0866,TINYINT UNSIGNED -> INT UNSIGNED,inplace,CREATE,PASS,PASS,
TC-QA0868,TINYINT UNSIGNED -> BIGINT UNSIGNED,inplace,CREATE,PASS,PASS,
TC-QA0870,SMALLINT UNSIGNED -> MEDIUMINT UNSIGNED,inplace,CREATE,PASS,PASS,
TC-QA0872,SMALLINT UNSIGNED -> INT UNSIGNED,inplace,CREATE,PASS,PASS,
TC-QA0874,SMALLINT UNSIGNED -> BIGINT UNSIGNED,inplace,CREATE,PASS,PASS,
TC-QA0876,MEDIUMINT UNSIGNED -> INT UNSIGNED,inplace,CREATE,PASS,PASS,
TC-QA0878,MEDIUMINT UNSIGNED -> BIGINT UNSIGNED,inplace,CREATE,PASS,PASS,
TC-QA0880,INT UNSIGNED -> BIGINT UNSIGNED,inplace,CREATE,PASS,PASS,
TC-QA0882,CHAR(1) -> CHAR(2),inplace,CREATE,PASS,PASS,
TC-QA0884,CHAR(63) -> CHAR(64),inplace,CREATE,PASS,PASS,
TC-QA0886,CHAR(254) -> CHAR(255),inplace,CREATE,PASS,PASS,
TC-QA0888,VARCHAR(1) -> VARCHAR(2),inplace,CREATE,PASS,PASS,
TC-QA0890,VARCHAR(254) -> VARCHAR(255),inplace,CREATE,PASS,PASS,
TC-QA0892,VARCHAR(255) -> VARCHAR(256),inplace,CREATE,PASS,PASS,
TC-QA0894,VARCHAR(85) -> VARCHAR(86),inplace,CREATE,PASS,PASS,
TC-QA0896,VARCHAR(63) -> VARCHAR(64),inplace,CREATE,PASS,PASS,
TC-QA0898,VARCHAR(64) -> VARCHAR(65),inplace,CREATE,PASS,PASS,
TC-QA0900,VARCHAR(100) -> VARCHAR(200),inplace,CREATE,PASS,PASS,
TC-QA0902,TINYINT -> SMALLINT,inplace,CREATE,PASS,PASS,
TC-QA0904,TINYINT -> MEDIUMINT,inplace,CREATE,PASS,PASS,
TC-QA0906,TINYINT -> INT,inplace,CREATE,PASS,PASS,
TC-QA0908,TINYINT -> BIGINT,inplace,CREATE,PASS,PASS,
TC-QA0910,SMALLINT -> MEDIUMINT,inplace,CREATE,PASS,PASS,
TC-QA0912,SMALLINT -> INT,inplace,CREATE,PASS,PASS,
TC-QA0914,SMALLINT -> BIGINT,inplace,CREATE,PASS,PASS,
TC-QA0916,MEDIUMINT -> INT,inplace,CREATE,PASS,PASS,
TC-QA0918,MEDIUMINT -> BIGINT,inplace,CREATE,PASS,PASS,
TC-QA0920,INT -> BIGINT,inplace,CREATE,PASS,PASS,
TC-QA0922,TINYINT UNSIGNED -> SMALLINT UNSIGNED,inplace,CREATE,PASS,PASS,
TC-QA0924,TINYINT UNSIGNED -> MEDIUMINT UNSIGNED,inplace,CREATE,PASS,PASS,
TC-QA0926,TINYINT UNSIGNED -> INT UNSIGNED,inplace,CREATE,PASS,PASS,
TC-QA0928,TINYINT UNSIGNED -> BIGINT UNSIGNED,inplace,CREATE,PASS,PASS,
TC-QA0930,SMALLINT UNSIGNED -> MEDIUMINT UNSIGNED,inplace,CREATE,PASS,PASS,
TC-QA0932,SMALLINT UNSIGNED -> INT UNSIGNED,inplace,CREATE,PASS,PASS,
TC-QA0934,SMALLINT UNSIGNED -> BIGINT UNSIGNED,inplace,CREATE,PASS,PASS,
TC-QA0936,MEDIUMINT UNSIGNED -> INT UNSIGNED,inplace,CREATE,PASS,PASS,
TC-QA0938,MEDIUMINT UNSIGNED -> BIGINT UNSIGNED,inplace,CREATE,PASS,PASS,
TC-QA0940,INT UNSIGNED -> BIGINT UNSIGNED,inplace,CREATE,PASS,PASS,
TC-QA0942,CHAR(1) -> CHAR(2),inplace,CREATE,PASS,PASS,
TC-QA0944,CHAR(63) -> CHAR(64),inplace,CREATE,PASS,PASS,
TC-QA0946,CHAR(254) -> CHAR(255),inplace,CREATE,PASS,PASS,
TC-QA0948,VARCHAR(1) -> VARCHAR(2),inplace,CREATE,PASS,PASS,
TC-QA0950,VARCHAR(254) -> VARCHAR(255),inplace,CREATE,PASS,PASS,
TC-QA0952,VARCHAR(255) -> VARCHAR(256),inplace,CREATE,PASS,PASS,
TC-QA0954,VARCHAR(85) -> VARCHAR(86),inplace,CREATE,PASS,PASS,
TC-QA0956,VARCHAR(63) -> VARCHAR(64),inplace,CREATE,PASS,PASS,
TC-QA0958,VARCHAR(64) -> VARCHAR(65),inplace,CREATE,PASS,PASS,
TC-QA0960,VARCHAR(100) -> VARCHAR(200),inplace,CREATE,PASS,PASS,
TC-QA0962,TINYINT -> SMALLINT,inplace,CREATE,PASS,PASS,
TC-QA0964,TINYINT -> MEDIUMINT,inplace,CREATE,PASS,PASS,
TC-QA0966,TINYINT -> INT,inplace,CREATE,PASS,PASS,
TC-QA0968,TINYINT -> BIGINT,inplace,CREATE,PASS,PASS,
TC-QA0970,SMALLINT -> MEDIUMINT,inplace,CREATE,PASS,PASS,
TC-QA0972,SMALLINT -> INT,inplace,CREATE,PASS,PASS,
TC-QA0974,SMALLINT -> BIGINT,inplace,CREATE,PASS,PASS,
TC-QA0976,MEDIUMINT -> INT,inplace,CREATE,PASS,PASS,
TC-QA0978,MEDIUMINT -> BIGINT,inplace,CREATE,PASS,PASS,
TC-QA0980,INT -> BIGINT,inplace,CREATE,PASS,PASS,
TC-QA0982,TINYINT UNSIGNED -> SMALLINT UNSIGNED,inplace,CREATE,PASS,PASS,
TC-QA0984,TINYINT UNSIGNED -> MEDIUMINT UNSIGNED,inplace,CREATE,PASS,PASS,
TC-QA0986,TINYINT UNSIGNED -> INT UNSIGNED,inplace,CREATE,PASS,PASS,
TC-QA0988,TINYINT UNSIGNED -> BIGINT UNSIGNED,inplace,CREATE,PASS,PASS,
TC-QA0990,SMALLINT UNSIGNED -> MEDIUMINT UNSIGNED,inplace,CREATE,PASS,PASS,
TC-QA0992,SMALLINT UNSIGNED -> INT UNSIGNED,inplace,CREATE,PASS,PASS,
TC-QA0994,SMALLINT UNSIGNED -> BIGINT UNSIGNED,inplace,CREATE,PASS,PASS,
TC-QA0996,MEDIUMINT UNSIGNED -> INT UNSIGNED,inplace,CREATE,PASS,PASS,
TC-QA0998,MEDIUMINT UNSIGNED -> BIGINT UNSIGNED,inplace,CREATE,PASS,PASS,
TC-QA1000,INT UNSIGNED -> BIGINT UNSIGNED,inplace,CREATE,PASS,PASS,
TC-PA1001,CHAR(1) -> CHAR(2),inplace,BUILD,BUILD_OR_ALTER_FAIL_EXPECTED,MANUAL,CHECK_MANUALLY
TC-QA1002,CHAR(1) -> CHAR(2),inplace,CREATE,PASS,PASS,
TC-PA1003,CHAR(63) -> CHAR(64),inplace,BUILD,BUILD_OR_ALTER_FAIL_EXPECTED,MANUAL,CHECK_MANUALLY
TC-QA1004,CHAR(63) -> CHAR(64),inplace,CREATE,PASS,PASS,
TC-PA1005,CHAR(254) -> CHAR(255),inplace,BUILD,BUILD_OR_ALTER_FAIL_EXPECTED,MANUAL,CHECK_MANUALLY
TC-QA1006,CHAR(254) -> CHAR(255),inplace,CREATE,PASS,PASS,
TC-PA1007,VARCHAR(1) -> VARCHAR(2),inplace,BUILD,BUILD_OR_ALTER_FAIL_EXPECTED,MANUAL,CHECK_MANUALLY
TC-QA1008,VARCHAR(1) -> VARCHAR(2),inplace,CREATE,PASS,PASS,
TC-PA1009,VARCHAR(254) -> VARCHAR(255),inplace,BUILD,BUILD_OR_ALTER_FAIL_EXPECTED,MANUAL,CHECK_MANUALLY
TC-QA1010,VARCHAR(254) -> VARCHAR(255),inplace,CREATE,PASS,PASS,
TC-PA1011,VARCHAR(255) -> VARCHAR(256),inplace,BUILD,BUILD_OR_ALTER_FAIL_EXPECTED,MANUAL,CHECK_MANUALLY
TC-QA1012,VARCHAR(255) -> VARCHAR(256),inplace,CREATE,PASS,PASS,
TC-PA1013,VARCHAR(85) -> VARCHAR(86),inplace,BUILD,BUILD_OR_ALTER_FAIL_EXPECTED,MANUAL,CHECK_MANUALLY
TC-QA1014,VARCHAR(85) -> VARCHAR(86),inplace,CREATE,PASS,PASS,
TC-PA1015,VARCHAR(63) -> VARCHAR(64),inplace,BUILD,BUILD_OR_ALTER_FAIL_EXPECTED,MANUAL,CHECK_MANUALLY
TC-QA1016,VARCHAR(63) -> VARCHAR(64),inplace,CREATE,PASS,PASS,
TC-PA1017,VARCHAR(64) -> VARCHAR(65),inplace,BUILD,BUILD_OR_ALTER_FAIL_EXPECTED,MANUAL,CHECK_MANUALLY
TC-QA1018,VARCHAR(64) -> VARCHAR(65),inplace,CREATE,PASS,PASS,
TC-PA1019,VARCHAR(100) -> VARCHAR(200),inplace,BUILD,BUILD_OR_ALTER_FAIL_EXPECTED,MANUAL,CHECK_MANUALLY
TC-QA1020,VARCHAR(100) -> VARCHAR(200),inplace,CREATE,PASS,PASS,
TC-QA1022,TINYINT -> SMALLINT,inplace,CREATE,PASS,PASS,
TC-QA1024,TINYINT -> MEDIUMINT,inplace,CREATE,PASS,PASS,
TC-QA1026,TINYINT -> INT,inplace,CREATE,PASS,PASS,
TC-QA1028,TINYINT -> BIGINT,inplace,CREATE,PASS,PASS,
TC-QA1030,SMALLINT -> MEDIUMINT,inplace,CREATE,PASS,PASS,
TC-QA1032,SMALLINT -> INT,inplace,CREATE,PASS,PASS,
TC-QA1034,SMALLINT -> BIGINT,inplace,CREATE,PASS,PASS,
TC-QA1036,MEDIUMINT -> INT,inplace,CREATE,PASS,PASS,
TC-QA1038,MEDIUMINT -> BIGINT,inplace,CREATE,PASS,PASS,
TC-QA1040,INT -> BIGINT,inplace,CREATE,PASS,PASS,
TC-QA1042,TINYINT UNSIGNED -> SMALLINT UNSIGNED,inplace,CREATE,PASS,PASS,
TC-QA1044,TINYINT UNSIGNED -> MEDIUMINT UNSIGNED,inplace,CREATE,PASS,PASS,
TC-QA1046,TINYINT UNSIGNED -> INT UNSIGNED,inplace,CREATE,PASS,PASS,
TC-QA1048,TINYINT UNSIGNED -> BIGINT UNSIGNED,inplace,CREATE,PASS,PASS,
TC-QA1050,SMALLINT UNSIGNED -> MEDIUMINT UNSIGNED,inplace,CREATE,PASS,PASS,
TC-QA1052,SMALLINT UNSIGNED -> INT UNSIGNED,inplace,CREATE,PASS,PASS,
TC-QA1054,SMALLINT UNSIGNED -> BIGINT UNSIGNED,inplace,CREATE,PASS,PASS,
TC-QA1056,MEDIUMINT UNSIGNED -> INT UNSIGNED,inplace,CREATE,PASS,PASS,
TC-QA1058,MEDIUMINT UNSIGNED -> BIGINT UNSIGNED,inplace,CREATE,PASS,PASS,
TC-QA1060,INT UNSIGNED -> BIGINT UNSIGNED,inplace,CREATE,PASS,PASS,
TC-PA1061,CHAR(1) -> CHAR(2),inplace,BUILD,BUILD_OR_ALTER_FAIL_EXPECTED,MANUAL,CHECK_MANUALLY
TC-QA1062,CHAR(1) -> CHAR(2),inplace,CREATE,PASS,PASS,
TC-PA1063,CHAR(63) -> CHAR(64),inplace,BUILD,BUILD_OR_ALTER_FAIL_EXPECTED,MANUAL,CHECK_MANUALLY
TC-QA1064,CHAR(63) -> CHAR(64),inplace,CREATE,PASS,PASS,
TC-PA1065,CHAR(254) -> CHAR(255),inplace,BUILD,BUILD_OR_ALTER_FAIL_EXPECTED,MANUAL,CHECK_MANUALLY
TC-QA1066,CHAR(254) -> CHAR(255),inplace,CREATE,PASS,PASS,
TC-PA1067,VARCHAR(1) -> VARCHAR(2),inplace,BUILD,BUILD_OR_ALTER_FAIL_EXPECTED,MANUAL,CHECK_MANUALLY
TC-QA1068,VARCHAR(1) -> VARCHAR(2),inplace,CREATE,PASS,PASS,
TC-PA1069,VARCHAR(254) -> VARCHAR(255),inplace,BUILD,BUILD_OR_ALTER_FAIL_EXPECTED,MANUAL,CHECK_MANUALLY
TC-QA1070,VARCHAR(254) -> VARCHAR(255),inplace,CREATE,PASS,PASS,
TC-PA1071,VARCHAR(255) -> VARCHAR(256),inplace,BUILD,BUILD_OR_ALTER_FAIL_EXPECTED,MANUAL,CHECK_MANUALLY
TC-QA1072,VARCHAR(255) -> VARCHAR(256),inplace,CREATE,PASS,PASS,
TC-PA1073,VARCHAR(85) -> VARCHAR(86),inplace,BUILD,BUILD_OR_ALTER_FAIL_EXPECTED,MANUAL,CHECK_MANUALLY
TC-QA1074,VARCHAR(85) -> VARCHAR(86),inplace,CREATE,PASS,PASS,
TC-PA1075,VARCHAR(63) -> VARCHAR(64),inplace,BUILD,BUILD_OR_ALTER_FAIL_EXPECTED,MANUAL,CHECK_MANUALLY
TC-QA1076,VARCHAR(63) -> VARCHAR(64),inplace,CREATE,PASS,PASS,
TC-PA1077,VARCHAR(64) -> VARCHAR(65),inplace,BUILD,BUILD_OR_ALTER_FAIL_EXPECTED,MANUAL,CHECK_MANUALLY
TC-QA1078,VARCHAR(64) -> VARCHAR(65),inplace,CREATE,PASS,PASS,
TC-PA1079,VARCHAR(100) -> VARCHAR(200),inplace,BUILD,BUILD_OR_ALTER_FAIL_EXPECTED,MANUAL,CHECK_MANUALLY
TC-QA1080,VARCHAR(100) -> VARCHAR(200),inplace,CREATE,PASS,PASS,
TC-QA1082,TINYINT -> SMALLINT,inplace,CREATE,PASS,PASS,
TC-QA1084,TINYINT -> MEDIUMINT,inplace,CREATE,PASS,PASS,
TC-QA1086,TINYINT -> INT,inplace,CREATE,PASS,PASS,
TC-QA1088,TINYINT -> BIGINT,inplace,CREATE,PASS,PASS,
TC-QA1090,SMALLINT -> MEDIUMINT,inplace,CREATE,PASS,PASS,
TC-QA1092,SMALLINT -> INT,inplace,CREATE,PASS,PASS,
TC-QA1094,SMALLINT -> BIGINT,inplace,CREATE,PASS,PASS,
TC-QA1096,MEDIUMINT -> INT,inplace,CREATE,PASS,PASS,
TC-QA1098,MEDIUMINT -> BIGINT,inplace,CREATE,PASS,PASS,
TC-QA1100,INT -> BIGINT,inplace,CREATE,PASS,PASS,
TC-QA1102,TINYINT UNSIGNED -> SMALLINT UNSIGNED,inplace,CREATE,PASS,PASS,
TC-QA1104,TINYINT UNSIGNED -> MEDIUMINT UNSIGNED,inplace,CREATE,PASS,PASS,
TC-QA1106,TINYINT UNSIGNED -> INT UNSIGNED,inplace,CREATE,PASS,PASS,
TC-QA1108,TINYINT UNSIGNED -> BIGINT UNSIGNED,inplace,CREATE,PASS,PASS,
TC-QA1110,SMALLINT UNSIGNED -> MEDIUMINT UNSIGNED,inplace,CREATE,PASS,PASS,
TC-QA1112,SMALLINT UNSIGNED -> INT UNSIGNED,inplace,CREATE,PASS,PASS,
TC-QA1114,SMALLINT UNSIGNED -> BIGINT UNSIGNED,inplace,CREATE,PASS,PASS,
TC-QA1116,MEDIUMINT UNSIGNED -> INT UNSIGNED,inplace,CREATE,PASS,PASS,
TC-QA1118,MEDIUMINT UNSIGNED -> BIGINT UNSIGNED,inplace,CREATE,PASS,PASS,
TC-QA1120,INT UNSIGNED -> BIGINT UNSIGNED,inplace,CREATE,PASS,PASS,
TC-PA1121,CHAR(1) -> CHAR(2),inplace,BUILD,BUILD_OR_ALTER_FAIL_EXPECTED,MANUAL,CHECK_MANUALLY
TC-QA1122,CHAR(1) -> CHAR(2),inplace,CREATE,PASS,PASS,
TC-PA1123,CHAR(63) -> CHAR(64),inplace,BUILD,BUILD_OR_ALTER_FAIL_EXPECTED,MANUAL,CHECK_MANUALLY
TC-QA1124,CHAR(63) -> CHAR(64),inplace,CREATE,PASS,PASS,
TC-PA1125,CHAR(254) -> CHAR(255),inplace,BUILD,BUILD_OR_ALTER_FAIL_EXPECTED,MANUAL,CHECK_MANUALLY
TC-QA1126,CHAR(254) -> CHAR(255),inplace,CREATE,PASS,PASS,
TC-PA1127,VARCHAR(1) -> VARCHAR(2),inplace,BUILD,BUILD_OR_ALTER_FAIL_EXPECTED,MANUAL,CHECK_MANUALLY
TC-QA1128,VARCHAR(1) -> VARCHAR(2),inplace,CREATE,PASS,PASS,
TC-PA1129,VARCHAR(254) -> VARCHAR(255),inplace,BUILD,BUILD_OR_ALTER_FAIL_EXPECTED,MANUAL,CHECK_MANUALLY
TC-QA1130,VARCHAR(254) -> VARCHAR(255),inplace,CREATE,PASS,PASS,
TC-PA1131,VARCHAR(255) -> VARCHAR(256),inplace,BUILD,BUILD_OR_ALTER_FAIL_EXPECTED,MANUAL,CHECK_MANUALLY
TC-QA1132,VARCHAR(255) -> VARCHAR(256),inplace,CREATE,PASS,PASS,
TC-PA1133,VARCHAR(85) -> VARCHAR(86),inplace,BUILD,BUILD_OR_ALTER_FAIL_EXPECTED,MANUAL,CHECK_MANUALLY
TC-QA1134,VARCHAR(85) -> VARCHAR(86),inplace,CREATE,PASS,PASS,
TC-PA1135,VARCHAR(63) -> VARCHAR(64),inplace,BUILD,BUILD_OR_ALTER_FAIL_EXPECTED,MANUAL,CHECK_MANUALLY
TC-QA1136,VARCHAR(63) -> VARCHAR(64),inplace,CREATE,PASS,PASS,
TC-PA1137,VARCHAR(64) -> VARCHAR(65),inplace,BUILD,BUILD_OR_ALTER_FAIL_EXPECTED,MANUAL,CHECK_MANUALLY
TC-QA1138,VARCHAR(64) -> VARCHAR(65),inplace,CREATE,PASS,PASS,
TC-PA1139,VARCHAR(100) -> VARCHAR(200),inplace,BUILD,BUILD_OR_ALTER_FAIL_EXPECTED,MANUAL,CHECK_MANUALLY
TC-QA1140,VARCHAR(100) -> VARCHAR(200),inplace,CREATE,PASS,PASS,
TC-QA1142,TINYINT -> SMALLINT,inplace,CREATE,PASS,PASS,
TC-QA1144,TINYINT -> MEDIUMINT,inplace,CREATE,PASS,PASS,
TC-QA1146,TINYINT -> INT,inplace,CREATE,PASS,PASS,
TC-QA1148,TINYINT -> BIGINT,inplace,CREATE,PASS,PASS,
TC-QA1150,SMALLINT -> MEDIUMINT,inplace,CREATE,PASS,PASS,
TC-QA1152,SMALLINT -> INT,inplace,CREATE,PASS,PASS,
TC-QA1154,SMALLINT -> BIGINT,inplace,CREATE,PASS,PASS,
TC-QA1156,MEDIUMINT -> INT,inplace,CREATE,PASS,PASS,
TC-QA1158,MEDIUMINT -> BIGINT,inplace,CREATE,PASS,PASS,
TC-QA1160,INT -> BIGINT,inplace,CREATE,PASS,PASS,
TC-QA1162,TINYINT UNSIGNED -> SMALLINT UNSIGNED,inplace,CREATE,PASS,PASS,
TC-QA1164,TINYINT UNSIGNED -> MEDIUMINT UNSIGNED,inplace,CREATE,PASS,PASS,
TC-QA1166,TINYINT UNSIGNED -> INT UNSIGNED,inplace,CREATE,PASS,PASS,
TC-QA1168,TINYINT UNSIGNED -> BIGINT UNSIGNED,inplace,CREATE,PASS,PASS,
TC-QA1170,SMALLINT UNSIGNED -> MEDIUMINT UNSIGNED,inplace,CREATE,PASS,PASS,
TC-QA1172,SMALLINT UNSIGNED -> INT UNSIGNED,inplace,CREATE,PASS,PASS,
TC-QA1174,SMALLINT UNSIGNED -> BIGINT UNSIGNED,inplace,CREATE,PASS,PASS,
TC-QA1176,MEDIUMINT UNSIGNED -> INT UNSIGNED,inplace,CREATE,PASS,PASS,
TC-QA1178,MEDIUMINT UNSIGNED -> BIGINT UNSIGNED,inplace,CREATE,PASS,PASS,
TC-QA1180,INT UNSIGNED -> BIGINT UNSIGNED,inplace,CREATE,PASS,PASS,
TC-PA1181,CHAR(1) -> CHAR(2),inplace,BUILD,BUILD_OR_ALTER_FAIL_EXPECTED,MANUAL,CHECK_MANUALLY
TC-QA1182,CHAR(1) -> CHAR(2),inplace,CREATE,PASS,PASS,
TC-PA1183,CHAR(63) -> CHAR(64),inplace,BUILD,BUILD_OR_ALTER_FAIL_EXPECTED,MANUAL,CHECK_MANUALLY
TC-QA1184,CHAR(63) -> CHAR(64),inplace,CREATE,PASS,PASS,
TC-PA1185,CHAR(254) -> CHAR(255),inplace,BUILD,BUILD_OR_ALTER_FAIL_EXPECTED,MANUAL,CHECK_MANUALLY
TC-QA1186,CHAR(254) -> CHAR(255),inplace,CREATE,PASS,PASS,
TC-PA1187,VARCHAR(1) -> VARCHAR(2),inplace,BUILD,BUILD_OR_ALTER_FAIL_EXPECTED,MANUAL,CHECK_MANUALLY
TC-QA1188,VARCHAR(1) -> VARCHAR(2),inplace,CREATE,PASS,PASS,
TC-PA1189,VARCHAR(254) -> VARCHAR(255),inplace,BUILD,BUILD_OR_ALTER_FAIL_EXPECTED,MANUAL,CHECK_MANUALLY
TC-QA1190,VARCHAR(254) -> VARCHAR(255),inplace,CREATE,PASS,PASS,
TC-PA1191,VARCHAR(255) -> VARCHAR(256),inplace,BUILD,BUILD_OR_ALTER_FAIL_EXPECTED,MANUAL,CHECK_MANUALLY
TC-QA1192,VARCHAR(255) -> VARCHAR(256),inplace,CREATE,PASS,PASS,
TC-PA1193,VARCHAR(85) -> VARCHAR(86),inplace,BUILD,BUILD_OR_ALTER_FAIL_EXPECTED,MANUAL,CHECK_MANUALLY
TC-QA1194,VARCHAR(85) -> VARCHAR(86),inplace,CREATE,PASS,PASS,
TC-PA1195,VARCHAR(63) -> VARCHAR(64),inplace,BUILD,BUILD_OR_ALTER_FAIL_EXPECTED,MANUAL,CHECK_MANUALLY
TC-QA1196,VARCHAR(63) -> VARCHAR(64),inplace,CREATE,PASS,PASS,
TC-PA1197,VARCHAR(64) -> VARCHAR(65),inplace,BUILD,BUILD_OR_ALTER_FAIL_EXPECTED,MANUAL,CHECK_MANUALLY
TC-QA1198,VARCHAR(64) -> VARCHAR(65),inplace,CREATE,PASS,PASS,
TC-PA1199,VARCHAR(100) -> VARCHAR(200),inplace,BUILD,BUILD_OR_ALTER_FAIL_EXPECTED,MANUAL,CHECK_MANUALLY
TC-QA1200,VARCHAR(100) -> VARCHAR(200),inplace,CREATE,PASS,PASS,
TC-QA1202,TINYINT -> SMALLINT,inplace,CREATE,PASS,PASS,
TC-QA1204,TINYINT -> MEDIUMINT,inplace,CREATE,PASS,PASS,
TC-QA1206,TINYINT -> INT,inplace,CREATE,PASS,PASS,
TC-QA1208,TINYINT -> BIGINT,inplace,CREATE,PASS,PASS,
TC-QA1210,SMALLINT -> MEDIUMINT,inplace,CREATE,PASS,PASS,
TC-QA1212,SMALLINT -> INT,inplace,CREATE,PASS,PASS,
TC-QA1214,SMALLINT -> BIGINT,inplace,CREATE,PASS,PASS,
TC-QA1216,MEDIUMINT -> INT,inplace,CREATE,PASS,PASS,
TC-QA1218,MEDIUMINT -> BIGINT,inplace,CREATE,PASS,PASS,
TC-QA1220,INT -> BIGINT,inplace,CREATE,PASS,PASS,
TC-QA1222,TINYINT UNSIGNED -> SMALLINT UNSIGNED,inplace,CREATE,PASS,PASS,
TC-QA1224,TINYINT UNSIGNED -> MEDIUMINT UNSIGNED,inplace,CREATE,PASS,PASS,
TC-QA1226,TINYINT UNSIGNED -> INT UNSIGNED,inplace,CREATE,PASS,PASS,
TC-QA1228,TINYINT UNSIGNED -> BIGINT UNSIGNED,inplace,CREATE,PASS,PASS,
TC-QA1230,SMALLINT UNSIGNED -> MEDIUMINT UNSIGNED,inplace,CREATE,PASS,PASS,
TC-QA1232,SMALLINT UNSIGNED -> INT UNSIGNED,inplace,CREATE,PASS,PASS,
TC-QA1234,SMALLINT UNSIGNED -> BIGINT UNSIGNED,inplace,CREATE,PASS,PASS,
TC-QA1236,MEDIUMINT UNSIGNED -> INT UNSIGNED,inplace,CREATE,PASS,PASS,
TC-QA1238,MEDIUMINT UNSIGNED -> BIGINT UNSIGNED,inplace,CREATE,PASS,PASS,
TC-QA1240,INT UNSIGNED -> BIGINT UNSIGNED,inplace,CREATE,PASS,PASS,
TC-PA1241,CHAR(1) -> CHAR(2),inplace,BUILD,BUILD_OR_ALTER_FAIL_EXPECTED,MANUAL,CHECK_MANUALLY
TC-QA1242,CHAR(1) -> CHAR(2),inplace,CREATE,PASS,PASS,
TC-PA1243,CHAR(63) -> CHAR(64),inplace,BUILD,BUILD_OR_ALTER_FAIL_EXPECTED,MANUAL,CHECK_MANUALLY
TC-QA1244,CHAR(63) -> CHAR(64),inplace,CREATE,PASS,PASS,
TC-PA1245,CHAR(254) -> CHAR(255),inplace,BUILD,BUILD_OR_ALTER_FAIL_EXPECTED,MANUAL,CHECK_MANUALLY
TC-QA1246,CHAR(254) -> CHAR(255),inplace,CREATE,PASS,PASS,
TC-PA1247,VARCHAR(1) -> VARCHAR(2),inplace,BUILD,BUILD_OR_ALTER_FAIL_EXPECTED,MANUAL,CHECK_MANUALLY
TC-QA1248,VARCHAR(1) -> VARCHAR(2),inplace,CREATE,PASS,PASS,
TC-PA1249,VARCHAR(254) -> VARCHAR(255),inplace,BUILD,BUILD_OR_ALTER_FAIL_EXPECTED,MANUAL,CHECK_MANUALLY
TC-QA1250,VARCHAR(254) -> VARCHAR(255),inplace,CREATE,PASS,PASS,
TC-PA1251,VARCHAR(255) -> VARCHAR(256),inplace,BUILD,BUILD_OR_ALTER_FAIL_EXPECTED,MANUAL,CHECK_MANUALLY
TC-QA1252,VARCHAR(255) -> VARCHAR(256),inplace,CREATE,PASS,PASS,
TC-PA1253,VARCHAR(85) -> VARCHAR(86),inplace,BUILD,BUILD_OR_ALTER_FAIL_EXPECTED,MANUAL,CHECK_MANUALLY
TC-QA1254,VARCHAR(85) -> VARCHAR(86),inplace,CREATE,PASS,PASS,
TC-PA1255,VARCHAR(63) -> VARCHAR(64),inplace,BUILD,BUILD_OR_ALTER_FAIL_EXPECTED,MANUAL,CHECK_MANUALLY
TC-QA1256,VARCHAR(63) -> VARCHAR(64),inplace,CREATE,PASS,PASS,
TC-PA1257,VARCHAR(64) -> VARCHAR(65),inplace,BUILD,BUILD_OR_ALTER_FAIL_EXPECTED,MANUAL,CHECK_MANUALLY
TC-QA1258,VARCHAR(64) -> VARCHAR(65),inplace,CREATE,PASS,PASS,
TC-PA1259,VARCHAR(100) -> VARCHAR(200),inplace,BUILD,BUILD_OR_ALTER_FAIL_EXPECTED,MANUAL,CHECK_MANUALLY
TC-QA1260,VARCHAR(100) -> VARCHAR(200),inplace,CREATE,PASS,PASS,
TC-QA1262,TINYINT -> SMALLINT,inplace,CREATE,PASS,PASS,
TC-QA1264,TINYINT -> MEDIUMINT,inplace,CREATE,PASS,PASS,
TC-QA1266,TINYINT -> INT,inplace,CREATE,PASS,PASS,
TC-QA1268,TINYINT -> BIGINT,inplace,CREATE,PASS,PASS,
TC-QA1270,SMALLINT -> MEDIUMINT,inplace,CREATE,PASS,PASS,
TC-QA1272,SMALLINT -> INT,inplace,CREATE,PASS,PASS,
TC-QA1274,SMALLINT -> BIGINT,inplace,CREATE,PASS,PASS,
TC-QA1276,MEDIUMINT -> INT,inplace,CREATE,PASS,PASS,
TC-QA1278,MEDIUMINT -> BIGINT,inplace,CREATE,PASS,PASS,
TC-QA1280,INT -> BIGINT,inplace,CREATE,PASS,PASS,
TC-QA1282,TINYINT UNSIGNED -> SMALLINT UNSIGNED,inplace,CREATE,PASS,PASS,
TC-QA1284,TINYINT UNSIGNED -> MEDIUMINT UNSIGNED,inplace,CREATE,PASS,PASS,
TC-QA1286,TINYINT UNSIGNED -> INT UNSIGNED,inplace,CREATE,PASS,PASS,
TC-QA1288,TINYINT UNSIGNED -> BIGINT UNSIGNED,inplace,CREATE,PASS,PASS,
TC-QA1290,SMALLINT UNSIGNED -> MEDIUMINT UNSIGNED,inplace,CREATE,PASS,PASS,
TC-QA1292,SMALLINT UNSIGNED -> INT UNSIGNED,inplace,CREATE,PASS,PASS,
TC-QA1294,SMALLINT UNSIGNED -> BIGINT UNSIGNED,inplace,CREATE,PASS,PASS,
TC-QA1296,MEDIUMINT UNSIGNED -> INT UNSIGNED,inplace,CREATE,PASS,PASS,
TC-QA1298,MEDIUMINT UNSIGNED -> BIGINT UNSIGNED,inplace,CREATE,PASS,PASS,
TC-QA1300,INT UNSIGNED -> BIGINT UNSIGNED,inplace,CREATE,PASS,PASS,
TC-PA1301,CHAR(1) -> CHAR(2),inplace,BUILD,BUILD_OR_ALTER_FAIL_EXPECTED,MANUAL,CHECK_MANUALLY
TC-QA1302,CHAR(1) -> CHAR(2),inplace,CREATE,PASS,PASS,
TC-PA1303,CHAR(63) -> CHAR(64),inplace,BUILD,BUILD_OR_ALTER_FAIL_EXPECTED,MANUAL,CHECK_MANUALLY
TC-QA1304,CHAR(63) -> CHAR(64),inplace,CREATE,PASS,PASS,
TC-PA1305,CHAR(254) -> CHAR(255),inplace,BUILD,BUILD_OR_ALTER_FAIL_EXPECTED,MANUAL,CHECK_MANUALLY
TC-QA1306,CHAR(254) -> CHAR(255),inplace,CREATE,PASS,PASS,
TC-PA1307,VARCHAR(1) -> VARCHAR(2),inplace,BUILD,BUILD_OR_ALTER_FAIL_EXPECTED,MANUAL,CHECK_MANUALLY
TC-QA1308,VARCHAR(1) -> VARCHAR(2),inplace,CREATE,PASS,PASS,
TC-PA1309,VARCHAR(254) -> VARCHAR(255),inplace,BUILD,BUILD_OR_ALTER_FAIL_EXPECTED,MANUAL,CHECK_MANUALLY
TC-QA1310,VARCHAR(254) -> VARCHAR(255),inplace,CREATE,PASS,PASS,
TC-PA1311,VARCHAR(255) -> VARCHAR(256),inplace,BUILD,BUILD_OR_ALTER_FAIL_EXPECTED,MANUAL,CHECK_MANUALLY
TC-QA1312,VARCHAR(255) -> VARCHAR(256),inplace,CREATE,PASS,PASS,
TC-PA1313,VARCHAR(85) -> VARCHAR(86),inplace,BUILD,BUILD_OR_ALTER_FAIL_EXPECTED,MANUAL,CHECK_MANUALLY
TC-QA1314,VARCHAR(85) -> VARCHAR(86),inplace,CREATE,PASS,PASS,
TC-PA1315,VARCHAR(63) -> VARCHAR(64),inplace,BUILD,BUILD_OR_ALTER_FAIL_EXPECTED,MANUAL,CHECK_MANUALLY
TC-QA1316,VARCHAR(63) -> VARCHAR(64),inplace,CREATE,PASS,PASS,
TC-PA1317,VARCHAR(64) -> VARCHAR(65),inplace,BUILD,BUILD_OR_ALTER_FAIL_EXPECTED,MANUAL,CHECK_MANUALLY
TC-QA1318,VARCHAR(64) -> VARCHAR(65),inplace,CREATE,PASS,PASS,
TC-PA1319,VARCHAR(100) -> VARCHAR(200),inplace,BUILD,BUILD_OR_ALTER_FAIL_EXPECTED,MANUAL,CHECK_MANUALLY
TC-QA1320,VARCHAR(100) -> VARCHAR(200),inplace,CREATE,PASS,PASS,
TC-QA1322,TINYINT -> SMALLINT,inplace,CREATE,PASS,PASS,
TC-QA1324,TINYINT -> MEDIUMINT,inplace,CREATE,PASS,PASS,
TC-QA1326,TINYINT -> INT,inplace,CREATE,PASS,PASS,
TC-QA1328,TINYINT -> BIGINT,inplace,CREATE,PASS,PASS,
TC-QA1330,SMALLINT -> MEDIUMINT,inplace,CREATE,PASS,PASS,
TC-QA1332,SMALLINT -> INT,inplace,CREATE,PASS,PASS,
TC-QA1334,SMALLINT -> BIGINT,inplace,CREATE,PASS,PASS,
TC-QA1336,MEDIUMINT -> INT,inplace,CREATE,PASS,PASS,
TC-QA1338,MEDIUMINT -> BIGINT,inplace,CREATE,PASS,PASS,
TC-QA1340,INT -> BIGINT,inplace,CREATE,PASS,PASS,
TC-QA1342,TINYINT UNSIGNED -> SMALLINT UNSIGNED,inplace,CREATE,PASS,PASS,
TC-QA1344,TINYINT UNSIGNED -> MEDIUMINT UNSIGNED,inplace,CREATE,PASS,PASS,
TC-QA1346,TINYINT UNSIGNED -> INT UNSIGNED,inplace,CREATE,PASS,PASS,
TC-QA1348,TINYINT UNSIGNED -> BIGINT UNSIGNED,inplace,CREATE,PASS,PASS,
TC-QA1350,SMALLINT UNSIGNED -> MEDIUMINT UNSIGNED,inplace,CREATE,PASS,PASS,
TC-QA1352,SMALLINT UNSIGNED -> INT UNSIGNED,inplace,CREATE,PASS,PASS,
TC-QA1354,SMALLINT UNSIGNED -> BIGINT UNSIGNED,inplace,CREATE,PASS,PASS,
TC-QA1356,MEDIUMINT UNSIGNED -> INT UNSIGNED,inplace,CREATE,PASS,PASS,
TC-QA1358,MEDIUMINT UNSIGNED -> BIGINT UNSIGNED,inplace,CREATE,PASS,PASS,
TC-QA1360,INT UNSIGNED -> BIGINT UNSIGNED,inplace,CREATE,PASS,PASS,
TC-PA1361,CHAR(1) -> CHAR(2),inplace,BUILD,BUILD_OR_ALTER_FAIL_EXPECTED,MANUAL,CHECK_MANUALLY
TC-QA1362,CHAR(1) -> CHAR(2),inplace,CREATE,PASS,PASS,
TC-PA1363,CHAR(63) -> CHAR(64),inplace,BUILD,BUILD_OR_ALTER_FAIL_EXPECTED,MANUAL,CHECK_MANUALLY
TC-QA1364,CHAR(63) -> CHAR(64),inplace,CREATE,PASS,PASS,
TC-PA1365,CHAR(254) -> CHAR(255),inplace,BUILD,BUILD_OR_ALTER_FAIL_EXPECTED,MANUAL,CHECK_MANUALLY
TC-QA1366,CHAR(254) -> CHAR(255),inplace,CREATE,PASS,PASS,
TC-PA1367,VARCHAR(1) -> VARCHAR(2),inplace,BUILD,BUILD_OR_ALTER_FAIL_EXPECTED,MANUAL,CHECK_MANUALLY
TC-QA1368,VARCHAR(1) -> VARCHAR(2),inplace,CREATE,PASS,PASS,
TC-PA1369,VARCHAR(254) -> VARCHAR(255),inplace,BUILD,BUILD_OR_ALTER_FAIL_EXPECTED,MANUAL,CHECK_MANUALLY
TC-QA1370,VARCHAR(254) -> VARCHAR(255),inplace,CREATE,PASS,PASS,
TC-PA1371,VARCHAR(255) -> VARCHAR(256),inplace,BUILD,BUILD_OR_ALTER_FAIL_EXPECTED,MANUAL,CHECK_MANUALLY
TC-QA1372,VARCHAR(255) -> VARCHAR(256),inplace,CREATE,PASS,PASS,
TC-PA1373,VARCHAR(85) -> VARCHAR(86),inplace,BUILD,BUILD_OR_ALTER_FAIL_EXPECTED,MANUAL,CHECK_MANUALLY
TC-QA1374,VARCHAR(85) -> VARCHAR(86),inplace,CREATE,PASS,PASS,
TC-PA1375,VARCHAR(63) -> VARCHAR(64),inplace,BUILD,BUILD_OR_ALTER_FAIL_EXPECTED,MANUAL,CHECK_MANUALLY
TC-QA1376,VARCHAR(63) -> VARCHAR(64),inplace,CREATE,PASS,PASS,
TC-PA1377,VARCHAR(64) -> VARCHAR(65),inplace,BUILD,BUILD_OR_ALTER_FAIL_EXPECTED,MANUAL,CHECK_MANUALLY
TC-QA1378,VARCHAR(64) -> VARCHAR(65),inplace,CREATE,PASS,PASS,
TC-PA1379,VARCHAR(100) -> VARCHAR(200),inplace,BUILD,BUILD_OR_ALTER_FAIL_EXPECTED,MANUAL,CHECK_MANUALLY
TC-QA1380,VARCHAR(100) -> VARCHAR(200),inplace,CREATE,PASS,PASS,
TC-QA1382,TINYINT -> SMALLINT,inplace,CREATE,PASS,PASS,
TC-QA1384,TINYINT -> MEDIUMINT,inplace,CREATE,PASS,PASS,
TC-QA1386,TINYINT -> INT,inplace,CREATE,PASS,PASS,
TC-QA1388,TINYINT -> BIGINT,inplace,CREATE,PASS,PASS,
TC-QA1390,SMALLINT -> MEDIUMINT,inplace,CREATE,PASS,PASS,
TC-QA1392,SMALLINT -> INT,inplace,CREATE,PASS,PASS,
TC-QA1394,SMALLINT -> BIGINT,inplace,CREATE,PASS,PASS,
TC-QA1396,MEDIUMINT -> INT,inplace,CREATE,PASS,PASS,
TC-QA1398,MEDIUMINT -> BIGINT,inplace,CREATE,PASS,PASS,
TC-QA1400,INT -> BIGINT,inplace,CREATE,PASS,PASS,
TC-QA1402,TINYINT UNSIGNED -> SMALLINT UNSIGNED,inplace,CREATE,PASS,PASS,
TC-QA1404,TINYINT UNSIGNED -> MEDIUMINT UNSIGNED,inplace,CREATE,PASS,PASS,
TC-QA1406,TINYINT UNSIGNED -> INT UNSIGNED,inplace,CREATE,PASS,PASS,
TC-QA1408,TINYINT UNSIGNED -> BIGINT UNSIGNED,inplace,CREATE,PASS,PASS,
TC-QA1410,SMALLINT UNSIGNED -> MEDIUMINT UNSIGNED,inplace,CREATE,PASS,PASS,
TC-QA1412,SMALLINT UNSIGNED -> INT UNSIGNED,inplace,CREATE,PASS,PASS,
TC-QA1414,SMALLINT UNSIGNED -> BIGINT UNSIGNED,inplace,CREATE,PASS,PASS,
TC-QA1416,MEDIUMINT UNSIGNED -> INT UNSIGNED,inplace,CREATE,PASS,PASS,
TC-QA1418,MEDIUMINT UNSIGNED -> BIGINT UNSIGNED,inplace,CREATE,PASS,PASS,
TC-QA1420,INT UNSIGNED -> BIGINT UNSIGNED,inplace,CREATE,PASS,PASS,
TC-PA1421,CHAR(1) -> CHAR(2),inplace,BUILD,BUILD_OR_ALTER_FAIL_EXPECTED,MANUAL,CHECK_MANUALLY
TC-QA1422,CHAR(1) -> CHAR(2),inplace,CREATE,PASS,PASS,
TC-PA1423,CHAR(63) -> CHAR(64),inplace,BUILD,BUILD_OR_ALTER_FAIL_EXPECTED,MANUAL,CHECK_MANUALLY
TC-QA1424,CHAR(63) -> CHAR(64),inplace,CREATE,PASS,PASS,
TC-PA1425,CHAR(254) -> CHAR(255),inplace,BUILD,BUILD_OR_ALTER_FAIL_EXPECTED,MANUAL,CHECK_MANUALLY
TC-QA1426,CHAR(254) -> CHAR(255),inplace,CREATE,PASS,PASS,
TC-PA1427,VARCHAR(1) -> VARCHAR(2),inplace,BUILD,BUILD_OR_ALTER_FAIL_EXPECTED,MANUAL,CHECK_MANUALLY
TC-QA1428,VARCHAR(1) -> VARCHAR(2),inplace,CREATE,PASS,PASS,
TC-PA1429,VARCHAR(254) -> VARCHAR(255),inplace,BUILD,BUILD_OR_ALTER_FAIL_EXPECTED,MANUAL,CHECK_MANUALLY
TC-QA1430,VARCHAR(254) -> VARCHAR(255),inplace,CREATE,PASS,PASS,
TC-PA1431,VARCHAR(255) -> VARCHAR(256),inplace,BUILD,BUILD_OR_ALTER_FAIL_EXPECTED,MANUAL,CHECK_MANUALLY
TC-QA1432,VARCHAR(255) -> VARCHAR(256),inplace,CREATE,PASS,PASS,
TC-PA1433,VARCHAR(85) -> VARCHAR(86),inplace,BUILD,BUILD_OR_ALTER_FAIL_EXPECTED,MANUAL,CHECK_MANUALLY
TC-QA1434,VARCHAR(85) -> VARCHAR(86),inplace,CREATE,PASS,PASS,
TC-PA1435,VARCHAR(63) -> VARCHAR(64),inplace,BUILD,BUILD_OR_ALTER_FAIL_EXPECTED,MANUAL,CHECK_MANUALLY
TC-QA1436,VARCHAR(63) -> VARCHAR(64),inplace,CREATE,PASS,PASS,
TC-PA1437,VARCHAR(64) -> VARCHAR(65),inplace,BUILD,BUILD_OR_ALTER_FAIL_EXPECTED,MANUAL,CHECK_MANUALLY
TC-QA1438,VARCHAR(64) -> VARCHAR(65),inplace,CREATE,PASS,PASS,
TC-PA1439,VARCHAR(100) -> VARCHAR(200),inplace,BUILD,BUILD_OR_ALTER_FAIL_EXPECTED,MANUAL,CHECK_MANUALLY
TC-QA1440,VARCHAR(100) -> VARCHAR(200),inplace,CREATE,PASS,PASS,
TC-QA1442,TINYINT -> SMALLINT,inplace,CREATE,PASS,PASS,
TC-QA1444,TINYINT -> MEDIUMINT,inplace,CREATE,PASS,PASS,
TC-QA1446,TINYINT -> INT,inplace,CREATE,PASS,PASS,
TC-QA1448,TINYINT -> BIGINT,inplace,CREATE,PASS,PASS,
TC-QA1450,SMALLINT -> MEDIUMINT,inplace,CREATE,PASS,PASS,
TC-QA1452,SMALLINT -> INT,inplace,CREATE,PASS,PASS,
TC-QA1454,SMALLINT -> BIGINT,inplace,CREATE,PASS,PASS,
TC-QA1456,MEDIUMINT -> INT,inplace,CREATE,PASS,PASS,
TC-QA1458,MEDIUMINT -> BIGINT,inplace,CREATE,PASS,PASS,
TC-QA1460,INT -> BIGINT,inplace,CREATE,PASS,PASS,
TC-QA1462,TINYINT UNSIGNED -> SMALLINT UNSIGNED,inplace,CREATE,PASS,PASS,
TC-QA1464,TINYINT UNSIGNED -> MEDIUMINT UNSIGNED,inplace,CREATE,PASS,PASS,
TC-QA1466,TINYINT UNSIGNED -> INT UNSIGNED,inplace,CREATE,PASS,PASS,
TC-QA1468,TINYINT UNSIGNED -> BIGINT UNSIGNED,inplace,CREATE,PASS,PASS,
TC-QA1470,SMALLINT UNSIGNED -> MEDIUMINT UNSIGNED,inplace,CREATE,PASS,PASS,
TC-QA1472,SMALLINT UNSIGNED -> INT UNSIGNED,inplace,CREATE,PASS,PASS,
TC-QA1474,SMALLINT UNSIGNED -> BIGINT UNSIGNED,inplace,CREATE,PASS,PASS,
TC-QA1476,MEDIUMINT UNSIGNED -> INT UNSIGNED,inplace,CREATE,PASS,PASS,
TC-QA1478,MEDIUMINT UNSIGNED -> BIGINT UNSIGNED,inplace,CREATE,PASS,PASS,
TC-QA1480,INT UNSIGNED -> BIGINT UNSIGNED,inplace,CREATE,PASS,PASS,
TC-QA1482,CHAR(1) -> CHAR(2),inplace,CREATE,PASS,PASS,
TC-QA1484,CHAR(63) -> CHAR(64),inplace,CREATE,PASS,PASS,
TC-QA1486,CHAR(254) -> CHAR(255),inplace,CREATE,PASS,PASS,
TC-QA1488,VARCHAR(1) -> VARCHAR(2),inplace,CREATE,PASS,PASS,
TC-QA1490,VARCHAR(254) -> VARCHAR(255),inplace,CREATE,PASS,PASS,
TC-QA1492,VARCHAR(255) -> VARCHAR(256),inplace,CREATE,PASS,PASS,
TC-QA1494,VARCHAR(85) -> VARCHAR(86),inplace,CREATE,PASS,PASS,
TC-QA1496,VARCHAR(63) -> VARCHAR(64),inplace,CREATE,PASS,PASS,
TC-QA1498,VARCHAR(64) -> VARCHAR(65),inplace,CREATE,PASS,PASS,
TC-QA1500,VARCHAR(100) -> VARCHAR(200),inplace,CREATE,PASS,PASS,
TC-QA1502,TINYINT -> SMALLINT,inplace,CREATE,PASS,PASS,
TC-QA1504,TINYINT -> MEDIUMINT,inplace,CREATE,PASS,PASS,
TC-QA1506,TINYINT -> INT,inplace,CREATE,PASS,PASS,
TC-QA1508,TINYINT -> BIGINT,inplace,CREATE,PASS,PASS,
TC-QA1510,SMALLINT -> MEDIUMINT,inplace,CREATE,PASS,PASS,
TC-QA1512,SMALLINT -> INT,inplace,CREATE,PASS,PASS,
TC-QA1514,SMALLINT -> BIGINT,inplace,CREATE,PASS,PASS,
TC-QA1516,MEDIUMINT -> INT,inplace,CREATE,PASS,PASS,
TC-QA1518,MEDIUMINT -> BIGINT,inplace,CREATE,PASS,PASS,
TC-QA1520,INT -> BIGINT,inplace,CREATE,PASS,PASS,
TC-QA1522,TINYINT UNSIGNED -> SMALLINT UNSIGNED,inplace,CREATE,PASS,PASS,
TC-QA1524,TINYINT UNSIGNED -> MEDIUMINT UNSIGNED,inplace,CREATE,PASS,PASS,
TC-QA1526,TINYINT UNSIGNED -> INT UNSIGNED,inplace,CREATE,PASS,PASS,
TC-QA1528,TINYINT UNSIGNED -> BIGINT UNSIGNED,inplace,CREATE,PASS,PASS,
TC-QA1530,SMALLINT UNSIGNED -> MEDIUMINT UNSIGNED,inplace,CREATE,PASS,PASS,
TC-QA1532,SMALLINT UNSIGNED -> INT UNSIGNED,inplace,CREATE,PASS,PASS,
TC-QA1534,SMALLINT UNSIGNED -> BIGINT UNSIGNED,inplace,CREATE,PASS,PASS,
TC-QA1536,MEDIUMINT UNSIGNED -> INT UNSIGNED,inplace,CREATE,PASS,PASS,
TC-QA1538,MEDIUMINT UNSIGNED -> BIGINT UNSIGNED,inplace,CREATE,PASS,PASS,
TC-QA1540,INT UNSIGNED -> BIGINT UNSIGNED,inplace,CREATE,PASS,PASS,
TC-QA1542,CHAR(1) -> CHAR(2),inplace,CREATE,PASS,PASS,
TC-QA1544,CHAR(63) -> CHAR(64),inplace,CREATE,PASS,PASS,
TC-QA1546,CHAR(254) -> CHAR(255),inplace,CREATE,PASS,PASS,
TC-QA1548,VARCHAR(1) -> VARCHAR(2),inplace,CREATE,PASS,PASS,
TC-QA1550,VARCHAR(254) -> VARCHAR(255),inplace,CREATE,PASS,PASS,
TC-QA1552,VARCHAR(255) -> VARCHAR(256),inplace,CREATE,PASS,PASS,
TC-QA1554,VARCHAR(85) -> VARCHAR(86),inplace,CREATE,PASS,PASS,
TC-QA1556,VARCHAR(63) -> VARCHAR(64),inplace,CREATE,PASS,PASS,
TC-QA1558,VARCHAR(64) -> VARCHAR(65),inplace,CREATE,PASS,PASS,
TC-QA1560,VARCHAR(100) -> VARCHAR(200),inplace,CREATE,PASS,PASS,
TC-QA1562,TINYINT -> SMALLINT,inplace,CREATE,PASS,PASS,
TC-QA1564,TINYINT -> MEDIUMINT,inplace,CREATE,PASS,PASS,
TC-QA1566,TINYINT -> INT,inplace,CREATE,PASS,PASS,
TC-QA1568,TINYINT -> BIGINT,inplace,CREATE,PASS,PASS,
TC-QA1570,SMALLINT -> MEDIUMINT,inplace,CREATE,PASS,PASS,
TC-QA1572,SMALLINT -> INT,inplace,CREATE,PASS,PASS,
TC-QA1574,SMALLINT -> BIGINT,inplace,CREATE,PASS,PASS,
TC-QA1576,MEDIUMINT -> INT,inplace,CREATE,PASS,PASS,
TC-QA1578,MEDIUMINT -> BIGINT,inplace,CREATE,PASS,PASS,
TC-QA1580,INT -> BIGINT,inplace,CREATE,PASS,PASS,
TC-QA1582,TINYINT UNSIGNED -> SMALLINT UNSIGNED,inplace,CREATE,PASS,PASS,
TC-QA1584,TINYINT UNSIGNED -> MEDIUMINT UNSIGNED,inplace,CREATE,PASS,PASS,
TC-QA1586,TINYINT UNSIGNED -> INT UNSIGNED,inplace,CREATE,PASS,PASS,
TC-QA1588,TINYINT UNSIGNED -> BIGINT UNSIGNED,inplace,CREATE,PASS,PASS,
TC-QA1590,SMALLINT UNSIGNED -> MEDIUMINT UNSIGNED,inplace,CREATE,PASS,PASS,
TC-QA1592,SMALLINT UNSIGNED -> INT UNSIGNED,inplace,CREATE,PASS,PASS,
TC-QA1594,SMALLINT UNSIGNED -> BIGINT UNSIGNED,inplace,CREATE,PASS,PASS,
TC-QA1596,MEDIUMINT UNSIGNED -> INT UNSIGNED,inplace,CREATE,PASS,PASS,
TC-QA1598,MEDIUMINT UNSIGNED -> BIGINT UNSIGNED,inplace,CREATE,PASS,PASS,
TC-QA1600,INT UNSIGNED -> BIGINT UNSIGNED,inplace,CREATE,PASS,PASS,
TC-QA1602,CHAR(1) -> CHAR(2),inplace,CREATE,PASS,PASS,
TC-QA1604,CHAR(63) -> CHAR(64),inplace,CREATE,PASS,PASS,
TC-QA1606,CHAR(254) -> CHAR(255),inplace,CREATE,PASS,PASS,
TC-QA1608,VARCHAR(1) -> VARCHAR(2),inplace,CREATE,PASS,PASS,
TC-QA1610,VARCHAR(254) -> VARCHAR(255),inplace,CREATE,PASS,PASS,
TC-QA1612,VARCHAR(255) -> VARCHAR(256),inplace,CREATE,PASS,PASS,
TC-QA1614,VARCHAR(85) -> VARCHAR(86),inplace,CREATE,PASS,PASS,
TC-QA1616,VARCHAR(63) -> VARCHAR(64),inplace,CREATE,PASS,PASS,
TC-QA1618,VARCHAR(64) -> VARCHAR(65),inplace,CREATE,PASS,PASS,
TC-QA1620,VARCHAR(100) -> VARCHAR(200),inplace,CREATE,PASS,PASS,
TC-QA1622,TINYINT -> SMALLINT,inplace,CREATE,PASS,PASS,
TC-QA1624,TINYINT -> MEDIUMINT,inplace,CREATE,PASS,PASS,
TC-QA1626,TINYINT -> INT,inplace,CREATE,PASS,PASS,
TC-QA1628,TINYINT -> BIGINT,inplace,CREATE,PASS,PASS,
TC-QA1630,SMALLINT -> MEDIUMINT,inplace,CREATE,PASS,PASS,
TC-QA1632,SMALLINT -> INT,inplace,CREATE,PASS,PASS,
TC-QA1634,SMALLINT -> BIGINT,inplace,CREATE,PASS,PASS,
TC-QA1636,MEDIUMINT -> INT,inplace,CREATE,PASS,PASS,
TC-QA1638,MEDIUMINT -> BIGINT,inplace,CREATE,PASS,PASS,
TC-QA1640,INT -> BIGINT,inplace,CREATE,PASS,PASS,
TC-QA1642,TINYINT UNSIGNED -> SMALLINT UNSIGNED,inplace,CREATE,PASS,PASS,
TC-QA1644,TINYINT UNSIGNED -> MEDIUMINT UNSIGNED,inplace,CREATE,PASS,PASS,
TC-QA1646,TINYINT UNSIGNED -> INT UNSIGNED,inplace,CREATE,PASS,PASS,
TC-QA1648,TINYINT UNSIGNED -> BIGINT UNSIGNED,inplace,CREATE,PASS,PASS,
TC-QA1650,SMALLINT UNSIGNED -> MEDIUMINT UNSIGNED,inplace,CREATE,PASS,PASS,
TC-QA1652,SMALLINT UNSIGNED -> INT UNSIGNED,inplace,CREATE,PASS,PASS,
TC-QA1654,SMALLINT UNSIGNED -> BIGINT UNSIGNED,inplace,CREATE,PASS,PASS,
TC-QA1656,MEDIUMINT UNSIGNED -> INT UNSIGNED,inplace,CREATE,PASS,PASS,
TC-QA1658,MEDIUMINT UNSIGNED -> BIGINT UNSIGNED,inplace,CREATE,PASS,PASS,
TC-QA1660,INT UNSIGNED -> BIGINT UNSIGNED,inplace,CREATE,PASS,PASS,
TC-QA1662,CHAR(1) -> CHAR(2),inplace,CREATE,PASS,PASS,
TC-QA1664,CHAR(63) -> CHAR(64),inplace,CREATE,PASS,PASS,
TC-QA1666,CHAR(254) -> CHAR(255),inplace,CREATE,PASS,PASS,
TC-QA1668,VARCHAR(1) -> VARCHAR(2),inplace,CREATE,PASS,PASS,
TC-QA1670,VARCHAR(254) -> VARCHAR(255),inplace,CREATE,PASS,PASS,
TC-QA1672,VARCHAR(255) -> VARCHAR(256),inplace,CREATE,PASS,PASS,
TC-QA1674,VARCHAR(85) -> VARCHAR(86),inplace,CREATE,PASS,PASS,
TC-QA1676,VARCHAR(63) -> VARCHAR(64),inplace,CREATE,PASS,PASS,
TC-QA1678,VARCHAR(64) -> VARCHAR(65),inplace,CREATE,PASS,PASS,
TC-QA1680,VARCHAR(100) -> VARCHAR(200),inplace,CREATE,PASS,PASS,
TC-QA1682,TINYINT -> SMALLINT,inplace,CREATE,PASS,PASS,
TC-QA1684,TINYINT -> MEDIUMINT,inplace,CREATE,PASS,PASS,
TC-QA1686,TINYINT -> INT,inplace,CREATE,PASS,PASS,
TC-QA1688,TINYINT -> BIGINT,inplace,CREATE,PASS,PASS,
TC-QA1690,SMALLINT -> MEDIUMINT,inplace,CREATE,PASS,PASS,
TC-QA1692,SMALLINT -> INT,inplace,CREATE,PASS,PASS,
TC-QA1694,SMALLINT -> BIGINT,inplace,CREATE,PASS,PASS,
TC-QA1696,MEDIUMINT -> INT,inplace,CREATE,PASS,PASS,
TC-QA1698,MEDIUMINT -> BIGINT,inplace,CREATE,PASS,PASS,
TC-QA1700,INT -> BIGINT,inplace,CREATE,PASS,PASS,
TC-QA1702,TINYINT UNSIGNED -> SMALLINT UNSIGNED,inplace,CREATE,PASS,PASS,
TC-QA1704,TINYINT UNSIGNED -> MEDIUMINT UNSIGNED,inplace,CREATE,PASS,PASS,
TC-QA1706,TINYINT UNSIGNED -> INT UNSIGNED,inplace,CREATE,PASS,PASS,
TC-QA1708,TINYINT UNSIGNED -> BIGINT UNSIGNED,inplace,CREATE,PASS,PASS,
TC-QA1710,SMALLINT UNSIGNED -> MEDIUMINT UNSIGNED,inplace,CREATE,PASS,PASS,
TC-QA1712,SMALLINT UNSIGNED -> INT UNSIGNED,inplace,CREATE,PASS,PASS,
TC-QA1714,SMALLINT UNSIGNED -> BIGINT UNSIGNED,inplace,CREATE,PASS,PASS,
TC-QA1716,MEDIUMINT UNSIGNED -> INT UNSIGNED,inplace,CREATE,PASS,PASS,
TC-QA1718,MEDIUMINT UNSIGNED -> BIGINT UNSIGNED,inplace,CREATE,PASS,PASS,
TC-QA1720,INT UNSIGNED -> BIGINT UNSIGNED,inplace,CREATE,PASS,PASS,
TC-QA1722,CHAR(1) -> CHAR(2),inplace,CREATE,PASS,PASS,
TC-QA1724,CHAR(63) -> CHAR(64),inplace,CREATE,PASS,PASS,
TC-QA1726,CHAR(254) -> CHAR(255),inplace,CREATE,PASS,PASS,
TC-QA1728,VARCHAR(1) -> VARCHAR(2),inplace,CREATE,PASS,PASS,
TC-QA1730,VARCHAR(254) -> VARCHAR(255),inplace,CREATE,PASS,PASS,
TC-QA1732,VARCHAR(255) -> VARCHAR(256),inplace,CREATE,PASS,PASS,
TC-QA1734,VARCHAR(85) -> VARCHAR(86),inplace,CREATE,PASS,PASS,
TC-QA1736,VARCHAR(63) -> VARCHAR(64),inplace,CREATE,PASS,PASS,
TC-QA1738,VARCHAR(64) -> VARCHAR(65),inplace,CREATE,PASS,PASS,
TC-QA1740,VARCHAR(100) -> VARCHAR(200),inplace,CREATE,PASS,PASS,
TC-QA1742,TINYINT -> SMALLINT,inplace,CREATE,PASS,PASS,
TC-QA1744,TINYINT -> MEDIUMINT,inplace,CREATE,PASS,PASS,
TC-QA1746,TINYINT -> INT,inplace,CREATE,PASS,PASS,
TC-QA1748,TINYINT -> BIGINT,inplace,CREATE,PASS,PASS,
TC-QA1750,SMALLINT -> MEDIUMINT,inplace,CREATE,PASS,PASS,
TC-QA1752,SMALLINT -> INT,inplace,CREATE,PASS,PASS,
TC-QA1754,SMALLINT -> BIGINT,inplace,CREATE,PASS,PASS,
TC-QA1756,MEDIUMINT -> INT,inplace,CREATE,PASS,PASS,
TC-QA1758,MEDIUMINT -> BIGINT,inplace,CREATE,PASS,PASS,
TC-QA1760,INT -> BIGINT,inplace,CREATE,PASS,PASS,
TC-QA1762,TINYINT UNSIGNED -> SMALLINT UNSIGNED,inplace,CREATE,PASS,PASS,
TC-QA1764,TINYINT UNSIGNED -> MEDIUMINT UNSIGNED,inplace,CREATE,PASS,PASS,
TC-QA1766,TINYINT UNSIGNED -> INT UNSIGNED,inplace,CREATE,PASS,PASS,
TC-QA1768,TINYINT UNSIGNED -> BIGINT UNSIGNED,inplace,CREATE,PASS,PASS,
TC-QA1770,SMALLINT UNSIGNED -> MEDIUMINT UNSIGNED,inplace,CREATE,PASS,PASS,
TC-QA1772,SMALLINT UNSIGNED -> INT UNSIGNED,inplace,CREATE,PASS,PASS,
TC-QA1774,SMALLINT UNSIGNED -> BIGINT UNSIGNED,inplace,CREATE,PASS,PASS,
TC-QA1776,MEDIUMINT UNSIGNED -> INT UNSIGNED,inplace,CREATE,PASS,PASS,
TC-QA1778,MEDIUMINT UNSIGNED -> BIGINT UNSIGNED,inplace,CREATE,PASS,PASS,
TC-QA1780,INT UNSIGNED -> BIGINT UNSIGNED,inplace,CREATE,PASS,PASS,
TC-QA1782,CHAR(1) -> CHAR(2),inplace,CREATE,PASS,PASS,
TC-QA1784,CHAR(63) -> CHAR(64),inplace,CREATE,PASS,PASS,
TC-QA1786,CHAR(254) -> CHAR(255),inplace,CREATE,PASS,PASS,
TC-QA1788,VARCHAR(1) -> VARCHAR(2),inplace,CREATE,PASS,PASS,
TC-QA1790,VARCHAR(254) -> VARCHAR(255),inplace,CREATE,PASS,PASS,
TC-QA1792,VARCHAR(255) -> VARCHAR(256),inplace,CREATE,PASS,PASS,
TC-QA1794,VARCHAR(85) -> VARCHAR(86),inplace,CREATE,PASS,PASS,
TC-QA1796,VARCHAR(63) -> VARCHAR(64),inplace,CREATE,PASS,PASS,
TC-QA1798,VARCHAR(64) -> VARCHAR(65),inplace,CREATE,PASS,PASS,
TC-QA1800,VARCHAR(100) -> VARCHAR(200),inplace,CREATE,PASS,PASS,
TC-QA1802,TINYINT -> SMALLINT,inplace,CREATE,PASS,PASS,
TC-QA1804,TINYINT -> MEDIUMINT,inplace,CREATE,PASS,PASS,
TC-QA1806,TINYINT -> INT,inplace,CREATE,PASS,PASS,
TC-QA1808,TINYINT -> BIGINT,inplace,CREATE,PASS,PASS,
TC-QA1810,SMALLINT -> MEDIUMINT,inplace,CREATE,PASS,PASS,
TC-QA1812,SMALLINT -> INT,inplace,CREATE,PASS,PASS,
TC-QA1814,SMALLINT -> BIGINT,inplace,CREATE,PASS,PASS,
TC-QA1816,MEDIUMINT -> INT,inplace,CREATE,PASS,PASS,
TC-QA1818,MEDIUMINT -> BIGINT,inplace,CREATE,PASS,PASS,
TC-QA1820,INT -> BIGINT,inplace,CREATE,PASS,PASS,
TC-QA1822,TINYINT UNSIGNED -> SMALLINT UNSIGNED,inplace,CREATE,PASS,PASS,
TC-QA1824,TINYINT UNSIGNED -> MEDIUMINT UNSIGNED,inplace,CREATE,PASS,PASS,
TC-QA1826,TINYINT UNSIGNED -> INT UNSIGNED,inplace,CREATE,PASS,PASS,
TC-QA1828,TINYINT UNSIGNED -> BIGINT UNSIGNED,inplace,CREATE,PASS,PASS,
TC-QA1830,SMALLINT UNSIGNED -> MEDIUMINT UNSIGNED,inplace,CREATE,PASS,PASS,
TC-QA1832,SMALLINT UNSIGNED -> INT UNSIGNED,inplace,CREATE,PASS,PASS,
TC-QA1834,SMALLINT UNSIGNED -> BIGINT UNSIGNED,inplace,CREATE,PASS,PASS,
TC-QA1836,MEDIUMINT UNSIGNED -> INT UNSIGNED,inplace,CREATE,PASS,PASS,
TC-QA1838,MEDIUMINT UNSIGNED -> BIGINT UNSIGNED,inplace,CREATE,PASS,PASS,
TC-QA1840,INT UNSIGNED -> BIGINT UNSIGNED,inplace,CREATE,PASS,PASS,
TC-QA1842,CHAR(1) -> CHAR(2),inplace,CREATE,PASS,PASS,
TC-QA1844,CHAR(63) -> CHAR(64),inplace,CREATE,PASS,PASS,
TC-QA1846,CHAR(254) -> CHAR(255),inplace,CREATE,PASS,PASS,
TC-QA1848,VARCHAR(1) -> VARCHAR(2),inplace,CREATE,PASS,PASS,
TC-QA1850,VARCHAR(254) -> VARCHAR(255),inplace,CREATE,PASS,PASS,
TC-QA1852,VARCHAR(255) -> VARCHAR(256),inplace,CREATE,PASS,PASS,
TC-QA1854,VARCHAR(85) -> VARCHAR(86),inplace,CREATE,PASS,PASS,
TC-QA1856,VARCHAR(63) -> VARCHAR(64),inplace,CREATE,PASS,PASS,
TC-QA1858,VARCHAR(64) -> VARCHAR(65),inplace,CREATE,PASS,PASS,
TC-QA1860,VARCHAR(100) -> VARCHAR(200),inplace,CREATE,PASS,PASS,
TC-QA1862,TINYINT -> SMALLINT,inplace,CREATE,PASS,PASS,
TC-QA1864,TINYINT -> MEDIUMINT,inplace,CREATE,PASS,PASS,
TC-QA1866,TINYINT -> INT,inplace,CREATE,PASS,PASS,
TC-QA1868,TINYINT -> BIGINT,inplace,CREATE,PASS,PASS,
TC-QA1870,SMALLINT -> MEDIUMINT,inplace,CREATE,PASS,PASS,
TC-QA1872,SMALLINT -> INT,inplace,CREATE,PASS,PASS,
TC-QA1874,SMALLINT -> BIGINT,inplace,CREATE,PASS,PASS,
TC-QA1876,MEDIUMINT -> INT,inplace,CREATE,PASS,PASS,
TC-QA1878,MEDIUMINT -> BIGINT,inplace,CREATE,PASS,PASS,
TC-QA1880,INT -> BIGINT,inplace,CREATE,PASS,PASS,
TC-QA1882,TINYINT UNSIGNED -> SMALLINT UNSIGNED,inplace,CREATE,PASS,PASS,
TC-QA1884,TINYINT UNSIGNED -> MEDIUMINT UNSIGNED,inplace,CREATE,PASS,PASS,
TC-QA1886,TINYINT UNSIGNED -> INT UNSIGNED,inplace,CREATE,PASS,PASS,
TC-QA1888,TINYINT UNSIGNED -> BIGINT UNSIGNED,inplace,CREATE,PASS,PASS,
TC-QA1890,SMALLINT UNSIGNED -> MEDIUMINT UNSIGNED,inplace,CREATE,PASS,PASS,
TC-QA1892,SMALLINT UNSIGNED -> INT UNSIGNED,inplace,CREATE,PASS,PASS,
TC-QA1894,SMALLINT UNSIGNED -> BIGINT UNSIGNED,inplace,CREATE,PASS,PASS,
TC-QA1896,MEDIUMINT UNSIGNED -> INT UNSIGNED,inplace,CREATE,PASS,PASS,
TC-QA1898,MEDIUMINT UNSIGNED -> BIGINT UNSIGNED,inplace,CREATE,PASS,PASS,
TC-QA1900,INT UNSIGNED -> BIGINT UNSIGNED,inplace,CREATE,PASS,PASS,
TC-QA1902,CHAR(1) -> CHAR(2),inplace,CREATE,PASS,PASS,
TC-QA1904,CHAR(63) -> CHAR(64),inplace,CREATE,PASS,PASS,
TC-QA1906,CHAR(254) -> CHAR(255),inplace,CREATE,PASS,PASS,
TC-QA1908,VARCHAR(1) -> VARCHAR(2),inplace,CREATE,PASS,PASS,
TC-QA1910,VARCHAR(254) -> VARCHAR(255),inplace,CREATE,PASS,PASS,
TC-QA1912,VARCHAR(255) -> VARCHAR(256),inplace,CREATE,PASS,PASS,
TC-QA1914,VARCHAR(85) -> VARCHAR(86),inplace,CREATE,PASS,PASS,
TC-QA1916,VARCHAR(63) -> VARCHAR(64),inplace,CREATE,PASS,PASS,
TC-QA1918,VARCHAR(64) -> VARCHAR(65),inplace,CREATE,PASS,PASS,
TC-QA1920,VARCHAR(100) -> VARCHAR(200),inplace,CREATE,PASS,PASS,
TC-QA1922,TINYINT -> SMALLINT,inplace,CREATE,PASS,PASS,
TC-QA1924,TINYINT -> MEDIUMINT,inplace,CREATE,PASS,PASS,
TC-QA1926,TINYINT -> INT,inplace,CREATE,PASS,PASS,
TC-QA1928,TINYINT -> BIGINT,inplace,CREATE,PASS,PASS,
TC-QA1930,SMALLINT -> MEDIUMINT,inplace,CREATE,PASS,PASS,
TC-QA1932,SMALLINT -> INT,inplace,CREATE,PASS,PASS,
TC-QA1934,SMALLINT -> BIGINT,inplace,CREATE,PASS,PASS,
TC-QA1936,MEDIUMINT -> INT,inplace,CREATE,PASS,PASS,
TC-QA1938,MEDIUMINT -> BIGINT,inplace,CREATE,PASS,PASS,
TC-QA1940,INT -> BIGINT,inplace,CREATE,PASS,PASS,
TC-QA1942,TINYINT UNSIGNED -> SMALLINT UNSIGNED,inplace,CREATE,PASS,PASS,
TC-QA1944,TINYINT UNSIGNED -> MEDIUMINT UNSIGNED,inplace,CREATE,PASS,PASS,
TC-QA1946,TINYINT UNSIGNED -> INT UNSIGNED,inplace,CREATE,PASS,PASS,
TC-QA1948,TINYINT UNSIGNED -> BIGINT UNSIGNED,inplace,CREATE,PASS,PASS,
TC-QA1950,SMALLINT UNSIGNED -> MEDIUMINT UNSIGNED,inplace,CREATE,PASS,PASS,
TC-QA1952,SMALLINT UNSIGNED -> INT UNSIGNED,inplace,CREATE,PASS,PASS,
TC-QA1954,SMALLINT UNSIGNED -> BIGINT UNSIGNED,inplace,CREATE,PASS,PASS,
TC-QA1956,MEDIUMINT UNSIGNED -> INT UNSIGNED,inplace,CREATE,PASS,PASS,
TC-QA1958,MEDIUMINT UNSIGNED -> BIGINT UNSIGNED,inplace,CREATE,PASS,PASS,
TC-QA1960,INT UNSIGNED -> BIGINT UNSIGNED,inplace,CREATE,PASS,PASS,
TC-PA1961,CHAR(1) -> CHAR(2),inplace,BUILD,BUILD_OR_ALTER_FAIL_EXPECTED,MANUAL,CHECK_MANUALLY
TC-QA1962,CHAR(1) -> CHAR(2),inplace,CREATE,PASS,PASS,
TC-PA1963,CHAR(63) -> CHAR(64),inplace,BUILD,BUILD_OR_ALTER_FAIL_EXPECTED,MANUAL,CHECK_MANUALLY
TC-QA1964,CHAR(63) -> CHAR(64),inplace,CREATE,PASS,PASS,
TC-PA1965,CHAR(254) -> CHAR(255),inplace,BUILD,BUILD_OR_ALTER_FAIL_EXPECTED,MANUAL,CHECK_MANUALLY
TC-QA1966,CHAR(254) -> CHAR(255),inplace,CREATE,PASS,PASS,
TC-PA1967,VARCHAR(1) -> VARCHAR(2),inplace,BUILD,BUILD_OR_ALTER_FAIL_EXPECTED,MANUAL,CHECK_MANUALLY
TC-QA1968,VARCHAR(1) -> VARCHAR(2),inplace,CREATE,PASS,PASS,
TC-PA1969,VARCHAR(254) -> VARCHAR(255),inplace,BUILD,BUILD_OR_ALTER_FAIL_EXPECTED,MANUAL,CHECK_MANUALLY
TC-QA1970,VARCHAR(254) -> VARCHAR(255),inplace,CREATE,PASS,PASS,
TC-PA1971,VARCHAR(255) -> VARCHAR(256),inplace,BUILD,BUILD_OR_ALTER_FAIL_EXPECTED,MANUAL,CHECK_MANUALLY
TC-QA1972,VARCHAR(255) -> VARCHAR(256),inplace,CREATE,PASS,PASS,
TC-PA1973,VARCHAR(85) -> VARCHAR(86),inplace,BUILD,BUILD_OR_ALTER_FAIL_EXPECTED,MANUAL,CHECK_MANUALLY
TC-QA1974,VARCHAR(85) -> VARCHAR(86),inplace,CREATE,PASS,PASS,
TC-PA1975,VARCHAR(63) -> VARCHAR(64),inplace,BUILD,BUILD_OR_ALTER_FAIL_EXPECTED,MANUAL,CHECK_MANUALLY
TC-QA1976,VARCHAR(63) -> VARCHAR(64),inplace,CREATE,PASS,PASS,
TC-PA1977,VARCHAR(64) -> VARCHAR(65),inplace,BUILD,BUILD_OR_ALTER_FAIL_EXPECTED,MANUAL,CHECK_MANUALLY
TC-QA1978,VARCHAR(64) -> VARCHAR(65),inplace,CREATE,PASS,PASS,
TC-PA1979,VARCHAR(100) -> VARCHAR(200),inplace,BUILD,BUILD_OR_ALTER_FAIL_EXPECTED,MANUAL,CHECK_MANUALLY
TC-QA1980,VARCHAR(100) -> VARCHAR(200),inplace,CREATE,PASS,PASS,
TC-QA1982,TINYINT -> SMALLINT,inplace,CREATE,PASS,PASS,
TC-QA1984,TINYINT -> MEDIUMINT,inplace,CREATE,PASS,PASS,
TC-QA1986,TINYINT -> INT,inplace,CREATE,PASS,PASS,
TC-QA1988,TINYINT -> BIGINT,inplace,CREATE,PASS,PASS,
TC-QA1990,SMALLINT -> MEDIUMINT,inplace,CREATE,PASS,PASS,
TC-QA1992,SMALLINT -> INT,inplace,CREATE,PASS,PASS,
TC-QA1994,SMALLINT -> BIGINT,inplace,CREATE,PASS,PASS,
TC-QA1996,MEDIUMINT -> INT,inplace,CREATE,PASS,PASS,
TC-QA1998,MEDIUMINT -> BIGINT,inplace,CREATE,PASS,PASS,
TC-QA2000,INT -> BIGINT,inplace,CREATE,PASS,PASS,
TC-QA2002,TINYINT UNSIGNED -> SMALLINT UNSIGNED,inplace,CREATE,PASS,PASS,
TC-QA2004,TINYINT UNSIGNED -> MEDIUMINT UNSIGNED,inplace,CREATE,PASS,PASS,
TC-QA2006,TINYINT UNSIGNED -> INT UNSIGNED,inplace,CREATE,PASS,PASS,
TC-QA2008,TINYINT UNSIGNED -> BIGINT UNSIGNED,inplace,CREATE,PASS,PASS,
TC-QA2010,SMALLINT UNSIGNED -> MEDIUMINT UNSIGNED,inplace,CREATE,PASS,PASS,
TC-QA2012,SMALLINT UNSIGNED -> INT UNSIGNED,inplace,CREATE,PASS,PASS,
TC-QA2014,SMALLINT UNSIGNED -> BIGINT UNSIGNED,inplace,CREATE,PASS,PASS,
TC-QA2016,MEDIUMINT UNSIGNED -> INT UNSIGNED,inplace,CREATE,PASS,PASS,
TC-QA2018,MEDIUMINT UNSIGNED -> BIGINT UNSIGNED,inplace,CREATE,PASS,PASS,
TC-QA2020,INT UNSIGNED -> BIGINT UNSIGNED,inplace,CREATE,PASS,PASS,
TC-PA2021,CHAR(1) -> CHAR(2),inplace,BUILD,BUILD_OR_ALTER_FAIL_EXPECTED,MANUAL,CHECK_MANUALLY
TC-QA2022,CHAR(1) -> CHAR(2),inplace,CREATE,PASS,PASS,
TC-PA2023,CHAR(63) -> CHAR(64),inplace,BUILD,BUILD_OR_ALTER_FAIL_EXPECTED,MANUAL,CHECK_MANUALLY
TC-QA2024,CHAR(63) -> CHAR(64),inplace,CREATE,PASS,PASS,
TC-PA2025,CHAR(254) -> CHAR(255),inplace,BUILD,BUILD_OR_ALTER_FAIL_EXPECTED,MANUAL,CHECK_MANUALLY
TC-QA2026,CHAR(254) -> CHAR(255),inplace,CREATE,PASS,PASS,
TC-PA2027,VARCHAR(1) -> VARCHAR(2),inplace,BUILD,BUILD_OR_ALTER_FAIL_EXPECTED,MANUAL,CHECK_MANUALLY
TC-QA2028,VARCHAR(1) -> VARCHAR(2),inplace,CREATE,PASS,PASS,
TC-PA2029,VARCHAR(254) -> VARCHAR(255),inplace,BUILD,BUILD_OR_ALTER_FAIL_EXPECTED,MANUAL,CHECK_MANUALLY
TC-QA2030,VARCHAR(254) -> VARCHAR(255),inplace,CREATE,PASS,PASS,
TC-PA2031,VARCHAR(255) -> VARCHAR(256),inplace,BUILD,BUILD_OR_ALTER_FAIL_EXPECTED,MANUAL,CHECK_MANUALLY
TC-QA2032,VARCHAR(255) -> VARCHAR(256),inplace,CREATE,PASS,PASS,
TC-PA2033,VARCHAR(85) -> VARCHAR(86),inplace,BUILD,BUILD_OR_ALTER_FAIL_EXPECTED,MANUAL,CHECK_MANUALLY
TC-QA2034,VARCHAR(85) -> VARCHAR(86),inplace,CREATE,PASS,PASS,
TC-PA2035,VARCHAR(63) -> VARCHAR(64),inplace,BUILD,BUILD_OR_ALTER_FAIL_EXPECTED,MANUAL,CHECK_MANUALLY
TC-QA2036,VARCHAR(63) -> VARCHAR(64),inplace,CREATE,PASS,PASS,
TC-PA2037,VARCHAR(64) -> VARCHAR(65),inplace,BUILD,BUILD_OR_ALTER_FAIL_EXPECTED,MANUAL,CHECK_MANUALLY
TC-QA2038,VARCHAR(64) -> VARCHAR(65),inplace,CREATE,PASS,PASS,
TC-PA2039,VARCHAR(100) -> VARCHAR(200),inplace,BUILD,BUILD_OR_ALTER_FAIL_EXPECTED,MANUAL,CHECK_MANUALLY
TC-QA2040,VARCHAR(100) -> VARCHAR(200),inplace,CREATE,PASS,PASS,
TC-QA2042,TINYINT -> SMALLINT,inplace,CREATE,PASS,PASS,
TC-QA2044,TINYINT -> MEDIUMINT,inplace,CREATE,PASS,PASS,
TC-QA2046,TINYINT -> INT,inplace,CREATE,PASS,PASS,
TC-QA2048,TINYINT -> BIGINT,inplace,CREATE,PASS,PASS,
TC-QA2050,SMALLINT -> MEDIUMINT,inplace,CREATE,PASS,PASS,
TC-QA2052,SMALLINT -> INT,inplace,CREATE,PASS,PASS,
TC-QA2054,SMALLINT -> BIGINT,inplace,CREATE,PASS,PASS,
TC-QA2056,MEDIUMINT -> INT,inplace,CREATE,PASS,PASS,
TC-QA2058,MEDIUMINT -> BIGINT,inplace,CREATE,PASS,PASS,
TC-QA2060,INT -> BIGINT,inplace,CREATE,PASS,PASS,
TC-QA2062,TINYINT UNSIGNED -> SMALLINT UNSIGNED,inplace,CREATE,PASS,PASS,
TC-QA2064,TINYINT UNSIGNED -> MEDIUMINT UNSIGNED,inplace,CREATE,PASS,PASS,
TC-QA2066,TINYINT UNSIGNED -> INT UNSIGNED,inplace,CREATE,PASS,PASS,
TC-QA2068,TINYINT UNSIGNED -> BIGINT UNSIGNED,inplace,CREATE,PASS,PASS,
TC-QA2070,SMALLINT UNSIGNED -> MEDIUMINT UNSIGNED,inplace,CREATE,PASS,PASS,
TC-QA2072,SMALLINT UNSIGNED -> INT UNSIGNED,inplace,CREATE,PASS,PASS,
TC-QA2074,SMALLINT UNSIGNED -> BIGINT UNSIGNED,inplace,CREATE,PASS,PASS,
TC-QA2076,MEDIUMINT UNSIGNED -> INT UNSIGNED,inplace,CREATE,PASS,PASS,
TC-QA2078,MEDIUMINT UNSIGNED -> BIGINT UNSIGNED,inplace,CREATE,PASS,PASS,
TC-QA2080,INT UNSIGNED -> BIGINT UNSIGNED,inplace,CREATE,PASS,PASS,
TC-PA2081,CHAR(1) -> CHAR(2),inplace,BUILD,BUILD_OR_ALTER_FAIL_EXPECTED,MANUAL,CHECK_MANUALLY
TC-QA2082,CHAR(1) -> CHAR(2),inplace,CREATE,PASS,PASS,
TC-PA2083,CHAR(63) -> CHAR(64),inplace,BUILD,BUILD_OR_ALTER_FAIL_EXPECTED,MANUAL,CHECK_MANUALLY
TC-QA2084,CHAR(63) -> CHAR(64),inplace,CREATE,PASS,PASS,
TC-PA2085,CHAR(254) -> CHAR(255),inplace,BUILD,BUILD_OR_ALTER_FAIL_EXPECTED,MANUAL,CHECK_MANUALLY
TC-QA2086,CHAR(254) -> CHAR(255),inplace,CREATE,PASS,PASS,
TC-PA2087,VARCHAR(1) -> VARCHAR(2),inplace,BUILD,BUILD_OR_ALTER_FAIL_EXPECTED,MANUAL,CHECK_MANUALLY
TC-QA2088,VARCHAR(1) -> VARCHAR(2),inplace,CREATE,PASS,PASS,
TC-PA2089,VARCHAR(254) -> VARCHAR(255),inplace,BUILD,BUILD_OR_ALTER_FAIL_EXPECTED,MANUAL,CHECK_MANUALLY
TC-QA2090,VARCHAR(254) -> VARCHAR(255),inplace,CREATE,PASS,PASS,
TC-PA2091,VARCHAR(255) -> VARCHAR(256),inplace,BUILD,BUILD_OR_ALTER_FAIL_EXPECTED,MANUAL,CHECK_MANUALLY
TC-QA2092,VARCHAR(255) -> VARCHAR(256),inplace,CREATE,PASS,PASS,
TC-PA2093,VARCHAR(85) -> VARCHAR(86),inplace,BUILD,BUILD_OR_ALTER_FAIL_EXPECTED,MANUAL,CHECK_MANUALLY
TC-QA2094,VARCHAR(85) -> VARCHAR(86),inplace,CREATE,PASS,PASS,
TC-PA2095,VARCHAR(63) -> VARCHAR(64),inplace,BUILD,BUILD_OR_ALTER_FAIL_EXPECTED,MANUAL,CHECK_MANUALLY
TC-QA2096,VARCHAR(63) -> VARCHAR(64),inplace,CREATE,PASS,PASS,
TC-PA2097,VARCHAR(64) -> VARCHAR(65),inplace,BUILD,BUILD_OR_ALTER_FAIL_EXPECTED,MANUAL,CHECK_MANUALLY
TC-QA2098,VARCHAR(64) -> VARCHAR(65),inplace,CREATE,PASS,PASS,
TC-PA2099,VARCHAR(100) -> VARCHAR(200),inplace,BUILD,BUILD_OR_ALTER_FAIL_EXPECTED,MANUAL,CHECK_MANUALLY
TC-QA2100,VARCHAR(100) -> VARCHAR(200),inplace,CREATE,PASS,PASS,
TC-QA2102,TINYINT -> SMALLINT,inplace,CREATE,PASS,PASS,
TC-QA2104,TINYINT -> MEDIUMINT,inplace,CREATE,PASS,PASS,
TC-QA2106,TINYINT -> INT,inplace,CREATE,PASS,PASS,
TC-QA2108,TINYINT -> BIGINT,inplace,CREATE,PASS,PASS,
TC-QA2110,SMALLINT -> MEDIUMINT,inplace,CREATE,PASS,PASS,
TC-QA2112,SMALLINT -> INT,inplace,CREATE,PASS,PASS,
TC-QA2114,SMALLINT -> BIGINT,inplace,CREATE,PASS,PASS,
TC-QA2116,MEDIUMINT -> INT,inplace,CREATE,PASS,PASS,
TC-QA2118,MEDIUMINT -> BIGINT,inplace,CREATE,PASS,PASS,
TC-QA2120,INT -> BIGINT,inplace,CREATE,PASS,PASS,
TC-QA2122,TINYINT UNSIGNED -> SMALLINT UNSIGNED,inplace,CREATE,PASS,PASS,
TC-QA2124,TINYINT UNSIGNED -> MEDIUMINT UNSIGNED,inplace,CREATE,PASS,PASS,
TC-QA2126,TINYINT UNSIGNED -> INT UNSIGNED,inplace,CREATE,PASS,PASS,
TC-QA2128,TINYINT UNSIGNED -> BIGINT UNSIGNED,inplace,CREATE,PASS,PASS,
TC-QA2130,SMALLINT UNSIGNED -> MEDIUMINT UNSIGNED,inplace,CREATE,PASS,PASS,
TC-QA2132,SMALLINT UNSIGNED -> INT UNSIGNED,inplace,CREATE,PASS,PASS,
TC-QA2134,SMALLINT UNSIGNED -> BIGINT UNSIGNED,inplace,CREATE,PASS,PASS,
TC-QA2136,MEDIUMINT UNSIGNED -> INT UNSIGNED,inplace,CREATE,PASS,PASS,
TC-QA2138,MEDIUMINT UNSIGNED -> BIGINT UNSIGNED,inplace,CREATE,PASS,PASS,
TC-QA2140,INT UNSIGNED -> BIGINT UNSIGNED,inplace,CREATE,PASS,PASS,
TC-PA2141,CHAR(1) -> CHAR(2),inplace,BUILD,BUILD_OR_ALTER_FAIL_EXPECTED,MANUAL,CHECK_MANUALLY
TC-QA2142,CHAR(1) -> CHAR(2),inplace,CREATE,PASS,PASS,
TC-PA2143,CHAR(63) -> CHAR(64),inplace,BUILD,BUILD_OR_ALTER_FAIL_EXPECTED,MANUAL,CHECK_MANUALLY
TC-QA2144,CHAR(63) -> CHAR(64),inplace,CREATE,PASS,PASS,
TC-PA2145,CHAR(254) -> CHAR(255),inplace,BUILD,BUILD_OR_ALTER_FAIL_EXPECTED,MANUAL,CHECK_MANUALLY
TC-QA2146,CHAR(254) -> CHAR(255),inplace,CREATE,PASS,PASS,
TC-PA2147,VARCHAR(1) -> VARCHAR(2),inplace,BUILD,BUILD_OR_ALTER_FAIL_EXPECTED,MANUAL,CHECK_MANUALLY
TC-QA2148,VARCHAR(1) -> VARCHAR(2),inplace,CREATE,PASS,PASS,
TC-PA2149,VARCHAR(254) -> VARCHAR(255),inplace,BUILD,BUILD_OR_ALTER_FAIL_EXPECTED,MANUAL,CHECK_MANUALLY
TC-QA2150,VARCHAR(254) -> VARCHAR(255),inplace,CREATE,PASS,PASS,
TC-PA2151,VARCHAR(255) -> VARCHAR(256),inplace,BUILD,BUILD_OR_ALTER_FAIL_EXPECTED,MANUAL,CHECK_MANUALLY
TC-QA2152,VARCHAR(255) -> VARCHAR(256),inplace,CREATE,PASS,PASS,
TC-PA2153,VARCHAR(85) -> VARCHAR(86),inplace,BUILD,BUILD_OR_ALTER_FAIL_EXPECTED,MANUAL,CHECK_MANUALLY
TC-QA2154,VARCHAR(85) -> VARCHAR(86),inplace,CREATE,PASS,PASS,
TC-PA2155,VARCHAR(63) -> VARCHAR(64),inplace,BUILD,BUILD_OR_ALTER_FAIL_EXPECTED,MANUAL,CHECK_MANUALLY
TC-QA2156,VARCHAR(63) -> VARCHAR(64),inplace,CREATE,PASS,PASS,
TC-PA2157,VARCHAR(64) -> VARCHAR(65),inplace,BUILD,BUILD_OR_ALTER_FAIL_EXPECTED,MANUAL,CHECK_MANUALLY
TC-QA2158,VARCHAR(64) -> VARCHAR(65),inplace,CREATE,PASS,PASS,
TC-PA2159,VARCHAR(100) -> VARCHAR(200),inplace,BUILD,BUILD_OR_ALTER_FAIL_EXPECTED,MANUAL,CHECK_MANUALLY
TC-QA2160,VARCHAR(100) -> VARCHAR(200),inplace,CREATE,PASS,PASS,
TC-QA2162,TINYINT -> SMALLINT,inplace,CREATE,PASS,PASS,
TC-QA2164,TINYINT -> MEDIUMINT,inplace,CREATE,PASS,PASS,
TC-QA2166,TINYINT -> INT,inplace,CREATE,PASS,PASS,
TC-QA2168,TINYINT -> BIGINT,inplace,CREATE,PASS,PASS,
TC-QA2170,SMALLINT -> MEDIUMINT,inplace,CREATE,PASS,PASS,
TC-QA2172,SMALLINT -> INT,inplace,CREATE,PASS,PASS,
TC-QA2174,SMALLINT -> BIGINT,inplace,CREATE,PASS,PASS,
TC-QA2176,MEDIUMINT -> INT,inplace,CREATE,PASS,PASS,
TC-QA2178,MEDIUMINT -> BIGINT,inplace,CREATE,PASS,PASS,
TC-QA2180,INT -> BIGINT,inplace,CREATE,PASS,PASS,
TC-QA2182,TINYINT UNSIGNED -> SMALLINT UNSIGNED,inplace,CREATE,PASS,PASS,
TC-QA2184,TINYINT UNSIGNED -> MEDIUMINT UNSIGNED,inplace,CREATE,PASS,PASS,
TC-QA2186,TINYINT UNSIGNED -> INT UNSIGNED,inplace,CREATE,PASS,PASS,
TC-QA2188,TINYINT UNSIGNED -> BIGINT UNSIGNED,inplace,CREATE,PASS,PASS,
TC-QA2190,SMALLINT UNSIGNED -> MEDIUMINT UNSIGNED,inplace,CREATE,PASS,PASS,
TC-QA2192,SMALLINT UNSIGNED -> INT UNSIGNED,inplace,CREATE,PASS,PASS,
TC-QA2194,SMALLINT UNSIGNED -> BIGINT UNSIGNED,inplace,CREATE,PASS,PASS,
TC-QA2196,MEDIUMINT UNSIGNED -> INT UNSIGNED,inplace,CREATE,PASS,PASS,
TC-QA2198,MEDIUMINT UNSIGNED -> BIGINT UNSIGNED,inplace,CREATE,PASS,PASS,
TC-QA2200,INT UNSIGNED -> BIGINT UNSIGNED,inplace,CREATE,PASS,PASS,
TC-PA2201,CHAR(1) -> CHAR(2),inplace,BUILD,BUILD_OR_ALTER_FAIL_EXPECTED,MANUAL,CHECK_MANUALLY
TC-QA2202,CHAR(1) -> CHAR(2),inplace,CREATE,PASS,PASS,
TC-PA2203,CHAR(63) -> CHAR(64),inplace,BUILD,BUILD_OR_ALTER_FAIL_EXPECTED,MANUAL,CHECK_MANUALLY
TC-QA2204,CHAR(63) -> CHAR(64),inplace,CREATE,PASS,PASS,
TC-PA2205,CHAR(254) -> CHAR(255),inplace,BUILD,BUILD_OR_ALTER_FAIL_EXPECTED,MANUAL,CHECK_MANUALLY
TC-QA2206,CHAR(254) -> CHAR(255),inplace,CREATE,PASS,PASS,
TC-PA2207,VARCHAR(1) -> VARCHAR(2),inplace,BUILD,BUILD_OR_ALTER_FAIL_EXPECTED,MANUAL,CHECK_MANUALLY
TC-QA2208,VARCHAR(1) -> VARCHAR(2),inplace,CREATE,PASS,PASS,
TC-PA2209,VARCHAR(254) -> VARCHAR(255),inplace,BUILD,BUILD_OR_ALTER_FAIL_EXPECTED,MANUAL,CHECK_MANUALLY
TC-QA2210,VARCHAR(254) -> VARCHAR(255),inplace,CREATE,PASS,PASS,
TC-PA2211,VARCHAR(255) -> VARCHAR(256),inplace,BUILD,BUILD_OR_ALTER_FAIL_EXPECTED,MANUAL,CHECK_MANUALLY
TC-QA2212,VARCHAR(255) -> VARCHAR(256),inplace,CREATE,PASS,PASS,
TC-PA2213,VARCHAR(85) -> VARCHAR(86),inplace,BUILD,BUILD_OR_ALTER_FAIL_EXPECTED,MANUAL,CHECK_MANUALLY
TC-QA2214,VARCHAR(85) -> VARCHAR(86),inplace,CREATE,PASS,PASS,
TC-PA2215,VARCHAR(63) -> VARCHAR(64),inplace,BUILD,BUILD_OR_ALTER_FAIL_EXPECTED,MANUAL,CHECK_MANUALLY
TC-QA2216,VARCHAR(63) -> VARCHAR(64),inplace,CREATE,PASS,PASS,
TC-PA2217,VARCHAR(64) -> VARCHAR(65),inplace,BUILD,BUILD_OR_ALTER_FAIL_EXPECTED,MANUAL,CHECK_MANUALLY
TC-QA2218,VARCHAR(64) -> VARCHAR(65),inplace,CREATE,PASS,PASS,
TC-PA2219,VARCHAR(100) -> VARCHAR(200),inplace,BUILD,BUILD_OR_ALTER_FAIL_EXPECTED,MANUAL,CHECK_MANUALLY
TC-QA2220,VARCHAR(100) -> VARCHAR(200),inplace,CREATE,PASS,PASS,
TC-QA2222,TINYINT -> SMALLINT,inplace,CREATE,PASS,PASS,
TC-QA2224,TINYINT -> MEDIUMINT,inplace,CREATE,PASS,PASS,
TC-QA2226,TINYINT -> INT,inplace,CREATE,PASS,PASS,
TC-QA2228,TINYINT -> BIGINT,inplace,CREATE,PASS,PASS,
TC-QA2230,SMALLINT -> MEDIUMINT,inplace,CREATE,PASS,PASS,
TC-QA2232,SMALLINT -> INT,inplace,CREATE,PASS,PASS,
TC-QA2234,SMALLINT -> BIGINT,inplace,CREATE,PASS,PASS,
TC-QA2236,MEDIUMINT -> INT,inplace,CREATE,PASS,PASS,
TC-QA2238,MEDIUMINT -> BIGINT,inplace,CREATE,PASS,PASS,
TC-QA2240,INT -> BIGINT,inplace,CREATE,PASS,PASS,
TC-QA2242,TINYINT UNSIGNED -> SMALLINT UNSIGNED,inplace,CREATE,PASS,PASS,
TC-QA2244,TINYINT UNSIGNED -> MEDIUMINT UNSIGNED,inplace,CREATE,PASS,PASS,
TC-QA2246,TINYINT UNSIGNED -> INT UNSIGNED,inplace,CREATE,PASS,PASS,
TC-QA2248,TINYINT UNSIGNED -> BIGINT UNSIGNED,inplace,CREATE,PASS,PASS,
TC-QA2250,SMALLINT UNSIGNED -> MEDIUMINT UNSIGNED,inplace,CREATE,PASS,PASS,
TC-QA2252,SMALLINT UNSIGNED -> INT UNSIGNED,inplace,CREATE,PASS,PASS,
TC-QA2254,SMALLINT UNSIGNED -> BIGINT UNSIGNED,inplace,CREATE,PASS,PASS,
TC-QA2256,MEDIUMINT UNSIGNED -> INT UNSIGNED,inplace,CREATE,PASS,PASS,
TC-QA2258,MEDIUMINT UNSIGNED -> BIGINT UNSIGNED,inplace,CREATE,PASS,PASS,
TC-QA2260,INT UNSIGNED -> BIGINT UNSIGNED,inplace,CREATE,PASS,PASS,
TC-PA2261,CHAR(1) -> CHAR(2),inplace,BUILD,BUILD_OR_ALTER_FAIL_EXPECTED,MANUAL,CHECK_MANUALLY
TC-QA2262,CHAR(1) -> CHAR(2),inplace,CREATE,PASS,PASS,
TC-PA2263,CHAR(63) -> CHAR(64),inplace,BUILD,BUILD_OR_ALTER_FAIL_EXPECTED,MANUAL,CHECK_MANUALLY
TC-QA2264,CHAR(63) -> CHAR(64),inplace,CREATE,PASS,PASS,
TC-PA2265,CHAR(254) -> CHAR(255),inplace,BUILD,BUILD_OR_ALTER_FAIL_EXPECTED,MANUAL,CHECK_MANUALLY
TC-QA2266,CHAR(254) -> CHAR(255),inplace,CREATE,PASS,PASS,
TC-PA2267,VARCHAR(1) -> VARCHAR(2),inplace,BUILD,BUILD_OR_ALTER_FAIL_EXPECTED,MANUAL,CHECK_MANUALLY
TC-QA2268,VARCHAR(1) -> VARCHAR(2),inplace,CREATE,PASS,PASS,
TC-PA2269,VARCHAR(254) -> VARCHAR(255),inplace,BUILD,BUILD_OR_ALTER_FAIL_EXPECTED,MANUAL,CHECK_MANUALLY
TC-QA2270,VARCHAR(254) -> VARCHAR(255),inplace,CREATE,PASS,PASS,
TC-PA2271,VARCHAR(255) -> VARCHAR(256),inplace,BUILD,BUILD_OR_ALTER_FAIL_EXPECTED,MANUAL,CHECK_MANUALLY
TC-QA2272,VARCHAR(255) -> VARCHAR(256),inplace,CREATE,PASS,PASS,
TC-PA2273,VARCHAR(85) -> VARCHAR(86),inplace,BUILD,BUILD_OR_ALTER_FAIL_EXPECTED,MANUAL,CHECK_MANUALLY
TC-QA2274,VARCHAR(85) -> VARCHAR(86),inplace,CREATE,PASS,PASS,
TC-PA2275,VARCHAR(63) -> VARCHAR(64),inplace,BUILD,BUILD_OR_ALTER_FAIL_EXPECTED,MANUAL,CHECK_MANUALLY
TC-QA2276,VARCHAR(63) -> VARCHAR(64),inplace,CREATE,PASS,PASS,
TC-PA2277,VARCHAR(64) -> VARCHAR(65),inplace,BUILD,BUILD_OR_ALTER_FAIL_EXPECTED,MANUAL,CHECK_MANUALLY
TC-QA2278,VARCHAR(64) -> VARCHAR(65),inplace,CREATE,PASS,PASS,
TC-PA2279,VARCHAR(100) -> VARCHAR(200),inplace,BUILD,BUILD_OR_ALTER_FAIL_EXPECTED,MANUAL,CHECK_MANUALLY
TC-QA2280,VARCHAR(100) -> VARCHAR(200),inplace,CREATE,PASS,PASS,
TC-QA2282,TINYINT -> SMALLINT,inplace,CREATE,PASS,PASS,
TC-QA2284,TINYINT -> MEDIUMINT,inplace,CREATE,PASS,PASS,
TC-QA2286,TINYINT -> INT,inplace,CREATE,PASS,PASS,
TC-QA2288,TINYINT -> BIGINT,inplace,CREATE,PASS,PASS,
TC-QA2290,SMALLINT -> MEDIUMINT,inplace,CREATE,PASS,PASS,
TC-QA2292,SMALLINT -> INT,inplace,CREATE,PASS,PASS,
TC-QA2294,SMALLINT -> BIGINT,inplace,CREATE,PASS,PASS,
TC-QA2296,MEDIUMINT -> INT,inplace,CREATE,PASS,PASS,
TC-QA2298,MEDIUMINT -> BIGINT,inplace,CREATE,PASS,PASS,
TC-QA2300,INT -> BIGINT,inplace,CREATE,PASS,PASS,
TC-QA2302,TINYINT UNSIGNED -> SMALLINT UNSIGNED,inplace,CREATE,PASS,PASS,
TC-QA2304,TINYINT UNSIGNED -> MEDIUMINT UNSIGNED,inplace,CREATE,PASS,PASS,
TC-QA2306,TINYINT UNSIGNED -> INT UNSIGNED,inplace,CREATE,PASS,PASS,
TC-QA2308,TINYINT UNSIGNED -> BIGINT UNSIGNED,inplace,CREATE,PASS,PASS,
TC-QA2310,SMALLINT UNSIGNED -> MEDIUMINT UNSIGNED,inplace,CREATE,PASS,PASS,
TC-QA2312,SMALLINT UNSIGNED -> INT UNSIGNED,inplace,CREATE,PASS,PASS,
TC-QA2314,SMALLINT UNSIGNED -> BIGINT UNSIGNED,inplace,CREATE,PASS,PASS,
TC-QA2316,MEDIUMINT UNSIGNED -> INT UNSIGNED,inplace,CREATE,PASS,PASS,
TC-QA2318,MEDIUMINT UNSIGNED -> BIGINT UNSIGNED,inplace,CREATE,PASS,PASS,
TC-QA2320,INT UNSIGNED -> BIGINT UNSIGNED,inplace,CREATE,PASS,PASS,
TC-PA2321,CHAR(1) -> CHAR(2),inplace,BUILD,BUILD_OR_ALTER_FAIL_EXPECTED,MANUAL,CHECK_MANUALLY
TC-QA2322,CHAR(1) -> CHAR(2),inplace,CREATE,PASS,PASS,
TC-PA2323,CHAR(63) -> CHAR(64),inplace,BUILD,BUILD_OR_ALTER_FAIL_EXPECTED,MANUAL,CHECK_MANUALLY
TC-QA2324,CHAR(63) -> CHAR(64),inplace,CREATE,PASS,PASS,
TC-PA2325,CHAR(254) -> CHAR(255),inplace,BUILD,BUILD_OR_ALTER_FAIL_EXPECTED,MANUAL,CHECK_MANUALLY
TC-QA2326,CHAR(254) -> CHAR(255),inplace,CREATE,PASS,PASS,
TC-PA2327,VARCHAR(1) -> VARCHAR(2),inplace,BUILD,BUILD_OR_ALTER_FAIL_EXPECTED,MANUAL,CHECK_MANUALLY
TC-QA2328,VARCHAR(1) -> VARCHAR(2),inplace,CREATE,PASS,PASS,
TC-PA2329,VARCHAR(254) -> VARCHAR(255),inplace,BUILD,BUILD_OR_ALTER_FAIL_EXPECTED,MANUAL,CHECK_MANUALLY
TC-QA2330,VARCHAR(254) -> VARCHAR(255),inplace,CREATE,PASS,PASS,
TC-PA2331,VARCHAR(255) -> VARCHAR(256),inplace,BUILD,BUILD_OR_ALTER_FAIL_EXPECTED,MANUAL,CHECK_MANUALLY
TC-QA2332,VARCHAR(255) -> VARCHAR(256),inplace,CREATE,PASS,PASS,
TC-PA2333,VARCHAR(85) -> VARCHAR(86),inplace,BUILD,BUILD_OR_ALTER_FAIL_EXPECTED,MANUAL,CHECK_MANUALLY
TC-QA2334,VARCHAR(85) -> VARCHAR(86),inplace,CREATE,PASS,PASS,
TC-PA2335,VARCHAR(63) -> VARCHAR(64),inplace,BUILD,BUILD_OR_ALTER_FAIL_EXPECTED,MANUAL,CHECK_MANUALLY
TC-QA2336,VARCHAR(63) -> VARCHAR(64),inplace,CREATE,PASS,PASS,
TC-PA2337,VARCHAR(64) -> VARCHAR(65),inplace,BUILD,BUILD_OR_ALTER_FAIL_EXPECTED,MANUAL,CHECK_MANUALLY
TC-QA2338,VARCHAR(64) -> VARCHAR(65),inplace,CREATE,PASS,PASS,
TC-PA2339,VARCHAR(100) -> VARCHAR(200),inplace,BUILD,BUILD_OR_ALTER_FAIL_EXPECTED,MANUAL,CHECK_MANUALLY
TC-QA2340,VARCHAR(100) -> VARCHAR(200),inplace,CREATE,PASS,PASS,
TC-QA2342,TINYINT -> SMALLINT,inplace,CREATE,PASS,PASS,
TC-QA2344,TINYINT -> MEDIUMINT,inplace,CREATE,PASS,PASS,
TC-QA2346,TINYINT -> INT,inplace,CREATE,PASS,PASS,
TC-QA2348,TINYINT -> BIGINT,inplace,CREATE,PASS,PASS,
TC-QA2350,SMALLINT -> MEDIUMINT,inplace,CREATE,PASS,PASS,
TC-QA2352,SMALLINT -> INT,inplace,CREATE,PASS,PASS,
TC-QA2354,SMALLINT -> BIGINT,inplace,CREATE,PASS,PASS,
TC-QA2356,MEDIUMINT -> INT,inplace,CREATE,PASS,PASS,
TC-QA2358,MEDIUMINT -> BIGINT,inplace,CREATE,PASS,PASS,
TC-QA2360,INT -> BIGINT,inplace,CREATE,PASS,PASS,
TC-QA2362,TINYINT UNSIGNED -> SMALLINT UNSIGNED,inplace,CREATE,PASS,PASS,
TC-QA2364,TINYINT UNSIGNED -> MEDIUMINT UNSIGNED,inplace,CREATE,PASS,PASS,
TC-QA2366,TINYINT UNSIGNED -> INT UNSIGNED,inplace,CREATE,PASS,PASS,
TC-QA2368,TINYINT UNSIGNED -> BIGINT UNSIGNED,inplace,CREATE,PASS,PASS,
TC-QA2370,SMALLINT UNSIGNED -> MEDIUMINT UNSIGNED,inplace,CREATE,PASS,PASS,
TC-QA2372,SMALLINT UNSIGNED -> INT UNSIGNED,inplace,CREATE,PASS,PASS,
TC-QA2374,SMALLINT UNSIGNED -> BIGINT UNSIGNED,inplace,CREATE,PASS,PASS,
TC-QA2376,MEDIUMINT UNSIGNED -> INT UNSIGNED,inplace,CREATE,PASS,PASS,
TC-QA2378,MEDIUMINT UNSIGNED -> BIGINT UNSIGNED,inplace,CREATE,PASS,PASS,
TC-QA2380,INT UNSIGNED -> BIGINT UNSIGNED,inplace,CREATE,PASS,PASS,
TC-PA2381,CHAR(1) -> CHAR(2),inplace,BUILD,BUILD_OR_ALTER_FAIL_EXPECTED,MANUAL,CHECK_MANUALLY
TC-QA2382,CHAR(1) -> CHAR(2),inplace,CREATE,PASS,PASS,
TC-PA2383,CHAR(63) -> CHAR(64),inplace,BUILD,BUILD_OR_ALTER_FAIL_EXPECTED,MANUAL,CHECK_MANUALLY
TC-QA2384,CHAR(63) -> CHAR(64),inplace,CREATE,PASS,PASS,
TC-PA2385,CHAR(254) -> CHAR(255),inplace,BUILD,BUILD_OR_ALTER_FAIL_EXPECTED,MANUAL,CHECK_MANUALLY
TC-QA2386,CHAR(254) -> CHAR(255),inplace,CREATE,PASS,PASS,
TC-PA2387,VARCHAR(1) -> VARCHAR(2),inplace,BUILD,BUILD_OR_ALTER_FAIL_EXPECTED,MANUAL,CHECK_MANUALLY
TC-QA2388,VARCHAR(1) -> VARCHAR(2),inplace,CREATE,PASS,PASS,
TC-PA2389,VARCHAR(254) -> VARCHAR(255),inplace,BUILD,BUILD_OR_ALTER_FAIL_EXPECTED,MANUAL,CHECK_MANUALLY
TC-QA2390,VARCHAR(254) -> VARCHAR(255),inplace,CREATE,PASS,PASS,
TC-PA2391,VARCHAR(255) -> VARCHAR(256),inplace,BUILD,BUILD_OR_ALTER_FAIL_EXPECTED,MANUAL,CHECK_MANUALLY
TC-QA2392,VARCHAR(255) -> VARCHAR(256),inplace,CREATE,PASS,PASS,
TC-PA2393,VARCHAR(85) -> VARCHAR(86),inplace,BUILD,BUILD_OR_ALTER_FAIL_EXPECTED,MANUAL,CHECK_MANUALLY
TC-QA2394,VARCHAR(85) -> VARCHAR(86),inplace,CREATE,PASS,PASS,
TC-PA2395,VARCHAR(63) -> VARCHAR(64),inplace,BUILD,BUILD_OR_ALTER_FAIL_EXPECTED,MANUAL,CHECK_MANUALLY
TC-QA2396,VARCHAR(63) -> VARCHAR(64),inplace,CREATE,PASS,PASS,
TC-PA2397,VARCHAR(64) -> VARCHAR(65),inplace,BUILD,BUILD_OR_ALTER_FAIL_EXPECTED,MANUAL,CHECK_MANUALLY
TC-QA2398,VARCHAR(64) -> VARCHAR(65),inplace,CREATE,PASS,PASS,
TC-PA2399,VARCHAR(100) -> VARCHAR(200),inplace,BUILD,BUILD_OR_ALTER_FAIL_EXPECTED,MANUAL,CHECK_MANUALLY
TC-QA2400,VARCHAR(100) -> VARCHAR(200),inplace,CREATE,PASS,PASS,
TC-QA2402,TINYINT -> SMALLINT,inplace,CREATE,PASS,PASS,
TC-QA2404,TINYINT -> MEDIUMINT,inplace,CREATE,PASS,PASS,
TC-QA2406,TINYINT -> INT,inplace,CREATE,PASS,PASS,
TC-QA2408,TINYINT -> BIGINT,inplace,CREATE,PASS,PASS,
TC-QA2410,SMALLINT -> MEDIUMINT,inplace,CREATE,PASS,PASS,
TC-QA2412,SMALLINT -> INT,inplace,CREATE,PASS,PASS,
TC-QA2414,SMALLINT -> BIGINT,inplace,CREATE,PASS,PASS,
TC-QA2416,MEDIUMINT -> INT,inplace,CREATE,PASS,PASS,
TC-QA2418,MEDIUMINT -> BIGINT,inplace,CREATE,PASS,PASS,
TC-QA2420,INT -> BIGINT,inplace,CREATE,PASS,PASS,
TC-QA2422,TINYINT UNSIGNED -> SMALLINT UNSIGNED,inplace,CREATE,PASS,PASS,
TC-QA2424,TINYINT UNSIGNED -> MEDIUMINT UNSIGNED,inplace,CREATE,PASS,PASS,
TC-QA2426,TINYINT UNSIGNED -> INT UNSIGNED,inplace,CREATE,PASS,PASS,
TC-QA2428,TINYINT UNSIGNED -> BIGINT UNSIGNED,inplace,CREATE,PASS,PASS,
TC-QA2430,SMALLINT UNSIGNED -> MEDIUMINT UNSIGNED,inplace,CREATE,PASS,PASS,
TC-QA2432,SMALLINT UNSIGNED -> INT UNSIGNED,inplace,CREATE,PASS,PASS,
TC-QA2434,SMALLINT UNSIGNED -> BIGINT UNSIGNED,inplace,CREATE,PASS,PASS,
TC-QA2436,MEDIUMINT UNSIGNED -> INT UNSIGNED,inplace,CREATE,PASS,PASS,
TC-QA2438,MEDIUMINT UNSIGNED -> BIGINT UNSIGNED,inplace,CREATE,PASS,PASS,
TC-QA2440,INT UNSIGNED -> BIGINT UNSIGNED,inplace,CREATE,PASS,PASS,
TC-PA2441,CHAR(1) -> CHAR(2),inplace,BUILD,BUILD_OR_ALTER_FAIL_EXPECTED,MANUAL,CHECK_MANUALLY
TC-QA2442,CHAR(1) -> CHAR(2),inplace,CREATE,PASS,PASS,
TC-PA2443,CHAR(63) -> CHAR(64),inplace,BUILD,BUILD_OR_ALTER_FAIL_EXPECTED,MANUAL,CHECK_MANUALLY
TC-QA2444,CHAR(63) -> CHAR(64),inplace,CREATE,PASS,PASS,
TC-PA2445,CHAR(254) -> CHAR(255),inplace,BUILD,BUILD_OR_ALTER_FAIL_EXPECTED,MANUAL,CHECK_MANUALLY
TC-QA2446,CHAR(254) -> CHAR(255),inplace,CREATE,PASS,PASS,
TC-PA2447,VARCHAR(1) -> VARCHAR(2),inplace,BUILD,BUILD_OR_ALTER_FAIL_EXPECTED,MANUAL,CHECK_MANUALLY
TC-QA2448,VARCHAR(1) -> VARCHAR(2),inplace,CREATE,PASS,PASS,
TC-PA2449,VARCHAR(254) -> VARCHAR(255),inplace,BUILD,BUILD_OR_ALTER_FAIL_EXPECTED,MANUAL,CHECK_MANUALLY
TC-QA2450,VARCHAR(254) -> VARCHAR(255),inplace,CREATE,PASS,PASS,
TC-PA2451,VARCHAR(255) -> VARCHAR(256),inplace,BUILD,BUILD_OR_ALTER_FAIL_EXPECTED,MANUAL,CHECK_MANUALLY
TC-QA2452,VARCHAR(255) -> VARCHAR(256),inplace,CREATE,PASS,PASS,
TC-PA2453,VARCHAR(85) -> VARCHAR(86),inplace,BUILD,BUILD_OR_ALTER_FAIL_EXPECTED,MANUAL,CHECK_MANUALLY
TC-QA2454,VARCHAR(85) -> VARCHAR(86),inplace,CREATE,PASS,PASS,
TC-PA2455,VARCHAR(63) -> VARCHAR(64),inplace,BUILD,BUILD_OR_ALTER_FAIL_EXPECTED,MANUAL,CHECK_MANUALLY
TC-QA2456,VARCHAR(63) -> VARCHAR(64),inplace,CREATE,PASS,PASS,
TC-PA2457,VARCHAR(64) -> VARCHAR(65),inplace,BUILD,BUILD_OR_ALTER_FAIL_EXPECTED,MANUAL,CHECK_MANUALLY
TC-QA2458,VARCHAR(64) -> VARCHAR(65),inplace,CREATE,PASS,PASS,
TC-PA2459,VARCHAR(100) -> VARCHAR(200),inplace,BUILD,BUILD_OR_ALTER_FAIL_EXPECTED,MANUAL,CHECK_MANUALLY
TC-QA2460,VARCHAR(100) -> VARCHAR(200),inplace,CREATE,PASS,PASS,
TC-QA2462,TINYINT -> SMALLINT,inplace,CREATE,PASS,PASS,
TC-QA2464,TINYINT -> MEDIUMINT,inplace,CREATE,PASS,PASS,
TC-QA2466,TINYINT -> INT,inplace,CREATE,PASS,PASS,
TC-QA2468,TINYINT -> BIGINT,inplace,CREATE,PASS,PASS,
TC-QA2470,SMALLINT -> MEDIUMINT,inplace,CREATE,PASS,PASS,
TC-QA2472,SMALLINT -> INT,inplace,CREATE,PASS,PASS,
TC-QA2474,SMALLINT -> BIGINT,inplace,CREATE,PASS,PASS,
TC-QA2476,MEDIUMINT -> INT,inplace,CREATE,PASS,PASS,
TC-QA2478,MEDIUMINT -> BIGINT,inplace,CREATE,PASS,PASS,
TC-QA2480,INT -> BIGINT,inplace,CREATE,PASS,PASS,
TC-QA2482,TINYINT UNSIGNED -> SMALLINT UNSIGNED,inplace,CREATE,PASS,PASS,
TC-QA2484,TINYINT UNSIGNED -> MEDIUMINT UNSIGNED,inplace,CREATE,PASS,PASS,
TC-QA2486,TINYINT UNSIGNED -> INT UNSIGNED,inplace,CREATE,PASS,PASS,
TC-QA2488,TINYINT UNSIGNED -> BIGINT UNSIGNED,inplace,CREATE,PASS,PASS,
TC-QA2490,SMALLINT UNSIGNED -> MEDIUMINT UNSIGNED,inplace,CREATE,PASS,PASS,
TC-QA2492,SMALLINT UNSIGNED -> INT UNSIGNED,inplace,CREATE,PASS,PASS,
TC-QA2494,SMALLINT UNSIGNED -> BIGINT UNSIGNED,inplace,CREATE,PASS,PASS,
TC-QA2496,MEDIUMINT UNSIGNED -> INT UNSIGNED,inplace,CREATE,PASS,PASS,
TC-QA2498,MEDIUMINT UNSIGNED -> BIGINT UNSIGNED,inplace,CREATE,PASS,PASS,
TC-QA2500,INT UNSIGNED -> BIGINT UNSIGNED,inplace,CREATE,PASS,PASS,
TC-PA2501,CHAR(1) -> CHAR(2),inplace,BUILD,BUILD_OR_ALTER_FAIL_EXPECTED,MANUAL,CHECK_MANUALLY
TC-QA2502,CHAR(1) -> CHAR(2),inplace,CREATE,PASS,PASS,
TC-PA2503,CHAR(63) -> CHAR(64),inplace,BUILD,BUILD_OR_ALTER_FAIL_EXPECTED,MANUAL,CHECK_MANUALLY
TC-QA2504,CHAR(63) -> CHAR(64),inplace,CREATE,PASS,PASS,
TC-PA2505,CHAR(254) -> CHAR(255),inplace,BUILD,BUILD_OR_ALTER_FAIL_EXPECTED,MANUAL,CHECK_MANUALLY
TC-QA2506,CHAR(254) -> CHAR(255),inplace,CREATE,PASS,PASS,
TC-PA2507,VARCHAR(1) -> VARCHAR(2),inplace,BUILD,BUILD_OR_ALTER_FAIL_EXPECTED,MANUAL,CHECK_MANUALLY
TC-QA2508,VARCHAR(1) -> VARCHAR(2),inplace,CREATE,PASS,PASS,
TC-PA2509,VARCHAR(254) -> VARCHAR(255),inplace,BUILD,BUILD_OR_ALTER_FAIL_EXPECTED,MANUAL,CHECK_MANUALLY
TC-QA2510,VARCHAR(254) -> VARCHAR(255),inplace,CREATE,PASS,PASS,
TC-PA2511,VARCHAR(255) -> VARCHAR(256),inplace,BUILD,BUILD_OR_ALTER_FAIL_EXPECTED,MANUAL,CHECK_MANUALLY
TC-QA2512,VARCHAR(255) -> VARCHAR(256),inplace,CREATE,PASS,PASS,
TC-PA2513,VARCHAR(85) -> VARCHAR(86),inplace,BUILD,BUILD_OR_ALTER_FAIL_EXPECTED,MANUAL,CHECK_MANUALLY
TC-QA2514,VARCHAR(85) -> VARCHAR(86),inplace,CREATE,PASS,PASS,
TC-PA2515,VARCHAR(63) -> VARCHAR(64),inplace,BUILD,BUILD_OR_ALTER_FAIL_EXPECTED,MANUAL,CHECK_MANUALLY
TC-QA2516,VARCHAR(63) -> VARCHAR(64),inplace,CREATE,PASS,PASS,
TC-PA2517,VARCHAR(64) -> VARCHAR(65),inplace,BUILD,BUILD_OR_ALTER_FAIL_EXPECTED,MANUAL,CHECK_MANUALLY
TC-QA2518,VARCHAR(64) -> VARCHAR(65),inplace,CREATE,PASS,PASS,
TC-PA2519,VARCHAR(100) -> VARCHAR(200),inplace,BUILD,BUILD_OR_ALTER_FAIL_EXPECTED,MANUAL,CHECK_MANUALLY
TC-QA2520,VARCHAR(100) -> VARCHAR(200),inplace,CREATE,PASS,PASS,
TC-QA2522,TINYINT -> SMALLINT,inplace,CREATE,PASS,PASS,
TC-QA2524,TINYINT -> MEDIUMINT,inplace,CREATE,PASS,PASS,
TC-QA2526,TINYINT -> INT,inplace,CREATE,PASS,PASS,
TC-QA2528,TINYINT -> BIGINT,inplace,CREATE,PASS,PASS,
TC-QA2530,SMALLINT -> MEDIUMINT,inplace,CREATE,PASS,PASS,
TC-QA2532,SMALLINT -> INT,inplace,CREATE,PASS,PASS,
TC-QA2534,SMALLINT -> BIGINT,inplace,CREATE,PASS,PASS,
TC-QA2536,MEDIUMINT -> INT,inplace,CREATE,PASS,PASS,
TC-QA2538,MEDIUMINT -> BIGINT,inplace,CREATE,PASS,PASS,
TC-QA2540,INT -> BIGINT,inplace,CREATE,PASS,PASS,
TC-QA2542,TINYINT UNSIGNED -> SMALLINT UNSIGNED,inplace,CREATE,PASS,PASS,
TC-QA2544,TINYINT UNSIGNED -> MEDIUMINT UNSIGNED,inplace,CREATE,PASS,PASS,
TC-QA2546,TINYINT UNSIGNED -> INT UNSIGNED,inplace,CREATE,PASS,PASS,
TC-QA2548,TINYINT UNSIGNED -> BIGINT UNSIGNED,inplace,CREATE,PASS,PASS,
TC-QA2550,SMALLINT UNSIGNED -> MEDIUMINT UNSIGNED,inplace,CREATE,PASS,PASS,
TC-QA2552,SMALLINT UNSIGNED -> INT UNSIGNED,inplace,CREATE,PASS,PASS,
TC-QA2554,SMALLINT UNSIGNED -> BIGINT UNSIGNED,inplace,CREATE,PASS,PASS,
TC-QA2556,MEDIUMINT UNSIGNED -> INT UNSIGNED,inplace,CREATE,PASS,PASS,
TC-QA2558,MEDIUMINT UNSIGNED -> BIGINT UNSIGNED,inplace,CREATE,PASS,PASS,
TC-QA2560,INT UNSIGNED -> BIGINT UNSIGNED,inplace,CREATE,PASS,PASS,
TC-PA2561,CHAR(1) -> CHAR(2),inplace,BUILD,BUILD_OR_ALTER_FAIL_EXPECTED,MANUAL,CHECK_MANUALLY
TC-QA2562,CHAR(1) -> CHAR(2),inplace,CREATE,PASS,PASS,
TC-PA2563,CHAR(63) -> CHAR(64),inplace,BUILD,BUILD_OR_ALTER_FAIL_EXPECTED,MANUAL,CHECK_MANUALLY
TC-QA2564,CHAR(63) -> CHAR(64),inplace,CREATE,PASS,PASS,
TC-PA2565,CHAR(254) -> CHAR(255),inplace,BUILD,BUILD_OR_ALTER_FAIL_EXPECTED,MANUAL,CHECK_MANUALLY
TC-QA2566,CHAR(254) -> CHAR(255),inplace,CREATE,PASS,PASS,
TC-PA2567,VARCHAR(1) -> VARCHAR(2),inplace,BUILD,BUILD_OR_ALTER_FAIL_EXPECTED,MANUAL,CHECK_MANUALLY
TC-QA2568,VARCHAR(1) -> VARCHAR(2),inplace,CREATE,PASS,PASS,
TC-PA2569,VARCHAR(254) -> VARCHAR(255),inplace,BUILD,BUILD_OR_ALTER_FAIL_EXPECTED,MANUAL,CHECK_MANUALLY
TC-QA2570,VARCHAR(254) -> VARCHAR(255),inplace,CREATE,PASS,PASS,
TC-PA2571,VARCHAR(255) -> VARCHAR(256),inplace,BUILD,BUILD_OR_ALTER_FAIL_EXPECTED,MANUAL,CHECK_MANUALLY
TC-QA2572,VARCHAR(255) -> VARCHAR(256),inplace,CREATE,PASS,PASS,
TC-PA2573,VARCHAR(85) -> VARCHAR(86),inplace,BUILD,BUILD_OR_ALTER_FAIL_EXPECTED,MANUAL,CHECK_MANUALLY
TC-QA2574,VARCHAR(85) -> VARCHAR(86),inplace,CREATE,PASS,PASS,
TC-PA2575,VARCHAR(63) -> VARCHAR(64),inplace,BUILD,BUILD_OR_ALTER_FAIL_EXPECTED,MANUAL,CHECK_MANUALLY
TC-QA2576,VARCHAR(63) -> VARCHAR(64),inplace,CREATE,PASS,PASS,
TC-PA2577,VARCHAR(64) -> VARCHAR(65),inplace,BUILD,BUILD_OR_ALTER_FAIL_EXPECTED,MANUAL,CHECK_MANUALLY
TC-QA2578,VARCHAR(64) -> VARCHAR(65),inplace,CREATE,PASS,PASS,
TC-PA2579,VARCHAR(100) -> VARCHAR(200),inplace,BUILD,BUILD_OR_ALTER_FAIL_EXPECTED,MANUAL,CHECK_MANUALLY
TC-QA2580,VARCHAR(100) -> VARCHAR(200),inplace,CREATE,PASS,PASS,
TC-QA2582,TINYINT -> SMALLINT,inplace,CREATE,PASS,PASS,
TC-QA2584,TINYINT -> MEDIUMINT,inplace,CREATE,PASS,PASS,
TC-QA2586,TINYINT -> INT,inplace,CREATE,PASS,PASS,
TC-QA2588,TINYINT -> BIGINT,inplace,CREATE,PASS,PASS,
TC-QA2590,SMALLINT -> MEDIUMINT,inplace,CREATE,PASS,PASS,
TC-QA2592,SMALLINT -> INT,inplace,CREATE,PASS,PASS,
TC-QA2594,SMALLINT -> BIGINT,inplace,CREATE,PASS,PASS,
TC-QA2596,MEDIUMINT -> INT,inplace,CREATE,PASS,PASS,
TC-QA2598,MEDIUMINT -> BIGINT,inplace,CREATE,PASS,PASS,
TC-QA2600,INT -> BIGINT,inplace,CREATE,PASS,PASS,
TC-QA2602,TINYINT UNSIGNED -> SMALLINT UNSIGNED,inplace,CREATE,PASS,PASS,
TC-QA2604,TINYINT UNSIGNED -> MEDIUMINT UNSIGNED,inplace,CREATE,PASS,PASS,
TC-QA2606,TINYINT UNSIGNED -> INT UNSIGNED,inplace,CREATE,PASS,PASS,
TC-QA2608,TINYINT UNSIGNED -> BIGINT UNSIGNED,inplace,CREATE,PASS,PASS,
TC-QA2610,SMALLINT UNSIGNED -> MEDIUMINT UNSIGNED,inplace,CREATE,PASS,PASS,
TC-QA2612,SMALLINT UNSIGNED -> INT UNSIGNED,inplace,CREATE,PASS,PASS,
TC-QA2614,SMALLINT UNSIGNED -> BIGINT UNSIGNED,inplace,CREATE,PASS,PASS,
TC-QA2616,MEDIUMINT UNSIGNED -> INT UNSIGNED,inplace,CREATE,PASS,PASS,
TC-QA2618,MEDIUMINT UNSIGNED -> BIGINT UNSIGNED,inplace,CREATE,PASS,PASS,
TC-QA2620,INT UNSIGNED -> BIGINT UNSIGNED,inplace,CREATE,PASS,PASS,
TC-PA2621,CHAR(1) -> CHAR(2),inplace,BUILD,BUILD_OR_ALTER_FAIL_EXPECTED,MANUAL,CHECK_MANUALLY
TC-QA2622,CHAR(1) -> CHAR(2),inplace,CREATE,PASS,PASS,
TC-PA2623,CHAR(63) -> CHAR(64),inplace,BUILD,BUILD_OR_ALTER_FAIL_EXPECTED,MANUAL,CHECK_MANUALLY
TC-QA2624,CHAR(63) -> CHAR(64),inplace,CREATE,PASS,PASS,
TC-PA2625,CHAR(254) -> CHAR(255),inplace,BUILD,BUILD_OR_ALTER_FAIL_EXPECTED,MANUAL,CHECK_MANUALLY
TC-QA2626,CHAR(254) -> CHAR(255),inplace,CREATE,PASS,PASS,
TC-PA2627,VARCHAR(1) -> VARCHAR(2),inplace,BUILD,BUILD_OR_ALTER_FAIL_EXPECTED,MANUAL,CHECK_MANUALLY
TC-QA2628,VARCHAR(1) -> VARCHAR(2),inplace,CREATE,PASS,PASS,
TC-PA2629,VARCHAR(254) -> VARCHAR(255),inplace,BUILD,BUILD_OR_ALTER_FAIL_EXPECTED,MANUAL,CHECK_MANUALLY
TC-QA2630,VARCHAR(254) -> VARCHAR(255),inplace,CREATE,PASS,PASS,
TC-PA2631,VARCHAR(255) -> VARCHAR(256),inplace,BUILD,BUILD_OR_ALTER_FAIL_EXPECTED,MANUAL,CHECK_MANUALLY
TC-QA2632,VARCHAR(255) -> VARCHAR(256),inplace,CREATE,PASS,PASS,
TC-PA2633,VARCHAR(85) -> VARCHAR(86),inplace,BUILD,BUILD_OR_ALTER_FAIL_EXPECTED,MANUAL,CHECK_MANUALLY
TC-QA2634,VARCHAR(85) -> VARCHAR(86),inplace,CREATE,PASS,PASS,
TC-PA2635,VARCHAR(63) -> VARCHAR(64),inplace,BUILD,BUILD_OR_ALTER_FAIL_EXPECTED,MANUAL,CHECK_MANUALLY
TC-QA2636,VARCHAR(63) -> VARCHAR(64),inplace,CREATE,PASS,PASS,
TC-PA2637,VARCHAR(64) -> VARCHAR(65),inplace,BUILD,BUILD_OR_ALTER_FAIL_EXPECTED,MANUAL,CHECK_MANUALLY
TC-QA2638,VARCHAR(64) -> VARCHAR(65),inplace,CREATE,PASS,PASS,
TC-PA2639,VARCHAR(100) -> VARCHAR(200),inplace,BUILD,BUILD_OR_ALTER_FAIL_EXPECTED,MANUAL,CHECK_MANUALLY
TC-QA2640,VARCHAR(100) -> VARCHAR(200),inplace,CREATE,PASS,PASS,
TC-QA2642,TINYINT -> SMALLINT,inplace,CREATE,PASS,PASS,
TC-QA2644,TINYINT -> MEDIUMINT,inplace,CREATE,PASS,PASS,
TC-QA2646,TINYINT -> INT,inplace,CREATE,PASS,PASS,
TC-QA2648,TINYINT -> BIGINT,inplace,CREATE,PASS,PASS,
TC-QA2650,SMALLINT -> MEDIUMINT,inplace,CREATE,PASS,PASS,
TC-QA2652,SMALLINT -> INT,inplace,CREATE,PASS,PASS,
TC-QA2654,SMALLINT -> BIGINT,inplace,CREATE,PASS,PASS,
TC-QA2656,MEDIUMINT -> INT,inplace,CREATE,PASS,PASS,
TC-QA2658,MEDIUMINT -> BIGINT,inplace,CREATE,PASS,PASS,
TC-QA2660,INT -> BIGINT,inplace,CREATE,PASS,PASS,
TC-QA2662,TINYINT UNSIGNED -> SMALLINT UNSIGNED,inplace,CREATE,PASS,PASS,
TC-QA2664,TINYINT UNSIGNED -> MEDIUMINT UNSIGNED,inplace,CREATE,PASS,PASS,
TC-QA2666,TINYINT UNSIGNED -> INT UNSIGNED,inplace,CREATE,PASS,PASS,
TC-QA2668,TINYINT UNSIGNED -> BIGINT UNSIGNED,inplace,CREATE,PASS,PASS,
TC-QA2670,SMALLINT UNSIGNED -> MEDIUMINT UNSIGNED,inplace,CREATE,PASS,PASS,
TC-QA2672,SMALLINT UNSIGNED -> INT UNSIGNED,inplace,CREATE,PASS,PASS,
TC-QA2674,SMALLINT UNSIGNED -> BIGINT UNSIGNED,inplace,CREATE,PASS,PASS,
TC-QA2676,MEDIUMINT UNSIGNED -> INT UNSIGNED,inplace,CREATE,PASS,PASS,
TC-QA2678,MEDIUMINT UNSIGNED -> BIGINT UNSIGNED,inplace,CREATE,PASS,PASS,
TC-QA2680,INT UNSIGNED -> BIGINT UNSIGNED,inplace,CREATE,PASS,PASS,
TC-PA2681,CHAR(1) -> CHAR(2),inplace,BUILD,BUILD_OR_ALTER_FAIL_EXPECTED,MANUAL,CHECK_MANUALLY
TC-QA2682,CHAR(1) -> CHAR(2),inplace,CREATE,PASS,PASS,
TC-PA2683,CHAR(63) -> CHAR(64),inplace,BUILD,BUILD_OR_ALTER_FAIL_EXPECTED,MANUAL,CHECK_MANUALLY
TC-QA2684,CHAR(63) -> CHAR(64),inplace,CREATE,PASS,PASS,
TC-PA2685,CHAR(254) -> CHAR(255),inplace,BUILD,BUILD_OR_ALTER_FAIL_EXPECTED,MANUAL,CHECK_MANUALLY
TC-QA2686,CHAR(254) -> CHAR(255),inplace,CREATE,PASS,PASS,
TC-PA2687,VARCHAR(1) -> VARCHAR(2),inplace,BUILD,BUILD_OR_ALTER_FAIL_EXPECTED,MANUAL,CHECK_MANUALLY
TC-QA2688,VARCHAR(1) -> VARCHAR(2),inplace,CREATE,PASS,PASS,
TC-PA2689,VARCHAR(254) -> VARCHAR(255),inplace,BUILD,BUILD_OR_ALTER_FAIL_EXPECTED,MANUAL,CHECK_MANUALLY
TC-QA2690,VARCHAR(254) -> VARCHAR(255),inplace,CREATE,PASS,PASS,
TC-PA2691,VARCHAR(255) -> VARCHAR(256),inplace,BUILD,BUILD_OR_ALTER_FAIL_EXPECTED,MANUAL,CHECK_MANUALLY
TC-QA2692,VARCHAR(255) -> VARCHAR(256),inplace,CREATE,PASS,PASS,
TC-PA2693,VARCHAR(85) -> VARCHAR(86),inplace,BUILD,BUILD_OR_ALTER_FAIL_EXPECTED,MANUAL,CHECK_MANUALLY
TC-QA2694,VARCHAR(85) -> VARCHAR(86),inplace,CREATE,PASS,PASS,
TC-PA2695,VARCHAR(63) -> VARCHAR(64),inplace,BUILD,BUILD_OR_ALTER_FAIL_EXPECTED,MANUAL,CHECK_MANUALLY
TC-QA2696,VARCHAR(63) -> VARCHAR(64),inplace,CREATE,PASS,PASS,
TC-PA2697,VARCHAR(64) -> VARCHAR(65),inplace,BUILD,BUILD_OR_ALTER_FAIL_EXPECTED,MANUAL,CHECK_MANUALLY
TC-QA2698,VARCHAR(64) -> VARCHAR(65),inplace,CREATE,PASS,PASS,
TC-PA2699,VARCHAR(100) -> VARCHAR(200),inplace,BUILD,BUILD_OR_ALTER_FAIL_EXPECTED,MANUAL,CHECK_MANUALLY
TC-QA2700,VARCHAR(100) -> VARCHAR(200),inplace,CREATE,PASS,PASS,
TC-QA2702,TINYINT -> SMALLINT,inplace,CREATE,PASS,PASS,
TC-QA2704,TINYINT -> MEDIUMINT,inplace,CREATE,PASS,PASS,
TC-QA2706,TINYINT -> INT,inplace,CREATE,PASS,PASS,
TC-QA2708,TINYINT -> BIGINT,inplace,CREATE,PASS,PASS,
TC-QA2710,SMALLINT -> MEDIUMINT,inplace,CREATE,PASS,PASS,
TC-QA2712,SMALLINT -> INT,inplace,CREATE,PASS,PASS,
TC-QA2714,SMALLINT -> BIGINT,inplace,CREATE,PASS,PASS,
TC-QA2716,MEDIUMINT -> INT,inplace,CREATE,PASS,PASS,
TC-QA2718,MEDIUMINT -> BIGINT,inplace,CREATE,PASS,PASS,
TC-QA2720,INT -> BIGINT,inplace,CREATE,PASS,PASS,
TC-QA2722,TINYINT UNSIGNED -> SMALLINT UNSIGNED,inplace,CREATE,PASS,PASS,
TC-QA2724,TINYINT UNSIGNED -> MEDIUMINT UNSIGNED,inplace,CREATE,PASS,PASS,
TC-QA2726,TINYINT UNSIGNED -> INT UNSIGNED,inplace,CREATE,PASS,PASS,
TC-QA2728,TINYINT UNSIGNED -> BIGINT UNSIGNED,inplace,CREATE,PASS,PASS,
TC-QA2730,SMALLINT UNSIGNED -> MEDIUMINT UNSIGNED,inplace,CREATE,PASS,PASS,
TC-QA2732,SMALLINT UNSIGNED -> INT UNSIGNED,inplace,CREATE,PASS,PASS,
TC-QA2734,SMALLINT UNSIGNED -> BIGINT UNSIGNED,inplace,CREATE,PASS,PASS,
TC-QA2736,MEDIUMINT UNSIGNED -> INT UNSIGNED,inplace,CREATE,PASS,PASS,
TC-QA2738,MEDIUMINT UNSIGNED -> BIGINT UNSIGNED,inplace,CREATE,PASS,PASS,
TC-QA2740,INT UNSIGNED -> BIGINT UNSIGNED,inplace,CREATE,PASS,PASS,
TC-PA2741,CHAR(1) -> CHAR(2),inplace,BUILD,BUILD_OR_ALTER_FAIL_EXPECTED,MANUAL,CHECK_MANUALLY
TC-QA2742,CHAR(1) -> CHAR(2),inplace,CREATE,PASS,PASS,
TC-PA2743,CHAR(63) -> CHAR(64),inplace,BUILD,BUILD_OR_ALTER_FAIL_EXPECTED,MANUAL,CHECK_MANUALLY
TC-QA2744,CHAR(63) -> CHAR(64),inplace,CREATE,PASS,PASS,
TC-PA2745,CHAR(254) -> CHAR(255),inplace,BUILD,BUILD_OR_ALTER_FAIL_EXPECTED,MANUAL,CHECK_MANUALLY
TC-QA2746,CHAR(254) -> CHAR(255),inplace,CREATE,PASS,PASS,
TC-PA2747,VARCHAR(1) -> VARCHAR(2),inplace,BUILD,BUILD_OR_ALTER_FAIL_EXPECTED,MANUAL,CHECK_MANUALLY
TC-QA2748,VARCHAR(1) -> VARCHAR(2),inplace,CREATE,PASS,PASS,
TC-PA2749,VARCHAR(254) -> VARCHAR(255),inplace,BUILD,BUILD_OR_ALTER_FAIL_EXPECTED,MANUAL,CHECK_MANUALLY
TC-QA2750,VARCHAR(254) -> VARCHAR(255),inplace,CREATE,PASS,PASS,
TC-PA2751,VARCHAR(255) -> VARCHAR(256),inplace,BUILD,BUILD_OR_ALTER_FAIL_EXPECTED,MANUAL,CHECK_MANUALLY
TC-QA2752,VARCHAR(255) -> VARCHAR(256),inplace,CREATE,PASS,PASS,
TC-PA2753,VARCHAR(85) -> VARCHAR(86),inplace,BUILD,BUILD_OR_ALTER_FAIL_EXPECTED,MANUAL,CHECK_MANUALLY
TC-QA2754,VARCHAR(85) -> VARCHAR(86),inplace,CREATE,PASS,PASS,
TC-PA2755,VARCHAR(63) -> VARCHAR(64),inplace,BUILD,BUILD_OR_ALTER_FAIL_EXPECTED,MANUAL,CHECK_MANUALLY
TC-QA2756,VARCHAR(63) -> VARCHAR(64),inplace,CREATE,PASS,PASS,
TC-PA2757,VARCHAR(64) -> VARCHAR(65),inplace,BUILD,BUILD_OR_ALTER_FAIL_EXPECTED,MANUAL,CHECK_MANUALLY
TC-QA2758,VARCHAR(64) -> VARCHAR(65),inplace,CREATE,PASS,PASS,
TC-PA2759,VARCHAR(100) -> VARCHAR(200),inplace,BUILD,BUILD_OR_ALTER_FAIL_EXPECTED,MANUAL,CHECK_MANUALLY
TC-QA2760,VARCHAR(100) -> VARCHAR(200),inplace,CREATE,PASS,PASS,
TC-QA2762,TINYINT -> SMALLINT,inplace,CREATE,PASS,PASS,
TC-QA2764,TINYINT -> MEDIUMINT,inplace,CREATE,PASS,PASS,
TC-QA2766,TINYINT -> INT,inplace,CREATE,PASS,PASS,
TC-QA2768,TINYINT -> BIGINT,inplace,CREATE,PASS,PASS,
TC-QA2770,SMALLINT -> MEDIUMINT,inplace,CREATE,PASS,PASS,
TC-QA2772,SMALLINT -> INT,inplace,CREATE,PASS,PASS,
TC-QA2774,SMALLINT -> BIGINT,inplace,CREATE,PASS,PASS,
TC-QA2776,MEDIUMINT -> INT,inplace,CREATE,PASS,PASS,
TC-QA2778,MEDIUMINT -> BIGINT,inplace,CREATE,PASS,PASS,
TC-QA2780,INT -> BIGINT,inplace,CREATE,PASS,PASS,
TC-QA2782,TINYINT UNSIGNED -> SMALLINT UNSIGNED,inplace,CREATE,PASS,PASS,
TC-QA2784,TINYINT UNSIGNED -> MEDIUMINT UNSIGNED,inplace,CREATE,PASS,PASS,
TC-QA2786,TINYINT UNSIGNED -> INT UNSIGNED,inplace,CREATE,PASS,PASS,
TC-QA2788,TINYINT UNSIGNED -> BIGINT UNSIGNED,inplace,CREATE,PASS,PASS,
TC-QA2790,SMALLINT UNSIGNED -> MEDIUMINT UNSIGNED,inplace,CREATE,PASS,PASS,
TC-QA2792,SMALLINT UNSIGNED -> INT UNSIGNED,inplace,CREATE,PASS,PASS,
TC-QA2794,SMALLINT UNSIGNED -> BIGINT UNSIGNED,inplace,CREATE,PASS,PASS,
TC-QA2796,MEDIUMINT UNSIGNED -> INT UNSIGNED,inplace,CREATE,PASS,PASS,
TC-QA2798,MEDIUMINT UNSIGNED -> BIGINT UNSIGNED,inplace,CREATE,PASS,PASS,
TC-QA2800,INT UNSIGNED -> BIGINT UNSIGNED,inplace,CREATE,PASS,PASS,
TC-PA2801,CHAR(1) -> CHAR(2),inplace,BUILD,BUILD_OR_ALTER_FAIL_EXPECTED,MANUAL,CHECK_MANUALLY
TC-QA2802,CHAR(1) -> CHAR(2),inplace,CREATE,PASS,PASS,
TC-PA2803,CHAR(63) -> CHAR(64),inplace,BUILD,BUILD_OR_ALTER_FAIL_EXPECTED,MANUAL,CHECK_MANUALLY
TC-QA2804,CHAR(63) -> CHAR(64),inplace,CREATE,PASS,PASS,
TC-PA2805,CHAR(254) -> CHAR(255),inplace,BUILD,BUILD_OR_ALTER_FAIL_EXPECTED,MANUAL,CHECK_MANUALLY
TC-QA2806,CHAR(254) -> CHAR(255),inplace,CREATE,PASS,PASS,
TC-PA2807,VARCHAR(1) -> VARCHAR(2),inplace,BUILD,BUILD_OR_ALTER_FAIL_EXPECTED,MANUAL,CHECK_MANUALLY
TC-QA2808,VARCHAR(1) -> VARCHAR(2),inplace,CREATE,PASS,PASS,
TC-PA2809,VARCHAR(254) -> VARCHAR(255),inplace,BUILD,BUILD_OR_ALTER_FAIL_EXPECTED,MANUAL,CHECK_MANUALLY
TC-QA2810,VARCHAR(254) -> VARCHAR(255),inplace,CREATE,PASS,PASS,
TC-PA2811,VARCHAR(255) -> VARCHAR(256),inplace,BUILD,BUILD_OR_ALTER_FAIL_EXPECTED,MANUAL,CHECK_MANUALLY
TC-QA2812,VARCHAR(255) -> VARCHAR(256),inplace,CREATE,PASS,PASS,
TC-PA2813,VARCHAR(85) -> VARCHAR(86),inplace,BUILD,BUILD_OR_ALTER_FAIL_EXPECTED,MANUAL,CHECK_MANUALLY
TC-QA2814,VARCHAR(85) -> VARCHAR(86),inplace,CREATE,PASS,PASS,
TC-PA2815,VARCHAR(63) -> VARCHAR(64),inplace,BUILD,BUILD_OR_ALTER_FAIL_EXPECTED,MANUAL,CHECK_MANUALLY
TC-QA2816,VARCHAR(63) -> VARCHAR(64),inplace,CREATE,PASS,PASS,
TC-PA2817,VARCHAR(64) -> VARCHAR(65),inplace,BUILD,BUILD_OR_ALTER_FAIL_EXPECTED,MANUAL,CHECK_MANUALLY
TC-QA2818,VARCHAR(64) -> VARCHAR(65),inplace,CREATE,PASS,PASS,
TC-PA2819,VARCHAR(100) -> VARCHAR(200),inplace,BUILD,BUILD_OR_ALTER_FAIL_EXPECTED,MANUAL,CHECK_MANUALLY
TC-QA2820,VARCHAR(100) -> VARCHAR(200),inplace,CREATE,PASS,PASS,
TC-QA2822,TINYINT -> SMALLINT,inplace,CREATE,PASS,PASS,
TC-QA2824,TINYINT -> MEDIUMINT,inplace,CREATE,PASS,PASS,
TC-QA2826,TINYINT -> INT,inplace,CREATE,PASS,PASS,
TC-QA2828,TINYINT -> BIGINT,inplace,CREATE,PASS,PASS,
TC-QA2830,SMALLINT -> MEDIUMINT,inplace,CREATE,PASS,PASS,
TC-QA2832,SMALLINT -> INT,inplace,CREATE,PASS,PASS,
TC-QA2834,SMALLINT -> BIGINT,inplace,CREATE,PASS,PASS,
TC-QA2836,MEDIUMINT -> INT,inplace,CREATE,PASS,PASS,
TC-QA2838,MEDIUMINT -> BIGINT,inplace,CREATE,PASS,PASS,
TC-QA2840,INT -> BIGINT,inplace,CREATE,PASS,PASS,
TC-QA2842,TINYINT UNSIGNED -> SMALLINT UNSIGNED,inplace,CREATE,PASS,PASS,
TC-QA2844,TINYINT UNSIGNED -> MEDIUMINT UNSIGNED,inplace,CREATE,PASS,PASS,
TC-QA2846,TINYINT UNSIGNED -> INT UNSIGNED,inplace,CREATE,PASS,PASS,
TC-QA2848,TINYINT UNSIGNED -> BIGINT UNSIGNED,inplace,CREATE,PASS,PASS,
TC-QA2850,SMALLINT UNSIGNED -> MEDIUMINT UNSIGNED,inplace,CREATE,PASS,PASS,
TC-QA2852,SMALLINT UNSIGNED -> INT UNSIGNED,inplace,CREATE,PASS,PASS,
TC-QA2854,SMALLINT UNSIGNED -> BIGINT UNSIGNED,inplace,CREATE,PASS,PASS,
TC-QA2856,MEDIUMINT UNSIGNED -> INT UNSIGNED,inplace,CREATE,PASS,PASS,
TC-QA2858,MEDIUMINT UNSIGNED -> BIGINT UNSIGNED,inplace,CREATE,PASS,PASS,
TC-QA2860,INT UNSIGNED -> BIGINT UNSIGNED,inplace,CREATE,PASS,PASS,
TC-PA2861,CHAR(1) -> CHAR(2),inplace,BUILD,BUILD_OR_ALTER_FAIL_EXPECTED,MANUAL,CHECK_MANUALLY
TC-QA2862,CHAR(1) -> CHAR(2),inplace,CREATE,PASS,PASS,
TC-PA2863,CHAR(63) -> CHAR(64),inplace,BUILD,BUILD_OR_ALTER_FAIL_EXPECTED,MANUAL,CHECK_MANUALLY
TC-QA2864,CHAR(63) -> CHAR(64),inplace,CREATE,PASS,PASS,
TC-PA2865,CHAR(254) -> CHAR(255),inplace,BUILD,BUILD_OR_ALTER_FAIL_EXPECTED,MANUAL,CHECK_MANUALLY
TC-QA2866,CHAR(254) -> CHAR(255),inplace,CREATE,PASS,PASS,
TC-PA2867,VARCHAR(1) -> VARCHAR(2),inplace,BUILD,BUILD_OR_ALTER_FAIL_EXPECTED,MANUAL,CHECK_MANUALLY
TC-QA2868,VARCHAR(1) -> VARCHAR(2),inplace,CREATE,PASS,PASS,
TC-PA2869,VARCHAR(254) -> VARCHAR(255),inplace,BUILD,BUILD_OR_ALTER_FAIL_EXPECTED,MANUAL,CHECK_MANUALLY
TC-QA2870,VARCHAR(254) -> VARCHAR(255),inplace,CREATE,PASS,PASS,
TC-PA2871,VARCHAR(255) -> VARCHAR(256),inplace,BUILD,BUILD_OR_ALTER_FAIL_EXPECTED,MANUAL,CHECK_MANUALLY
TC-QA2872,VARCHAR(255) -> VARCHAR(256),inplace,CREATE,PASS,PASS,
TC-PA2873,VARCHAR(85) -> VARCHAR(86),inplace,BUILD,BUILD_OR_ALTER_FAIL_EXPECTED,MANUAL,CHECK_MANUALLY
TC-QA2874,VARCHAR(85) -> VARCHAR(86),inplace,CREATE,PASS,PASS,
TC-PA2875,VARCHAR(63) -> VARCHAR(64),inplace,BUILD,BUILD_OR_ALTER_FAIL_EXPECTED,MANUAL,CHECK_MANUALLY
TC-QA2876,VARCHAR(63) -> VARCHAR(64),inplace,CREATE,PASS,PASS,
TC-PA2877,VARCHAR(64) -> VARCHAR(65),inplace,BUILD,BUILD_OR_ALTER_FAIL_EXPECTED,MANUAL,CHECK_MANUALLY
TC-QA2878,VARCHAR(64) -> VARCHAR(65),inplace,CREATE,PASS,PASS,
TC-PA2879,VARCHAR(100) -> VARCHAR(200),inplace,BUILD,BUILD_OR_ALTER_FAIL_EXPECTED,MANUAL,CHECK_MANUALLY
TC-QA2880,VARCHAR(100) -> VARCHAR(200),inplace,CREATE,PASS,PASS,
TC-QA2882,TINYINT -> SMALLINT,inplace,CREATE,PASS,PASS,
TC-QA2884,TINYINT -> MEDIUMINT,inplace,CREATE,PASS,PASS,
TC-QA2886,TINYINT -> INT,inplace,CREATE,PASS,PASS,
TC-QA2888,TINYINT -> BIGINT,inplace,CREATE,PASS,PASS,
TC-QA2890,SMALLINT -> MEDIUMINT,inplace,CREATE,PASS,PASS,
TC-QA2892,SMALLINT -> INT,inplace,CREATE,PASS,PASS,
TC-QA2894,SMALLINT -> BIGINT,inplace,CREATE,PASS,PASS,
TC-QA2896,MEDIUMINT -> INT,inplace,CREATE,PASS,PASS,
TC-QA2898,MEDIUMINT -> BIGINT,inplace,CREATE,PASS,PASS,
TC-QA2900,INT -> BIGINT,inplace,CREATE,PASS,PASS,
TC-QA2902,TINYINT UNSIGNED -> SMALLINT UNSIGNED,inplace,CREATE,PASS,PASS,
TC-QA2904,TINYINT UNSIGNED -> MEDIUMINT UNSIGNED,inplace,CREATE,PASS,PASS,
TC-QA2906,TINYINT UNSIGNED -> INT UNSIGNED,inplace,CREATE,PASS,PASS,
TC-QA2908,TINYINT UNSIGNED -> BIGINT UNSIGNED,inplace,CREATE,PASS,PASS,
TC-QA2910,SMALLINT UNSIGNED -> MEDIUMINT UNSIGNED,inplace,CREATE,PASS,PASS,
TC-QA2912,SMALLINT UNSIGNED -> INT UNSIGNED,inplace,CREATE,PASS,PASS,
TC-QA2914,SMALLINT UNSIGNED -> BIGINT UNSIGNED,inplace,CREATE,PASS,PASS,
TC-QA2916,MEDIUMINT UNSIGNED -> INT UNSIGNED,inplace,CREATE,PASS,PASS,
TC-QA2918,MEDIUMINT UNSIGNED -> BIGINT UNSIGNED,inplace,CREATE,PASS,PASS,
TC-QA2920,INT UNSIGNED -> BIGINT UNSIGNED,inplace,CREATE,PASS,PASS,
TC-QA2922,CHAR(1) -> CHAR(2),inplace,CREATE,PASS,PASS,
TC-QA2924,CHAR(63) -> CHAR(64),inplace,CREATE,PASS,PASS,
TC-QA2926,CHAR(254) -> CHAR(255),inplace,CREATE,PASS,PASS,
TC-QA2928,VARCHAR(1) -> VARCHAR(2),inplace,CREATE,PASS,PASS,
TC-QA2930,VARCHAR(254) -> VARCHAR(255),inplace,CREATE,PASS,PASS,
TC-QA2932,VARCHAR(255) -> VARCHAR(256),inplace,CREATE,PASS,PASS,
TC-QA2934,VARCHAR(85) -> VARCHAR(86),inplace,CREATE,PASS,PASS,
TC-QA2936,VARCHAR(63) -> VARCHAR(64),inplace,CREATE,PASS,PASS,
TC-QA2938,VARCHAR(64) -> VARCHAR(65),inplace,CREATE,PASS,PASS,
TC-QA2940,VARCHAR(100) -> VARCHAR(200),inplace,CREATE,PASS,PASS,
TC-QA2942,TINYINT -> SMALLINT,inplace,CREATE,PASS,PASS,
TC-QA2944,TINYINT -> MEDIUMINT,inplace,CREATE,PASS,PASS,
TC-QA2946,TINYINT -> INT,inplace,CREATE,PASS,PASS,
TC-QA2948,TINYINT -> BIGINT,inplace,CREATE,PASS,PASS,
TC-QA2950,SMALLINT -> MEDIUMINT,inplace,CREATE,PASS,PASS,
TC-QA2952,SMALLINT -> INT,inplace,CREATE,PASS,PASS,
TC-QA2954,SMALLINT -> BIGINT,inplace,CREATE,PASS,PASS,
TC-QA2956,MEDIUMINT -> INT,inplace,CREATE,PASS,PASS,
TC-QA2958,MEDIUMINT -> BIGINT,inplace,CREATE,PASS,PASS,
TC-QA2960,INT -> BIGINT,inplace,CREATE,PASS,PASS,
TC-QA2962,TINYINT UNSIGNED -> SMALLINT UNSIGNED,inplace,CREATE,PASS,PASS,
TC-QA2964,TINYINT UNSIGNED -> MEDIUMINT UNSIGNED,inplace,CREATE,PASS,PASS,
TC-QA2966,TINYINT UNSIGNED -> INT UNSIGNED,inplace,CREATE,PASS,PASS,
TC-QA2968,TINYINT UNSIGNED -> BIGINT UNSIGNED,inplace,CREATE,PASS,PASS,
TC-QA2970,SMALLINT UNSIGNED -> MEDIUMINT UNSIGNED,inplace,CREATE,PASS,PASS,
TC-QA2972,SMALLINT UNSIGNED -> INT UNSIGNED,inplace,CREATE,PASS,PASS,
TC-QA2974,SMALLINT UNSIGNED -> BIGINT UNSIGNED,inplace,CREATE,PASS,PASS,
TC-QA2976,MEDIUMINT UNSIGNED -> INT UNSIGNED,inplace,CREATE,PASS,PASS,
TC-QA2978,MEDIUMINT UNSIGNED -> BIGINT UNSIGNED,inplace,CREATE,PASS,PASS,
TC-QA2980,INT UNSIGNED -> BIGINT UNSIGNED,inplace,CREATE,PASS,PASS,
TC-QA2982,CHAR(1) -> CHAR(2),inplace,CREATE,PASS,PASS,
TC-QA2984,CHAR(63) -> CHAR(64),inplace,CREATE,PASS,PASS,
TC-QA2986,CHAR(254) -> CHAR(255),inplace,CREATE,PASS,PASS,
TC-QA2988,VARCHAR(1) -> VARCHAR(2),inplace,CREATE,PASS,PASS,
TC-QA2990,VARCHAR(254) -> VARCHAR(255),inplace,CREATE,PASS,PASS,
TC-QA2992,VARCHAR(255) -> VARCHAR(256),inplace,CREATE,PASS,PASS,
TC-QA2994,VARCHAR(85) -> VARCHAR(86),inplace,CREATE,PASS,PASS,
TC-QA2996,VARCHAR(63) -> VARCHAR(64),inplace,CREATE,PASS,PASS,
TC-QA2998,VARCHAR(64) -> VARCHAR(65),inplace,CREATE,PASS,PASS,
TC-QA3000,VARCHAR(100) -> VARCHAR(200),inplace,CREATE,PASS,PASS,
TC-QA3002,TINYINT -> SMALLINT,inplace,CREATE,PASS,PASS,
TC-QA3004,TINYINT -> MEDIUMINT,inplace,CREATE,PASS,PASS,
TC-QA3006,TINYINT -> INT,inplace,CREATE,PASS,PASS,
TC-QA3008,TINYINT -> BIGINT,inplace,CREATE,PASS,PASS,
TC-QA3010,SMALLINT -> MEDIUMINT,inplace,CREATE,PASS,PASS,
TC-QA3012,SMALLINT -> INT,inplace,CREATE,PASS,PASS,
TC-QA3014,SMALLINT -> BIGINT,inplace,CREATE,PASS,PASS,
TC-QA3016,MEDIUMINT -> INT,inplace,CREATE,PASS,PASS,
TC-QA3018,MEDIUMINT -> BIGINT,inplace,CREATE,PASS,PASS,
TC-QA3020,INT -> BIGINT,inplace,CREATE,PASS,PASS,
TC-QA3022,TINYINT UNSIGNED -> SMALLINT UNSIGNED,inplace,CREATE,PASS,PASS,
TC-QA3024,TINYINT UNSIGNED -> MEDIUMINT UNSIGNED,inplace,CREATE,PASS,PASS,
TC-QA3026,TINYINT UNSIGNED -> INT UNSIGNED,inplace,CREATE,PASS,PASS,
TC-QA3028,TINYINT UNSIGNED -> BIGINT UNSIGNED,inplace,CREATE,PASS,PASS,
TC-QA3030,SMALLINT UNSIGNED -> MEDIUMINT UNSIGNED,inplace,CREATE,PASS,PASS,
TC-QA3032,SMALLINT UNSIGNED -> INT UNSIGNED,inplace,CREATE,PASS,PASS,
TC-QA3034,SMALLINT UNSIGNED -> BIGINT UNSIGNED,inplace,CREATE,PASS,PASS,
TC-QA3036,MEDIUMINT UNSIGNED -> INT UNSIGNED,inplace,CREATE,PASS,PASS,
TC-QA3038,MEDIUMINT UNSIGNED -> BIGINT UNSIGNED,inplace,CREATE,PASS,PASS,
TC-QA3040,INT UNSIGNED -> BIGINT UNSIGNED,inplace,CREATE,PASS,PASS,
TC-QA3042,CHAR(1) -> CHAR(2),inplace,CREATE,PASS,PASS,
TC-QA3044,CHAR(63) -> CHAR(64),inplace,CREATE,PASS,PASS,
TC-QA3046,CHAR(254) -> CHAR(255),inplace,CREATE,PASS,PASS,
TC-QA3048,VARCHAR(1) -> VARCHAR(2),inplace,CREATE,PASS,PASS,
TC-QA3050,VARCHAR(254) -> VARCHAR(255),inplace,CREATE,PASS,PASS,
TC-QA3052,VARCHAR(255) -> VARCHAR(256),inplace,CREATE,PASS,PASS,
TC-QA3054,VARCHAR(85) -> VARCHAR(86),inplace,CREATE,PASS,PASS,
TC-QA3056,VARCHAR(63) -> VARCHAR(64),inplace,CREATE,PASS,PASS,
TC-QA3058,VARCHAR(64) -> VARCHAR(65),inplace,CREATE,PASS,PASS,
TC-QA3060,VARCHAR(100) -> VARCHAR(200),inplace,CREATE,PASS,PASS,
TC-QA3062,TINYINT -> SMALLINT,inplace,CREATE,PASS,PASS,
TC-QA3064,TINYINT -> MEDIUMINT,inplace,CREATE,PASS,PASS,
TC-QA3066,TINYINT -> INT,inplace,CREATE,PASS,PASS,
TC-QA3068,TINYINT -> BIGINT,inplace,CREATE,PASS,PASS,
TC-QA3070,SMALLINT -> MEDIUMINT,inplace,CREATE,PASS,PASS,
TC-QA3072,SMALLINT -> INT,inplace,CREATE,PASS,PASS,
TC-QA3074,SMALLINT -> BIGINT,inplace,CREATE,PASS,PASS,
TC-QA3076,MEDIUMINT -> INT,inplace,CREATE,PASS,PASS,
TC-QA3078,MEDIUMINT -> BIGINT,inplace,CREATE,PASS,PASS,
TC-QA3080,INT -> BIGINT,inplace,CREATE,PASS,PASS,
TC-QA3082,TINYINT UNSIGNED -> SMALLINT UNSIGNED,inplace,CREATE,PASS,PASS,
TC-QA3084,TINYINT UNSIGNED -> MEDIUMINT UNSIGNED,inplace,CREATE,PASS,PASS,
TC-QA3086,TINYINT UNSIGNED -> INT UNSIGNED,inplace,CREATE,PASS,PASS,
TC-QA3088,TINYINT UNSIGNED -> BIGINT UNSIGNED,inplace,CREATE,PASS,PASS,
TC-QA3090,SMALLINT UNSIGNED -> MEDIUMINT UNSIGNED,inplace,CREATE,PASS,PASS,
TC-QA3092,SMALLINT UNSIGNED -> INT UNSIGNED,inplace,CREATE,PASS,PASS,
TC-QA3094,SMALLINT UNSIGNED -> BIGINT UNSIGNED,inplace,CREATE,PASS,PASS,
TC-QA3096,MEDIUMINT UNSIGNED -> INT UNSIGNED,inplace,CREATE,PASS,PASS,
TC-QA3098,MEDIUMINT UNSIGNED -> BIGINT UNSIGNED,inplace,CREATE,PASS,PASS,
TC-QA3100,INT UNSIGNED -> BIGINT UNSIGNED,inplace,CREATE,PASS,PASS,
TC-QA3102,CHAR(1) -> CHAR(2),inplace,CREATE,PASS,PASS,
TC-QA3104,CHAR(63) -> CHAR(64),inplace,CREATE,PASS,PASS,
TC-QA3106,CHAR(254) -> CHAR(255),inplace,CREATE,PASS,PASS,
TC-QA3108,VARCHAR(1) -> VARCHAR(2),inplace,CREATE,PASS,PASS,
TC-QA3110,VARCHAR(254) -> VARCHAR(255),inplace,CREATE,PASS,PASS,
TC-QA3112,VARCHAR(255) -> VARCHAR(256),inplace,CREATE,PASS,PASS,
TC-QA3114,VARCHAR(85) -> VARCHAR(86),inplace,CREATE,PASS,PASS,
TC-QA3116,VARCHAR(63) -> VARCHAR(64),inplace,CREATE,PASS,PASS,
TC-QA3118,VARCHAR(64) -> VARCHAR(65),inplace,CREATE,PASS,PASS,
TC-QA3120,VARCHAR(100) -> VARCHAR(200),inplace,CREATE,PASS,PASS,
TC-QA3122,TINYINT -> SMALLINT,inplace,CREATE,PASS,PASS,
TC-QA3124,TINYINT -> MEDIUMINT,inplace,CREATE,PASS,PASS,
TC-QA3126,TINYINT -> INT,inplace,CREATE,PASS,PASS,
TC-QA3128,TINYINT -> BIGINT,inplace,CREATE,PASS,PASS,
TC-QA3130,SMALLINT -> MEDIUMINT,inplace,CREATE,PASS,PASS,
TC-QA3132,SMALLINT -> INT,inplace,CREATE,PASS,PASS,
TC-QA3134,SMALLINT -> BIGINT,inplace,CREATE,PASS,PASS,
TC-QA3136,MEDIUMINT -> INT,inplace,CREATE,PASS,PASS,
TC-QA3138,MEDIUMINT -> BIGINT,inplace,CREATE,PASS,PASS,
TC-QA3140,INT -> BIGINT,inplace,CREATE,PASS,PASS,
TC-QA3142,TINYINT UNSIGNED -> SMALLINT UNSIGNED,inplace,CREATE,PASS,PASS,
TC-QA3144,TINYINT UNSIGNED -> MEDIUMINT UNSIGNED,inplace,CREATE,PASS,PASS,
TC-QA3146,TINYINT UNSIGNED -> INT UNSIGNED,inplace,CREATE,PASS,PASS,
TC-QA3148,TINYINT UNSIGNED -> BIGINT UNSIGNED,inplace,CREATE,PASS,PASS,
TC-QA3150,SMALLINT UNSIGNED -> MEDIUMINT UNSIGNED,inplace,CREATE,PASS,PASS,
TC-QA3152,SMALLINT UNSIGNED -> INT UNSIGNED,inplace,CREATE,PASS,PASS,
TC-QA3154,SMALLINT UNSIGNED -> BIGINT UNSIGNED,inplace,CREATE,PASS,PASS,
TC-QA3156,MEDIUMINT UNSIGNED -> INT UNSIGNED,inplace,CREATE,PASS,PASS,
TC-QA3158,MEDIUMINT UNSIGNED -> BIGINT UNSIGNED,inplace,CREATE,PASS,PASS,
TC-QA3160,INT UNSIGNED -> BIGINT UNSIGNED,inplace,CREATE,PASS,PASS,
TC-QA3162,CHAR(1) -> CHAR(2),inplace,CREATE,PASS,PASS,
TC-QA3164,CHAR(63) -> CHAR(64),inplace,CREATE,PASS,PASS,
TC-QA3166,CHAR(254) -> CHAR(255),inplace,CREATE,PASS,PASS,
TC-QA3168,VARCHAR(1) -> VARCHAR(2),inplace,CREATE,PASS,PASS,
TC-QA3170,VARCHAR(254) -> VARCHAR(255),inplace,CREATE,PASS,PASS,
TC-QA3172,VARCHAR(255) -> VARCHAR(256),inplace,CREATE,PASS,PASS,
TC-QA3174,VARCHAR(85) -> VARCHAR(86),inplace,CREATE,PASS,PASS,
TC-QA3176,VARCHAR(63) -> VARCHAR(64),inplace,CREATE,PASS,PASS,
TC-QA3178,VARCHAR(64) -> VARCHAR(65),inplace,CREATE,PASS,PASS,
TC-QA3180,VARCHAR(100) -> VARCHAR(200),inplace,CREATE,PASS,PASS,
TC-QA3182,TINYINT -> SMALLINT,inplace,CREATE,PASS,PASS,
TC-QA3184,TINYINT -> MEDIUMINT,inplace,CREATE,PASS,PASS,
TC-QA3186,TINYINT -> INT,inplace,CREATE,PASS,PASS,
TC-QA3188,TINYINT -> BIGINT,inplace,CREATE,PASS,PASS,
TC-QA3190,SMALLINT -> MEDIUMINT,inplace,CREATE,PASS,PASS,
TC-QA3192,SMALLINT -> INT,inplace,CREATE,PASS,PASS,
TC-QA3194,SMALLINT -> BIGINT,inplace,CREATE,PASS,PASS,
TC-QA3196,MEDIUMINT -> INT,inplace,CREATE,PASS,PASS,
TC-QA3198,MEDIUMINT -> BIGINT,inplace,CREATE,PASS,PASS,
TC-QA3200,INT -> BIGINT,inplace,CREATE,PASS,PASS,
TC-QA3202,TINYINT UNSIGNED -> SMALLINT UNSIGNED,inplace,CREATE,PASS,PASS,
TC-QA3204,TINYINT UNSIGNED -> MEDIUMINT UNSIGNED,inplace,CREATE,PASS,PASS,
TC-QA3206,TINYINT UNSIGNED -> INT UNSIGNED,inplace,CREATE,PASS,PASS,
TC-QA3208,TINYINT UNSIGNED -> BIGINT UNSIGNED,inplace,CREATE,PASS,PASS,
TC-QA3210,SMALLINT UNSIGNED -> MEDIUMINT UNSIGNED,inplace,CREATE,PASS,PASS,
TC-QA3212,SMALLINT UNSIGNED -> INT UNSIGNED,inplace,CREATE,PASS,PASS,
TC-QA3214,SMALLINT UNSIGNED -> BIGINT UNSIGNED,inplace,CREATE,PASS,PASS,
TC-QA3216,MEDIUMINT UNSIGNED -> INT UNSIGNED,inplace,CREATE,PASS,PASS,
TC-QA3218,MEDIUMINT UNSIGNED -> BIGINT UNSIGNED,inplace,CREATE,PASS,PASS,
TC-QA3220,INT UNSIGNED -> BIGINT UNSIGNED,inplace,CREATE,PASS,PASS,
TC-QA3222,CHAR(1) -> CHAR(2),inplace,CREATE,PASS,PASS,
TC-QA3224,CHAR(63) -> CHAR(64),inplace,CREATE,PASS,PASS,
TC-QA3226,CHAR(254) -> CHAR(255),inplace,CREATE,PASS,PASS,
TC-QA3228,VARCHAR(1) -> VARCHAR(2),inplace,CREATE,PASS,PASS,
TC-QA3230,VARCHAR(254) -> VARCHAR(255),inplace,CREATE,PASS,PASS,
TC-QA3232,VARCHAR(255) -> VARCHAR(256),inplace,CREATE,PASS,PASS,
TC-QA3234,VARCHAR(85) -> VARCHAR(86),inplace,CREATE,PASS,PASS,
TC-QA3236,VARCHAR(63) -> VARCHAR(64),inplace,CREATE,PASS,PASS,
TC-QA3238,VARCHAR(64) -> VARCHAR(65),inplace,CREATE,PASS,PASS,
TC-QA3240,VARCHAR(100) -> VARCHAR(200),inplace,CREATE,PASS,PASS,
TC-QA3242,TINYINT -> SMALLINT,inplace,CREATE,PASS,PASS,
TC-QA3244,TINYINT -> MEDIUMINT,inplace,CREATE,PASS,PASS,
TC-QA3246,TINYINT -> INT,inplace,CREATE,PASS,PASS,
TC-QA3248,TINYINT -> BIGINT,inplace,CREATE,PASS,PASS,
TC-QA3250,SMALLINT -> MEDIUMINT,inplace,CREATE,PASS,PASS,
TC-QA3252,SMALLINT -> INT,inplace,CREATE,PASS,PASS,
TC-QA3254,SMALLINT -> BIGINT,inplace,CREATE,PASS,PASS,
TC-QA3256,MEDIUMINT -> INT,inplace,CREATE,PASS,PASS,
TC-QA3258,MEDIUMINT -> BIGINT,inplace,CREATE,PASS,PASS,
TC-QA3260,INT -> BIGINT,inplace,CREATE,PASS,PASS,
TC-QA3262,TINYINT UNSIGNED -> SMALLINT UNSIGNED,inplace,CREATE,PASS,PASS,
TC-QA3264,TINYINT UNSIGNED -> MEDIUMINT UNSIGNED,inplace,CREATE,PASS,PASS,
TC-QA3266,TINYINT UNSIGNED -> INT UNSIGNED,inplace,CREATE,PASS,PASS,
TC-QA3268,TINYINT UNSIGNED -> BIGINT UNSIGNED,inplace,CREATE,PASS,PASS,
TC-QA3270,SMALLINT UNSIGNED -> MEDIUMINT UNSIGNED,inplace,CREATE,PASS,PASS,
TC-QA3272,SMALLINT UNSIGNED -> INT UNSIGNED,inplace,CREATE,PASS,PASS,
TC-QA3274,SMALLINT UNSIGNED -> BIGINT UNSIGNED,inplace,CREATE,PASS,PASS,
TC-QA3276,MEDIUMINT UNSIGNED -> INT UNSIGNED,inplace,CREATE,PASS,PASS,
TC-QA3278,MEDIUMINT UNSIGNED -> BIGINT UNSIGNED,inplace,CREATE,PASS,PASS,
TC-QA3280,INT UNSIGNED -> BIGINT UNSIGNED,inplace,CREATE,PASS,PASS,
TC-QA3282,CHAR(1) -> CHAR(2),inplace,CREATE,PASS,PASS,
TC-QA3284,CHAR(63) -> CHAR(64),inplace,CREATE,PASS,PASS,
TC-QA3286,CHAR(254) -> CHAR(255),inplace,CREATE,PASS,PASS,
TC-QA3288,VARCHAR(1) -> VARCHAR(2),inplace,CREATE,PASS,PASS,
TC-QA3290,VARCHAR(254) -> VARCHAR(255),inplace,CREATE,PASS,PASS,
TC-QA3292,VARCHAR(255) -> VARCHAR(256),inplace,CREATE,PASS,PASS,
TC-QA3294,VARCHAR(85) -> VARCHAR(86),inplace,CREATE,PASS,PASS,
TC-QA3296,VARCHAR(63) -> VARCHAR(64),inplace,CREATE,PASS,PASS,
TC-QA3298,VARCHAR(64) -> VARCHAR(65),inplace,CREATE,PASS,PASS,
TC-QA3300,VARCHAR(100) -> VARCHAR(200),inplace,CREATE,PASS,PASS,
TC-QA3302,TINYINT -> SMALLINT,inplace,CREATE,PASS,PASS,
TC-QA3304,TINYINT -> MEDIUMINT,inplace,CREATE,PASS,PASS,
TC-QA3306,TINYINT -> INT,inplace,CREATE,PASS,PASS,
TC-QA3308,TINYINT -> BIGINT,inplace,CREATE,PASS,PASS,
TC-QA3310,SMALLINT -> MEDIUMINT,inplace,CREATE,PASS,PASS,
TC-QA3312,SMALLINT -> INT,inplace,CREATE,PASS,PASS,
TC-QA3314,SMALLINT -> BIGINT,inplace,CREATE,PASS,PASS,
TC-QA3316,MEDIUMINT -> INT,inplace,CREATE,PASS,PASS,
TC-QA3318,MEDIUMINT -> BIGINT,inplace,CREATE,PASS,PASS,
TC-QA3320,INT -> BIGINT,inplace,CREATE,PASS,PASS,
TC-QA3322,TINYINT UNSIGNED -> SMALLINT UNSIGNED,inplace,CREATE,PASS,PASS,
TC-QA3324,TINYINT UNSIGNED -> MEDIUMINT UNSIGNED,inplace,CREATE,PASS,PASS,
TC-QA3326,TINYINT UNSIGNED -> INT UNSIGNED,inplace,CREATE,PASS,PASS,
TC-QA3328,TINYINT UNSIGNED -> BIGINT UNSIGNED,inplace,CREATE,PASS,PASS,
TC-QA3330,SMALLINT UNSIGNED -> MEDIUMINT UNSIGNED,inplace,CREATE,PASS,PASS,
TC-QA3332,SMALLINT UNSIGNED -> INT UNSIGNED,inplace,CREATE,PASS,PASS,
TC-QA3334,SMALLINT UNSIGNED -> BIGINT UNSIGNED,inplace,CREATE,PASS,PASS,
TC-QA3336,MEDIUMINT UNSIGNED -> INT UNSIGNED,inplace,CREATE,PASS,PASS,
TC-QA3338,MEDIUMINT UNSIGNED -> BIGINT UNSIGNED,inplace,CREATE,PASS,PASS,
TC-QA3340,INT UNSIGNED -> BIGINT UNSIGNED,inplace,CREATE,PASS,PASS,
TC-QA3342,CHAR(1) -> CHAR(2),inplace,CREATE,PASS,PASS,
TC-QA3344,CHAR(63) -> CHAR(64),inplace,CREATE,PASS,PASS,
TC-QA3346,CHAR(254) -> CHAR(255),inplace,CREATE,PASS,PASS,
TC-QA3348,VARCHAR(1) -> VARCHAR(2),inplace,CREATE,PASS,PASS,
TC-QA3350,VARCHAR(254) -> VARCHAR(255),inplace,CREATE,PASS,PASS,
TC-QA3352,VARCHAR(255) -> VARCHAR(256),inplace,CREATE,PASS,PASS,
TC-QA3354,VARCHAR(85) -> VARCHAR(86),inplace,CREATE,PASS,PASS,
TC-QA3356,VARCHAR(63) -> VARCHAR(64),inplace,CREATE,PASS,PASS,
TC-QA3358,VARCHAR(64) -> VARCHAR(65),inplace,CREATE,PASS,PASS,
TC-QA3360,VARCHAR(100) -> VARCHAR(200),inplace,CREATE,PASS,PASS,
TC-QA3362,TINYINT -> SMALLINT,inplace,CREATE,PASS,PASS,
TC-QA3364,TINYINT -> MEDIUMINT,inplace,CREATE,PASS,PASS,
TC-QA3366,TINYINT -> INT,inplace,CREATE,PASS,PASS,
TC-QA3368,TINYINT -> BIGINT,inplace,CREATE,PASS,PASS,
TC-QA3370,SMALLINT -> MEDIUMINT,inplace,CREATE,PASS,PASS,
TC-QA3372,SMALLINT -> INT,inplace,CREATE,PASS,PASS,
TC-QA3374,SMALLINT -> BIGINT,inplace,CREATE,PASS,PASS,
TC-QA3376,MEDIUMINT -> INT,inplace,CREATE,PASS,PASS,
TC-QA3378,MEDIUMINT -> BIGINT,inplace,CREATE,PASS,PASS,
TC-QA3380,INT -> BIGINT,inplace,CREATE,PASS,PASS,
TC-QA3382,TINYINT UNSIGNED -> SMALLINT UNSIGNED,inplace,CREATE,PASS,PASS,
TC-QA3384,TINYINT UNSIGNED -> MEDIUMINT UNSIGNED,inplace,CREATE,PASS,PASS,
TC-QA3386,TINYINT UNSIGNED -> INT UNSIGNED,inplace,CREATE,PASS,PASS,
TC-QA3388,TINYINT UNSIGNED -> BIGINT UNSIGNED,inplace,CREATE,PASS,PASS,
TC-QA3390,SMALLINT UNSIGNED -> MEDIUMINT UNSIGNED,inplace,CREATE,PASS,PASS,
TC-QA3392,SMALLINT UNSIGNED -> INT UNSIGNED,inplace,CREATE,PASS,PASS,
TC-QA3394,SMALLINT UNSIGNED -> BIGINT UNSIGNED,inplace,CREATE,PASS,PASS,
TC-QA3396,MEDIUMINT UNSIGNED -> INT UNSIGNED,inplace,CREATE,PASS,PASS,
TC-QA3398,MEDIUMINT UNSIGNED -> BIGINT UNSIGNED,inplace,CREATE,PASS,PASS,
TC-QA3400,INT UNSIGNED -> BIGINT UNSIGNED,inplace,CREATE,PASS,PASS,
TC-QA3402,CHAR(1) -> CHAR(2),inplace,CREATE,PASS,PASS,
TC-QA3404,CHAR(63) -> CHAR(64),inplace,CREATE,PASS,PASS,
TC-QA3406,CHAR(254) -> CHAR(255),inplace,CREATE,PASS,PASS,
TC-QA3408,VARCHAR(1) -> VARCHAR(2),inplace,CREATE,PASS,PASS,
TC-QA3410,VARCHAR(254) -> VARCHAR(255),inplace,CREATE,PASS,PASS,
TC-QA3412,VARCHAR(255) -> VARCHAR(256),inplace,CREATE,PASS,PASS,
TC-QA3414,VARCHAR(85) -> VARCHAR(86),inplace,CREATE,PASS,PASS,
TC-QA3416,VARCHAR(63) -> VARCHAR(64),inplace,CREATE,PASS,PASS,
TC-QA3418,VARCHAR(64) -> VARCHAR(65),inplace,CREATE,PASS,PASS,
TC-QA3420,VARCHAR(100) -> VARCHAR(200),inplace,CREATE,PASS,PASS,
TC-QA3422,TINYINT -> SMALLINT,inplace,CREATE,PASS,PASS,
TC-QA3424,TINYINT -> MEDIUMINT,inplace,CREATE,PASS,PASS,
TC-QA3426,TINYINT -> INT,inplace,CREATE,PASS,PASS,
TC-QA3428,TINYINT -> BIGINT,inplace,CREATE,PASS,PASS,
TC-QA3430,SMALLINT -> MEDIUMINT,inplace,CREATE,PASS,PASS,
TC-QA3432,SMALLINT -> INT,inplace,CREATE,PASS,PASS,
TC-QA3434,SMALLINT -> BIGINT,inplace,CREATE,PASS,PASS,
TC-QA3436,MEDIUMINT -> INT,inplace,CREATE,PASS,PASS,
TC-QA3438,MEDIUMINT -> BIGINT,inplace,CREATE,PASS,PASS,
TC-QA3440,INT -> BIGINT,inplace,CREATE,PASS,PASS,
TC-QA3442,TINYINT UNSIGNED -> SMALLINT UNSIGNED,inplace,CREATE,PASS,PASS,
TC-QA3444,TINYINT UNSIGNED -> MEDIUMINT UNSIGNED,inplace,CREATE,PASS,PASS,
TC-QA3446,TINYINT UNSIGNED -> INT UNSIGNED,inplace,CREATE,PASS,PASS,
TC-QA3448,TINYINT UNSIGNED -> BIGINT UNSIGNED,inplace,CREATE,PASS,PASS,
TC-QA3450,SMALLINT UNSIGNED -> MEDIUMINT UNSIGNED,inplace,CREATE,PASS,PASS,
TC-QA3452,SMALLINT UNSIGNED -> INT UNSIGNED,inplace,CREATE,PASS,PASS,
TC-QA3454,SMALLINT UNSIGNED -> BIGINT UNSIGNED,inplace,CREATE,PASS,PASS,
TC-QA3456,MEDIUMINT UNSIGNED -> INT UNSIGNED,inplace,CREATE,PASS,PASS,
TC-QA3458,MEDIUMINT UNSIGNED -> BIGINT UNSIGNED,inplace,CREATE,PASS,PASS,
TC-QA3460,INT UNSIGNED -> BIGINT UNSIGNED,inplace,CREATE,PASS,PASS,
TC-QA3462,CHAR(1) -> CHAR(2),inplace,CREATE,PASS,PASS,
TC-QA3464,CHAR(63) -> CHAR(64),inplace,CREATE,PASS,PASS,
TC-QA3466,CHAR(254) -> CHAR(255),inplace,CREATE,PASS,PASS,
TC-QA3468,VARCHAR(1) -> VARCHAR(2),inplace,CREATE,PASS,PASS,
TC-QA3470,VARCHAR(254) -> VARCHAR(255),inplace,CREATE,PASS,PASS,
TC-QA3472,VARCHAR(255) -> VARCHAR(256),inplace,CREATE,PASS,PASS,
TC-QA3474,VARCHAR(85) -> VARCHAR(86),inplace,CREATE,PASS,PASS,
TC-QA3476,VARCHAR(63) -> VARCHAR(64),inplace,CREATE,PASS,PASS,
TC-QA3478,VARCHAR(64) -> VARCHAR(65),inplace,CREATE,PASS,PASS,
TC-QA3480,VARCHAR(100) -> VARCHAR(200),inplace,CREATE,PASS,PASS,
TC-QA3482,TINYINT -> SMALLINT,inplace,CREATE,PASS,PASS,
TC-QA3484,TINYINT -> MEDIUMINT,inplace,CREATE,PASS,PASS,
TC-QA3486,TINYINT -> INT,inplace,CREATE,PASS,PASS,
TC-QA3488,TINYINT -> BIGINT,inplace,CREATE,PASS,PASS,
TC-QA3490,SMALLINT -> MEDIUMINT,inplace,CREATE,PASS,PASS,
TC-QA3492,SMALLINT -> INT,inplace,CREATE,PASS,PASS,
TC-QA3494,SMALLINT -> BIGINT,inplace,CREATE,PASS,PASS,
TC-QA3496,MEDIUMINT -> INT,inplace,CREATE,PASS,PASS,
TC-QA3498,MEDIUMINT -> BIGINT,inplace,CREATE,PASS,PASS,
TC-QA3500,INT -> BIGINT,inplace,CREATE,PASS,PASS,
TC-QA3502,TINYINT UNSIGNED -> SMALLINT UNSIGNED,inplace,CREATE,PASS,PASS,
TC-QA3504,TINYINT UNSIGNED -> MEDIUMINT UNSIGNED,inplace,CREATE,PASS,PASS,
TC-QA3506,TINYINT UNSIGNED -> INT UNSIGNED,inplace,CREATE,PASS,PASS,
TC-QA3508,TINYINT UNSIGNED -> BIGINT UNSIGNED,inplace,CREATE,PASS,PASS,
TC-QA3510,SMALLINT UNSIGNED -> MEDIUMINT UNSIGNED,inplace,CREATE,PASS,PASS,
TC-QA3512,SMALLINT UNSIGNED -> INT UNSIGNED,inplace,CREATE,PASS,PASS,
TC-QA3514,SMALLINT UNSIGNED -> BIGINT UNSIGNED,inplace,CREATE,PASS,PASS,
TC-QA3516,MEDIUMINT UNSIGNED -> INT UNSIGNED,inplace,CREATE,PASS,PASS,
TC-QA3518,MEDIUMINT UNSIGNED -> BIGINT UNSIGNED,inplace,CREATE,PASS,PASS,
TC-QA3520,INT UNSIGNED -> BIGINT UNSIGNED,inplace,CREATE,PASS,PASS,
TC-QA3522,CHAR(1) -> CHAR(2),inplace,CREATE,PASS,PASS,
TC-QA3524,CHAR(63) -> CHAR(64),inplace,CREATE,PASS,PASS,
TC-QA3526,CHAR(254) -> CHAR(255),inplace,CREATE,PASS,PASS,
TC-QA3528,VARCHAR(1) -> VARCHAR(2),inplace,CREATE,PASS,PASS,
TC-QA3530,VARCHAR(254) -> VARCHAR(255),inplace,CREATE,PASS,PASS,
TC-QA3532,VARCHAR(255) -> VARCHAR(256),inplace,CREATE,PASS,PASS,
TC-QA3534,VARCHAR(85) -> VARCHAR(86),inplace,CREATE,PASS,PASS,
TC-QA3536,VARCHAR(63) -> VARCHAR(64),inplace,CREATE,PASS,PASS,
TC-QA3538,VARCHAR(64) -> VARCHAR(65),inplace,CREATE,PASS,PASS,
TC-QA3540,VARCHAR(100) -> VARCHAR(200),inplace,CREATE,PASS,PASS,
TC-QA3542,TINYINT -> SMALLINT,inplace,CREATE,PASS,PASS,
TC-QA3544,TINYINT -> MEDIUMINT,inplace,CREATE,PASS,PASS,
TC-QA3546,TINYINT -> INT,inplace,CREATE,PASS,PASS,
TC-QA3548,TINYINT -> BIGINT,inplace,CREATE,PASS,PASS,
TC-QA3550,SMALLINT -> MEDIUMINT,inplace,CREATE,PASS,PASS,
TC-QA3552,SMALLINT -> INT,inplace,CREATE,PASS,PASS,
TC-QA3554,SMALLINT -> BIGINT,inplace,CREATE,PASS,PASS,
TC-QA3556,MEDIUMINT -> INT,inplace,CREATE,PASS,PASS,
TC-QA3558,MEDIUMINT -> BIGINT,inplace,CREATE,PASS,PASS,
TC-QA3560,INT -> BIGINT,inplace,CREATE,PASS,PASS,
TC-QA3562,TINYINT UNSIGNED -> SMALLINT UNSIGNED,inplace,CREATE,PASS,PASS,
TC-QA3564,TINYINT UNSIGNED -> MEDIUMINT UNSIGNED,inplace,CREATE,PASS,PASS,
TC-QA3566,TINYINT UNSIGNED -> INT UNSIGNED,inplace,CREATE,PASS,PASS,
TC-QA3568,TINYINT UNSIGNED -> BIGINT UNSIGNED,inplace,CREATE,PASS,PASS,
TC-QA3570,SMALLINT UNSIGNED -> MEDIUMINT UNSIGNED,inplace,CREATE,PASS,PASS,
TC-QA3572,SMALLINT UNSIGNED -> INT UNSIGNED,inplace,CREATE,PASS,PASS,
TC-QA3574,SMALLINT UNSIGNED -> BIGINT UNSIGNED,inplace,CREATE,PASS,PASS,
TC-QA3576,MEDIUMINT UNSIGNED -> INT UNSIGNED,inplace,CREATE,PASS,PASS,
TC-QA3578,MEDIUMINT UNSIGNED -> BIGINT UNSIGNED,inplace,CREATE,PASS,PASS,
TC-QA3580,INT UNSIGNED -> BIGINT UNSIGNED,inplace,CREATE,PASS,PASS,
TC-QA3582,CHAR(1) -> CHAR(2),inplace,CREATE,PASS,PASS,
TC-QA3584,CHAR(63) -> CHAR(64),inplace,CREATE,PASS,PASS,
TC-QA3586,CHAR(254) -> CHAR(255),inplace,CREATE,PASS,PASS,
TC-QA3588,VARCHAR(1) -> VARCHAR(2),inplace,CREATE,PASS,PASS,
TC-QA3590,VARCHAR(254) -> VARCHAR(255),inplace,CREATE,PASS,PASS,
TC-QA3592,VARCHAR(255) -> VARCHAR(256),inplace,CREATE,PASS,PASS,
TC-QA3594,VARCHAR(85) -> VARCHAR(86),inplace,CREATE,PASS,PASS,
TC-QA3596,VARCHAR(63) -> VARCHAR(64),inplace,CREATE,PASS,PASS,
TC-QA3598,VARCHAR(64) -> VARCHAR(65),inplace,CREATE,PASS,PASS,
TC-QA3600,VARCHAR(100) -> VARCHAR(200),inplace,CREATE,PASS,PASS,
TC-QA3602,TINYINT -> SMALLINT,inplace,CREATE,PASS,PASS,
TC-QA3604,TINYINT -> MEDIUMINT,inplace,CREATE,PASS,PASS,
TC-QA3606,TINYINT -> INT,inplace,CREATE,PASS,PASS,
TC-QA3608,TINYINT -> BIGINT,inplace,CREATE,PASS,PASS,
TC-QA3610,SMALLINT -> MEDIUMINT,inplace,CREATE,PASS,PASS,
TC-QA3612,SMALLINT -> INT,inplace,CREATE,PASS,PASS,
TC-QA3614,SMALLINT -> BIGINT,inplace,CREATE,PASS,PASS,
TC-QA3616,MEDIUMINT -> INT,inplace,CREATE,PASS,PASS,
TC-QA3618,MEDIUMINT -> BIGINT,inplace,CREATE,PASS,PASS,
TC-QA3620,INT -> BIGINT,inplace,CREATE,PASS,PASS,
TC-QA3622,TINYINT UNSIGNED -> SMALLINT UNSIGNED,inplace,CREATE,PASS,PASS,
TC-QA3624,TINYINT UNSIGNED -> MEDIUMINT UNSIGNED,inplace,CREATE,PASS,PASS,
TC-QA3626,TINYINT UNSIGNED -> INT UNSIGNED,inplace,CREATE,PASS,PASS,
TC-QA3628,TINYINT UNSIGNED -> BIGINT UNSIGNED,inplace,CREATE,PASS,PASS,
TC-QA3630,SMALLINT UNSIGNED -> MEDIUMINT UNSIGNED,inplace,CREATE,PASS,PASS,
TC-QA3632,SMALLINT UNSIGNED -> INT UNSIGNED,inplace,CREATE,PASS,PASS,
TC-QA3634,SMALLINT UNSIGNED -> BIGINT UNSIGNED,inplace,CREATE,PASS,PASS,
TC-QA3636,MEDIUMINT UNSIGNED -> INT UNSIGNED,inplace,CREATE,PASS,PASS,
TC-QA3638,MEDIUMINT UNSIGNED -> BIGINT UNSIGNED,inplace,CREATE,PASS,PASS,
TC-QA3640,INT UNSIGNED -> BIGINT UNSIGNED,inplace,CREATE,PASS,PASS,
TC-QA3642,CHAR(1) -> CHAR(2),inplace,CREATE,PASS,PASS,
TC-QA3644,CHAR(63) -> CHAR(64),inplace,CREATE,PASS,PASS,
TC-QA3646,CHAR(254) -> CHAR(255),inplace,CREATE,PASS,PASS,
TC-QA3648,VARCHAR(1) -> VARCHAR(2),inplace,CREATE,PASS,PASS,
TC-QA3650,VARCHAR(254) -> VARCHAR(255),inplace,CREATE,PASS,PASS,
TC-QA3652,VARCHAR(255) -> VARCHAR(256),inplace,CREATE,PASS,PASS,
TC-QA3654,VARCHAR(85) -> VARCHAR(86),inplace,CREATE,PASS,PASS,
TC-QA3656,VARCHAR(63) -> VARCHAR(64),inplace,CREATE,PASS,PASS,
TC-QA3658,VARCHAR(64) -> VARCHAR(65),inplace,CREATE,PASS,PASS,
TC-QA3660,VARCHAR(100) -> VARCHAR(200),inplace,CREATE,PASS,PASS,
TC-QA3662,TINYINT -> SMALLINT,inplace,CREATE,PASS,PASS,
TC-QA3664,TINYINT -> MEDIUMINT,inplace,CREATE,PASS,PASS,
TC-QA3666,TINYINT -> INT,inplace,CREATE,PASS,PASS,
TC-QA3668,TINYINT -> BIGINT,inplace,CREATE,PASS,PASS,
TC-QA3670,SMALLINT -> MEDIUMINT,inplace,CREATE,PASS,PASS,
TC-QA3672,SMALLINT -> INT,inplace,CREATE,PASS,PASS,
TC-QA3674,SMALLINT -> BIGINT,inplace,CREATE,PASS,PASS,
TC-QA3676,MEDIUMINT -> INT,inplace,CREATE,PASS,PASS,
TC-QA3678,MEDIUMINT -> BIGINT,inplace,CREATE,PASS,PASS,
TC-QA3680,INT -> BIGINT,inplace,CREATE,PASS,PASS,
TC-QA3682,TINYINT UNSIGNED -> SMALLINT UNSIGNED,inplace,CREATE,PASS,PASS,
TC-QA3684,TINYINT UNSIGNED -> MEDIUMINT UNSIGNED,inplace,CREATE,PASS,PASS,
TC-QA3686,TINYINT UNSIGNED -> INT UNSIGNED,inplace,CREATE,PASS,PASS,
TC-QA3688,TINYINT UNSIGNED -> BIGINT UNSIGNED,inplace,CREATE,PASS,PASS,
TC-QA3690,SMALLINT UNSIGNED -> MEDIUMINT UNSIGNED,inplace,CREATE,PASS,PASS,
TC-QA3692,SMALLINT UNSIGNED -> INT UNSIGNED,inplace,CREATE,PASS,PASS,
TC-QA3694,SMALLINT UNSIGNED -> BIGINT UNSIGNED,inplace,CREATE,PASS,PASS,
TC-QA3696,MEDIUMINT UNSIGNED -> INT UNSIGNED,inplace,CREATE,PASS,PASS,
TC-QA3698,MEDIUMINT UNSIGNED -> BIGINT UNSIGNED,inplace,CREATE,PASS,PASS,
TC-QA3700,INT UNSIGNED -> BIGINT UNSIGNED,inplace,CREATE,PASS,PASS,
TC-QA3702,CHAR(1) -> CHAR(2),inplace,CREATE,PASS,PASS,
TC-QA3704,CHAR(63) -> CHAR(64),inplace,CREATE,PASS,PASS,
TC-QA3706,CHAR(254) -> CHAR(255),inplace,CREATE,PASS,PASS,
TC-QA3708,VARCHAR(1) -> VARCHAR(2),inplace,CREATE,PASS,PASS,
TC-QA3710,VARCHAR(254) -> VARCHAR(255),inplace,CREATE,PASS,PASS,
TC-QA3712,VARCHAR(255) -> VARCHAR(256),inplace,CREATE,PASS,PASS,
TC-QA3714,VARCHAR(85) -> VARCHAR(86),inplace,CREATE,PASS,PASS,
TC-QA3716,VARCHAR(63) -> VARCHAR(64),inplace,CREATE,PASS,PASS,
TC-QA3718,VARCHAR(64) -> VARCHAR(65),inplace,CREATE,PASS,PASS,
TC-QA3720,VARCHAR(100) -> VARCHAR(200),inplace,CREATE,PASS,PASS,
TC-QA3722,TINYINT -> SMALLINT,inplace,CREATE,PASS,PASS,
TC-QA3724,TINYINT -> MEDIUMINT,inplace,CREATE,PASS,PASS,
TC-QA3726,TINYINT -> INT,inplace,CREATE,PASS,PASS,
TC-QA3728,TINYINT -> BIGINT,inplace,CREATE,PASS,PASS,
TC-QA3730,SMALLINT -> MEDIUMINT,inplace,CREATE,PASS,PASS,
TC-QA3732,SMALLINT -> INT,inplace,CREATE,PASS,PASS,
TC-QA3734,SMALLINT -> BIGINT,inplace,CREATE,PASS,PASS,
TC-QA3736,MEDIUMINT -> INT,inplace,CREATE,PASS,PASS,
TC-QA3738,MEDIUMINT -> BIGINT,inplace,CREATE,PASS,PASS,
TC-QA3740,INT -> BIGINT,inplace,CREATE,PASS,PASS,
TC-QA3742,TINYINT UNSIGNED -> SMALLINT UNSIGNED,inplace,CREATE,PASS,PASS,
TC-QA3744,TINYINT UNSIGNED -> MEDIUMINT UNSIGNED,inplace,CREATE,PASS,PASS,
TC-QA3746,TINYINT UNSIGNED -> INT UNSIGNED,inplace,CREATE,PASS,PASS,
TC-QA3748,TINYINT UNSIGNED -> BIGINT UNSIGNED,inplace,CREATE,PASS,PASS,
TC-QA3750,SMALLINT UNSIGNED -> MEDIUMINT UNSIGNED,inplace,CREATE,PASS,PASS,
TC-QA3752,SMALLINT UNSIGNED -> INT UNSIGNED,inplace,CREATE,PASS,PASS,
TC-QA3754,SMALLINT UNSIGNED -> BIGINT UNSIGNED,inplace,CREATE,PASS,PASS,
TC-QA3756,MEDIUMINT UNSIGNED -> INT UNSIGNED,inplace,CREATE,PASS,PASS,
TC-QA3758,MEDIUMINT UNSIGNED -> BIGINT UNSIGNED,inplace,CREATE,PASS,PASS,
TC-QA3760,INT UNSIGNED -> BIGINT UNSIGNED,inplace,CREATE,PASS,PASS,
TC-QA3762,CHAR(1) -> CHAR(2),inplace,CREATE,PASS,PASS,
TC-QA3764,CHAR(63) -> CHAR(64),inplace,CREATE,PASS,PASS,
TC-QA3766,CHAR(254) -> CHAR(255),inplace,CREATE,PASS,PASS,
TC-QA3768,VARCHAR(1) -> VARCHAR(2),inplace,CREATE,PASS,PASS,
TC-QA3770,VARCHAR(254) -> VARCHAR(255),inplace,CREATE,PASS,PASS,
TC-QA3772,VARCHAR(255) -> VARCHAR(256),inplace,CREATE,PASS,PASS,
TC-QA3774,VARCHAR(85) -> VARCHAR(86),inplace,CREATE,PASS,PASS,
TC-QA3776,VARCHAR(63) -> VARCHAR(64),inplace,CREATE,PASS,PASS,
TC-QA3778,VARCHAR(64) -> VARCHAR(65),inplace,CREATE,PASS,PASS,
TC-QA3780,VARCHAR(100) -> VARCHAR(200),inplace,CREATE,PASS,PASS,
TC-QA3782,TINYINT -> SMALLINT,inplace,CREATE,PASS,PASS,
TC-QA3784,TINYINT -> MEDIUMINT,inplace,CREATE,PASS,PASS,
TC-QA3786,TINYINT -> INT,inplace,CREATE,PASS,PASS,
TC-QA3788,TINYINT -> BIGINT,inplace,CREATE,PASS,PASS,
TC-QA3790,SMALLINT -> MEDIUMINT,inplace,CREATE,PASS,PASS,
TC-QA3792,SMALLINT -> INT,inplace,CREATE,PASS,PASS,
TC-QA3794,SMALLINT -> BIGINT,inplace,CREATE,PASS,PASS,
TC-QA3796,MEDIUMINT -> INT,inplace,CREATE,PASS,PASS,
TC-QA3798,MEDIUMINT -> BIGINT,inplace,CREATE,PASS,PASS,
TC-QA3800,INT -> BIGINT,inplace,CREATE,PASS,PASS,
TC-QA3802,TINYINT UNSIGNED -> SMALLINT UNSIGNED,inplace,CREATE,PASS,PASS,
TC-QA3804,TINYINT UNSIGNED -> MEDIUMINT UNSIGNED,inplace,CREATE,PASS,PASS,
TC-QA3806,TINYINT UNSIGNED -> INT UNSIGNED,inplace,CREATE,PASS,PASS,
TC-QA3808,TINYINT UNSIGNED -> BIGINT UNSIGNED,inplace,CREATE,PASS,PASS,
TC-QA3810,SMALLINT UNSIGNED -> MEDIUMINT UNSIGNED,inplace,CREATE,PASS,PASS,
TC-QA3812,SMALLINT UNSIGNED -> INT UNSIGNED,inplace,CREATE,PASS,PASS,
TC-QA3814,SMALLINT UNSIGNED -> BIGINT UNSIGNED,inplace,CREATE,PASS,PASS,
TC-QA3816,MEDIUMINT UNSIGNED -> INT UNSIGNED,inplace,CREATE,PASS,PASS,
TC-QA3818,MEDIUMINT UNSIGNED -> BIGINT UNSIGNED,inplace,CREATE,PASS,PASS,
TC-QA3820,INT UNSIGNED -> BIGINT UNSIGNED,inplace,CREATE,PASS,PASS,
TC-QA3822,CHAR(1) -> CHAR(2),inplace,CREATE,PASS,PASS,
TC-QA3824,CHAR(63) -> CHAR(64),inplace,CREATE,PASS,PASS,
TC-QA3826,CHAR(254) -> CHAR(255),inplace,CREATE,PASS,PASS,
TC-QA3828,VARCHAR(1) -> VARCHAR(2),inplace,CREATE,PASS,PASS,
TC-QA3830,VARCHAR(254) -> VARCHAR(255),inplace,CREATE,PASS,PASS,
TC-QA3832,VARCHAR(255) -> VARCHAR(256),inplace,CREATE,PASS,PASS,
TC-QA3834,VARCHAR(85) -> VARCHAR(86),inplace,CREATE,PASS,PASS,
TC-QA3836,VARCHAR(63) -> VARCHAR(64),inplace,CREATE,PASS,PASS,
TC-QA3838,VARCHAR(64) -> VARCHAR(65),inplace,CREATE,PASS,PASS,
TC-QA3840,VARCHAR(100) -> VARCHAR(200),inplace,CREATE,PASS,PASS,
TC-PA0001,TINYINT -> SMALLINT,inplace,CREATE,NO_OUTPUT,ERROR,No result SELECT in output - likely execution error
TC-PA0003,TINYINT -> MEDIUMINT,inplace,CREATE,NO_OUTPUT,ERROR,No result SELECT in output - likely execution error
TC-PA0005,TINYINT -> INT,inplace,CREATE,NO_OUTPUT,ERROR,No result SELECT in output - likely execution error
TC-PA0007,TINYINT -> BIGINT,inplace,CREATE,NO_OUTPUT,ERROR,No result SELECT in output - likely execution error
TC-PA0009,SMALLINT -> MEDIUMINT,inplace,CREATE,NO_OUTPUT,ERROR,No result SELECT in output - likely execution error
TC-PA0011,SMALLINT -> INT,inplace,CREATE,NO_OUTPUT,ERROR,No result SELECT in output - likely execution error
TC-PA0013,SMALLINT -> BIGINT,inplace,CREATE,NO_OUTPUT,ERROR,No result SELECT in output - likely execution error
TC-PA0015,MEDIUMINT -> INT,inplace,CREATE,NO_OUTPUT,ERROR,No result SELECT in output - likely execution error
TC-PA0017,MEDIUMINT -> BIGINT,inplace,CREATE,NO_OUTPUT,ERROR,No result SELECT in output - likely execution error
TC-PA0019,INT -> BIGINT,inplace,CREATE,NO_OUTPUT,ERROR,No result SELECT in output - likely execution error
TC-PA0021,TINYINT UNSIGNED -> SMALLINT UNSIGNED,inplace,CREATE,NO_OUTPUT,ERROR,No result SELECT in output - likely execution error
TC-PA0023,TINYINT UNSIGNED -> MEDIUMINT UNSIGNED,inplace,CREATE,NO_OUTPUT,ERROR,No result SELECT in output - likely execution error
TC-PA0025,TINYINT UNSIGNED -> INT UNSIGNED,inplace,CREATE,NO_OUTPUT,ERROR,No result SELECT in output - likely execution error
TC-PA0027,TINYINT UNSIGNED -> BIGINT UNSIGNED,inplace,CREATE,NO_OUTPUT,ERROR,No result SELECT in output - likely execution error
TC-PA0029,SMALLINT UNSIGNED -> MEDIUMINT UNSIGNED,inplace,CREATE,NO_OUTPUT,ERROR,No result SELECT in output - likely execution error
TC-PA0031,SMALLINT UNSIGNED -> INT UNSIGNED,inplace,CREATE,NO_OUTPUT,ERROR,No result SELECT in output - likely execution error
TC-PA0033,SMALLINT UNSIGNED -> BIGINT UNSIGNED,inplace,CREATE,NO_OUTPUT,ERROR,No result SELECT in output - likely execution error
TC-PA0035,MEDIUMINT UNSIGNED -> INT UNSIGNED,inplace,CREATE,NO_OUTPUT,ERROR,No result SELECT in output - likely execution error
TC-PA0037,MEDIUMINT UNSIGNED -> BIGINT UNSIGNED,inplace,CREATE,NO_OUTPUT,ERROR,No result SELECT in output - likely execution error
TC-PA0039,INT UNSIGNED -> BIGINT UNSIGNED,inplace,CREATE,NO_OUTPUT,ERROR,No result SELECT in output - likely execution error
TC-PA0061,TINYINT -> SMALLINT,inplace,CREATE,NO_OUTPUT,ERROR,No result SELECT in output - likely execution error
TC-PA0063,TINYINT -> MEDIUMINT,inplace,CREATE,NO_OUTPUT,ERROR,No result SELECT in output - likely execution error
TC-PA0065,TINYINT -> INT,inplace,CREATE,NO_OUTPUT,ERROR,No result SELECT in output - likely execution error
TC-PA0067,TINYINT -> BIGINT,inplace,CREATE,NO_OUTPUT,ERROR,No result SELECT in output - likely execution error
TC-PA0069,SMALLINT -> MEDIUMINT,inplace,CREATE,NO_OUTPUT,ERROR,No result SELECT in output - likely execution error
TC-PA0071,SMALLINT -> INT,inplace,CREATE,NO_OUTPUT,ERROR,No result SELECT in output - likely execution error
TC-PA0073,SMALLINT -> BIGINT,inplace,CREATE,NO_OUTPUT,ERROR,No result SELECT in output - likely execution error
TC-PA0075,MEDIUMINT -> INT,inplace,CREATE,NO_OUTPUT,ERROR,No result SELECT in output - likely execution error
TC-PA0077,MEDIUMINT -> BIGINT,inplace,CREATE,NO_OUTPUT,ERROR,No result SELECT in output - likely execution error
TC-PA0079,INT -> BIGINT,inplace,CREATE,NO_OUTPUT,ERROR,No result SELECT in output - likely execution error
TC-PA0081,TINYINT UNSIGNED -> SMALLINT UNSIGNED,inplace,CREATE,NO_OUTPUT,ERROR,No result SELECT in output - likely execution error
TC-PA0083,TINYINT UNSIGNED -> MEDIUMINT UNSIGNED,inplace,CREATE,NO_OUTPUT,ERROR,No result SELECT in output - likely execution error
TC-PA0085,TINYINT UNSIGNED -> INT UNSIGNED,inplace,CREATE,NO_OUTPUT,ERROR,No result SELECT in output - likely execution error
TC-PA0087,TINYINT UNSIGNED -> BIGINT UNSIGNED,inplace,CREATE,NO_OUTPUT,ERROR,No result SELECT in output - likely execution error
TC-PA0089,SMALLINT UNSIGNED -> MEDIUMINT UNSIGNED,inplace,CREATE,NO_OUTPUT,ERROR,No result SELECT in output - likely execution error
TC-PA0091,SMALLINT UNSIGNED -> INT UNSIGNED,inplace,CREATE,NO_OUTPUT,ERROR,No result SELECT in output - likely execution error
TC-PA0093,SMALLINT UNSIGNED -> BIGINT UNSIGNED,inplace,CREATE,NO_OUTPUT,ERROR,No result SELECT in output - likely execution error
TC-PA0095,MEDIUMINT UNSIGNED -> INT UNSIGNED,inplace,CREATE,NO_OUTPUT,ERROR,No result SELECT in output - likely execution error
TC-PA0097,MEDIUMINT UNSIGNED -> BIGINT UNSIGNED,inplace,CREATE,NO_OUTPUT,ERROR,No result SELECT in output - likely execution error
TC-PA0099,INT UNSIGNED -> BIGINT UNSIGNED,inplace,CREATE,NO_OUTPUT,ERROR,No result SELECT in output - likely execution error
TC-PA0121,TINYINT -> SMALLINT,inplace,CREATE,NO_OUTPUT,ERROR,No result SELECT in output - likely execution error
TC-PA0123,TINYINT -> MEDIUMINT,inplace,CREATE,NO_OUTPUT,ERROR,No result SELECT in output - likely execution error
TC-PA0125,TINYINT -> INT,inplace,CREATE,NO_OUTPUT,ERROR,No result SELECT in output - likely execution error
TC-PA0127,TINYINT -> BIGINT,inplace,CREATE,NO_OUTPUT,ERROR,No result SELECT in output - likely execution error
TC-PA0129,SMALLINT -> MEDIUMINT,inplace,CREATE,NO_OUTPUT,ERROR,No result SELECT in output - likely execution error
TC-PA0131,SMALLINT -> INT,inplace,CREATE,NO_OUTPUT,ERROR,No result SELECT in output - likely execution error
TC-PA0133,SMALLINT -> BIGINT,inplace,CREATE,NO_OUTPUT,ERROR,No result SELECT in output - likely execution error
TC-PA0135,MEDIUMINT -> INT,inplace,CREATE,NO_OUTPUT,ERROR,No result SELECT in output - likely execution error
TC-PA0137,MEDIUMINT -> BIGINT,inplace,CREATE,NO_OUTPUT,ERROR,No result SELECT in output - likely execution error
TC-PA0139,INT -> BIGINT,inplace,CREATE,NO_OUTPUT,ERROR,No result SELECT in output - likely execution error
TC-PA0141,TINYINT UNSIGNED -> SMALLINT UNSIGNED,inplace,CREATE,NO_OUTPUT,ERROR,No result SELECT in output - likely execution error
TC-PA0143,TINYINT UNSIGNED -> MEDIUMINT UNSIGNED,inplace,CREATE,NO_OUTPUT,ERROR,No result SELECT in output - likely execution error
TC-PA0145,TINYINT UNSIGNED -> INT UNSIGNED,inplace,CREATE,NO_OUTPUT,ERROR,No result SELECT in output - likely execution error
TC-PA0147,TINYINT UNSIGNED -> BIGINT UNSIGNED,inplace,CREATE,NO_OUTPUT,ERROR,No result SELECT in output - likely execution error
TC-PA0149,SMALLINT UNSIGNED -> MEDIUMINT UNSIGNED,inplace,CREATE,NO_OUTPUT,ERROR,No result SELECT in output - likely execution error
TC-PA0151,SMALLINT UNSIGNED -> INT UNSIGNED,inplace,CREATE,NO_OUTPUT,ERROR,No result SELECT in output - likely execution error
TC-PA0153,SMALLINT UNSIGNED -> BIGINT UNSIGNED,inplace,CREATE,NO_OUTPUT,ERROR,No result SELECT in output - likely execution error
TC-PA0155,MEDIUMINT UNSIGNED -> INT UNSIGNED,inplace,CREATE,NO_OUTPUT,ERROR,No result SELECT in output - likely execution error
TC-PA0157,MEDIUMINT UNSIGNED -> BIGINT UNSIGNED,inplace,CREATE,NO_OUTPUT,ERROR,No result SELECT in output - likely execution error
TC-PA0159,INT UNSIGNED -> BIGINT UNSIGNED,inplace,CREATE,NO_OUTPUT,ERROR,No result SELECT in output - likely execution error
TC-PA0181,TINYINT -> SMALLINT,inplace,CREATE,NO_OUTPUT,ERROR,No result SELECT in output - likely execution error
TC-PA0183,TINYINT -> MEDIUMINT,inplace,CREATE,NO_OUTPUT,ERROR,No result SELECT in output - likely execution error
TC-PA0185,TINYINT -> INT,inplace,CREATE,NO_OUTPUT,ERROR,No result SELECT in output - likely execution error
TC-PA0187,TINYINT -> BIGINT,inplace,CREATE,NO_OUTPUT,ERROR,No result SELECT in output - likely execution error
TC-PA0189,SMALLINT -> MEDIUMINT,inplace,CREATE,NO_OUTPUT,ERROR,No result SELECT in output - likely execution error
TC-PA0191,SMALLINT -> INT,inplace,CREATE,NO_OUTPUT,ERROR,No result SELECT in output - likely execution error
TC-PA0193,SMALLINT -> BIGINT,inplace,CREATE,NO_OUTPUT,ERROR,No result SELECT in output - likely execution error
TC-PA0195,MEDIUMINT -> INT,inplace,CREATE,NO_OUTPUT,ERROR,No result SELECT in output - likely execution error
TC-PA0197,MEDIUMINT -> BIGINT,inplace,CREATE,NO_OUTPUT,ERROR,No result SELECT in output - likely execution error
TC-PA0199,INT -> BIGINT,inplace,CREATE,NO_OUTPUT,ERROR,No result SELECT in output - likely execution error
TC-PA0201,TINYINT UNSIGNED -> SMALLINT UNSIGNED,inplace,CREATE,NO_OUTPUT,ERROR,No result SELECT in output - likely execution error
TC-PA0203,TINYINT UNSIGNED -> MEDIUMINT UNSIGNED,inplace,CREATE,NO_OUTPUT,ERROR,No result SELECT in output - likely execution error
TC-PA0205,TINYINT UNSIGNED -> INT UNSIGNED,inplace,CREATE,NO_OUTPUT,ERROR,No result SELECT in output - likely execution error
TC-PA0207,TINYINT UNSIGNED -> BIGINT UNSIGNED,inplace,CREATE,NO_OUTPUT,ERROR,No result SELECT in output - likely execution error
TC-PA0209,SMALLINT UNSIGNED -> MEDIUMINT UNSIGNED,inplace,CREATE,NO_OUTPUT,ERROR,No result SELECT in output - likely execution error
TC-PA0211,SMALLINT UNSIGNED -> INT UNSIGNED,inplace,CREATE,NO_OUTPUT,ERROR,No result SELECT in output - likely execution error
TC-PA0213,SMALLINT UNSIGNED -> BIGINT UNSIGNED,inplace,CREATE,NO_OUTPUT,ERROR,No result SELECT in output - likely execution error
TC-PA0215,MEDIUMINT UNSIGNED -> INT UNSIGNED,inplace,CREATE,NO_OUTPUT,ERROR,No result SELECT in output - likely execution error
TC-PA0217,MEDIUMINT UNSIGNED -> BIGINT UNSIGNED,inplace,CREATE,NO_OUTPUT,ERROR,No result SELECT in output - likely execution error
TC-PA0219,INT UNSIGNED -> BIGINT UNSIGNED,inplace,CREATE,NO_OUTPUT,ERROR,No result SELECT in output - likely execution error
TC-PA0241,TINYINT -> SMALLINT,inplace,CREATE,NO_OUTPUT,ERROR,No result SELECT in output - likely execution error
TC-PA0243,TINYINT -> MEDIUMINT,inplace,CREATE,NO_OUTPUT,ERROR,No result SELECT in output - likely execution error
TC-PA0245,TINYINT -> INT,inplace,CREATE,NO_OUTPUT,ERROR,No result SELECT in output - likely execution error
TC-PA0247,TINYINT -> BIGINT,inplace,CREATE,NO_OUTPUT,ERROR,No result SELECT in output - likely execution error
TC-PA0249,SMALLINT -> MEDIUMINT,inplace,CREATE,NO_OUTPUT,ERROR,No result SELECT in output - likely execution error
TC-PA0251,SMALLINT -> INT,inplace,CREATE,NO_OUTPUT,ERROR,No result SELECT in output - likely execution error
TC-PA0253,SMALLINT -> BIGINT,inplace,CREATE,NO_OUTPUT,ERROR,No result SELECT in output - likely execution error
TC-PA0255,MEDIUMINT -> INT,inplace,CREATE,NO_OUTPUT,ERROR,No result SELECT in output - likely execution error
TC-PA0257,MEDIUMINT -> BIGINT,inplace,CREATE,NO_OUTPUT,ERROR,No result SELECT in output - likely execution error
TC-PA0259,INT -> BIGINT,inplace,CREATE,NO_OUTPUT,ERROR,No result SELECT in output - likely execution error
TC-PA0261,TINYINT UNSIGNED -> SMALLINT UNSIGNED,inplace,CREATE,NO_OUTPUT,ERROR,No result SELECT in output - likely execution error
TC-PA0263,TINYINT UNSIGNED -> MEDIUMINT UNSIGNED,inplace,CREATE,NO_OUTPUT,ERROR,No result SELECT in output - likely execution error
TC-PA0265,TINYINT UNSIGNED -> INT UNSIGNED,inplace,CREATE,NO_OUTPUT,ERROR,No result SELECT in output - likely execution error
TC-PA0267,TINYINT UNSIGNED -> BIGINT UNSIGNED,inplace,CREATE,NO_OUTPUT,ERROR,No result SELECT in output - likely execution error
TC-PA0269,SMALLINT UNSIGNED -> MEDIUMINT UNSIGNED,inplace,CREATE,NO_OUTPUT,ERROR,No result SELECT in output - likely execution error
TC-PA0271,SMALLINT UNSIGNED -> INT UNSIGNED,inplace,CREATE,NO_OUTPUT,ERROR,No result SELECT in output - likely execution error
TC-PA0273,SMALLINT UNSIGNED -> BIGINT UNSIGNED,inplace,CREATE,NO_OUTPUT,ERROR,No result SELECT in output - likely execution error
TC-PA0275,MEDIUMINT UNSIGNED -> INT UNSIGNED,inplace,CREATE,NO_OUTPUT,ERROR,No result SELECT in output - likely execution error
TC-PA0277,MEDIUMINT UNSIGNED -> BIGINT UNSIGNED,inplace,CREATE,NO_OUTPUT,ERROR,No result SELECT in output - likely execution error
TC-PA0279,INT UNSIGNED -> BIGINT UNSIGNED,inplace,CREATE,NO_OUTPUT,ERROR,No result SELECT in output - likely execution error
TC-PA0301,TINYINT -> SMALLINT,inplace,CREATE,NO_OUTPUT,ERROR,No result SELECT in output - likely execution error
TC-PA0303,TINYINT -> MEDIUMINT,inplace,CREATE,NO_OUTPUT,ERROR,No result SELECT in output - likely execution error
TC-PA0305,TINYINT -> INT,inplace,CREATE,NO_OUTPUT,ERROR,No result SELECT in output - likely execution error
TC-PA0307,TINYINT -> BIGINT,inplace,CREATE,NO_OUTPUT,ERROR,No result SELECT in output - likely execution error
TC-PA0309,SMALLINT -> MEDIUMINT,inplace,CREATE,NO_OUTPUT,ERROR,No result SELECT in output - likely execution error
TC-PA0311,SMALLINT -> INT,inplace,CREATE,NO_OUTPUT,ERROR,No result SELECT in output - likely execution error
TC-PA0313,SMALLINT -> BIGINT,inplace,CREATE,NO_OUTPUT,ERROR,No result SELECT in output - likely execution error
TC-PA0315,MEDIUMINT -> INT,inplace,CREATE,NO_OUTPUT,ERROR,No result SELECT in output - likely execution error
TC-PA0317,MEDIUMINT -> BIGINT,inplace,CREATE,NO_OUTPUT,ERROR,No result SELECT in output - likely execution error
TC-PA0319,INT -> BIGINT,inplace,CREATE,NO_OUTPUT,ERROR,No result SELECT in output - likely execution error
TC-PA0321,TINYINT UNSIGNED -> SMALLINT UNSIGNED,inplace,CREATE,NO_OUTPUT,ERROR,No result SELECT in output - likely execution error
TC-PA0323,TINYINT UNSIGNED -> MEDIUMINT UNSIGNED,inplace,CREATE,NO_OUTPUT,ERROR,No result SELECT in output - likely execution error
TC-PA0325,TINYINT UNSIGNED -> INT UNSIGNED,inplace,CREATE,NO_OUTPUT,ERROR,No result SELECT in output - likely execution error
TC-PA0327,TINYINT UNSIGNED -> BIGINT UNSIGNED,inplace,CREATE,NO_OUTPUT,ERROR,No result SELECT in output - likely execution error
TC-PA0329,SMALLINT UNSIGNED -> MEDIUMINT UNSIGNED,inplace,CREATE,NO_OUTPUT,ERROR,No result SELECT in output - likely execution error
TC-PA0331,SMALLINT UNSIGNED -> INT UNSIGNED,inplace,CREATE,NO_OUTPUT,ERROR,No result SELECT in output - likely execution error
TC-PA0333,SMALLINT UNSIGNED -> BIGINT UNSIGNED,inplace,CREATE,NO_OUTPUT,ERROR,No result SELECT in output - likely execution error
TC-PA0335,MEDIUMINT UNSIGNED -> INT UNSIGNED,inplace,CREATE,NO_OUTPUT,ERROR,No result SELECT in output - likely execution error
TC-PA0337,MEDIUMINT UNSIGNED -> BIGINT UNSIGNED,inplace,CREATE,NO_OUTPUT,ERROR,No result SELECT in output - likely execution error
TC-PA0339,INT UNSIGNED -> BIGINT UNSIGNED,inplace,CREATE,NO_OUTPUT,ERROR,No result SELECT in output - likely execution error
TC-PA0361,TINYINT -> SMALLINT,inplace,CREATE,NO_OUTPUT,ERROR,No result SELECT in output - likely execution error
TC-PA0363,TINYINT -> MEDIUMINT,inplace,CREATE,NO_OUTPUT,ERROR,No result SELECT in output - likely execution error
TC-PA0365,TINYINT -> INT,inplace,CREATE,NO_OUTPUT,ERROR,No result SELECT in output - likely execution error
TC-PA0367,TINYINT -> BIGINT,inplace,CREATE,NO_OUTPUT,ERROR,No result SELECT in output - likely execution error
TC-PA0369,SMALLINT -> MEDIUMINT,inplace,CREATE,NO_OUTPUT,ERROR,No result SELECT in output - likely execution error
TC-PA0371,SMALLINT -> INT,inplace,CREATE,NO_OUTPUT,ERROR,No result SELECT in output - likely execution error
TC-PA0373,SMALLINT -> BIGINT,inplace,CREATE,NO_OUTPUT,ERROR,No result SELECT in output - likely execution error
TC-PA0375,MEDIUMINT -> INT,inplace,CREATE,NO_OUTPUT,ERROR,No result SELECT in output - likely execution error
TC-PA0377,MEDIUMINT -> BIGINT,inplace,CREATE,NO_OUTPUT,ERROR,No result SELECT in output - likely execution error
TC-PA0379,INT -> BIGINT,inplace,CREATE,NO_OUTPUT,ERROR,No result SELECT in output - likely execution error
TC-PA0381,TINYINT UNSIGNED -> SMALLINT UNSIGNED,inplace,CREATE,NO_OUTPUT,ERROR,No result SELECT in output - likely execution error
TC-PA0383,TINYINT UNSIGNED -> MEDIUMINT UNSIGNED,inplace,CREATE,NO_OUTPUT,ERROR,No result SELECT in output - likely execution error
TC-PA0385,TINYINT UNSIGNED -> INT UNSIGNED,inplace,CREATE,NO_OUTPUT,ERROR,No result SELECT in output - likely execution error
TC-PA0387,TINYINT UNSIGNED -> BIGINT UNSIGNED,inplace,CREATE,NO_OUTPUT,ERROR,No result SELECT in output - likely execution error
TC-PA0389,SMALLINT UNSIGNED -> MEDIUMINT UNSIGNED,inplace,CREATE,NO_OUTPUT,ERROR,No result SELECT in output - likely execution error
TC-PA0391,SMALLINT UNSIGNED -> INT UNSIGNED,inplace,CREATE,NO_OUTPUT,ERROR,No result SELECT in output - likely execution error
TC-PA0393,SMALLINT UNSIGNED -> BIGINT UNSIGNED,inplace,CREATE,NO_OUTPUT,ERROR,No result SELECT in output - likely execution error
TC-PA0395,MEDIUMINT UNSIGNED -> INT UNSIGNED,inplace,CREATE,NO_OUTPUT,ERROR,No result SELECT in output - likely execution error
TC-PA0397,MEDIUMINT UNSIGNED -> BIGINT UNSIGNED,inplace,CREATE,NO_OUTPUT,ERROR,No result SELECT in output - likely execution error
TC-PA0399,INT UNSIGNED -> BIGINT UNSIGNED,inplace,CREATE,NO_OUTPUT,ERROR,No result SELECT in output - likely execution error
TC-PA0421,TINYINT -> SMALLINT,inplace,CREATE,NO_OUTPUT,ERROR,No result SELECT in output - likely execution error
TC-PA0423,TINYINT -> MEDIUMINT,inplace,CREATE,NO_OUTPUT,ERROR,No result SELECT in output - likely execution error
TC-PA0425,TINYINT -> INT,inplace,CREATE,NO_OUTPUT,ERROR,No result SELECT in output - likely execution error
TC-PA0427,TINYINT -> BIGINT,inplace,CREATE,NO_OUTPUT,ERROR,No result SELECT in output - likely execution error
TC-PA0429,SMALLINT -> MEDIUMINT,inplace,CREATE,NO_OUTPUT,ERROR,No result SELECT in output - likely execution error
TC-PA0431,SMALLINT -> INT,inplace,CREATE,NO_OUTPUT,ERROR,No result SELECT in output - likely execution error
TC-PA0433,SMALLINT -> BIGINT,inplace,CREATE,NO_OUTPUT,ERROR,No result SELECT in output - likely execution error
TC-PA0435,MEDIUMINT -> INT,inplace,CREATE,NO_OUTPUT,ERROR,No result SELECT in output - likely execution error
TC-PA0437,MEDIUMINT -> BIGINT,inplace,CREATE,NO_OUTPUT,ERROR,No result SELECT in output - likely execution error
TC-PA0439,INT -> BIGINT,inplace,CREATE,NO_OUTPUT,ERROR,No result SELECT in output - likely execution error
TC-PA0441,TINYINT UNSIGNED -> SMALLINT UNSIGNED,inplace,CREATE,NO_OUTPUT,ERROR,No result SELECT in output - likely execution error
TC-PA0443,TINYINT UNSIGNED -> MEDIUMINT UNSIGNED,inplace,CREATE,NO_OUTPUT,ERROR,No result SELECT in output - likely execution error
TC-PA0445,TINYINT UNSIGNED -> INT UNSIGNED,inplace,CREATE,NO_OUTPUT,ERROR,No result SELECT in output - likely execution error
TC-PA0447,TINYINT UNSIGNED -> BIGINT UNSIGNED,inplace,CREATE,NO_OUTPUT,ERROR,No result SELECT in output - likely execution error
TC-PA0449,SMALLINT UNSIGNED -> MEDIUMINT UNSIGNED,inplace,CREATE,NO_OUTPUT,ERROR,No result SELECT in output - likely execution error
TC-PA0451,SMALLINT UNSIGNED -> INT UNSIGNED,inplace,CREATE,NO_OUTPUT,ERROR,No result SELECT in output - likely execution error
TC-PA0453,SMALLINT UNSIGNED -> BIGINT UNSIGNED,inplace,CREATE,NO_OUTPUT,ERROR,No result SELECT in output - likely execution error
TC-PA0455,MEDIUMINT UNSIGNED -> INT UNSIGNED,inplace,CREATE,NO_OUTPUT,ERROR,No result SELECT in output - likely execution error
TC-PA0457,MEDIUMINT UNSIGNED -> BIGINT UNSIGNED,inplace,CREATE,NO_OUTPUT,ERROR,No result SELECT in output - likely execution error
TC-PA0459,INT UNSIGNED -> BIGINT UNSIGNED,inplace,CREATE,NO_OUTPUT,ERROR,No result SELECT in output - likely execution error
TC-PA0481,TINYINT -> SMALLINT,inplace,CREATE,NO_OUTPUT,ERROR,No result SELECT in output - likely execution error
TC-PA0483,TINYINT -> MEDIUMINT,inplace,CREATE,NO_OUTPUT,ERROR,No result SELECT in output - likely execution error
TC-PA0485,TINYINT -> INT,inplace,CREATE,NO_OUTPUT,ERROR,No result SELECT in output - likely execution error
TC-PA0487,TINYINT -> BIGINT,inplace,CREATE,NO_OUTPUT,ERROR,No result SELECT in output - likely execution error
TC-PA0489,SMALLINT -> MEDIUMINT,inplace,CREATE,NO_OUTPUT,ERROR,No result SELECT in output - likely execution error
TC-PA0491,SMALLINT -> INT,inplace,CREATE,NO_OUTPUT,ERROR,No result SELECT in output - likely execution error
TC-PA0493,SMALLINT -> BIGINT,inplace,CREATE,NO_OUTPUT,ERROR,No result SELECT in output - likely execution error
TC-PA0495,MEDIUMINT -> INT,inplace,CREATE,NO_OUTPUT,ERROR,No result SELECT in output - likely execution error
TC-PA0497,MEDIUMINT -> BIGINT,inplace,CREATE,NO_OUTPUT,ERROR,No result SELECT in output - likely execution error
TC-PA0499,INT -> BIGINT,inplace,CREATE,NO_OUTPUT,ERROR,No result SELECT in output - likely execution error
TC-PA0501,TINYINT UNSIGNED -> SMALLINT UNSIGNED,inplace,CREATE,NO_OUTPUT,ERROR,No result SELECT in output - likely execution error
TC-PA0503,TINYINT UNSIGNED -> MEDIUMINT UNSIGNED,inplace,CREATE,NO_OUTPUT,ERROR,No result SELECT in output - likely execution error
TC-PA0505,TINYINT UNSIGNED -> INT UNSIGNED,inplace,CREATE,NO_OUTPUT,ERROR,No result SELECT in output - likely execution error
TC-PA0507,TINYINT UNSIGNED -> BIGINT UNSIGNED,inplace,CREATE,NO_OUTPUT,ERROR,No result SELECT in output - likely execution error
TC-PA0509,SMALLINT UNSIGNED -> MEDIUMINT UNSIGNED,inplace,CREATE,NO_OUTPUT,ERROR,No result SELECT in output - likely execution error
TC-PA0511,SMALLINT UNSIGNED -> INT UNSIGNED,inplace,CREATE,NO_OUTPUT,ERROR,No result SELECT in output - likely execution error
TC-PA0513,SMALLINT UNSIGNED -> BIGINT UNSIGNED,inplace,CREATE,NO_OUTPUT,ERROR,No result SELECT in output - likely execution error
TC-PA0515,MEDIUMINT UNSIGNED -> INT UNSIGNED,inplace,CREATE,NO_OUTPUT,ERROR,No result SELECT in output - likely execution error
TC-PA0517,MEDIUMINT UNSIGNED -> BIGINT UNSIGNED,inplace,CREATE,NO_OUTPUT,ERROR,No result SELECT in output - likely execution error
TC-PA0519,INT UNSIGNED -> BIGINT UNSIGNED,inplace,CREATE,NO_OUTPUT,ERROR,No result SELECT in output - likely execution error
TC-PA0521,CHAR(1) -> CHAR(2),inplace,CREATE,NO_OUTPUT,ERROR,No result SELECT in output - likely execution error
TC-PA0523,CHAR(63) -> CHAR(64),inplace,CREATE,NO_OUTPUT,ERROR,No result SELECT in output - likely execution error
TC-PA0525,CHAR(254) -> CHAR(255),inplace,CREATE,NO_OUTPUT,ERROR,No result SELECT in output - likely execution error
TC-PA0527,VARCHAR(1) -> VARCHAR(2),inplace,CREATE,NO_OUTPUT,ERROR,No result SELECT in output - likely execution error
TC-PA0529,VARCHAR(254) -> VARCHAR(255),inplace,CREATE,NO_OUTPUT,ERROR,No result SELECT in output - likely execution error
TC-PA0531,VARCHAR(255) -> VARCHAR(256),inplace,CREATE,NO_OUTPUT,ERROR,No result SELECT in output - likely execution error
TC-PA0533,VARCHAR(85) -> VARCHAR(86),inplace,CREATE,NO_OUTPUT,ERROR,No result SELECT in output - likely execution error
TC-PA0535,VARCHAR(63) -> VARCHAR(64),inplace,CREATE,NO_OUTPUT,ERROR,No result SELECT in output - likely execution error
TC-PA0537,VARCHAR(64) -> VARCHAR(65),inplace,CREATE,NO_OUTPUT,ERROR,No result SELECT in output - likely execution error
TC-PA0539,VARCHAR(100) -> VARCHAR(200),inplace,CREATE,NO_OUTPUT,ERROR,No result SELECT in output - likely execution error
TC-PA0541,TINYINT -> SMALLINT,inplace,CREATE,NO_OUTPUT,ERROR,No result SELECT in output - likely execution error
TC-PA0543,TINYINT -> MEDIUMINT,inplace,CREATE,NO_OUTPUT,ERROR,No result SELECT in output - likely execution error
TC-PA0545,TINYINT -> INT,inplace,CREATE,NO_OUTPUT,ERROR,No result SELECT in output - likely execution error
TC-PA0547,TINYINT -> BIGINT,inplace,CREATE,NO_OUTPUT,ERROR,No result SELECT in output - likely execution error
TC-PA0549,SMALLINT -> MEDIUMINT,inplace,CREATE,NO_OUTPUT,ERROR,No result SELECT in output - likely execution error
TC-PA0551,SMALLINT -> INT,inplace,CREATE,NO_OUTPUT,ERROR,No result SELECT in output - likely execution error
TC-PA0553,SMALLINT -> BIGINT,inplace,CREATE,NO_OUTPUT,ERROR,No result SELECT in output - likely execution error
TC-PA0555,MEDIUMINT -> INT,inplace,CREATE,NO_OUTPUT,ERROR,No result SELECT in output - likely execution error
TC-PA0557,MEDIUMINT -> BIGINT,inplace,CREATE,NO_OUTPUT,ERROR,No result SELECT in output - likely execution error
TC-PA0559,INT -> BIGINT,inplace,CREATE,NO_OUTPUT,ERROR,No result SELECT in output - likely execution error
TC-PA0561,TINYINT UNSIGNED -> SMALLINT UNSIGNED,inplace,CREATE,NO_OUTPUT,ERROR,No result SELECT in output - likely execution error
TC-PA0563,TINYINT UNSIGNED -> MEDIUMINT UNSIGNED,inplace,CREATE,NO_OUTPUT,ERROR,No result SELECT in output - likely execution error
TC-PA0565,TINYINT UNSIGNED -> INT UNSIGNED,inplace,CREATE,NO_OUTPUT,ERROR,No result SELECT in output - likely execution error
TC-PA0567,TINYINT UNSIGNED -> BIGINT UNSIGNED,inplace,CREATE,NO_OUTPUT,ERROR,No result SELECT in output - likely execution error
TC-PA0569,SMALLINT UNSIGNED -> MEDIUMINT UNSIGNED,inplace,CREATE,NO_OUTPUT,ERROR,No result SELECT in output - likely execution error
TC-PA0571,SMALLINT UNSIGNED -> INT UNSIGNED,inplace,CREATE,NO_OUTPUT,ERROR,No result SELECT in output - likely execution error
TC-PA0573,SMALLINT UNSIGNED -> BIGINT UNSIGNED,inplace,CREATE,NO_OUTPUT,ERROR,No result SELECT in output - likely execution error
TC-PA0575,MEDIUMINT UNSIGNED -> INT UNSIGNED,inplace,CREATE,NO_OUTPUT,ERROR,No result SELECT in output - likely execution error
TC-PA0577,MEDIUMINT UNSIGNED -> BIGINT UNSIGNED,inplace,CREATE,NO_OUTPUT,ERROR,No result SELECT in output - likely execution error
TC-PA0579,INT UNSIGNED -> BIGINT UNSIGNED,inplace,CREATE,NO_OUTPUT,ERROR,No result SELECT in output - likely execution error
TC-PA0581,CHAR(1) -> CHAR(2),inplace,CREATE,NO_OUTPUT,ERROR,No result SELECT in output - likely execution error
TC-PA0583,CHAR(63) -> CHAR(64),inplace,CREATE,NO_OUTPUT,ERROR,No result SELECT in output - likely execution error
TC-PA0585,CHAR(254) -> CHAR(255),inplace,CREATE,NO_OUTPUT,ERROR,No result SELECT in output - likely execution error
TC-PA0587,VARCHAR(1) -> VARCHAR(2),inplace,CREATE,NO_OUTPUT,ERROR,No result SELECT in output - likely execution error
TC-PA0589,VARCHAR(254) -> VARCHAR(255),inplace,CREATE,NO_OUTPUT,ERROR,No result SELECT in output - likely execution error
TC-PA0591,VARCHAR(255) -> VARCHAR(256),inplace,CREATE,NO_OUTPUT,ERROR,No result SELECT in output - likely execution error
TC-PA0593,VARCHAR(85) -> VARCHAR(86),inplace,CREATE,NO_OUTPUT,ERROR,No result SELECT in output - likely execution error
TC-PA0595,VARCHAR(63) -> VARCHAR(64),inplace,CREATE,NO_OUTPUT,ERROR,No result SELECT in output - likely execution error
TC-PA0597,VARCHAR(64) -> VARCHAR(65),inplace,CREATE,NO_OUTPUT,ERROR,No result SELECT in output - likely execution error
TC-PA0599,VARCHAR(100) -> VARCHAR(200),inplace,CREATE,NO_OUTPUT,ERROR,No result SELECT in output - likely execution error
TC-PA0601,TINYINT -> SMALLINT,inplace,CREATE,NO_OUTPUT,ERROR,No result SELECT in output - likely execution error
TC-PA0603,TINYINT -> MEDIUMINT,inplace,CREATE,NO_OUTPUT,ERROR,No result SELECT in output - likely execution error
TC-PA0605,TINYINT -> INT,inplace,CREATE,NO_OUTPUT,ERROR,No result SELECT in output - likely execution error
TC-PA0607,TINYINT -> BIGINT,inplace,CREATE,NO_OUTPUT,ERROR,No result SELECT in output - likely execution error
TC-PA0609,SMALLINT -> MEDIUMINT,inplace,CREATE,NO_OUTPUT,ERROR,No result SELECT in output - likely execution error
TC-PA0611,SMALLINT -> INT,inplace,CREATE,NO_OUTPUT,ERROR,No result SELECT in output - likely execution error
TC-PA0613,SMALLINT -> BIGINT,inplace,CREATE,NO_OUTPUT,ERROR,No result SELECT in output - likely execution error
TC-PA0615,MEDIUMINT -> INT,inplace,CREATE,NO_OUTPUT,ERROR,No result SELECT in output - likely execution error
TC-PA0617,MEDIUMINT -> BIGINT,inplace,CREATE,NO_OUTPUT,ERROR,No result SELECT in output - likely execution error
TC-PA0619,INT -> BIGINT,inplace,CREATE,NO_OUTPUT,ERROR,No result SELECT in output - likely execution error
TC-PA0621,TINYINT UNSIGNED -> SMALLINT UNSIGNED,inplace,CREATE,NO_OUTPUT,ERROR,No result SELECT in output - likely execution error
TC-PA0623,TINYINT UNSIGNED -> MEDIUMINT UNSIGNED,inplace,CREATE,NO_OUTPUT,ERROR,No result SELECT in output - likely execution error
TC-PA0625,TINYINT UNSIGNED -> INT UNSIGNED,inplace,CREATE,NO_OUTPUT,ERROR,No result SELECT in output - likely execution error
TC-PA0627,TINYINT UNSIGNED -> BIGINT UNSIGNED,inplace,CREATE,NO_OUTPUT,ERROR,No result SELECT in output - likely execution error
TC-PA0629,SMALLINT UNSIGNED -> MEDIUMINT UNSIGNED,inplace,CREATE,NO_OUTPUT,ERROR,No result SELECT in output - likely execution error
TC-PA0631,SMALLINT UNSIGNED -> INT UNSIGNED,inplace,CREATE,NO_OUTPUT,ERROR,No result SELECT in output - likely execution error
TC-PA0633,SMALLINT UNSIGNED -> BIGINT UNSIGNED,inplace,CREATE,NO_OUTPUT,ERROR,No result SELECT in output - likely execution error
TC-PA0635,MEDIUMINT UNSIGNED -> INT UNSIGNED,inplace,CREATE,NO_OUTPUT,ERROR,No result SELECT in output - likely execution error
TC-PA0637,MEDIUMINT UNSIGNED -> BIGINT UNSIGNED,inplace,CREATE,NO_OUTPUT,ERROR,No result SELECT in output - likely execution error
TC-PA0639,INT UNSIGNED -> BIGINT UNSIGNED,inplace,CREATE,NO_OUTPUT,ERROR,No result SELECT in output - likely execution error
TC-PA0641,CHAR(1) -> CHAR(2),inplace,CREATE,NO_OUTPUT,ERROR,No result SELECT in output - likely execution error
TC-PA0643,CHAR(63) -> CHAR(64),inplace,CREATE,NO_OUTPUT,ERROR,No result SELECT in output - likely execution error
TC-PA0645,CHAR(254) -> CHAR(255),inplace,CREATE,NO_OUTPUT,ERROR,No result SELECT in output - likely execution error
TC-PA0647,VARCHAR(1) -> VARCHAR(2),inplace,CREATE,NO_OUTPUT,ERROR,No result SELECT in output - likely execution error
TC-PA0649,VARCHAR(254) -> VARCHAR(255),inplace,CREATE,NO_OUTPUT,ERROR,No result SELECT in output - likely execution error
TC-PA0651,VARCHAR(255) -> VARCHAR(256),inplace,CREATE,NO_OUTPUT,ERROR,No result SELECT in output - likely execution error
TC-PA0653,VARCHAR(85) -> VARCHAR(86),inplace,CREATE,NO_OUTPUT,ERROR,No result SELECT in output - likely execution error
TC-PA0655,VARCHAR(63) -> VARCHAR(64),inplace,CREATE,NO_OUTPUT,ERROR,No result SELECT in output - likely execution error
TC-PA0657,VARCHAR(64) -> VARCHAR(65),inplace,CREATE,NO_OUTPUT,ERROR,No result SELECT in output - likely execution error
TC-PA0659,VARCHAR(100) -> VARCHAR(200),inplace,CREATE,NO_OUTPUT,ERROR,No result SELECT in output - likely execution error
TC-PA0661,TINYINT -> SMALLINT,inplace,CREATE,NO_OUTPUT,ERROR,No result SELECT in output - likely execution error
TC-PA0663,TINYINT -> MEDIUMINT,inplace,CREATE,NO_OUTPUT,ERROR,No result SELECT in output - likely execution error
TC-PA0665,TINYINT -> INT,inplace,CREATE,NO_OUTPUT,ERROR,No result SELECT in output - likely execution error
TC-PA0667,TINYINT -> BIGINT,inplace,CREATE,NO_OUTPUT,ERROR,No result SELECT in output - likely execution error
TC-PA0669,SMALLINT -> MEDIUMINT,inplace,CREATE,NO_OUTPUT,ERROR,No result SELECT in output - likely execution error
TC-PA0671,SMALLINT -> INT,inplace,CREATE,NO_OUTPUT,ERROR,No result SELECT in output - likely execution error
TC-PA0673,SMALLINT -> BIGINT,inplace,CREATE,NO_OUTPUT,ERROR,No result SELECT in output - likely execution error
TC-PA0675,MEDIUMINT -> INT,inplace,CREATE,NO_OUTPUT,ERROR,No result SELECT in output - likely execution error
TC-PA0677,MEDIUMINT -> BIGINT,inplace,CREATE,NO_OUTPUT,ERROR,No result SELECT in output - likely execution error
TC-PA0679,INT -> BIGINT,inplace,CREATE,NO_OUTPUT,ERROR,No result SELECT in output - likely execution error
TC-PA0681,TINYINT UNSIGNED -> SMALLINT UNSIGNED,inplace,CREATE,NO_OUTPUT,ERROR,No result SELECT in output - likely execution error
TC-PA0683,TINYINT UNSIGNED -> MEDIUMINT UNSIGNED,inplace,CREATE,NO_OUTPUT,ERROR,No result SELECT in output - likely execution error
TC-PA0685,TINYINT UNSIGNED -> INT UNSIGNED,inplace,CREATE,NO_OUTPUT,ERROR,No result SELECT in output - likely execution error
TC-PA0687,TINYINT UNSIGNED -> BIGINT UNSIGNED,inplace,CREATE,NO_OUTPUT,ERROR,No result SELECT in output - likely execution error
TC-PA0689,SMALLINT UNSIGNED -> MEDIUMINT UNSIGNED,inplace,CREATE,NO_OUTPUT,ERROR,No result SELECT in output - likely execution error
TC-PA0691,SMALLINT UNSIGNED -> INT UNSIGNED,inplace,CREATE,NO_OUTPUT,ERROR,No result SELECT in output - likely execution error
TC-PA0693,SMALLINT UNSIGNED -> BIGINT UNSIGNED,inplace,CREATE,NO_OUTPUT,ERROR,No result SELECT in output - likely execution error
TC-PA0695,MEDIUMINT UNSIGNED -> INT UNSIGNED,inplace,CREATE,NO_OUTPUT,ERROR,No result SELECT in output - likely execution error
TC-PA0697,MEDIUMINT UNSIGNED -> BIGINT UNSIGNED,inplace,CREATE,NO_OUTPUT,ERROR,No result SELECT in output - likely execution error
TC-PA0699,INT UNSIGNED -> BIGINT UNSIGNED,inplace,CREATE,NO_OUTPUT,ERROR,No result SELECT in output - likely execution error
TC-PA0701,CHAR(1) -> CHAR(2),inplace,CREATE,NO_OUTPUT,ERROR,No result SELECT in output - likely execution error
TC-PA0703,CHAR(63) -> CHAR(64),inplace,CREATE,NO_OUTPUT,ERROR,No result SELECT in output - likely execution error
TC-PA0705,CHAR(254) -> CHAR(255),inplace,CREATE,NO_OUTPUT,ERROR,No result SELECT in output - likely execution error
TC-PA0707,VARCHAR(1) -> VARCHAR(2),inplace,CREATE,NO_OUTPUT,ERROR,No result SELECT in output - likely execution error
TC-PA0709,VARCHAR(254) -> VARCHAR(255),inplace,CREATE,NO_OUTPUT,ERROR,No result SELECT in output - likely execution error
TC-PA0711,VARCHAR(255) -> VARCHAR(256),inplace,CREATE,NO_OUTPUT,ERROR,No result SELECT in output - likely execution error
TC-PA0713,VARCHAR(85) -> VARCHAR(86),inplace,CREATE,NO_OUTPUT,ERROR,No result SELECT in output - likely execution error
TC-PA0715,VARCHAR(63) -> VARCHAR(64),inplace,CREATE,NO_OUTPUT,ERROR,No result SELECT in output - likely execution error
TC-PA0717,VARCHAR(64) -> VARCHAR(65),inplace,CREATE,NO_OUTPUT,ERROR,No result SELECT in output - likely execution error
TC-PA0719,VARCHAR(100) -> VARCHAR(200),inplace,CREATE,NO_OUTPUT,ERROR,No result SELECT in output - likely execution error
TC-PA0721,TINYINT -> SMALLINT,inplace,CREATE,NO_OUTPUT,ERROR,No result SELECT in output - likely execution error
TC-PA0723,TINYINT -> MEDIUMINT,inplace,CREATE,NO_OUTPUT,ERROR,No result SELECT in output - likely execution error
TC-PA0725,TINYINT -> INT,inplace,CREATE,NO_OUTPUT,ERROR,No result SELECT in output - likely execution error
TC-PA0727,TINYINT -> BIGINT,inplace,CREATE,NO_OUTPUT,ERROR,No result SELECT in output - likely execution error
TC-PA0729,SMALLINT -> MEDIUMINT,inplace,CREATE,NO_OUTPUT,ERROR,No result SELECT in output - likely execution error
TC-PA0731,SMALLINT -> INT,inplace,CREATE,NO_OUTPUT,ERROR,No result SELECT in output - likely execution error
TC-PA0733,SMALLINT -> BIGINT,inplace,CREATE,NO_OUTPUT,ERROR,No result SELECT in output - likely execution error
TC-PA0735,MEDIUMINT -> INT,inplace,CREATE,NO_OUTPUT,ERROR,No result SELECT in output - likely execution error
TC-PA0737,MEDIUMINT -> BIGINT,inplace,CREATE,NO_OUTPUT,ERROR,No result SELECT in output - likely execution error
TC-PA0739,INT -> BIGINT,inplace,CREATE,NO_OUTPUT,ERROR,No result SELECT in output - likely execution error
TC-PA0741,TINYINT UNSIGNED -> SMALLINT UNSIGNED,inplace,CREATE,NO_OUTPUT,ERROR,No result SELECT in output - likely execution error
TC-PA0743,TINYINT UNSIGNED -> MEDIUMINT UNSIGNED,inplace,CREATE,NO_OUTPUT,ERROR,No result SELECT in output - likely execution error
TC-PA0745,TINYINT UNSIGNED -> INT UNSIGNED,inplace,CREATE,NO_OUTPUT,ERROR,No result SELECT in output - likely execution error
TC-PA0747,TINYINT UNSIGNED -> BIGINT UNSIGNED,inplace,CREATE,NO_OUTPUT,ERROR,No result SELECT in output - likely execution error
TC-PA0749,SMALLINT UNSIGNED -> MEDIUMINT UNSIGNED,inplace,CREATE,NO_OUTPUT,ERROR,No result SELECT in output - likely execution error
TC-PA0751,SMALLINT UNSIGNED -> INT UNSIGNED,inplace,CREATE,NO_OUTPUT,ERROR,No result SELECT in output - likely execution error
TC-PA0753,SMALLINT UNSIGNED -> BIGINT UNSIGNED,inplace,CREATE,NO_OUTPUT,ERROR,No result SELECT in output - likely execution error
TC-PA0755,MEDIUMINT UNSIGNED -> INT UNSIGNED,inplace,CREATE,NO_OUTPUT,ERROR,No result SELECT in output - likely execution error
TC-PA0757,MEDIUMINT UNSIGNED -> BIGINT UNSIGNED,inplace,CREATE,NO_OUTPUT,ERROR,No result SELECT in output - likely execution error
TC-PA0759,INT UNSIGNED -> BIGINT UNSIGNED,inplace,CREATE,NO_OUTPUT,ERROR,No result SELECT in output - likely execution error
TC-PA0761,CHAR(1) -> CHAR(2),inplace,CREATE,NO_OUTPUT,ERROR,No result SELECT in output - likely execution error
TC-PA0763,CHAR(63) -> CHAR(64),inplace,CREATE,NO_OUTPUT,ERROR,No result SELECT in output - likely execution error
TC-PA0765,CHAR(254) -> CHAR(255),inplace,CREATE,NO_OUTPUT,ERROR,No result SELECT in output - likely execution error
TC-PA0767,VARCHAR(1) -> VARCHAR(2),inplace,CREATE,NO_OUTPUT,ERROR,No result SELECT in output - likely execution error
TC-PA0769,VARCHAR(254) -> VARCHAR(255),inplace,CREATE,NO_OUTPUT,ERROR,No result SELECT in output - likely execution error
TC-PA0771,VARCHAR(255) -> VARCHAR(256),inplace,CREATE,NO_OUTPUT,ERROR,No result SELECT in output - likely execution error
TC-PA0773,VARCHAR(85) -> VARCHAR(86),inplace,CREATE,NO_OUTPUT,ERROR,No result SELECT in output - likely execution error
TC-PA0775,VARCHAR(63) -> VARCHAR(64),inplace,CREATE,NO_OUTPUT,ERROR,No result SELECT in output - likely execution error
TC-PA0777,VARCHAR(64) -> VARCHAR(65),inplace,CREATE,NO_OUTPUT,ERROR,No result SELECT in output - likely execution error
TC-PA0779,VARCHAR(100) -> VARCHAR(200),inplace,CREATE,NO_OUTPUT,ERROR,No result SELECT in output - likely execution error
TC-PA0781,TINYINT -> SMALLINT,inplace,CREATE,NO_OUTPUT,ERROR,No result SELECT in output - likely execution error
TC-PA0783,TINYINT -> MEDIUMINT,inplace,CREATE,NO_OUTPUT,ERROR,No result SELECT in output - likely execution error
TC-PA0785,TINYINT -> INT,inplace,CREATE,NO_OUTPUT,ERROR,No result SELECT in output - likely execution error
TC-PA0787,TINYINT -> BIGINT,inplace,CREATE,NO_OUTPUT,ERROR,No result SELECT in output - likely execution error
TC-PA0789,SMALLINT -> MEDIUMINT,inplace,CREATE,NO_OUTPUT,ERROR,No result SELECT in output - likely execution error
TC-PA0791,SMALLINT -> INT,inplace,CREATE,NO_OUTPUT,ERROR,No result SELECT in output - likely execution error
TC-PA0793,SMALLINT -> BIGINT,inplace,CREATE,NO_OUTPUT,ERROR,No result SELECT in output - likely execution error
TC-PA0795,MEDIUMINT -> INT,inplace,CREATE,NO_OUTPUT,ERROR,No result SELECT in output - likely execution error
TC-PA0797,MEDIUMINT -> BIGINT,inplace,CREATE,NO_OUTPUT,ERROR,No result SELECT in output - likely execution error
TC-PA0799,INT -> BIGINT,inplace,CREATE,NO_OUTPUT,ERROR,No result SELECT in output - likely execution error
TC-PA0801,TINYINT UNSIGNED -> SMALLINT UNSIGNED,inplace,CREATE,NO_OUTPUT,ERROR,No result SELECT in output - likely execution error
TC-PA0803,TINYINT UNSIGNED -> MEDIUMINT UNSIGNED,inplace,CREATE,NO_OUTPUT,ERROR,No result SELECT in output - likely execution error
TC-PA0805,TINYINT UNSIGNED -> INT UNSIGNED,inplace,CREATE,NO_OUTPUT,ERROR,No result SELECT in output - likely execution error
TC-PA0807,TINYINT UNSIGNED -> BIGINT UNSIGNED,inplace,CREATE,NO_OUTPUT,ERROR,No result SELECT in output - likely execution error
TC-PA0809,SMALLINT UNSIGNED -> MEDIUMINT UNSIGNED,inplace,CREATE,NO_OUTPUT,ERROR,No result SELECT in output - likely execution error
TC-PA0811,SMALLINT UNSIGNED -> INT UNSIGNED,inplace,CREATE,NO_OUTPUT,ERROR,No result SELECT in output - likely execution error
TC-PA0813,SMALLINT UNSIGNED -> BIGINT UNSIGNED,inplace,CREATE,NO_OUTPUT,ERROR,No result SELECT in output - likely execution error
TC-PA0815,MEDIUMINT UNSIGNED -> INT UNSIGNED,inplace,CREATE,NO_OUTPUT,ERROR,No result SELECT in output - likely execution error
TC-PA0817,MEDIUMINT UNSIGNED -> BIGINT UNSIGNED,inplace,CREATE,NO_OUTPUT,ERROR,No result SELECT in output - likely execution error
TC-PA0819,INT UNSIGNED -> BIGINT UNSIGNED,inplace,CREATE,NO_OUTPUT,ERROR,No result SELECT in output - likely execution error
TC-PA0821,CHAR(1) -> CHAR(2),inplace,CREATE,NO_OUTPUT,ERROR,No result SELECT in output - likely execution error
TC-PA0823,CHAR(63) -> CHAR(64),inplace,CREATE,NO_OUTPUT,ERROR,No result SELECT in output - likely execution error
TC-PA0825,CHAR(254) -> CHAR(255),inplace,CREATE,NO_OUTPUT,ERROR,No result SELECT in output - likely execution error
TC-PA0827,VARCHAR(1) -> VARCHAR(2),inplace,CREATE,NO_OUTPUT,ERROR,No result SELECT in output - likely execution error
TC-PA0829,VARCHAR(254) -> VARCHAR(255),inplace,CREATE,NO_OUTPUT,ERROR,No result SELECT in output - likely execution error
TC-PA0831,VARCHAR(255) -> VARCHAR(256),inplace,CREATE,NO_OUTPUT,ERROR,No result SELECT in output - likely execution error
TC-PA0833,VARCHAR(85) -> VARCHAR(86),inplace,CREATE,NO_OUTPUT,ERROR,No result SELECT in output - likely execution error
TC-PA0835,VARCHAR(63) -> VARCHAR(64),inplace,CREATE,NO_OUTPUT,ERROR,No result SELECT in output - likely execution error
TC-PA0837,VARCHAR(64) -> VARCHAR(65),inplace,CREATE,NO_OUTPUT,ERROR,No result SELECT in output - likely execution error
TC-PA0839,VARCHAR(100) -> VARCHAR(200),inplace,CREATE,NO_OUTPUT,ERROR,No result SELECT in output - likely execution error
TC-PA0841,TINYINT -> SMALLINT,inplace,CREATE,NO_OUTPUT,ERROR,No result SELECT in output - likely execution error
TC-PA0843,TINYINT -> MEDIUMINT,inplace,CREATE,NO_OUTPUT,ERROR,No result SELECT in output - likely execution error
TC-PA0845,TINYINT -> INT,inplace,CREATE,NO_OUTPUT,ERROR,No result SELECT in output - likely execution error
TC-PA0847,TINYINT -> BIGINT,inplace,CREATE,NO_OUTPUT,ERROR,No result SELECT in output - likely execution error
TC-PA0849,SMALLINT -> MEDIUMINT,inplace,CREATE,NO_OUTPUT,ERROR,No result SELECT in output - likely execution error
TC-PA0851,SMALLINT -> INT,inplace,CREATE,NO_OUTPUT,ERROR,No result SELECT in output - likely execution error
TC-PA0853,SMALLINT -> BIGINT,inplace,CREATE,NO_OUTPUT,ERROR,No result SELECT in output - likely execution error
TC-PA0855,MEDIUMINT -> INT,inplace,CREATE,NO_OUTPUT,ERROR,No result SELECT in output - likely execution error
TC-PA0857,MEDIUMINT -> BIGINT,inplace,CREATE,NO_OUTPUT,ERROR,No result SELECT in output - likely execution error
TC-PA0859,INT -> BIGINT,inplace,CREATE,NO_OUTPUT,ERROR,No result SELECT in output - likely execution error
TC-PA0861,TINYINT UNSIGNED -> SMALLINT UNSIGNED,inplace,CREATE,NO_OUTPUT,ERROR,No result SELECT in output - likely execution error
TC-PA0863,TINYINT UNSIGNED -> MEDIUMINT UNSIGNED,inplace,CREATE,NO_OUTPUT,ERROR,No result SELECT in output - likely execution error
TC-PA0865,TINYINT UNSIGNED -> INT UNSIGNED,inplace,CREATE,NO_OUTPUT,ERROR,No result SELECT in output - likely execution error
TC-PA0867,TINYINT UNSIGNED -> BIGINT UNSIGNED,inplace,CREATE,NO_OUTPUT,ERROR,No result SELECT in output - likely execution error
TC-PA0869,SMALLINT UNSIGNED -> MEDIUMINT UNSIGNED,inplace,CREATE,NO_OUTPUT,ERROR,No result SELECT in output - likely execution error
TC-PA0871,SMALLINT UNSIGNED -> INT UNSIGNED,inplace,CREATE,NO_OUTPUT,ERROR,No result SELECT in output - likely execution error
TC-PA0873,SMALLINT UNSIGNED -> BIGINT UNSIGNED,inplace,CREATE,NO_OUTPUT,ERROR,No result SELECT in output - likely execution error
TC-PA0875,MEDIUMINT UNSIGNED -> INT UNSIGNED,inplace,CREATE,NO_OUTPUT,ERROR,No result SELECT in output - likely execution error
TC-PA0877,MEDIUMINT UNSIGNED -> BIGINT UNSIGNED,inplace,CREATE,NO_OUTPUT,ERROR,No result SELECT in output - likely execution error
TC-PA0879,INT UNSIGNED -> BIGINT UNSIGNED,inplace,CREATE,NO_OUTPUT,ERROR,No result SELECT in output - likely execution error
TC-PA0881,CHAR(1) -> CHAR(2),inplace,CREATE,NO_OUTPUT,ERROR,No result SELECT in output - likely execution error
TC-PA0883,CHAR(63) -> CHAR(64),inplace,CREATE,NO_OUTPUT,ERROR,No result SELECT in output - likely execution error
TC-PA0885,CHAR(254) -> CHAR(255),inplace,CREATE,NO_OUTPUT,ERROR,No result SELECT in output - likely execution error
TC-PA0887,VARCHAR(1) -> VARCHAR(2),inplace,CREATE,NO_OUTPUT,ERROR,No result SELECT in output - likely execution error
TC-PA0889,VARCHAR(254) -> VARCHAR(255),inplace,CREATE,NO_OUTPUT,ERROR,No result SELECT in output - likely execution error
TC-PA0891,VARCHAR(255) -> VARCHAR(256),inplace,CREATE,NO_OUTPUT,ERROR,No result SELECT in output - likely execution error
TC-PA0893,VARCHAR(85) -> VARCHAR(86),inplace,CREATE,NO_OUTPUT,ERROR,No result SELECT in output - likely execution error
TC-PA0895,VARCHAR(63) -> VARCHAR(64),inplace,CREATE,NO_OUTPUT,ERROR,No result SELECT in output - likely execution error
TC-PA0897,VARCHAR(64) -> VARCHAR(65),inplace,CREATE,NO_OUTPUT,ERROR,No result SELECT in output - likely execution error
TC-PA0899,VARCHAR(100) -> VARCHAR(200),inplace,CREATE,NO_OUTPUT,ERROR,No result SELECT in output - likely execution error
TC-PA0901,TINYINT -> SMALLINT,inplace,CREATE,NO_OUTPUT,ERROR,No result SELECT in output - likely execution error
TC-PA0903,TINYINT -> MEDIUMINT,inplace,CREATE,NO_OUTPUT,ERROR,No result SELECT in output - likely execution error
TC-PA0905,TINYINT -> INT,inplace,CREATE,NO_OUTPUT,ERROR,No result SELECT in output - likely execution error
TC-PA0907,TINYINT -> BIGINT,inplace,CREATE,NO_OUTPUT,ERROR,No result SELECT in output - likely execution error
TC-PA0909,SMALLINT -> MEDIUMINT,inplace,CREATE,NO_OUTPUT,ERROR,No result SELECT in output - likely execution error
TC-PA0911,SMALLINT -> INT,inplace,CREATE,NO_OUTPUT,ERROR,No result SELECT in output - likely execution error
TC-PA0913,SMALLINT -> BIGINT,inplace,CREATE,NO_OUTPUT,ERROR,No result SELECT in output - likely execution error
TC-PA0915,MEDIUMINT -> INT,inplace,CREATE,NO_OUTPUT,ERROR,No result SELECT in output - likely execution error
TC-PA0917,MEDIUMINT -> BIGINT,inplace,CREATE,NO_OUTPUT,ERROR,No result SELECT in output - likely execution error
TC-PA0919,INT -> BIGINT,inplace,CREATE,NO_OUTPUT,ERROR,No result SELECT in output - likely execution error
TC-PA0921,TINYINT UNSIGNED -> SMALLINT UNSIGNED,inplace,CREATE,NO_OUTPUT,ERROR,No result SELECT in output - likely execution error
TC-PA0923,TINYINT UNSIGNED -> MEDIUMINT UNSIGNED,inplace,CREATE,NO_OUTPUT,ERROR,No result SELECT in output - likely execution error
TC-PA0925,TINYINT UNSIGNED -> INT UNSIGNED,inplace,CREATE,NO_OUTPUT,ERROR,No result SELECT in output - likely execution error
TC-PA0927,TINYINT UNSIGNED -> BIGINT UNSIGNED,inplace,CREATE,NO_OUTPUT,ERROR,No result SELECT in output - likely execution error
TC-PA0929,SMALLINT UNSIGNED -> MEDIUMINT UNSIGNED,inplace,CREATE,NO_OUTPUT,ERROR,No result SELECT in output - likely execution error
TC-PA0931,SMALLINT UNSIGNED -> INT UNSIGNED,inplace,CREATE,NO_OUTPUT,ERROR,No result SELECT in output - likely execution error
TC-PA0933,SMALLINT UNSIGNED -> BIGINT UNSIGNED,inplace,CREATE,NO_OUTPUT,ERROR,No result SELECT in output - likely execution error
TC-PA0935,MEDIUMINT UNSIGNED -> INT UNSIGNED,inplace,CREATE,NO_OUTPUT,ERROR,No result SELECT in output - likely execution error
TC-PA0937,MEDIUMINT UNSIGNED -> BIGINT UNSIGNED,inplace,CREATE,NO_OUTPUT,ERROR,No result SELECT in output - likely execution error
TC-PA0939,INT UNSIGNED -> BIGINT UNSIGNED,inplace,CREATE,NO_OUTPUT,ERROR,No result SELECT in output - likely execution error
TC-PA0941,CHAR(1) -> CHAR(2),inplace,CREATE,NO_OUTPUT,ERROR,No result SELECT in output - likely execution error
TC-PA0943,CHAR(63) -> CHAR(64),inplace,CREATE,NO_OUTPUT,ERROR,No result SELECT in output - likely execution error
TC-PA0945,CHAR(254) -> CHAR(255),inplace,CREATE,NO_OUTPUT,ERROR,No result SELECT in output - likely execution error
TC-PA0947,VARCHAR(1) -> VARCHAR(2),inplace,CREATE,NO_OUTPUT,ERROR,No result SELECT in output - likely execution error
TC-PA0949,VARCHAR(254) -> VARCHAR(255),inplace,CREATE,NO_OUTPUT,ERROR,No result SELECT in output - likely execution error
TC-PA0951,VARCHAR(255) -> VARCHAR(256),inplace,CREATE,NO_OUTPUT,ERROR,No result SELECT in output - likely execution error
TC-PA0953,VARCHAR(85) -> VARCHAR(86),inplace,CREATE,NO_OUTPUT,ERROR,No result SELECT in output - likely execution error
TC-PA0955,VARCHAR(63) -> VARCHAR(64),inplace,CREATE,NO_OUTPUT,ERROR,No result SELECT in output - likely execution error
TC-PA0957,VARCHAR(64) -> VARCHAR(65),inplace,CREATE,NO_OUTPUT,ERROR,No result SELECT in output - likely execution error
TC-PA0959,VARCHAR(100) -> VARCHAR(200),inplace,CREATE,NO_OUTPUT,ERROR,No result SELECT in output - likely execution error
TC-PA0961,TINYINT -> SMALLINT,inplace,CREATE,NO_OUTPUT,ERROR,No result SELECT in output - likely execution error
TC-PA0963,TINYINT -> MEDIUMINT,inplace,CREATE,NO_OUTPUT,ERROR,No result SELECT in output - likely execution error
TC-PA0965,TINYINT -> INT,inplace,CREATE,NO_OUTPUT,ERROR,No result SELECT in output - likely execution error
TC-PA0967,TINYINT -> BIGINT,inplace,CREATE,NO_OUTPUT,ERROR,No result SELECT in output - likely execution error
TC-PA0969,SMALLINT -> MEDIUMINT,inplace,CREATE,NO_OUTPUT,ERROR,No result SELECT in output - likely execution error
TC-PA0971,SMALLINT -> INT,inplace,CREATE,NO_OUTPUT,ERROR,No result SELECT in output - likely execution error
TC-PA0973,SMALLINT -> BIGINT,inplace,CREATE,NO_OUTPUT,ERROR,No result SELECT in output - likely execution error
TC-PA0975,MEDIUMINT -> INT,inplace,CREATE,NO_OUTPUT,ERROR,No result SELECT in output - likely execution error
TC-PA0977,MEDIUMINT -> BIGINT,inplace,CREATE,NO_OUTPUT,ERROR,No result SELECT in output - likely execution error
TC-PA0979,INT -> BIGINT,inplace,CREATE,NO_OUTPUT,ERROR,No result SELECT in output - likely execution error
TC-PA0981,TINYINT UNSIGNED -> SMALLINT UNSIGNED,inplace,CREATE,NO_OUTPUT,ERROR,No result SELECT in output - likely execution error
TC-PA0983,TINYINT UNSIGNED -> MEDIUMINT UNSIGNED,inplace,CREATE,NO_OUTPUT,ERROR,No result SELECT in output - likely execution error
TC-PA0985,TINYINT UNSIGNED -> INT UNSIGNED,inplace,CREATE,NO_OUTPUT,ERROR,No result SELECT in output - likely execution error
TC-PA0987,TINYINT UNSIGNED -> BIGINT UNSIGNED,inplace,CREATE,NO_OUTPUT,ERROR,No result SELECT in output - likely execution error
TC-PA0989,SMALLINT UNSIGNED -> MEDIUMINT UNSIGNED,inplace,CREATE,NO_OUTPUT,ERROR,No result SELECT in output - likely execution error
TC-PA0991,SMALLINT UNSIGNED -> INT UNSIGNED,inplace,CREATE,NO_OUTPUT,ERROR,No result SELECT in output - likely execution error
TC-PA0993,SMALLINT UNSIGNED -> BIGINT UNSIGNED,inplace,CREATE,NO_OUTPUT,ERROR,No result SELECT in output - likely execution error
TC-PA0995,MEDIUMINT UNSIGNED -> INT UNSIGNED,inplace,CREATE,NO_OUTPUT,ERROR,No result SELECT in output - likely execution error
TC-PA0997,MEDIUMINT UNSIGNED -> BIGINT UNSIGNED,inplace,CREATE,NO_OUTPUT,ERROR,No result SELECT in output - likely execution error
TC-PA0999,INT UNSIGNED -> BIGINT UNSIGNED,inplace,CREATE,NO_OUTPUT,ERROR,No result SELECT in output - likely execution error
TC-PA1021,TINYINT -> SMALLINT,inplace,CREATE,NO_OUTPUT,ERROR,No result SELECT in output - likely execution error
TC-PA1023,TINYINT -> MEDIUMINT,inplace,CREATE,NO_OUTPUT,ERROR,No result SELECT in output - likely execution error
TC-PA1025,TINYINT -> INT,inplace,CREATE,NO_OUTPUT,ERROR,No result SELECT in output - likely execution error
TC-PA1027,TINYINT -> BIGINT,inplace,CREATE,NO_OUTPUT,ERROR,No result SELECT in output - likely execution error
TC-PA1029,SMALLINT -> MEDIUMINT,inplace,CREATE,NO_OUTPUT,ERROR,No result SELECT in output - likely execution error
TC-PA1031,SMALLINT -> INT,inplace,CREATE,NO_OUTPUT,ERROR,No result SELECT in output - likely execution error
TC-PA1033,SMALLINT -> BIGINT,inplace,CREATE,NO_OUTPUT,ERROR,No result SELECT in output - likely execution error
TC-PA1035,MEDIUMINT -> INT,inplace,CREATE,NO_OUTPUT,ERROR,No result SELECT in output - likely execution error
TC-PA1037,MEDIUMINT -> BIGINT,inplace,CREATE,NO_OUTPUT,ERROR,No result SELECT in output - likely execution error
TC-PA1039,INT -> BIGINT,inplace,CREATE,NO_OUTPUT,ERROR,No result SELECT in output - likely execution error
TC-PA1041,TINYINT UNSIGNED -> SMALLINT UNSIGNED,inplace,CREATE,NO_OUTPUT,ERROR,No result SELECT in output - likely execution error
TC-PA1043,TINYINT UNSIGNED -> MEDIUMINT UNSIGNED,inplace,CREATE,NO_OUTPUT,ERROR,No result SELECT in output - likely execution error
TC-PA1045,TINYINT UNSIGNED -> INT UNSIGNED,inplace,CREATE,NO_OUTPUT,ERROR,No result SELECT in output - likely execution error
TC-PA1047,TINYINT UNSIGNED -> BIGINT UNSIGNED,inplace,CREATE,NO_OUTPUT,ERROR,No result SELECT in output - likely execution error
TC-PA1049,SMALLINT UNSIGNED -> MEDIUMINT UNSIGNED,inplace,CREATE,NO_OUTPUT,ERROR,No result SELECT in output - likely execution error
TC-PA1051,SMALLINT UNSIGNED -> INT UNSIGNED,inplace,CREATE,NO_OUTPUT,ERROR,No result SELECT in output - likely execution error
TC-PA1053,SMALLINT UNSIGNED -> BIGINT UNSIGNED,inplace,CREATE,NO_OUTPUT,ERROR,No result SELECT in output - likely execution error
TC-PA1055,MEDIUMINT UNSIGNED -> INT UNSIGNED,inplace,CREATE,NO_OUTPUT,ERROR,No result SELECT in output - likely execution error
TC-PA1057,MEDIUMINT UNSIGNED -> BIGINT UNSIGNED,inplace,CREATE,NO_OUTPUT,ERROR,No result SELECT in output - likely execution error
TC-PA1059,INT UNSIGNED -> BIGINT UNSIGNED,inplace,CREATE,NO_OUTPUT,ERROR,No result SELECT in output - likely execution error
TC-PA1081,TINYINT -> SMALLINT,inplace,CREATE,NO_OUTPUT,ERROR,No result SELECT in output - likely execution error
TC-PA1083,TINYINT -> MEDIUMINT,inplace,CREATE,NO_OUTPUT,ERROR,No result SELECT in output - likely execution error
TC-PA1085,TINYINT -> INT,inplace,CREATE,NO_OUTPUT,ERROR,No result SELECT in output - likely execution error
TC-PA1087,TINYINT -> BIGINT,inplace,CREATE,NO_OUTPUT,ERROR,No result SELECT in output - likely execution error
TC-PA1089,SMALLINT -> MEDIUMINT,inplace,CREATE,NO_OUTPUT,ERROR,No result SELECT in output - likely execution error
TC-PA1091,SMALLINT -> INT,inplace,CREATE,NO_OUTPUT,ERROR,No result SELECT in output - likely execution error
TC-PA1093,SMALLINT -> BIGINT,inplace,CREATE,NO_OUTPUT,ERROR,No result SELECT in output - likely execution error
TC-PA1095,MEDIUMINT -> INT,inplace,CREATE,NO_OUTPUT,ERROR,No result SELECT in output - likely execution error
TC-PA1097,MEDIUMINT -> BIGINT,inplace,CREATE,NO_OUTPUT,ERROR,No result SELECT in output - likely execution error
TC-PA1099,INT -> BIGINT,inplace,CREATE,NO_OUTPUT,ERROR,No result SELECT in output - likely execution error
TC-PA1101,TINYINT UNSIGNED -> SMALLINT UNSIGNED,inplace,CREATE,NO_OUTPUT,ERROR,No result SELECT in output - likely execution error
TC-PA1103,TINYINT UNSIGNED -> MEDIUMINT UNSIGNED,inplace,CREATE,NO_OUTPUT,ERROR,No result SELECT in output - likely execution error
TC-PA1105,TINYINT UNSIGNED -> INT UNSIGNED,inplace,CREATE,NO_OUTPUT,ERROR,No result SELECT in output - likely execution error
TC-PA1107,TINYINT UNSIGNED -> BIGINT UNSIGNED,inplace,CREATE,NO_OUTPUT,ERROR,No result SELECT in output - likely execution error
TC-PA1109,SMALLINT UNSIGNED -> MEDIUMINT UNSIGNED,inplace,CREATE,NO_OUTPUT,ERROR,No result SELECT in output - likely execution error
TC-PA1111,SMALLINT UNSIGNED -> INT UNSIGNED,inplace,CREATE,NO_OUTPUT,ERROR,No result SELECT in output - likely execution error
TC-PA1113,SMALLINT UNSIGNED -> BIGINT UNSIGNED,inplace,CREATE,NO_OUTPUT,ERROR,No result SELECT in output - likely execution error
TC-PA1115,MEDIUMINT UNSIGNED -> INT UNSIGNED,inplace,CREATE,NO_OUTPUT,ERROR,No result SELECT in output - likely execution error
TC-PA1117,MEDIUMINT UNSIGNED -> BIGINT UNSIGNED,inplace,CREATE,NO_OUTPUT,ERROR,No result SELECT in output - likely execution error
TC-PA1119,INT UNSIGNED -> BIGINT UNSIGNED,inplace,CREATE,NO_OUTPUT,ERROR,No result SELECT in output - likely execution error
TC-PA1141,TINYINT -> SMALLINT,inplace,CREATE,NO_OUTPUT,ERROR,No result SELECT in output - likely execution error
TC-PA1143,TINYINT -> MEDIUMINT,inplace,CREATE,NO_OUTPUT,ERROR,No result SELECT in output - likely execution error
TC-PA1145,TINYINT -> INT,inplace,CREATE,NO_OUTPUT,ERROR,No result SELECT in output - likely execution error
TC-PA1147,TINYINT -> BIGINT,inplace,CREATE,NO_OUTPUT,ERROR,No result SELECT in output - likely execution error
TC-PA1149,SMALLINT -> MEDIUMINT,inplace,CREATE,NO_OUTPUT,ERROR,No result SELECT in output - likely execution error
TC-PA1151,SMALLINT -> INT,inplace,CREATE,NO_OUTPUT,ERROR,No result SELECT in output - likely execution error
TC-PA1153,SMALLINT -> BIGINT,inplace,CREATE,NO_OUTPUT,ERROR,No result SELECT in output - likely execution error
TC-PA1155,MEDIUMINT -> INT,inplace,CREATE,NO_OUTPUT,ERROR,No result SELECT in output - likely execution error
TC-PA1157,MEDIUMINT -> BIGINT,inplace,CREATE,NO_OUTPUT,ERROR,No result SELECT in output - likely execution error
TC-PA1159,INT -> BIGINT,inplace,CREATE,NO_OUTPUT,ERROR,No result SELECT in output - likely execution error
TC-PA1161,TINYINT UNSIGNED -> SMALLINT UNSIGNED,inplace,CREATE,NO_OUTPUT,ERROR,No result SELECT in output - likely execution error
TC-PA1163,TINYINT UNSIGNED -> MEDIUMINT UNSIGNED,inplace,CREATE,NO_OUTPUT,ERROR,No result SELECT in output - likely execution error
TC-PA1165,TINYINT UNSIGNED -> INT UNSIGNED,inplace,CREATE,NO_OUTPUT,ERROR,No result SELECT in output - likely execution error
TC-PA1167,TINYINT UNSIGNED -> BIGINT UNSIGNED,inplace,CREATE,NO_OUTPUT,ERROR,No result SELECT in output - likely execution error
TC-PA1169,SMALLINT UNSIGNED -> MEDIUMINT UNSIGNED,inplace,CREATE,NO_OUTPUT,ERROR,No result SELECT in output - likely execution error
TC-PA1171,SMALLINT UNSIGNED -> INT UNSIGNED,inplace,CREATE,NO_OUTPUT,ERROR,No result SELECT in output - likely execution error
TC-PA1173,SMALLINT UNSIGNED -> BIGINT UNSIGNED,inplace,CREATE,NO_OUTPUT,ERROR,No result SELECT in output - likely execution error
TC-PA1175,MEDIUMINT UNSIGNED -> INT UNSIGNED,inplace,CREATE,NO_OUTPUT,ERROR,No result SELECT in output - likely execution error
TC-PA1177,MEDIUMINT UNSIGNED -> BIGINT UNSIGNED,inplace,CREATE,NO_OUTPUT,ERROR,No result SELECT in output - likely execution error
TC-PA1179,INT UNSIGNED -> BIGINT UNSIGNED,inplace,CREATE,NO_OUTPUT,ERROR,No result SELECT in output - likely execution error
TC-PA1201,TINYINT -> SMALLINT,inplace,CREATE,NO_OUTPUT,ERROR,No result SELECT in output - likely execution error
TC-PA1203,TINYINT -> MEDIUMINT,inplace,CREATE,NO_OUTPUT,ERROR,No result SELECT in output - likely execution error
TC-PA1205,TINYINT -> INT,inplace,CREATE,NO_OUTPUT,ERROR,No result SELECT in output - likely execution error
TC-PA1207,TINYINT -> BIGINT,inplace,CREATE,NO_OUTPUT,ERROR,No result SELECT in output - likely execution error
TC-PA1209,SMALLINT -> MEDIUMINT,inplace,CREATE,NO_OUTPUT,ERROR,No result SELECT in output - likely execution error
TC-PA1211,SMALLINT -> INT,inplace,CREATE,NO_OUTPUT,ERROR,No result SELECT in output - likely execution error
TC-PA1213,SMALLINT -> BIGINT,inplace,CREATE,NO_OUTPUT,ERROR,No result SELECT in output - likely execution error
TC-PA1215,MEDIUMINT -> INT,inplace,CREATE,NO_OUTPUT,ERROR,No result SELECT in output - likely execution error
TC-PA1217,MEDIUMINT -> BIGINT,inplace,CREATE,NO_OUTPUT,ERROR,No result SELECT in output - likely execution error
TC-PA1219,INT -> BIGINT,inplace,CREATE,NO_OUTPUT,ERROR,No result SELECT in output - likely execution error
TC-PA1221,TINYINT UNSIGNED -> SMALLINT UNSIGNED,inplace,CREATE,NO_OUTPUT,ERROR,No result SELECT in output - likely execution error
TC-PA1223,TINYINT UNSIGNED -> MEDIUMINT UNSIGNED,inplace,CREATE,NO_OUTPUT,ERROR,No result SELECT in output - likely execution error
TC-PA1225,TINYINT UNSIGNED -> INT UNSIGNED,inplace,CREATE,NO_OUTPUT,ERROR,No result SELECT in output - likely execution error
TC-PA1227,TINYINT UNSIGNED -> BIGINT UNSIGNED,inplace,CREATE,NO_OUTPUT,ERROR,No result SELECT in output - likely execution error
TC-PA1229,SMALLINT UNSIGNED -> MEDIUMINT UNSIGNED,inplace,CREATE,NO_OUTPUT,ERROR,No result SELECT in output - likely execution error
TC-PA1231,SMALLINT UNSIGNED -> INT UNSIGNED,inplace,CREATE,NO_OUTPUT,ERROR,No result SELECT in output - likely execution error
TC-PA1233,SMALLINT UNSIGNED -> BIGINT UNSIGNED,inplace,CREATE,NO_OUTPUT,ERROR,No result SELECT in output - likely execution error
TC-PA1235,MEDIUMINT UNSIGNED -> INT UNSIGNED,inplace,CREATE,NO_OUTPUT,ERROR,No result SELECT in output - likely execution error
TC-PA1237,MEDIUMINT UNSIGNED -> BIGINT UNSIGNED,inplace,CREATE,NO_OUTPUT,ERROR,No result SELECT in output - likely execution error
TC-PA1239,INT UNSIGNED -> BIGINT UNSIGNED,inplace,CREATE,NO_OUTPUT,ERROR,No result SELECT in output - likely execution error
TC-PA1261,TINYINT -> SMALLINT,inplace,CREATE,NO_OUTPUT,ERROR,No result SELECT in output - likely execution error
TC-PA1263,TINYINT -> MEDIUMINT,inplace,CREATE,NO_OUTPUT,ERROR,No result SELECT in output - likely execution error
TC-PA1265,TINYINT -> INT,inplace,CREATE,NO_OUTPUT,ERROR,No result SELECT in output - likely execution error
TC-PA1267,TINYINT -> BIGINT,inplace,CREATE,NO_OUTPUT,ERROR,No result SELECT in output - likely execution error
TC-PA1269,SMALLINT -> MEDIUMINT,inplace,CREATE,NO_OUTPUT,ERROR,No result SELECT in output - likely execution error
TC-PA1271,SMALLINT -> INT,inplace,CREATE,NO_OUTPUT,ERROR,No result SELECT in output - likely execution error
TC-PA1273,SMALLINT -> BIGINT,inplace,CREATE,NO_OUTPUT,ERROR,No result SELECT in output - likely execution error
TC-PA1275,MEDIUMINT -> INT,inplace,CREATE,NO_OUTPUT,ERROR,No result SELECT in output - likely execution error
TC-PA1277,MEDIUMINT -> BIGINT,inplace,CREATE,NO_OUTPUT,ERROR,No result SELECT in output - likely execution error
TC-PA1279,INT -> BIGINT,inplace,CREATE,NO_OUTPUT,ERROR,No result SELECT in output - likely execution error
TC-PA1281,TINYINT UNSIGNED -> SMALLINT UNSIGNED,inplace,CREATE,NO_OUTPUT,ERROR,No result SELECT in output - likely execution error
TC-PA1283,TINYINT UNSIGNED -> MEDIUMINT UNSIGNED,inplace,CREATE,NO_OUTPUT,ERROR,No result SELECT in output - likely execution error
TC-PA1285,TINYINT UNSIGNED -> INT UNSIGNED,inplace,CREATE,NO_OUTPUT,ERROR,No result SELECT in output - likely execution error
TC-PA1287,TINYINT UNSIGNED -> BIGINT UNSIGNED,inplace,CREATE,NO_OUTPUT,ERROR,No result SELECT in output - likely execution error
TC-PA1289,SMALLINT UNSIGNED -> MEDIUMINT UNSIGNED,inplace,CREATE,NO_OUTPUT,ERROR,No result SELECT in output - likely execution error
TC-PA1291,SMALLINT UNSIGNED -> INT UNSIGNED,inplace,CREATE,NO_OUTPUT,ERROR,No result SELECT in output - likely execution error
TC-PA1293,SMALLINT UNSIGNED -> BIGINT UNSIGNED,inplace,CREATE,NO_OUTPUT,ERROR,No result SELECT in output - likely execution error
TC-PA1295,MEDIUMINT UNSIGNED -> INT UNSIGNED,inplace,CREATE,NO_OUTPUT,ERROR,No result SELECT in output - likely execution error
TC-PA1297,MEDIUMINT UNSIGNED -> BIGINT UNSIGNED,inplace,CREATE,NO_OUTPUT,ERROR,No result SELECT in output - likely execution error
TC-PA1299,INT UNSIGNED -> BIGINT UNSIGNED,inplace,CREATE,NO_OUTPUT,ERROR,No result SELECT in output - likely execution error
TC-PA1321,TINYINT -> SMALLINT,inplace,CREATE,NO_OUTPUT,ERROR,No result SELECT in output - likely execution error
TC-PA1323,TINYINT -> MEDIUMINT,inplace,CREATE,NO_OUTPUT,ERROR,No result SELECT in output - likely execution error
TC-PA1325,TINYINT -> INT,inplace,CREATE,NO_OUTPUT,ERROR,No result SELECT in output - likely execution error
TC-PA1327,TINYINT -> BIGINT,inplace,CREATE,NO_OUTPUT,ERROR,No result SELECT in output - likely execution error
TC-PA1329,SMALLINT -> MEDIUMINT,inplace,CREATE,NO_OUTPUT,ERROR,No result SELECT in output - likely execution error
TC-PA1331,SMALLINT -> INT,inplace,CREATE,NO_OUTPUT,ERROR,No result SELECT in output - likely execution error
TC-PA1333,SMALLINT -> BIGINT,inplace,CREATE,NO_OUTPUT,ERROR,No result SELECT in output - likely execution error
TC-PA1335,MEDIUMINT -> INT,inplace,CREATE,NO_OUTPUT,ERROR,No result SELECT in output - likely execution error
TC-PA1337,MEDIUMINT -> BIGINT,inplace,CREATE,NO_OUTPUT,ERROR,No result SELECT in output - likely execution error
TC-PA1339,INT -> BIGINT,inplace,CREATE,NO_OUTPUT,ERROR,No result SELECT in output - likely execution error
TC-PA1341,TINYINT UNSIGNED -> SMALLINT UNSIGNED,inplace,CREATE,NO_OUTPUT,ERROR,No result SELECT in output - likely execution error
TC-PA1343,TINYINT UNSIGNED -> MEDIUMINT UNSIGNED,inplace,CREATE,NO_OUTPUT,ERROR,No result SELECT in output - likely execution error
TC-PA1345,TINYINT UNSIGNED -> INT UNSIGNED,inplace,CREATE,NO_OUTPUT,ERROR,No result SELECT in output - likely execution error
TC-PA1347,TINYINT UNSIGNED -> BIGINT UNSIGNED,inplace,CREATE,NO_OUTPUT,ERROR,No result SELECT in output - likely execution error
TC-PA1349,SMALLINT UNSIGNED -> MEDIUMINT UNSIGNED,inplace,CREATE,NO_OUTPUT,ERROR,No result SELECT in output - likely execution error
TC-PA1351,SMALLINT UNSIGNED -> INT UNSIGNED,inplace,CREATE,NO_OUTPUT,ERROR,No result SELECT in output - likely execution error
TC-PA1353,SMALLINT UNSIGNED -> BIGINT UNSIGNED,inplace,CREATE,NO_OUTPUT,ERROR,No result SELECT in output - likely execution error
TC-PA1355,MEDIUMINT UNSIGNED -> INT UNSIGNED,inplace,CREATE,NO_OUTPUT,ERROR,No result SELECT in output - likely execution error
TC-PA1357,MEDIUMINT UNSIGNED -> BIGINT UNSIGNED,inplace,CREATE,NO_OUTPUT,ERROR,No result SELECT in output - likely execution error
TC-PA1359,INT UNSIGNED -> BIGINT UNSIGNED,inplace,CREATE,NO_OUTPUT,ERROR,No result SELECT in output - likely execution error
TC-PA1381,TINYINT -> SMALLINT,inplace,CREATE,NO_OUTPUT,ERROR,No result SELECT in output - likely execution error
TC-PA1383,TINYINT -> MEDIUMINT,inplace,CREATE,NO_OUTPUT,ERROR,No result SELECT in output - likely execution error
TC-PA1385,TINYINT -> INT,inplace,CREATE,NO_OUTPUT,ERROR,No result SELECT in output - likely execution error
TC-PA1387,TINYINT -> BIGINT,inplace,CREATE,NO_OUTPUT,ERROR,No result SELECT in output - likely execution error
TC-PA1389,SMALLINT -> MEDIUMINT,inplace,CREATE,NO_OUTPUT,ERROR,No result SELECT in output - likely execution error
TC-PA1391,SMALLINT -> INT,inplace,CREATE,NO_OUTPUT,ERROR,No result SELECT in output - likely execution error
TC-PA1393,SMALLINT -> BIGINT,inplace,CREATE,NO_OUTPUT,ERROR,No result SELECT in output - likely execution error
TC-PA1395,MEDIUMINT -> INT,inplace,CREATE,NO_OUTPUT,ERROR,No result SELECT in output - likely execution error
TC-PA1397,MEDIUMINT -> BIGINT,inplace,CREATE,NO_OUTPUT,ERROR,No result SELECT in output - likely execution error
TC-PA1399,INT -> BIGINT,inplace,CREATE,NO_OUTPUT,ERROR,No result SELECT in output - likely execution error
TC-PA1401,TINYINT UNSIGNED -> SMALLINT UNSIGNED,inplace,CREATE,NO_OUTPUT,ERROR,No result SELECT in output - likely execution error
TC-PA1403,TINYINT UNSIGNED -> MEDIUMINT UNSIGNED,inplace,CREATE,NO_OUTPUT,ERROR,No result SELECT in output - likely execution error
TC-PA1405,TINYINT UNSIGNED -> INT UNSIGNED,inplace,CREATE,NO_OUTPUT,ERROR,No result SELECT in output - likely execution error
TC-PA1407,TINYINT UNSIGNED -> BIGINT UNSIGNED,inplace,CREATE,NO_OUTPUT,ERROR,No result SELECT in output - likely execution error
TC-PA1409,SMALLINT UNSIGNED -> MEDIUMINT UNSIGNED,inplace,CREATE,NO_OUTPUT,ERROR,No result SELECT in output - likely execution error
TC-PA1411,SMALLINT UNSIGNED -> INT UNSIGNED,inplace,CREATE,NO_OUTPUT,ERROR,No result SELECT in output - likely execution error
TC-PA1413,SMALLINT UNSIGNED -> BIGINT UNSIGNED,inplace,CREATE,NO_OUTPUT,ERROR,No result SELECT in output - likely execution error
TC-PA1415,MEDIUMINT UNSIGNED -> INT UNSIGNED,inplace,CREATE,NO_OUTPUT,ERROR,No result SELECT in output - likely execution error
TC-PA1417,MEDIUMINT UNSIGNED -> BIGINT UNSIGNED,inplace,CREATE,NO_OUTPUT,ERROR,No result SELECT in output - likely execution error
TC-PA1419,INT UNSIGNED -> BIGINT UNSIGNED,inplace,CREATE,NO_OUTPUT,ERROR,No result SELECT in output - likely execution error
TC-PA1441,TINYINT -> SMALLINT,inplace,CREATE,NO_OUTPUT,ERROR,No result SELECT in output - likely execution error
TC-PA1443,TINYINT -> MEDIUMINT,inplace,CREATE,NO_OUTPUT,ERROR,No result SELECT in output - likely execution error
TC-PA1445,TINYINT -> INT,inplace,CREATE,NO_OUTPUT,ERROR,No result SELECT in output - likely execution error
TC-PA1447,TINYINT -> BIGINT,inplace,CREATE,NO_OUTPUT,ERROR,No result SELECT in output - likely execution error
TC-PA1449,SMALLINT -> MEDIUMINT,inplace,CREATE,NO_OUTPUT,ERROR,No result SELECT in output - likely execution error
TC-PA1451,SMALLINT -> INT,inplace,CREATE,NO_OUTPUT,ERROR,No result SELECT in output - likely execution error
TC-PA1453,SMALLINT -> BIGINT,inplace,CREATE,NO_OUTPUT,ERROR,No result SELECT in output - likely execution error
TC-PA1455,MEDIUMINT -> INT,inplace,CREATE,NO_OUTPUT,ERROR,No result SELECT in output - likely execution error
TC-PA1457,MEDIUMINT -> BIGINT,inplace,CREATE,NO_OUTPUT,ERROR,No result SELECT in output - likely execution error
TC-PA1459,INT -> BIGINT,inplace,CREATE,NO_OUTPUT,ERROR,No result SELECT in output - likely execution error
TC-PA1461,TINYINT UNSIGNED -> SMALLINT UNSIGNED,inplace,CREATE,NO_OUTPUT,ERROR,No result SELECT in output - likely execution error
TC-PA1463,TINYINT UNSIGNED -> MEDIUMINT UNSIGNED,inplace,CREATE,NO_OUTPUT,ERROR,No result SELECT in output - likely execution error
TC-PA1465,TINYINT UNSIGNED -> INT UNSIGNED,inplace,CREATE,NO_OUTPUT,ERROR,No result SELECT in output - likely execution error
TC-PA1467,TINYINT UNSIGNED -> BIGINT UNSIGNED,inplace,CREATE,NO_OUTPUT,ERROR,No result SELECT in output - likely execution error
TC-PA1469,SMALLINT UNSIGNED -> MEDIUMINT UNSIGNED,inplace,CREATE,NO_OUTPUT,ERROR,No result SELECT in output - likely execution error
TC-PA1471,SMALLINT UNSIGNED -> INT UNSIGNED,inplace,CREATE,NO_OUTPUT,ERROR,No result SELECT in output - likely execution error
TC-PA1473,SMALLINT UNSIGNED -> BIGINT UNSIGNED,inplace,CREATE,NO_OUTPUT,ERROR,No result SELECT in output - likely execution error
TC-PA1475,MEDIUMINT UNSIGNED -> INT UNSIGNED,inplace,CREATE,NO_OUTPUT,ERROR,No result SELECT in output - likely execution error
TC-PA1477,MEDIUMINT UNSIGNED -> BIGINT UNSIGNED,inplace,CREATE,NO_OUTPUT,ERROR,No result SELECT in output - likely execution error
TC-PA1479,INT UNSIGNED -> BIGINT UNSIGNED,inplace,CREATE,NO_OUTPUT,ERROR,No result SELECT in output - likely execution error
TC-PA1481,CHAR(1) -> CHAR(2),inplace,CREATE,NO_OUTPUT,ERROR,No result SELECT in output - likely execution error
TC-PA1483,CHAR(63) -> CHAR(64),inplace,CREATE,NO_OUTPUT,ERROR,No result SELECT in output - likely execution error
TC-PA1485,CHAR(254) -> CHAR(255),inplace,CREATE,NO_OUTPUT,ERROR,No result SELECT in output - likely execution error
TC-PA1487,VARCHAR(1) -> VARCHAR(2),inplace,CREATE,NO_OUTPUT,ERROR,No result SELECT in output - likely execution error
TC-PA1489,VARCHAR(254) -> VARCHAR(255),inplace,CREATE,NO_OUTPUT,ERROR,No result SELECT in output - likely execution error
TC-PA1491,VARCHAR(255) -> VARCHAR(256),inplace,CREATE,NO_OUTPUT,ERROR,No result SELECT in output - likely execution error
TC-PA1493,VARCHAR(85) -> VARCHAR(86),inplace,CREATE,NO_OUTPUT,ERROR,No result SELECT in output - likely execution error
TC-PA1495,VARCHAR(63) -> VARCHAR(64),inplace,CREATE,NO_OUTPUT,ERROR,No result SELECT in output - likely execution error
TC-PA1497,VARCHAR(64) -> VARCHAR(65),inplace,CREATE,NO_OUTPUT,ERROR,No result SELECT in output - likely execution error
TC-PA1499,VARCHAR(100) -> VARCHAR(200),inplace,CREATE,NO_OUTPUT,ERROR,No result SELECT in output - likely execution error
TC-PA1501,TINYINT -> SMALLINT,inplace,CREATE,NO_OUTPUT,ERROR,No result SELECT in output - likely execution error
TC-PA1503,TINYINT -> MEDIUMINT,inplace,CREATE,NO_OUTPUT,ERROR,No result SELECT in output - likely execution error
TC-PA1505,TINYINT -> INT,inplace,CREATE,NO_OUTPUT,ERROR,No result SELECT in output - likely execution error
TC-PA1507,TINYINT -> BIGINT,inplace,CREATE,NO_OUTPUT,ERROR,No result SELECT in output - likely execution error
TC-PA1509,SMALLINT -> MEDIUMINT,inplace,CREATE,NO_OUTPUT,ERROR,No result SELECT in output - likely execution error
TC-PA1511,SMALLINT -> INT,inplace,CREATE,NO_OUTPUT,ERROR,No result SELECT in output - likely execution error
TC-PA1513,SMALLINT -> BIGINT,inplace,CREATE,NO_OUTPUT,ERROR,No result SELECT in output - likely execution error
TC-PA1515,MEDIUMINT -> INT,inplace,CREATE,NO_OUTPUT,ERROR,No result SELECT in output - likely execution error
TC-PA1517,MEDIUMINT -> BIGINT,inplace,CREATE,NO_OUTPUT,ERROR,No result SELECT in output - likely execution error
TC-PA1519,INT -> BIGINT,inplace,CREATE,NO_OUTPUT,ERROR,No result SELECT in output - likely execution error
TC-PA1521,TINYINT UNSIGNED -> SMALLINT UNSIGNED,inplace,CREATE,NO_OUTPUT,ERROR,No result SELECT in output - likely execution error
TC-PA1523,TINYINT UNSIGNED -> MEDIUMINT UNSIGNED,inplace,CREATE,NO_OUTPUT,ERROR,No result SELECT in output - likely execution error
TC-PA1525,TINYINT UNSIGNED -> INT UNSIGNED,inplace,CREATE,NO_OUTPUT,ERROR,No result SELECT in output - likely execution error
TC-PA1527,TINYINT UNSIGNED -> BIGINT UNSIGNED,inplace,CREATE,NO_OUTPUT,ERROR,No result SELECT in output - likely execution error
TC-PA1529,SMALLINT UNSIGNED -> MEDIUMINT UNSIGNED,inplace,CREATE,NO_OUTPUT,ERROR,No result SELECT in output - likely execution error
TC-PA1531,SMALLINT UNSIGNED -> INT UNSIGNED,inplace,CREATE,NO_OUTPUT,ERROR,No result SELECT in output - likely execution error
TC-PA1533,SMALLINT UNSIGNED -> BIGINT UNSIGNED,inplace,CREATE,NO_OUTPUT,ERROR,No result SELECT in output - likely execution error
TC-PA1535,MEDIUMINT UNSIGNED -> INT UNSIGNED,inplace,CREATE,NO_OUTPUT,ERROR,No result SELECT in output - likely execution error
TC-PA1537,MEDIUMINT UNSIGNED -> BIGINT UNSIGNED,inplace,CREATE,NO_OUTPUT,ERROR,No result SELECT in output - likely execution error
TC-PA1539,INT UNSIGNED -> BIGINT UNSIGNED,inplace,CREATE,NO_OUTPUT,ERROR,No result SELECT in output - likely execution error
TC-PA1541,CHAR(1) -> CHAR(2),inplace,CREATE,NO_OUTPUT,ERROR,No result SELECT in output - likely execution error
TC-PA1543,CHAR(63) -> CHAR(64),inplace,CREATE,NO_OUTPUT,ERROR,No result SELECT in output - likely execution error
TC-PA1545,CHAR(254) -> CHAR(255),inplace,CREATE,NO_OUTPUT,ERROR,No result SELECT in output - likely execution error
TC-PA1547,VARCHAR(1) -> VARCHAR(2),inplace,CREATE,NO_OUTPUT,ERROR,No result SELECT in output - likely execution error
TC-PA1549,VARCHAR(254) -> VARCHAR(255),inplace,CREATE,NO_OUTPUT,ERROR,No result SELECT in output - likely execution error
TC-PA1551,VARCHAR(255) -> VARCHAR(256),inplace,CREATE,NO_OUTPUT,ERROR,No result SELECT in output - likely execution error
TC-PA1553,VARCHAR(85) -> VARCHAR(86),inplace,CREATE,NO_OUTPUT,ERROR,No result SELECT in output - likely execution error
TC-PA1555,VARCHAR(63) -> VARCHAR(64),inplace,CREATE,NO_OUTPUT,ERROR,No result SELECT in output - likely execution error
TC-PA1557,VARCHAR(64) -> VARCHAR(65),inplace,CREATE,NO_OUTPUT,ERROR,No result SELECT in output - likely execution error
TC-PA1559,VARCHAR(100) -> VARCHAR(200),inplace,CREATE,NO_OUTPUT,ERROR,No result SELECT in output - likely execution error
TC-PA1561,TINYINT -> SMALLINT,inplace,CREATE,NO_OUTPUT,ERROR,No result SELECT in output - likely execution error
TC-PA1563,TINYINT -> MEDIUMINT,inplace,CREATE,NO_OUTPUT,ERROR,No result SELECT in output - likely execution error
TC-PA1565,TINYINT -> INT,inplace,CREATE,NO_OUTPUT,ERROR,No result SELECT in output - likely execution error
TC-PA1567,TINYINT -> BIGINT,inplace,CREATE,NO_OUTPUT,ERROR,No result SELECT in output - likely execution error
TC-PA1569,SMALLINT -> MEDIUMINT,inplace,CREATE,NO_OUTPUT,ERROR,No result SELECT in output - likely execution error
TC-PA1571,SMALLINT -> INT,inplace,CREATE,NO_OUTPUT,ERROR,No result SELECT in output - likely execution error
TC-PA1573,SMALLINT -> BIGINT,inplace,CREATE,NO_OUTPUT,ERROR,No result SELECT in output - likely execution error
TC-PA1575,MEDIUMINT -> INT,inplace,CREATE,NO_OUTPUT,ERROR,No result SELECT in output - likely execution error
TC-PA1577,MEDIUMINT -> BIGINT,inplace,CREATE,NO_OUTPUT,ERROR,No result SELECT in output - likely execution error
TC-PA1579,INT -> BIGINT,inplace,CREATE,NO_OUTPUT,ERROR,No result SELECT in output - likely execution error
TC-PA1581,TINYINT UNSIGNED -> SMALLINT UNSIGNED,inplace,CREATE,NO_OUTPUT,ERROR,No result SELECT in output - likely execution error
TC-PA1583,TINYINT UNSIGNED -> MEDIUMINT UNSIGNED,inplace,CREATE,NO_OUTPUT,ERROR,No result SELECT in output - likely execution error
TC-PA1585,TINYINT UNSIGNED -> INT UNSIGNED,inplace,CREATE,NO_OUTPUT,ERROR,No result SELECT in output - likely execution error
TC-PA1587,TINYINT UNSIGNED -> BIGINT UNSIGNED,inplace,CREATE,NO_OUTPUT,ERROR,No result SELECT in output - likely execution error
TC-PA1589,SMALLINT UNSIGNED -> MEDIUMINT UNSIGNED,inplace,CREATE,NO_OUTPUT,ERROR,No result SELECT in output - likely execution error
TC-PA1591,SMALLINT UNSIGNED -> INT UNSIGNED,inplace,CREATE,NO_OUTPUT,ERROR,No result SELECT in output - likely execution error
TC-PA1593,SMALLINT UNSIGNED -> BIGINT UNSIGNED,inplace,CREATE,NO_OUTPUT,ERROR,No result SELECT in output - likely execution error
TC-PA1595,MEDIUMINT UNSIGNED -> INT UNSIGNED,inplace,CREATE,NO_OUTPUT,ERROR,No result SELECT in output - likely execution error
TC-PA1597,MEDIUMINT UNSIGNED -> BIGINT UNSIGNED,inplace,CREATE,NO_OUTPUT,ERROR,No result SELECT in output - likely execution error
TC-PA1599,INT UNSIGNED -> BIGINT UNSIGNED,inplace,CREATE,NO_OUTPUT,ERROR,No result SELECT in output - likely execution error
TC-PA1601,CHAR(1) -> CHAR(2),inplace,CREATE,NO_OUTPUT,ERROR,No result SELECT in output - likely execution error
TC-PA1603,CHAR(63) -> CHAR(64),inplace,CREATE,NO_OUTPUT,ERROR,No result SELECT in output - likely execution error
TC-PA1605,CHAR(254) -> CHAR(255),inplace,CREATE,NO_OUTPUT,ERROR,No result SELECT in output - likely execution error
TC-PA1607,VARCHAR(1) -> VARCHAR(2),inplace,CREATE,NO_OUTPUT,ERROR,No result SELECT in output - likely execution error
TC-PA1609,VARCHAR(254) -> VARCHAR(255),inplace,CREATE,NO_OUTPUT,ERROR,No result SELECT in output - likely execution error
TC-PA1611,VARCHAR(255) -> VARCHAR(256),inplace,CREATE,NO_OUTPUT,ERROR,No result SELECT in output - likely execution error
TC-PA1613,VARCHAR(85) -> VARCHAR(86),inplace,CREATE,NO_OUTPUT,ERROR,No result SELECT in output - likely execution error
TC-PA1615,VARCHAR(63) -> VARCHAR(64),inplace,CREATE,NO_OUTPUT,ERROR,No result SELECT in output - likely execution error
TC-PA1617,VARCHAR(64) -> VARCHAR(65),inplace,CREATE,NO_OUTPUT,ERROR,No result SELECT in output - likely execution error
TC-PA1619,VARCHAR(100) -> VARCHAR(200),inplace,CREATE,NO_OUTPUT,ERROR,No result SELECT in output - likely execution error
TC-PA1621,TINYINT -> SMALLINT,inplace,CREATE,NO_OUTPUT,ERROR,No result SELECT in output - likely execution error
TC-PA1623,TINYINT -> MEDIUMINT,inplace,CREATE,NO_OUTPUT,ERROR,No result SELECT in output - likely execution error
TC-PA1625,TINYINT -> INT,inplace,CREATE,NO_OUTPUT,ERROR,No result SELECT in output - likely execution error
TC-PA1627,TINYINT -> BIGINT,inplace,CREATE,NO_OUTPUT,ERROR,No result SELECT in output - likely execution error
TC-PA1629,SMALLINT -> MEDIUMINT,inplace,CREATE,NO_OUTPUT,ERROR,No result SELECT in output - likely execution error
TC-PA1631,SMALLINT -> INT,inplace,CREATE,NO_OUTPUT,ERROR,No result SELECT in output - likely execution error
TC-PA1633,SMALLINT -> BIGINT,inplace,CREATE,NO_OUTPUT,ERROR,No result SELECT in output - likely execution error
TC-PA1635,MEDIUMINT -> INT,inplace,CREATE,NO_OUTPUT,ERROR,No result SELECT in output - likely execution error
TC-PA1637,MEDIUMINT -> BIGINT,inplace,CREATE,NO_OUTPUT,ERROR,No result SELECT in output - likely execution error
TC-PA1639,INT -> BIGINT,inplace,CREATE,NO_OUTPUT,ERROR,No result SELECT in output - likely execution error
TC-PA1641,TINYINT UNSIGNED -> SMALLINT UNSIGNED,inplace,CREATE,NO_OUTPUT,ERROR,No result SELECT in output - likely execution error
TC-PA1643,TINYINT UNSIGNED -> MEDIUMINT UNSIGNED,inplace,CREATE,NO_OUTPUT,ERROR,No result SELECT in output - likely execution error
TC-PA1645,TINYINT UNSIGNED -> INT UNSIGNED,inplace,CREATE,NO_OUTPUT,ERROR,No result SELECT in output - likely execution error
TC-PA1647,TINYINT UNSIGNED -> BIGINT UNSIGNED,inplace,CREATE,NO_OUTPUT,ERROR,No result SELECT in output - likely execution error
TC-PA1649,SMALLINT UNSIGNED -> MEDIUMINT UNSIGNED,inplace,CREATE,NO_OUTPUT,ERROR,No result SELECT in output - likely execution error
TC-PA1651,SMALLINT UNSIGNED -> INT UNSIGNED,inplace,CREATE,NO_OUTPUT,ERROR,No result SELECT in output - likely execution error
TC-PA1653,SMALLINT UNSIGNED -> BIGINT UNSIGNED,inplace,CREATE,NO_OUTPUT,ERROR,No result SELECT in output - likely execution error
TC-PA1655,MEDIUMINT UNSIGNED -> INT UNSIGNED,inplace,CREATE,NO_OUTPUT,ERROR,No result SELECT in output - likely execution error
TC-PA1657,MEDIUMINT UNSIGNED -> BIGINT UNSIGNED,inplace,CREATE,NO_OUTPUT,ERROR,No result SELECT in output - likely execution error
TC-PA1659,INT UNSIGNED -> BIGINT UNSIGNED,inplace,CREATE,NO_OUTPUT,ERROR,No result SELECT in output - likely execution error
TC-PA1661,CHAR(1) -> CHAR(2),inplace,CREATE,NO_OUTPUT,ERROR,No result SELECT in output - likely execution error
TC-PA1663,CHAR(63) -> CHAR(64),inplace,CREATE,NO_OUTPUT,ERROR,No result SELECT in output - likely execution error
TC-PA1665,CHAR(254) -> CHAR(255),inplace,CREATE,NO_OUTPUT,ERROR,No result SELECT in output - likely execution error
TC-PA1667,VARCHAR(1) -> VARCHAR(2),inplace,CREATE,NO_OUTPUT,ERROR,No result SELECT in output - likely execution error
TC-PA1669,VARCHAR(254) -> VARCHAR(255),inplace,CREATE,NO_OUTPUT,ERROR,No result SELECT in output - likely execution error
TC-PA1671,VARCHAR(255) -> VARCHAR(256),inplace,CREATE,NO_OUTPUT,ERROR,No result SELECT in output - likely execution error
TC-PA1673,VARCHAR(85) -> VARCHAR(86),inplace,CREATE,NO_OUTPUT,ERROR,No result SELECT in output - likely execution error
TC-PA1675,VARCHAR(63) -> VARCHAR(64),inplace,CREATE,NO_OUTPUT,ERROR,No result SELECT in output - likely execution error
TC-PA1677,VARCHAR(64) -> VARCHAR(65),inplace,CREATE,NO_OUTPUT,ERROR,No result SELECT in output - likely execution error
TC-PA1679,VARCHAR(100) -> VARCHAR(200),inplace,CREATE,NO_OUTPUT,ERROR,No result SELECT in output - likely execution error
TC-PA1681,TINYINT -> SMALLINT,inplace,CREATE,NO_OUTPUT,ERROR,No result SELECT in output - likely execution error
TC-PA1683,TINYINT -> MEDIUMINT,inplace,CREATE,NO_OUTPUT,ERROR,No result SELECT in output - likely execution error
TC-PA1685,TINYINT -> INT,inplace,CREATE,NO_OUTPUT,ERROR,No result SELECT in output - likely execution error
TC-PA1687,TINYINT -> BIGINT,inplace,CREATE,NO_OUTPUT,ERROR,No result SELECT in output - likely execution error
TC-PA1689,SMALLINT -> MEDIUMINT,inplace,CREATE,NO_OUTPUT,ERROR,No result SELECT in output - likely execution error
TC-PA1691,SMALLINT -> INT,inplace,CREATE,NO_OUTPUT,ERROR,No result SELECT in output - likely execution error
TC-PA1693,SMALLINT -> BIGINT,inplace,CREATE,NO_OUTPUT,ERROR,No result SELECT in output - likely execution error
TC-PA1695,MEDIUMINT -> INT,inplace,CREATE,NO_OUTPUT,ERROR,No result SELECT in output - likely execution error
TC-PA1697,MEDIUMINT -> BIGINT,inplace,CREATE,NO_OUTPUT,ERROR,No result SELECT in output - likely execution error
TC-PA1699,INT -> BIGINT,inplace,CREATE,NO_OUTPUT,ERROR,No result SELECT in output - likely execution error
TC-PA1701,TINYINT UNSIGNED -> SMALLINT UNSIGNED,inplace,CREATE,NO_OUTPUT,ERROR,No result SELECT in output - likely execution error
TC-PA1703,TINYINT UNSIGNED -> MEDIUMINT UNSIGNED,inplace,CREATE,NO_OUTPUT,ERROR,No result SELECT in output - likely execution error
TC-PA1705,TINYINT UNSIGNED -> INT UNSIGNED,inplace,CREATE,NO_OUTPUT,ERROR,No result SELECT in output - likely execution error
TC-PA1707,TINYINT UNSIGNED -> BIGINT UNSIGNED,inplace,CREATE,NO_OUTPUT,ERROR,No result SELECT in output - likely execution error
TC-PA1709,SMALLINT UNSIGNED -> MEDIUMINT UNSIGNED,inplace,CREATE,NO_OUTPUT,ERROR,No result SELECT in output - likely execution error
TC-PA1711,SMALLINT UNSIGNED -> INT UNSIGNED,inplace,CREATE,NO_OUTPUT,ERROR,No result SELECT in output - likely execution error
TC-PA1713,SMALLINT UNSIGNED -> BIGINT UNSIGNED,inplace,CREATE,NO_OUTPUT,ERROR,No result SELECT in output - likely execution error
TC-PA1715,MEDIUMINT UNSIGNED -> INT UNSIGNED,inplace,CREATE,NO_OUTPUT,ERROR,No result SELECT in output - likely execution error
TC-PA1717,MEDIUMINT UNSIGNED -> BIGINT UNSIGNED,inplace,CREATE,NO_OUTPUT,ERROR,No result SELECT in output - likely execution error
TC-PA1719,INT UNSIGNED -> BIGINT UNSIGNED,inplace,CREATE,NO_OUTPUT,ERROR,No result SELECT in output - likely execution error
TC-PA1721,CHAR(1) -> CHAR(2),inplace,CREATE,NO_OUTPUT,ERROR,No result SELECT in output - likely execution error
TC-PA1723,CHAR(63) -> CHAR(64),inplace,CREATE,NO_OUTPUT,ERROR,No result SELECT in output - likely execution error
TC-PA1725,CHAR(254) -> CHAR(255),inplace,CREATE,NO_OUTPUT,ERROR,No result SELECT in output - likely execution error
TC-PA1727,VARCHAR(1) -> VARCHAR(2),inplace,CREATE,NO_OUTPUT,ERROR,No result SELECT in output - likely execution error
TC-PA1729,VARCHAR(254) -> VARCHAR(255),inplace,CREATE,NO_OUTPUT,ERROR,No result SELECT in output - likely execution error
TC-PA1731,VARCHAR(255) -> VARCHAR(256),inplace,CREATE,NO_OUTPUT,ERROR,No result SELECT in output - likely execution error
TC-PA1733,VARCHAR(85) -> VARCHAR(86),inplace,CREATE,NO_OUTPUT,ERROR,No result SELECT in output - likely execution error
TC-PA1735,VARCHAR(63) -> VARCHAR(64),inplace,CREATE,NO_OUTPUT,ERROR,No result SELECT in output - likely execution error
TC-PA1737,VARCHAR(64) -> VARCHAR(65),inplace,CREATE,NO_OUTPUT,ERROR,No result SELECT in output - likely execution error
TC-PA1739,VARCHAR(100) -> VARCHAR(200),inplace,CREATE,NO_OUTPUT,ERROR,No result SELECT in output - likely execution error
TC-PA1741,TINYINT -> SMALLINT,inplace,CREATE,NO_OUTPUT,ERROR,No result SELECT in output - likely execution error
TC-PA1743,TINYINT -> MEDIUMINT,inplace,CREATE,NO_OUTPUT,ERROR,No result SELECT in output - likely execution error
TC-PA1745,TINYINT -> INT,inplace,CREATE,NO_OUTPUT,ERROR,No result SELECT in output - likely execution error
TC-PA1747,TINYINT -> BIGINT,inplace,CREATE,NO_OUTPUT,ERROR,No result SELECT in output - likely execution error
TC-PA1749,SMALLINT -> MEDIUMINT,inplace,CREATE,NO_OUTPUT,ERROR,No result SELECT in output - likely execution error
TC-PA1751,SMALLINT -> INT,inplace,CREATE,NO_OUTPUT,ERROR,No result SELECT in output - likely execution error
TC-PA1753,SMALLINT -> BIGINT,inplace,CREATE,NO_OUTPUT,ERROR,No result SELECT in output - likely execution error
TC-PA1755,MEDIUMINT -> INT,inplace,CREATE,NO_OUTPUT,ERROR,No result SELECT in output - likely execution error
TC-PA1757,MEDIUMINT -> BIGINT,inplace,CREATE,NO_OUTPUT,ERROR,No result SELECT in output - likely execution error
TC-PA1759,INT -> BIGINT,inplace,CREATE,NO_OUTPUT,ERROR,No result SELECT in output - likely execution error
TC-PA1761,TINYINT UNSIGNED -> SMALLINT UNSIGNED,inplace,CREATE,NO_OUTPUT,ERROR,No result SELECT in output - likely execution error
TC-PA1763,TINYINT UNSIGNED -> MEDIUMINT UNSIGNED,inplace,CREATE,NO_OUTPUT,ERROR,No result SELECT in output - likely execution error
TC-PA1765,TINYINT UNSIGNED -> INT UNSIGNED,inplace,CREATE,NO_OUTPUT,ERROR,No result SELECT in output - likely execution error
TC-PA1767,TINYINT UNSIGNED -> BIGINT UNSIGNED,inplace,CREATE,NO_OUTPUT,ERROR,No result SELECT in output - likely execution error
TC-PA1769,SMALLINT UNSIGNED -> MEDIUMINT UNSIGNED,inplace,CREATE,NO_OUTPUT,ERROR,No result SELECT in output - likely execution error
TC-PA1771,SMALLINT UNSIGNED -> INT UNSIGNED,inplace,CREATE,NO_OUTPUT,ERROR,No result SELECT in output - likely execution error
TC-PA1773,SMALLINT UNSIGNED -> BIGINT UNSIGNED,inplace,CREATE,NO_OUTPUT,ERROR,No result SELECT in output - likely execution error
TC-PA1775,MEDIUMINT UNSIGNED -> INT UNSIGNED,inplace,CREATE,NO_OUTPUT,ERROR,No result SELECT in output - likely execution error
TC-PA1777,MEDIUMINT UNSIGNED -> BIGINT UNSIGNED,inplace,CREATE,NO_OUTPUT,ERROR,No result SELECT in output - likely execution error
TC-PA1779,INT UNSIGNED -> BIGINT UNSIGNED,inplace,CREATE,NO_OUTPUT,ERROR,No result SELECT in output - likely execution error
TC-PA1781,CHAR(1) -> CHAR(2),inplace,CREATE,NO_OUTPUT,ERROR,No result SELECT in output - likely execution error
TC-PA1783,CHAR(63) -> CHAR(64),inplace,CREATE,NO_OUTPUT,ERROR,No result SELECT in output - likely execution error
TC-PA1785,CHAR(254) -> CHAR(255),inplace,CREATE,NO_OUTPUT,ERROR,No result SELECT in output - likely execution error
TC-PA1787,VARCHAR(1) -> VARCHAR(2),inplace,CREATE,NO_OUTPUT,ERROR,No result SELECT in output - likely execution error
TC-PA1789,VARCHAR(254) -> VARCHAR(255),inplace,CREATE,NO_OUTPUT,ERROR,No result SELECT in output - likely execution error
TC-PA1791,VARCHAR(255) -> VARCHAR(256),inplace,CREATE,NO_OUTPUT,ERROR,No result SELECT in output - likely execution error
TC-PA1793,VARCHAR(85) -> VARCHAR(86),inplace,CREATE,NO_OUTPUT,ERROR,No result SELECT in output - likely execution error
TC-PA1795,VARCHAR(63) -> VARCHAR(64),inplace,CREATE,NO_OUTPUT,ERROR,No result SELECT in output - likely execution error
TC-PA1797,VARCHAR(64) -> VARCHAR(65),inplace,CREATE,NO_OUTPUT,ERROR,No result SELECT in output - likely execution error
TC-PA1799,VARCHAR(100) -> VARCHAR(200),inplace,CREATE,NO_OUTPUT,ERROR,No result SELECT in output - likely execution error
TC-PA1801,TINYINT -> SMALLINT,inplace,CREATE,NO_OUTPUT,ERROR,No result SELECT in output - likely execution error
TC-PA1803,TINYINT -> MEDIUMINT,inplace,CREATE,NO_OUTPUT,ERROR,No result SELECT in output - likely execution error
TC-PA1805,TINYINT -> INT,inplace,CREATE,NO_OUTPUT,ERROR,No result SELECT in output - likely execution error
TC-PA1807,TINYINT -> BIGINT,inplace,CREATE,NO_OUTPUT,ERROR,No result SELECT in output - likely execution error
TC-PA1809,SMALLINT -> MEDIUMINT,inplace,CREATE,NO_OUTPUT,ERROR,No result SELECT in output - likely execution error
TC-PA1811,SMALLINT -> INT,inplace,CREATE,NO_OUTPUT,ERROR,No result SELECT in output - likely execution error
TC-PA1813,SMALLINT -> BIGINT,inplace,CREATE,NO_OUTPUT,ERROR,No result SELECT in output - likely execution error
TC-PA1815,MEDIUMINT -> INT,inplace,CREATE,NO_OUTPUT,ERROR,No result SELECT in output - likely execution error
TC-PA1817,MEDIUMINT -> BIGINT,inplace,CREATE,NO_OUTPUT,ERROR,No result SELECT in output - likely execution error
TC-PA1819,INT -> BIGINT,inplace,CREATE,NO_OUTPUT,ERROR,No result SELECT in output - likely execution error
TC-PA1821,TINYINT UNSIGNED -> SMALLINT UNSIGNED,inplace,CREATE,NO_OUTPUT,ERROR,No result SELECT in output - likely execution error
TC-PA1823,TINYINT UNSIGNED -> MEDIUMINT UNSIGNED,inplace,CREATE,NO_OUTPUT,ERROR,No result SELECT in output - likely execution error
TC-PA1825,TINYINT UNSIGNED -> INT UNSIGNED,inplace,CREATE,NO_OUTPUT,ERROR,No result SELECT in output - likely execution error
TC-PA1827,TINYINT UNSIGNED -> BIGINT UNSIGNED,inplace,CREATE,NO_OUTPUT,ERROR,No result SELECT in output - likely execution error
TC-PA1829,SMALLINT UNSIGNED -> MEDIUMINT UNSIGNED,inplace,CREATE,NO_OUTPUT,ERROR,No result SELECT in output - likely execution error
TC-PA1831,SMALLINT UNSIGNED -> INT UNSIGNED,inplace,CREATE,NO_OUTPUT,ERROR,No result SELECT in output - likely execution error
TC-PA1833,SMALLINT UNSIGNED -> BIGINT UNSIGNED,inplace,CREATE,NO_OUTPUT,ERROR,No result SELECT in output - likely execution error
TC-PA1835,MEDIUMINT UNSIGNED -> INT UNSIGNED,inplace,CREATE,NO_OUTPUT,ERROR,No result SELECT in output - likely execution error
TC-PA1837,MEDIUMINT UNSIGNED -> BIGINT UNSIGNED,inplace,CREATE,NO_OUTPUT,ERROR,No result SELECT in output - likely execution error
TC-PA1839,INT UNSIGNED -> BIGINT UNSIGNED,inplace,CREATE,NO_OUTPUT,ERROR,No result SELECT in output - likely execution error
TC-PA1841,CHAR(1) -> CHAR(2),inplace,CREATE,NO_OUTPUT,ERROR,No result SELECT in output - likely execution error
TC-PA1843,CHAR(63) -> CHAR(64),inplace,CREATE,NO_OUTPUT,ERROR,No result SELECT in output - likely execution error
TC-PA1845,CHAR(254) -> CHAR(255),inplace,CREATE,NO_OUTPUT,ERROR,No result SELECT in output - likely execution error
TC-PA1847,VARCHAR(1) -> VARCHAR(2),inplace,CREATE,NO_OUTPUT,ERROR,No result SELECT in output - likely execution error
TC-PA1849,VARCHAR(254) -> VARCHAR(255),inplace,CREATE,NO_OUTPUT,ERROR,No result SELECT in output - likely execution error
TC-PA1851,VARCHAR(255) -> VARCHAR(256),inplace,CREATE,NO_OUTPUT,ERROR,No result SELECT in output - likely execution error
TC-PA1853,VARCHAR(85) -> VARCHAR(86),inplace,CREATE,NO_OUTPUT,ERROR,No result SELECT in output - likely execution error
TC-PA1855,VARCHAR(63) -> VARCHAR(64),inplace,CREATE,NO_OUTPUT,ERROR,No result SELECT in output - likely execution error
TC-PA1857,VARCHAR(64) -> VARCHAR(65),inplace,CREATE,NO_OUTPUT,ERROR,No result SELECT in output - likely execution error
TC-PA1859,VARCHAR(100) -> VARCHAR(200),inplace,CREATE,NO_OUTPUT,ERROR,No result SELECT in output - likely execution error
TC-PA1861,TINYINT -> SMALLINT,inplace,CREATE,NO_OUTPUT,ERROR,No result SELECT in output - likely execution error
TC-PA1863,TINYINT -> MEDIUMINT,inplace,CREATE,NO_OUTPUT,ERROR,No result SELECT in output - likely execution error
TC-PA1865,TINYINT -> INT,inplace,CREATE,NO_OUTPUT,ERROR,No result SELECT in output - likely execution error
TC-PA1867,TINYINT -> BIGINT,inplace,CREATE,NO_OUTPUT,ERROR,No result SELECT in output - likely execution error
TC-PA1869,SMALLINT -> MEDIUMINT,inplace,CREATE,NO_OUTPUT,ERROR,No result SELECT in output - likely execution error
TC-PA1871,SMALLINT -> INT,inplace,CREATE,NO_OUTPUT,ERROR,No result SELECT in output - likely execution error
TC-PA1873,SMALLINT -> BIGINT,inplace,CREATE,NO_OUTPUT,ERROR,No result SELECT in output - likely execution error
TC-PA1875,MEDIUMINT -> INT,inplace,CREATE,NO_OUTPUT,ERROR,No result SELECT in output - likely execution error
TC-PA1877,MEDIUMINT -> BIGINT,inplace,CREATE,NO_OUTPUT,ERROR,No result SELECT in output - likely execution error
TC-PA1879,INT -> BIGINT,inplace,CREATE,NO_OUTPUT,ERROR,No result SELECT in output - likely execution error
TC-PA1881,TINYINT UNSIGNED -> SMALLINT UNSIGNED,inplace,CREATE,NO_OUTPUT,ERROR,No result SELECT in output - likely execution error
TC-PA1883,TINYINT UNSIGNED -> MEDIUMINT UNSIGNED,inplace,CREATE,NO_OUTPUT,ERROR,No result SELECT in output - likely execution error
TC-PA1885,TINYINT UNSIGNED -> INT UNSIGNED,inplace,CREATE,NO_OUTPUT,ERROR,No result SELECT in output - likely execution error
TC-PA1887,TINYINT UNSIGNED -> BIGINT UNSIGNED,inplace,CREATE,NO_OUTPUT,ERROR,No result SELECT in output - likely execution error
TC-PA1889,SMALLINT UNSIGNED -> MEDIUMINT UNSIGNED,inplace,CREATE,NO_OUTPUT,ERROR,No result SELECT in output - likely execution error
TC-PA1891,SMALLINT UNSIGNED -> INT UNSIGNED,inplace,CREATE,NO_OUTPUT,ERROR,No result SELECT in output - likely execution error
TC-PA1893,SMALLINT UNSIGNED -> BIGINT UNSIGNED,inplace,CREATE,NO_OUTPUT,ERROR,No result SELECT in output - likely execution error
TC-PA1895,MEDIUMINT UNSIGNED -> INT UNSIGNED,inplace,CREATE,NO_OUTPUT,ERROR,No result SELECT in output - likely execution error
TC-PA1897,MEDIUMINT UNSIGNED -> BIGINT UNSIGNED,inplace,CREATE,NO_OUTPUT,ERROR,No result SELECT in output - likely execution error
TC-PA1899,INT UNSIGNED -> BIGINT UNSIGNED,inplace,CREATE,NO_OUTPUT,ERROR,No result SELECT in output - likely execution error
TC-PA1901,CHAR(1) -> CHAR(2),inplace,CREATE,NO_OUTPUT,ERROR,No result SELECT in output - likely execution error
TC-PA1903,CHAR(63) -> CHAR(64),inplace,CREATE,NO_OUTPUT,ERROR,No result SELECT in output - likely execution error
TC-PA1905,CHAR(254) -> CHAR(255),inplace,CREATE,NO_OUTPUT,ERROR,No result SELECT in output - likely execution error
TC-PA1907,VARCHAR(1) -> VARCHAR(2),inplace,CREATE,NO_OUTPUT,ERROR,No result SELECT in output - likely execution error
TC-PA1909,VARCHAR(254) -> VARCHAR(255),inplace,CREATE,NO_OUTPUT,ERROR,No result SELECT in output - likely execution error
TC-PA1911,VARCHAR(255) -> VARCHAR(256),inplace,CREATE,NO_OUTPUT,ERROR,No result SELECT in output - likely execution error
TC-PA1913,VARCHAR(85) -> VARCHAR(86),inplace,CREATE,NO_OUTPUT,ERROR,No result SELECT in output - likely execution error
TC-PA1915,VARCHAR(63) -> VARCHAR(64),inplace,CREATE,NO_OUTPUT,ERROR,No result SELECT in output - likely execution error
TC-PA1917,VARCHAR(64) -> VARCHAR(65),inplace,CREATE,NO_OUTPUT,ERROR,No result SELECT in output - likely execution error
TC-PA1919,VARCHAR(100) -> VARCHAR(200),inplace,CREATE,NO_OUTPUT,ERROR,No result SELECT in output - likely execution error
TC-PA1921,TINYINT -> SMALLINT,inplace,CREATE,NO_OUTPUT,ERROR,No result SELECT in output - likely execution error
TC-PA1923,TINYINT -> MEDIUMINT,inplace,CREATE,NO_OUTPUT,ERROR,No result SELECT in output - likely execution error
TC-PA1925,TINYINT -> INT,inplace,CREATE,NO_OUTPUT,ERROR,No result SELECT in output - likely execution error
TC-PA1927,TINYINT -> BIGINT,inplace,CREATE,NO_OUTPUT,ERROR,No result SELECT in output - likely execution error
TC-PA1929,SMALLINT -> MEDIUMINT,inplace,CREATE,NO_OUTPUT,ERROR,No result SELECT in output - likely execution error
TC-PA1931,SMALLINT -> INT,inplace,CREATE,NO_OUTPUT,ERROR,No result SELECT in output - likely execution error
TC-PA1933,SMALLINT -> BIGINT,inplace,CREATE,NO_OUTPUT,ERROR,No result SELECT in output - likely execution error
TC-PA1935,MEDIUMINT -> INT,inplace,CREATE,NO_OUTPUT,ERROR,No result SELECT in output - likely execution error
TC-PA1937,MEDIUMINT -> BIGINT,inplace,CREATE,NO_OUTPUT,ERROR,No result SELECT in output - likely execution error
TC-PA1939,INT -> BIGINT,inplace,CREATE,NO_OUTPUT,ERROR,No result SELECT in output - likely execution error
TC-PA1941,TINYINT UNSIGNED -> SMALLINT UNSIGNED,inplace,CREATE,NO_OUTPUT,ERROR,No result SELECT in output - likely execution error
TC-PA1943,TINYINT UNSIGNED -> MEDIUMINT UNSIGNED,inplace,CREATE,NO_OUTPUT,ERROR,No result SELECT in output - likely execution error
TC-PA1945,TINYINT UNSIGNED -> INT UNSIGNED,inplace,CREATE,NO_OUTPUT,ERROR,No result SELECT in output - likely execution error
TC-PA1947,TINYINT UNSIGNED -> BIGINT UNSIGNED,inplace,CREATE,NO_OUTPUT,ERROR,No result SELECT in output - likely execution error
TC-PA1949,SMALLINT UNSIGNED -> MEDIUMINT UNSIGNED,inplace,CREATE,NO_OUTPUT,ERROR,No result SELECT in output - likely execution error
TC-PA1951,SMALLINT UNSIGNED -> INT UNSIGNED,inplace,CREATE,NO_OUTPUT,ERROR,No result SELECT in output - likely execution error
TC-PA1953,SMALLINT UNSIGNED -> BIGINT UNSIGNED,inplace,CREATE,NO_OUTPUT,ERROR,No result SELECT in output - likely execution error
TC-PA1955,MEDIUMINT UNSIGNED -> INT UNSIGNED,inplace,CREATE,NO_OUTPUT,ERROR,No result SELECT in output - likely execution error
TC-PA1957,MEDIUMINT UNSIGNED -> BIGINT UNSIGNED,inplace,CREATE,NO_OUTPUT,ERROR,No result SELECT in output - likely execution error
TC-PA1959,INT UNSIGNED -> BIGINT UNSIGNED,inplace,CREATE,NO_OUTPUT,ERROR,No result SELECT in output - likely execution error
TC-PA1981,TINYINT -> SMALLINT,inplace,CREATE,NO_OUTPUT,ERROR,No result SELECT in output - likely execution error
TC-PA1983,TINYINT -> MEDIUMINT,inplace,CREATE,NO_OUTPUT,ERROR,No result SELECT in output - likely execution error
TC-PA1985,TINYINT -> INT,inplace,CREATE,NO_OUTPUT,ERROR,No result SELECT in output - likely execution error
TC-PA1987,TINYINT -> BIGINT,inplace,CREATE,NO_OUTPUT,ERROR,No result SELECT in output - likely execution error
TC-PA1989,SMALLINT -> MEDIUMINT,inplace,CREATE,NO_OUTPUT,ERROR,No result SELECT in output - likely execution error
TC-PA1991,SMALLINT -> INT,inplace,CREATE,NO_OUTPUT,ERROR,No result SELECT in output - likely execution error
TC-PA1993,SMALLINT -> BIGINT,inplace,CREATE,NO_OUTPUT,ERROR,No result SELECT in output - likely execution error
TC-PA1995,MEDIUMINT -> INT,inplace,CREATE,NO_OUTPUT,ERROR,No result SELECT in output - likely execution error
TC-PA1997,MEDIUMINT -> BIGINT,inplace,CREATE,NO_OUTPUT,ERROR,No result SELECT in output - likely execution error
TC-PA1999,INT -> BIGINT,inplace,CREATE,NO_OUTPUT,ERROR,No result SELECT in output - likely execution error
TC-PA2001,TINYINT UNSIGNED -> SMALLINT UNSIGNED,inplace,CREATE,NO_OUTPUT,ERROR,No result SELECT in output - likely execution error
TC-PA2003,TINYINT UNSIGNED -> MEDIUMINT UNSIGNED,inplace,CREATE,NO_OUTPUT,ERROR,No result SELECT in output - likely execution error
TC-PA2005,TINYINT UNSIGNED -> INT UNSIGNED,inplace,CREATE,NO_OUTPUT,ERROR,No result SELECT in output - likely execution error
TC-PA2007,TINYINT UNSIGNED -> BIGINT UNSIGNED,inplace,CREATE,NO_OUTPUT,ERROR,No result SELECT in output - likely execution error
TC-PA2009,SMALLINT UNSIGNED -> MEDIUMINT UNSIGNED,inplace,CREATE,NO_OUTPUT,ERROR,No result SELECT in output - likely execution error
TC-PA2011,SMALLINT UNSIGNED -> INT UNSIGNED,inplace,CREATE,NO_OUTPUT,ERROR,No result SELECT in output - likely execution error
TC-PA2013,SMALLINT UNSIGNED -> BIGINT UNSIGNED,inplace,CREATE,NO_OUTPUT,ERROR,No result SELECT in output - likely execution error
TC-PA2015,MEDIUMINT UNSIGNED -> INT UNSIGNED,inplace,CREATE,NO_OUTPUT,ERROR,No result SELECT in output - likely execution error
TC-PA2017,MEDIUMINT UNSIGNED -> BIGINT UNSIGNED,inplace,CREATE,NO_OUTPUT,ERROR,No result SELECT in output - likely execution error
TC-PA2019,INT UNSIGNED -> BIGINT UNSIGNED,inplace,CREATE,NO_OUTPUT,ERROR,No result SELECT in output - likely execution error
TC-PA2041,TINYINT -> SMALLINT,inplace,CREATE,NO_OUTPUT,ERROR,No result SELECT in output - likely execution error
TC-PA2043,TINYINT -> MEDIUMINT,inplace,CREATE,NO_OUTPUT,ERROR,No result SELECT in output - likely execution error
TC-PA2045,TINYINT -> INT,inplace,CREATE,NO_OUTPUT,ERROR,No result SELECT in output - likely execution error
TC-PA2047,TINYINT -> BIGINT,inplace,CREATE,NO_OUTPUT,ERROR,No result SELECT in output - likely execution error
TC-PA2049,SMALLINT -> MEDIUMINT,inplace,CREATE,NO_OUTPUT,ERROR,No result SELECT in output - likely execution error
TC-PA2051,SMALLINT -> INT,inplace,CREATE,NO_OUTPUT,ERROR,No result SELECT in output - likely execution error
TC-PA2053,SMALLINT -> BIGINT,inplace,CREATE,NO_OUTPUT,ERROR,No result SELECT in output - likely execution error
TC-PA2055,MEDIUMINT -> INT,inplace,CREATE,NO_OUTPUT,ERROR,No result SELECT in output - likely execution error
TC-PA2057,MEDIUMINT -> BIGINT,inplace,CREATE,NO_OUTPUT,ERROR,No result SELECT in output - likely execution error
TC-PA2059,INT -> BIGINT,inplace,CREATE,NO_OUTPUT,ERROR,No result SELECT in output - likely execution error
TC-PA2061,TINYINT UNSIGNED -> SMALLINT UNSIGNED,inplace,CREATE,NO_OUTPUT,ERROR,No result SELECT in output - likely execution error
TC-PA2063,TINYINT UNSIGNED -> MEDIUMINT UNSIGNED,inplace,CREATE,NO_OUTPUT,ERROR,No result SELECT in output - likely execution error
TC-PA2065,TINYINT UNSIGNED -> INT UNSIGNED,inplace,CREATE,NO_OUTPUT,ERROR,No result SELECT in output - likely execution error
TC-PA2067,TINYINT UNSIGNED -> BIGINT UNSIGNED,inplace,CREATE,NO_OUTPUT,ERROR,No result SELECT in output - likely execution error
TC-PA2069,SMALLINT UNSIGNED -> MEDIUMINT UNSIGNED,inplace,CREATE,NO_OUTPUT,ERROR,No result SELECT in output - likely execution error
TC-PA2071,SMALLINT UNSIGNED -> INT UNSIGNED,inplace,CREATE,NO_OUTPUT,ERROR,No result SELECT in output - likely execution error
TC-PA2073,SMALLINT UNSIGNED -> BIGINT UNSIGNED,inplace,CREATE,NO_OUTPUT,ERROR,No result SELECT in output - likely execution error
TC-PA2075,MEDIUMINT UNSIGNED -> INT UNSIGNED,inplace,CREATE,NO_OUTPUT,ERROR,No result SELECT in output - likely execution error
TC-PA2077,MEDIUMINT UNSIGNED -> BIGINT UNSIGNED,inplace,CREATE,NO_OUTPUT,ERROR,No result SELECT in output - likely execution error
TC-PA2079,INT UNSIGNED -> BIGINT UNSIGNED,inplace,CREATE,NO_OUTPUT,ERROR,No result SELECT in output - likely execution error
TC-PA2101,TINYINT -> SMALLINT,inplace,CREATE,NO_OUTPUT,ERROR,No result SELECT in output - likely execution error
TC-PA2103,TINYINT -> MEDIUMINT,inplace,CREATE,NO_OUTPUT,ERROR,No result SELECT in output - likely execution error
TC-PA2105,TINYINT -> INT,inplace,CREATE,NO_OUTPUT,ERROR,No result SELECT in output - likely execution error
TC-PA2107,TINYINT -> BIGINT,inplace,CREATE,NO_OUTPUT,ERROR,No result SELECT in output - likely execution error
TC-PA2109,SMALLINT -> MEDIUMINT,inplace,CREATE,NO_OUTPUT,ERROR,No result SELECT in output - likely execution error
TC-PA2111,SMALLINT -> INT,inplace,CREATE,NO_OUTPUT,ERROR,No result SELECT in output - likely execution error
TC-PA2113,SMALLINT -> BIGINT,inplace,CREATE,NO_OUTPUT,ERROR,No result SELECT in output - likely execution error
TC-PA2115,MEDIUMINT -> INT,inplace,CREATE,NO_OUTPUT,ERROR,No result SELECT in output - likely execution error
TC-PA2117,MEDIUMINT -> BIGINT,inplace,CREATE,NO_OUTPUT,ERROR,No result SELECT in output - likely execution error
TC-PA2119,INT -> BIGINT,inplace,CREATE,NO_OUTPUT,ERROR,No result SELECT in output - likely execution error
TC-PA2121,TINYINT UNSIGNED -> SMALLINT UNSIGNED,inplace,CREATE,NO_OUTPUT,ERROR,No result SELECT in output - likely execution error
TC-PA2123,TINYINT UNSIGNED -> MEDIUMINT UNSIGNED,inplace,CREATE,NO_OUTPUT,ERROR,No result SELECT in output - likely execution error
TC-PA2125,TINYINT UNSIGNED -> INT UNSIGNED,inplace,CREATE,NO_OUTPUT,ERROR,No result SELECT in output - likely execution error
TC-PA2127,TINYINT UNSIGNED -> BIGINT UNSIGNED,inplace,CREATE,NO_OUTPUT,ERROR,No result SELECT in output - likely execution error
TC-PA2129,SMALLINT UNSIGNED -> MEDIUMINT UNSIGNED,inplace,CREATE,NO_OUTPUT,ERROR,No result SELECT in output - likely execution error
TC-PA2131,SMALLINT UNSIGNED -> INT UNSIGNED,inplace,CREATE,NO_OUTPUT,ERROR,No result SELECT in output - likely execution error
TC-PA2133,SMALLINT UNSIGNED -> BIGINT UNSIGNED,inplace,CREATE,NO_OUTPUT,ERROR,No result SELECT in output - likely execution error
TC-PA2135,MEDIUMINT UNSIGNED -> INT UNSIGNED,inplace,CREATE,NO_OUTPUT,ERROR,No result SELECT in output - likely execution error
TC-PA2137,MEDIUMINT UNSIGNED -> BIGINT UNSIGNED,inplace,CREATE,NO_OUTPUT,ERROR,No result SELECT in output - likely execution error
TC-PA2139,INT UNSIGNED -> BIGINT UNSIGNED,inplace,CREATE,NO_OUTPUT,ERROR,No result SELECT in output - likely execution error
TC-PA2161,TINYINT -> SMALLINT,inplace,CREATE,NO_OUTPUT,ERROR,No result SELECT in output - likely execution error
TC-PA2163,TINYINT -> MEDIUMINT,inplace,CREATE,NO_OUTPUT,ERROR,No result SELECT in output - likely execution error
TC-PA2165,TINYINT -> INT,inplace,CREATE,NO_OUTPUT,ERROR,No result SELECT in output - likely execution error
TC-PA2167,TINYINT -> BIGINT,inplace,CREATE,NO_OUTPUT,ERROR,No result SELECT in output - likely execution error
TC-PA2169,SMALLINT -> MEDIUMINT,inplace,CREATE,NO_OUTPUT,ERROR,No result SELECT in output - likely execution error
TC-PA2171,SMALLINT -> INT,inplace,CREATE,NO_OUTPUT,ERROR,No result SELECT in output - likely execution error
TC-PA2173,SMALLINT -> BIGINT,inplace,CREATE,NO_OUTPUT,ERROR,No result SELECT in output - likely execution error
TC-PA2175,MEDIUMINT -> INT,inplace,CREATE,NO_OUTPUT,ERROR,No result SELECT in output - likely execution error
TC-PA2177,MEDIUMINT -> BIGINT,inplace,CREATE,NO_OUTPUT,ERROR,No result SELECT in output - likely execution error
TC-PA2179,INT -> BIGINT,inplace,CREATE,NO_OUTPUT,ERROR,No result SELECT in output - likely execution error
TC-PA2181,TINYINT UNSIGNED -> SMALLINT UNSIGNED,inplace,CREATE,NO_OUTPUT,ERROR,No result SELECT in output - likely execution error
TC-PA2183,TINYINT UNSIGNED -> MEDIUMINT UNSIGNED,inplace,CREATE,NO_OUTPUT,ERROR,No result SELECT in output - likely execution error
TC-PA2185,TINYINT UNSIGNED -> INT UNSIGNED,inplace,CREATE,NO_OUTPUT,ERROR,No result SELECT in output - likely execution error
TC-PA2187,TINYINT UNSIGNED -> BIGINT UNSIGNED,inplace,CREATE,NO_OUTPUT,ERROR,No result SELECT in output - likely execution error
TC-PA2189,SMALLINT UNSIGNED -> MEDIUMINT UNSIGNED,inplace,CREATE,NO_OUTPUT,ERROR,No result SELECT in output - likely execution error
TC-PA2191,SMALLINT UNSIGNED -> INT UNSIGNED,inplace,CREATE,NO_OUTPUT,ERROR,No result SELECT in output - likely execution error
TC-PA2193,SMALLINT UNSIGNED -> BIGINT UNSIGNED,inplace,CREATE,NO_OUTPUT,ERROR,No result SELECT in output - likely execution error
TC-PA2195,MEDIUMINT UNSIGNED -> INT UNSIGNED,inplace,CREATE,NO_OUTPUT,ERROR,No result SELECT in output - likely execution error
TC-PA2197,MEDIUMINT UNSIGNED -> BIGINT UNSIGNED,inplace,CREATE,NO_OUTPUT,ERROR,No result SELECT in output - likely execution error
TC-PA2199,INT UNSIGNED -> BIGINT UNSIGNED,inplace,CREATE,NO_OUTPUT,ERROR,No result SELECT in output - likely execution error
TC-PA2221,TINYINT -> SMALLINT,inplace,CREATE,NO_OUTPUT,ERROR,No result SELECT in output - likely execution error
TC-PA2223,TINYINT -> MEDIUMINT,inplace,CREATE,NO_OUTPUT,ERROR,No result SELECT in output - likely execution error
TC-PA2225,TINYINT -> INT,inplace,CREATE,NO_OUTPUT,ERROR,No result SELECT in output - likely execution error
TC-PA2227,TINYINT -> BIGINT,inplace,CREATE,NO_OUTPUT,ERROR,No result SELECT in output - likely execution error
TC-PA2229,SMALLINT -> MEDIUMINT,inplace,CREATE,NO_OUTPUT,ERROR,No result SELECT in output - likely execution error
TC-PA2231,SMALLINT -> INT,inplace,CREATE,NO_OUTPUT,ERROR,No result SELECT in output - likely execution error
TC-PA2233,SMALLINT -> BIGINT,inplace,CREATE,NO_OUTPUT,ERROR,No result SELECT in output - likely execution error
TC-PA2235,MEDIUMINT -> INT,inplace,CREATE,NO_OUTPUT,ERROR,No result SELECT in output - likely execution error
TC-PA2237,MEDIUMINT -> BIGINT,inplace,CREATE,NO_OUTPUT,ERROR,No result SELECT in output - likely execution error
TC-PA2239,INT -> BIGINT,inplace,CREATE,NO_OUTPUT,ERROR,No result SELECT in output - likely execution error
TC-PA2241,TINYINT UNSIGNED -> SMALLINT UNSIGNED,inplace,CREATE,NO_OUTPUT,ERROR,No result SELECT in output - likely execution error
TC-PA2243,TINYINT UNSIGNED -> MEDIUMINT UNSIGNED,inplace,CREATE,NO_OUTPUT,ERROR,No result SELECT in output - likely execution error
TC-PA2245,TINYINT UNSIGNED -> INT UNSIGNED,inplace,CREATE,NO_OUTPUT,ERROR,No result SELECT in output - likely execution error
TC-PA2247,TINYINT UNSIGNED -> BIGINT UNSIGNED,inplace,CREATE,NO_OUTPUT,ERROR,No result SELECT in output - likely execution error
TC-PA2249,SMALLINT UNSIGNED -> MEDIUMINT UNSIGNED,inplace,CREATE,NO_OUTPUT,ERROR,No result SELECT in output - likely execution error
TC-PA2251,SMALLINT UNSIGNED -> INT UNSIGNED,inplace,CREATE,NO_OUTPUT,ERROR,No result SELECT in output - likely execution error
TC-PA2253,SMALLINT UNSIGNED -> BIGINT UNSIGNED,inplace,CREATE,NO_OUTPUT,ERROR,No result SELECT in output - likely execution error
TC-PA2255,MEDIUMINT UNSIGNED -> INT UNSIGNED,inplace,CREATE,NO_OUTPUT,ERROR,No result SELECT in output - likely execution error
TC-PA2257,MEDIUMINT UNSIGNED -> BIGINT UNSIGNED,inplace,CREATE,NO_OUTPUT,ERROR,No result SELECT in output - likely execution error
TC-PA2259,INT UNSIGNED -> BIGINT UNSIGNED,inplace,CREATE,NO_OUTPUT,ERROR,No result SELECT in output - likely execution error
TC-PA2281,TINYINT -> SMALLINT,inplace,CREATE,NO_OUTPUT,ERROR,No result SELECT in output - likely execution error
TC-PA2283,TINYINT -> MEDIUMINT,inplace,CREATE,NO_OUTPUT,ERROR,No result SELECT in output - likely execution error
TC-PA2285,TINYINT -> INT,inplace,CREATE,NO_OUTPUT,ERROR,No result SELECT in output - likely execution error
TC-PA2287,TINYINT -> BIGINT,inplace,CREATE,NO_OUTPUT,ERROR,No result SELECT in output - likely execution error
TC-PA2289,SMALLINT -> MEDIUMINT,inplace,CREATE,NO_OUTPUT,ERROR,No result SELECT in output - likely execution error
TC-PA2291,SMALLINT -> INT,inplace,CREATE,NO_OUTPUT,ERROR,No result SELECT in output - likely execution error
TC-PA2293,SMALLINT -> BIGINT,inplace,CREATE,NO_OUTPUT,ERROR,No result SELECT in output - likely execution error
TC-PA2295,MEDIUMINT -> INT,inplace,CREATE,NO_OUTPUT,ERROR,No result SELECT in output - likely execution error
TC-PA2297,MEDIUMINT -> BIGINT,inplace,CREATE,NO_OUTPUT,ERROR,No result SELECT in output - likely execution error
TC-PA2299,INT -> BIGINT,inplace,CREATE,NO_OUTPUT,ERROR,No result SELECT in output - likely execution error
TC-PA2301,TINYINT UNSIGNED -> SMALLINT UNSIGNED,inplace,CREATE,NO_OUTPUT,ERROR,No result SELECT in output - likely execution error
TC-PA2303,TINYINT UNSIGNED -> MEDIUMINT UNSIGNED,inplace,CREATE,NO_OUTPUT,ERROR,No result SELECT in output - likely execution error
TC-PA2305,TINYINT UNSIGNED -> INT UNSIGNED,inplace,CREATE,NO_OUTPUT,ERROR,No result SELECT in output - likely execution error
TC-PA2307,TINYINT UNSIGNED -> BIGINT UNSIGNED,inplace,CREATE,NO_OUTPUT,ERROR,No result SELECT in output - likely execution error
TC-PA2309,SMALLINT UNSIGNED -> MEDIUMINT UNSIGNED,inplace,CREATE,NO_OUTPUT,ERROR,No result SELECT in output - likely execution error
TC-PA2311,SMALLINT UNSIGNED -> INT UNSIGNED,inplace,CREATE,NO_OUTPUT,ERROR,No result SELECT in output - likely execution error
TC-PA2313,SMALLINT UNSIGNED -> BIGINT UNSIGNED,inplace,CREATE,NO_OUTPUT,ERROR,No result SELECT in output - likely execution error
TC-PA2315,MEDIUMINT UNSIGNED -> INT UNSIGNED,inplace,CREATE,NO_OUTPUT,ERROR,No result SELECT in output - likely execution error
TC-PA2317,MEDIUMINT UNSIGNED -> BIGINT UNSIGNED,inplace,CREATE,NO_OUTPUT,ERROR,No result SELECT in output - likely execution error
TC-PA2319,INT UNSIGNED -> BIGINT UNSIGNED,inplace,CREATE,NO_OUTPUT,ERROR,No result SELECT in output - likely execution error
TC-PA2341,TINYINT -> SMALLINT,inplace,CREATE,NO_OUTPUT,ERROR,No result SELECT in output - likely execution error
TC-PA2343,TINYINT -> MEDIUMINT,inplace,CREATE,NO_OUTPUT,ERROR,No result SELECT in output - likely execution error
TC-PA2345,TINYINT -> INT,inplace,CREATE,NO_OUTPUT,ERROR,No result SELECT in output - likely execution error
TC-PA2347,TINYINT -> BIGINT,inplace,CREATE,NO_OUTPUT,ERROR,No result SELECT in output - likely execution error
TC-PA2349,SMALLINT -> MEDIUMINT,inplace,CREATE,NO_OUTPUT,ERROR,No result SELECT in output - likely execution error
TC-PA2351,SMALLINT -> INT,inplace,CREATE,NO_OUTPUT,ERROR,No result SELECT in output - likely execution error
TC-PA2353,SMALLINT -> BIGINT,inplace,CREATE,NO_OUTPUT,ERROR,No result SELECT in output - likely execution error
TC-PA2355,MEDIUMINT -> INT,inplace,CREATE,NO_OUTPUT,ERROR,No result SELECT in output - likely execution error
TC-PA2357,MEDIUMINT -> BIGINT,inplace,CREATE,NO_OUTPUT,ERROR,No result SELECT in output - likely execution error
TC-PA2359,INT -> BIGINT,inplace,CREATE,NO_OUTPUT,ERROR,No result SELECT in output - likely execution error
TC-PA2361,TINYINT UNSIGNED -> SMALLINT UNSIGNED,inplace,CREATE,NO_OUTPUT,ERROR,No result SELECT in output - likely execution error
TC-PA2363,TINYINT UNSIGNED -> MEDIUMINT UNSIGNED,inplace,CREATE,NO_OUTPUT,ERROR,No result SELECT in output - likely execution error
TC-PA2365,TINYINT UNSIGNED -> INT UNSIGNED,inplace,CREATE,NO_OUTPUT,ERROR,No result SELECT in output - likely execution error
TC-PA2367,TINYINT UNSIGNED -> BIGINT UNSIGNED,inplace,CREATE,NO_OUTPUT,ERROR,No result SELECT in output - likely execution error
TC-PA2369,SMALLINT UNSIGNED -> MEDIUMINT UNSIGNED,inplace,CREATE,NO_OUTPUT,ERROR,No result SELECT in output - likely execution error
TC-PA2371,SMALLINT UNSIGNED -> INT UNSIGNED,inplace,CREATE,NO_OUTPUT,ERROR,No result SELECT in output - likely execution error
TC-PA2373,SMALLINT UNSIGNED -> BIGINT UNSIGNED,inplace,CREATE,NO_OUTPUT,ERROR,No result SELECT in output - likely execution error
TC-PA2375,MEDIUMINT UNSIGNED -> INT UNSIGNED,inplace,CREATE,NO_OUTPUT,ERROR,No result SELECT in output - likely execution error
TC-PA2377,MEDIUMINT UNSIGNED -> BIGINT UNSIGNED,inplace,CREATE,NO_OUTPUT,ERROR,No result SELECT in output - likely execution error
TC-PA2379,INT UNSIGNED -> BIGINT UNSIGNED,inplace,CREATE,NO_OUTPUT,ERROR,No result SELECT in output - likely execution error
TC-PA2401,TINYINT -> SMALLINT,inplace,CREATE,NO_OUTPUT,ERROR,No result SELECT in output - likely execution error
TC-PA2403,TINYINT -> MEDIUMINT,inplace,CREATE,NO_OUTPUT,ERROR,No result SELECT in output - likely execution error
TC-PA2405,TINYINT -> INT,inplace,CREATE,NO_OUTPUT,ERROR,No result SELECT in output - likely execution error
TC-PA2407,TINYINT -> BIGINT,inplace,CREATE,NO_OUTPUT,ERROR,No result SELECT in output - likely execution error
TC-PA2409,SMALLINT -> MEDIUMINT,inplace,CREATE,NO_OUTPUT,ERROR,No result SELECT in output - likely execution error
TC-PA2411,SMALLINT -> INT,inplace,CREATE,NO_OUTPUT,ERROR,No result SELECT in output - likely execution error
TC-PA2413,SMALLINT -> BIGINT,inplace,CREATE,NO_OUTPUT,ERROR,No result SELECT in output - likely execution error
TC-PA2415,MEDIUMINT -> INT,inplace,CREATE,NO_OUTPUT,ERROR,No result SELECT in output - likely execution error
TC-PA2417,MEDIUMINT -> BIGINT,inplace,CREATE,NO_OUTPUT,ERROR,No result SELECT in output - likely execution error
TC-PA2419,INT -> BIGINT,inplace,CREATE,NO_OUTPUT,ERROR,No result SELECT in output - likely execution error
TC-PA2421,TINYINT UNSIGNED -> SMALLINT UNSIGNED,inplace,CREATE,NO_OUTPUT,ERROR,No result SELECT in output - likely execution error
TC-PA2423,TINYINT UNSIGNED -> MEDIUMINT UNSIGNED,inplace,CREATE,NO_OUTPUT,ERROR,No result SELECT in output - likely execution error
TC-PA2425,TINYINT UNSIGNED -> INT UNSIGNED,inplace,CREATE,NO_OUTPUT,ERROR,No result SELECT in output - likely execution error
TC-PA2427,TINYINT UNSIGNED -> BIGINT UNSIGNED,inplace,CREATE,NO_OUTPUT,ERROR,No result SELECT in output - likely execution error
TC-PA2429,SMALLINT UNSIGNED -> MEDIUMINT UNSIGNED,inplace,CREATE,NO_OUTPUT,ERROR,No result SELECT in output - likely execution error
TC-PA2431,SMALLINT UNSIGNED -> INT UNSIGNED,inplace,CREATE,NO_OUTPUT,ERROR,No result SELECT in output - likely execution error
TC-PA2433,SMALLINT UNSIGNED -> BIGINT UNSIGNED,inplace,CREATE,NO_OUTPUT,ERROR,No result SELECT in output - likely execution error
TC-PA2435,MEDIUMINT UNSIGNED -> INT UNSIGNED,inplace,CREATE,NO_OUTPUT,ERROR,No result SELECT in output - likely execution error
TC-PA2437,MEDIUMINT UNSIGNED -> BIGINT UNSIGNED,inplace,CREATE,NO_OUTPUT,ERROR,No result SELECT in output - likely execution error
TC-PA2439,INT UNSIGNED -> BIGINT UNSIGNED,inplace,CREATE,NO_OUTPUT,ERROR,No result SELECT in output - likely execution error
TC-PA2461,TINYINT -> SMALLINT,inplace,CREATE,NO_OUTPUT,ERROR,No result SELECT in output - likely execution error
TC-PA2463,TINYINT -> MEDIUMINT,inplace,CREATE,NO_OUTPUT,ERROR,No result SELECT in output - likely execution error
TC-PA2465,TINYINT -> INT,inplace,CREATE,NO_OUTPUT,ERROR,No result SELECT in output - likely execution error
TC-PA2467,TINYINT -> BIGINT,inplace,CREATE,NO_OUTPUT,ERROR,No result SELECT in output - likely execution error
TC-PA2469,SMALLINT -> MEDIUMINT,inplace,CREATE,NO_OUTPUT,ERROR,No result SELECT in output - likely execution error
TC-PA2471,SMALLINT -> INT,inplace,CREATE,NO_OUTPUT,ERROR,No result SELECT in output - likely execution error
TC-PA2473,SMALLINT -> BIGINT,inplace,CREATE,NO_OUTPUT,ERROR,No result SELECT in output - likely execution error
TC-PA2475,MEDIUMINT -> INT,inplace,CREATE,NO_OUTPUT,ERROR,No result SELECT in output - likely execution error
TC-PA2477,MEDIUMINT -> BIGINT,inplace,CREATE,NO_OUTPUT,ERROR,No result SELECT in output - likely execution error
TC-PA2479,INT -> BIGINT,inplace,CREATE,NO_OUTPUT,ERROR,No result SELECT in output - likely execution error
TC-PA2481,TINYINT UNSIGNED -> SMALLINT UNSIGNED,inplace,CREATE,NO_OUTPUT,ERROR,No result SELECT in output - likely execution error
TC-PA2483,TINYINT UNSIGNED -> MEDIUMINT UNSIGNED,inplace,CREATE,NO_OUTPUT,ERROR,No result SELECT in output - likely execution error
TC-PA2485,TINYINT UNSIGNED -> INT UNSIGNED,inplace,CREATE,NO_OUTPUT,ERROR,No result SELECT in output - likely execution error
TC-PA2487,TINYINT UNSIGNED -> BIGINT UNSIGNED,inplace,CREATE,NO_OUTPUT,ERROR,No result SELECT in output - likely execution error
TC-PA2489,SMALLINT UNSIGNED -> MEDIUMINT UNSIGNED,inplace,CREATE,NO_OUTPUT,ERROR,No result SELECT in output - likely execution error
TC-PA2491,SMALLINT UNSIGNED -> INT UNSIGNED,inplace,CREATE,NO_OUTPUT,ERROR,No result SELECT in output - likely execution error
TC-PA2493,SMALLINT UNSIGNED -> BIGINT UNSIGNED,inplace,CREATE,NO_OUTPUT,ERROR,No result SELECT in output - likely execution error
TC-PA2495,MEDIUMINT UNSIGNED -> INT UNSIGNED,inplace,CREATE,NO_OUTPUT,ERROR,No result SELECT in output - likely execution error
TC-PA2497,MEDIUMINT UNSIGNED -> BIGINT UNSIGNED,inplace,CREATE,NO_OUTPUT,ERROR,No result SELECT in output - likely execution error
TC-PA2499,INT UNSIGNED -> BIGINT UNSIGNED,inplace,CREATE,NO_OUTPUT,ERROR,No result SELECT in output - likely execution error
TC-PA2521,TINYINT -> SMALLINT,inplace,CREATE,NO_OUTPUT,ERROR,No result SELECT in output - likely execution error
TC-PA2523,TINYINT -> MEDIUMINT,inplace,CREATE,NO_OUTPUT,ERROR,No result SELECT in output - likely execution error
TC-PA2525,TINYINT -> INT,inplace,CREATE,NO_OUTPUT,ERROR,No result SELECT in output - likely execution error
TC-PA2527,TINYINT -> BIGINT,inplace,CREATE,NO_OUTPUT,ERROR,No result SELECT in output - likely execution error
TC-PA2529,SMALLINT -> MEDIUMINT,inplace,CREATE,NO_OUTPUT,ERROR,No result SELECT in output - likely execution error
TC-PA2531,SMALLINT -> INT,inplace,CREATE,NO_OUTPUT,ERROR,No result SELECT in output - likely execution error
TC-PA2533,SMALLINT -> BIGINT,inplace,CREATE,NO_OUTPUT,ERROR,No result SELECT in output - likely execution error
TC-PA2535,MEDIUMINT -> INT,inplace,CREATE,NO_OUTPUT,ERROR,No result SELECT in output - likely execution error
TC-PA2537,MEDIUMINT -> BIGINT,inplace,CREATE,NO_OUTPUT,ERROR,No result SELECT in output - likely execution error
TC-PA2539,INT -> BIGINT,inplace,CREATE,NO_OUTPUT,ERROR,No result SELECT in output - likely execution error
TC-PA2541,TINYINT UNSIGNED -> SMALLINT UNSIGNED,inplace,CREATE,NO_OUTPUT,ERROR,No result SELECT in output - likely execution error
TC-PA2543,TINYINT UNSIGNED -> MEDIUMINT UNSIGNED,inplace,CREATE,NO_OUTPUT,ERROR,No result SELECT in output - likely execution error
TC-PA2545,TINYINT UNSIGNED -> INT UNSIGNED,inplace,CREATE,NO_OUTPUT,ERROR,No result SELECT in output - likely execution error
TC-PA2547,TINYINT UNSIGNED -> BIGINT UNSIGNED,inplace,CREATE,NO_OUTPUT,ERROR,No result SELECT in output - likely execution error
TC-PA2549,SMALLINT UNSIGNED -> MEDIUMINT UNSIGNED,inplace,CREATE,NO_OUTPUT,ERROR,No result SELECT in output - likely execution error
TC-PA2551,SMALLINT UNSIGNED -> INT UNSIGNED,inplace,CREATE,NO_OUTPUT,ERROR,No result SELECT in output - likely execution error
TC-PA2553,SMALLINT UNSIGNED -> BIGINT UNSIGNED,inplace,CREATE,NO_OUTPUT,ERROR,No result SELECT in output - likely execution error
TC-PA2555,MEDIUMINT UNSIGNED -> INT UNSIGNED,inplace,CREATE,NO_OUTPUT,ERROR,No result SELECT in output - likely execution error
TC-PA2557,MEDIUMINT UNSIGNED -> BIGINT UNSIGNED,inplace,CREATE,NO_OUTPUT,ERROR,No result SELECT in output - likely execution error
TC-PA2559,INT UNSIGNED -> BIGINT UNSIGNED,inplace,CREATE,NO_OUTPUT,ERROR,No result SELECT in output - likely execution error
TC-PA2581,TINYINT -> SMALLINT,inplace,CREATE,NO_OUTPUT,ERROR,No result SELECT in output - likely execution error
TC-PA2583,TINYINT -> MEDIUMINT,inplace,CREATE,NO_OUTPUT,ERROR,No result SELECT in output - likely execution error
TC-PA2585,TINYINT -> INT,inplace,CREATE,NO_OUTPUT,ERROR,No result SELECT in output - likely execution error
TC-PA2587,TINYINT -> BIGINT,inplace,CREATE,NO_OUTPUT,ERROR,No result SELECT in output - likely execution error
TC-PA2589,SMALLINT -> MEDIUMINT,inplace,CREATE,NO_OUTPUT,ERROR,No result SELECT in output - likely execution error
TC-PA2591,SMALLINT -> INT,inplace,CREATE,NO_OUTPUT,ERROR,No result SELECT in output - likely execution error
TC-PA2593,SMALLINT -> BIGINT,inplace,CREATE,NO_OUTPUT,ERROR,No result SELECT in output - likely execution error
TC-PA2595,MEDIUMINT -> INT,inplace,CREATE,NO_OUTPUT,ERROR,No result SELECT in output - likely execution error
TC-PA2597,MEDIUMINT -> BIGINT,inplace,CREATE,NO_OUTPUT,ERROR,No result SELECT in output - likely execution error
TC-PA2599,INT -> BIGINT,inplace,CREATE,NO_OUTPUT,ERROR,No result SELECT in output - likely execution error
TC-PA2601,TINYINT UNSIGNED -> SMALLINT UNSIGNED,inplace,CREATE,NO_OUTPUT,ERROR,No result SELECT in output - likely execution error
TC-PA2603,TINYINT UNSIGNED -> MEDIUMINT UNSIGNED,inplace,CREATE,NO_OUTPUT,ERROR,No result SELECT in output - likely execution error
TC-PA2605,TINYINT UNSIGNED -> INT UNSIGNED,inplace,CREATE,NO_OUTPUT,ERROR,No result SELECT in output - likely execution error
TC-PA2607,TINYINT UNSIGNED -> BIGINT UNSIGNED,inplace,CREATE,NO_OUTPUT,ERROR,No result SELECT in output - likely execution error
TC-PA2609,SMALLINT UNSIGNED -> MEDIUMINT UNSIGNED,inplace,CREATE,NO_OUTPUT,ERROR,No result SELECT in output - likely execution error
TC-PA2611,SMALLINT UNSIGNED -> INT UNSIGNED,inplace,CREATE,NO_OUTPUT,ERROR,No result SELECT in output - likely execution error
TC-PA2613,SMALLINT UNSIGNED -> BIGINT UNSIGNED,inplace,CREATE,NO_OUTPUT,ERROR,No result SELECT in output - likely execution error
TC-PA2615,MEDIUMINT UNSIGNED -> INT UNSIGNED,inplace,CREATE,NO_OUTPUT,ERROR,No result SELECT in output - likely execution error
TC-PA2617,MEDIUMINT UNSIGNED -> BIGINT UNSIGNED,inplace,CREATE,NO_OUTPUT,ERROR,No result SELECT in output - likely execution error
TC-PA2619,INT UNSIGNED -> BIGINT UNSIGNED,inplace,CREATE,NO_OUTPUT,ERROR,No result SELECT in output - likely execution error
TC-PA2641,TINYINT -> SMALLINT,inplace,CREATE,NO_OUTPUT,ERROR,No result SELECT in output - likely execution error
TC-PA2643,TINYINT -> MEDIUMINT,inplace,CREATE,NO_OUTPUT,ERROR,No result SELECT in output - likely execution error
TC-PA2645,TINYINT -> INT,inplace,CREATE,NO_OUTPUT,ERROR,No result SELECT in output - likely execution error
TC-PA2647,TINYINT -> BIGINT,inplace,CREATE,NO_OUTPUT,ERROR,No result SELECT in output - likely execution error
TC-PA2649,SMALLINT -> MEDIUMINT,inplace,CREATE,NO_OUTPUT,ERROR,No result SELECT in output - likely execution error
TC-PA2651,SMALLINT -> INT,inplace,CREATE,NO_OUTPUT,ERROR,No result SELECT in output - likely execution error
TC-PA2653,SMALLINT -> BIGINT,inplace,CREATE,NO_OUTPUT,ERROR,No result SELECT in output - likely execution error
TC-PA2655,MEDIUMINT -> INT,inplace,CREATE,NO_OUTPUT,ERROR,No result SELECT in output - likely execution error
TC-PA2657,MEDIUMINT -> BIGINT,inplace,CREATE,NO_OUTPUT,ERROR,No result SELECT in output - likely execution error
TC-PA2659,INT -> BIGINT,inplace,CREATE,NO_OUTPUT,ERROR,No result SELECT in output - likely execution error
TC-PA2661,TINYINT UNSIGNED -> SMALLINT UNSIGNED,inplace,CREATE,NO_OUTPUT,ERROR,No result SELECT in output - likely execution error
TC-PA2663,TINYINT UNSIGNED -> MEDIUMINT UNSIGNED,inplace,CREATE,NO_OUTPUT,ERROR,No result SELECT in output - likely execution error
TC-PA2665,TINYINT UNSIGNED -> INT UNSIGNED,inplace,CREATE,NO_OUTPUT,ERROR,No result SELECT in output - likely execution error
TC-PA2667,TINYINT UNSIGNED -> BIGINT UNSIGNED,inplace,CREATE,NO_OUTPUT,ERROR,No result SELECT in output - likely execution error
TC-PA2669,SMALLINT UNSIGNED -> MEDIUMINT UNSIGNED,inplace,CREATE,NO_OUTPUT,ERROR,No result SELECT in output - likely execution error
TC-PA2671,SMALLINT UNSIGNED -> INT UNSIGNED,inplace,CREATE,NO_OUTPUT,ERROR,No result SELECT in output - likely execution error
TC-PA2673,SMALLINT UNSIGNED -> BIGINT UNSIGNED,inplace,CREATE,NO_OUTPUT,ERROR,No result SELECT in output - likely execution error
TC-PA2675,MEDIUMINT UNSIGNED -> INT UNSIGNED,inplace,CREATE,NO_OUTPUT,ERROR,No result SELECT in output - likely execution error
TC-PA2677,MEDIUMINT UNSIGNED -> BIGINT UNSIGNED,inplace,CREATE,NO_OUTPUT,ERROR,No result SELECT in output - likely execution error
TC-PA2679,INT UNSIGNED -> BIGINT UNSIGNED,inplace,CREATE,NO_OUTPUT,ERROR,No result SELECT in output - likely execution error
TC-PA2701,TINYINT -> SMALLINT,inplace,CREATE,NO_OUTPUT,ERROR,No result SELECT in output - likely execution error
TC-PA2703,TINYINT -> MEDIUMINT,inplace,CREATE,NO_OUTPUT,ERROR,No result SELECT in output - likely execution error
TC-PA2705,TINYINT -> INT,inplace,CREATE,NO_OUTPUT,ERROR,No result SELECT in output - likely execution error
TC-PA2707,TINYINT -> BIGINT,inplace,CREATE,NO_OUTPUT,ERROR,No result SELECT in output - likely execution error
TC-PA2709,SMALLINT -> MEDIUMINT,inplace,CREATE,NO_OUTPUT,ERROR,No result SELECT in output - likely execution error
TC-PA2711,SMALLINT -> INT,inplace,CREATE,NO_OUTPUT,ERROR,No result SELECT in output - likely execution error
TC-PA2713,SMALLINT -> BIGINT,inplace,CREATE,NO_OUTPUT,ERROR,No result SELECT in output - likely execution error
TC-PA2715,MEDIUMINT -> INT,inplace,CREATE,NO_OUTPUT,ERROR,No result SELECT in output - likely execution error
TC-PA2717,MEDIUMINT -> BIGINT,inplace,CREATE,NO_OUTPUT,ERROR,No result SELECT in output - likely execution error
TC-PA2719,INT -> BIGINT,inplace,CREATE,NO_OUTPUT,ERROR,No result SELECT in output - likely execution error
TC-PA2721,TINYINT UNSIGNED -> SMALLINT UNSIGNED,inplace,CREATE,NO_OUTPUT,ERROR,No result SELECT in output - likely execution error
TC-PA2723,TINYINT UNSIGNED -> MEDIUMINT UNSIGNED,inplace,CREATE,NO_OUTPUT,ERROR,No result SELECT in output - likely execution error
TC-PA2725,TINYINT UNSIGNED -> INT UNSIGNED,inplace,CREATE,NO_OUTPUT,ERROR,No result SELECT in output - likely execution error
TC-PA2727,TINYINT UNSIGNED -> BIGINT UNSIGNED,inplace,CREATE,NO_OUTPUT,ERROR,No result SELECT in output - likely execution error
TC-PA2729,SMALLINT UNSIGNED -> MEDIUMINT UNSIGNED,inplace,CREATE,NO_OUTPUT,ERROR,No result SELECT in output - likely execution error
TC-PA2731,SMALLINT UNSIGNED -> INT UNSIGNED,inplace,CREATE,NO_OUTPUT,ERROR,No result SELECT in output - likely execution error
TC-PA2733,SMALLINT UNSIGNED -> BIGINT UNSIGNED,inplace,CREATE,NO_OUTPUT,ERROR,No result SELECT in output - likely execution error
TC-PA2735,MEDIUMINT UNSIGNED -> INT UNSIGNED,inplace,CREATE,NO_OUTPUT,ERROR,No result SELECT in output - likely execution error
TC-PA2737,MEDIUMINT UNSIGNED -> BIGINT UNSIGNED,inplace,CREATE,NO_OUTPUT,ERROR,No result SELECT in output - likely execution error
TC-PA2739,INT UNSIGNED -> BIGINT UNSIGNED,inplace,CREATE,NO_OUTPUT,ERROR,No result SELECT in output - likely execution error
TC-PA2761,TINYINT -> SMALLINT,inplace,CREATE,NO_OUTPUT,ERROR,No result SELECT in output - likely execution error
TC-PA2763,TINYINT -> MEDIUMINT,inplace,CREATE,NO_OUTPUT,ERROR,No result SELECT in output - likely execution error
TC-PA2765,TINYINT -> INT,inplace,CREATE,NO_OUTPUT,ERROR,No result SELECT in output - likely execution error
TC-PA2767,TINYINT -> BIGINT,inplace,CREATE,NO_OUTPUT,ERROR,No result SELECT in output - likely execution error
TC-PA2769,SMALLINT -> MEDIUMINT,inplace,CREATE,NO_OUTPUT,ERROR,No result SELECT in output - likely execution error
TC-PA2771,SMALLINT -> INT,inplace,CREATE,NO_OUTPUT,ERROR,No result SELECT in output - likely execution error
TC-PA2773,SMALLINT -> BIGINT,inplace,CREATE,NO_OUTPUT,ERROR,No result SELECT in output - likely execution error
TC-PA2775,MEDIUMINT -> INT,inplace,CREATE,NO_OUTPUT,ERROR,No result SELECT in output - likely execution error
TC-PA2777,MEDIUMINT -> BIGINT,inplace,CREATE,NO_OUTPUT,ERROR,No result SELECT in output - likely execution error
TC-PA2779,INT -> BIGINT,inplace,CREATE,NO_OUTPUT,ERROR,No result SELECT in output - likely execution error
TC-PA2781,TINYINT UNSIGNED -> SMALLINT UNSIGNED,inplace,CREATE,NO_OUTPUT,ERROR,No result SELECT in output - likely execution error
TC-PA2783,TINYINT UNSIGNED -> MEDIUMINT UNSIGNED,inplace,CREATE,NO_OUTPUT,ERROR,No result SELECT in output - likely execution error
TC-PA2785,TINYINT UNSIGNED -> INT UNSIGNED,inplace,CREATE,NO_OUTPUT,ERROR,No result SELECT in output - likely execution error
TC-PA2787,TINYINT UNSIGNED -> BIGINT UNSIGNED,inplace,CREATE,NO_OUTPUT,ERROR,No result SELECT in output - likely execution error
TC-PA2789,SMALLINT UNSIGNED -> MEDIUMINT UNSIGNED,inplace,CREATE,NO_OUTPUT,ERROR,No result SELECT in output - likely execution error
TC-PA2791,SMALLINT UNSIGNED -> INT UNSIGNED,inplace,CREATE,NO_OUTPUT,ERROR,No result SELECT in output - likely execution error
TC-PA2793,SMALLINT UNSIGNED -> BIGINT UNSIGNED,inplace,CREATE,NO_OUTPUT,ERROR,No result SELECT in output - likely execution error
TC-PA2795,MEDIUMINT UNSIGNED -> INT UNSIGNED,inplace,CREATE,NO_OUTPUT,ERROR,No result SELECT in output - likely execution error
TC-PA2797,MEDIUMINT UNSIGNED -> BIGINT UNSIGNED,inplace,CREATE,NO_OUTPUT,ERROR,No result SELECT in output - likely execution error
TC-PA2799,INT UNSIGNED -> BIGINT UNSIGNED,inplace,CREATE,NO_OUTPUT,ERROR,No result SELECT in output - likely execution error
TC-PA2821,TINYINT -> SMALLINT,inplace,CREATE,NO_OUTPUT,ERROR,No result SELECT in output - likely execution error
TC-PA2823,TINYINT -> MEDIUMINT,inplace,CREATE,NO_OUTPUT,ERROR,No result SELECT in output - likely execution error
TC-PA2825,TINYINT -> INT,inplace,CREATE,NO_OUTPUT,ERROR,No result SELECT in output - likely execution error
TC-PA2827,TINYINT -> BIGINT,inplace,CREATE,NO_OUTPUT,ERROR,No result SELECT in output - likely execution error
TC-PA2829,SMALLINT -> MEDIUMINT,inplace,CREATE,NO_OUTPUT,ERROR,No result SELECT in output - likely execution error
TC-PA2831,SMALLINT -> INT,inplace,CREATE,NO_OUTPUT,ERROR,No result SELECT in output - likely execution error
TC-PA2833,SMALLINT -> BIGINT,inplace,CREATE,NO_OUTPUT,ERROR,No result SELECT in output - likely execution error
TC-PA2835,MEDIUMINT -> INT,inplace,CREATE,NO_OUTPUT,ERROR,No result SELECT in output - likely execution error
TC-PA2837,MEDIUMINT -> BIGINT,inplace,CREATE,NO_OUTPUT,ERROR,No result SELECT in output - likely execution error
TC-PA2839,INT -> BIGINT,inplace,CREATE,NO_OUTPUT,ERROR,No result SELECT in output - likely execution error
TC-PA2841,TINYINT UNSIGNED -> SMALLINT UNSIGNED,inplace,CREATE,NO_OUTPUT,ERROR,No result SELECT in output - likely execution error
TC-PA2843,TINYINT UNSIGNED -> MEDIUMINT UNSIGNED,inplace,CREATE,NO_OUTPUT,ERROR,No result SELECT in output - likely execution error
TC-PA2845,TINYINT UNSIGNED -> INT UNSIGNED,inplace,CREATE,NO_OUTPUT,ERROR,No result SELECT in output - likely execution error
TC-PA2847,TINYINT UNSIGNED -> BIGINT UNSIGNED,inplace,CREATE,NO_OUTPUT,ERROR,No result SELECT in output - likely execution error
TC-PA2849,SMALLINT UNSIGNED -> MEDIUMINT UNSIGNED,inplace,CREATE,NO_OUTPUT,ERROR,No result SELECT in output - likely execution error
TC-PA2851,SMALLINT UNSIGNED -> INT UNSIGNED,inplace,CREATE,NO_OUTPUT,ERROR,No result SELECT in output - likely execution error
TC-PA2853,SMALLINT UNSIGNED -> BIGINT UNSIGNED,inplace,CREATE,NO_OUTPUT,ERROR,No result SELECT in output - likely execution error
TC-PA2855,MEDIUMINT UNSIGNED -> INT UNSIGNED,inplace,CREATE,NO_OUTPUT,ERROR,No result SELECT in output - likely execution error
TC-PA2857,MEDIUMINT UNSIGNED -> BIGINT UNSIGNED,inplace,CREATE,NO_OUTPUT,ERROR,No result SELECT in output - likely execution error
TC-PA2859,INT UNSIGNED -> BIGINT UNSIGNED,inplace,CREATE,NO_OUTPUT,ERROR,No result SELECT in output - likely execution error
TC-PA2881,TINYINT -> SMALLINT,inplace,CREATE,NO_OUTPUT,ERROR,No result SELECT in output - likely execution error
TC-PA2883,TINYINT -> MEDIUMINT,inplace,CREATE,NO_OUTPUT,ERROR,No result SELECT in output - likely execution error
TC-PA2885,TINYINT -> INT,inplace,CREATE,NO_OUTPUT,ERROR,No result SELECT in output - likely execution error
TC-PA2887,TINYINT -> BIGINT,inplace,CREATE,NO_OUTPUT,ERROR,No result SELECT in output - likely execution error
TC-PA2889,SMALLINT -> MEDIUMINT,inplace,CREATE,NO_OUTPUT,ERROR,No result SELECT in output - likely execution error
TC-PA2891,SMALLINT -> INT,inplace,CREATE,NO_OUTPUT,ERROR,No result SELECT in output - likely execution error
TC-PA2893,SMALLINT -> BIGINT,inplace,CREATE,NO_OUTPUT,ERROR,No result SELECT in output - likely execution error
TC-PA2895,MEDIUMINT -> INT,inplace,CREATE,NO_OUTPUT,ERROR,No result SELECT in output - likely execution error
TC-PA2897,MEDIUMINT -> BIGINT,inplace,CREATE,NO_OUTPUT,ERROR,No result SELECT in output - likely execution error
TC-PA2899,INT -> BIGINT,inplace,CREATE,NO_OUTPUT,ERROR,No result SELECT in output - likely execution error
TC-PA2901,TINYINT UNSIGNED -> SMALLINT UNSIGNED,inplace,CREATE,NO_OUTPUT,ERROR,No result SELECT in output - likely execution error
TC-PA2903,TINYINT UNSIGNED -> MEDIUMINT UNSIGNED,inplace,CREATE,NO_OUTPUT,ERROR,No result SELECT in output - likely execution error
TC-PA2905,TINYINT UNSIGNED -> INT UNSIGNED,inplace,CREATE,NO_OUTPUT,ERROR,No result SELECT in output - likely execution error
TC-PA2907,TINYINT UNSIGNED -> BIGINT UNSIGNED,inplace,CREATE,NO_OUTPUT,ERROR,No result SELECT in output - likely execution error
TC-PA2909,SMALLINT UNSIGNED -> MEDIUMINT UNSIGNED,inplace,CREATE,NO_OUTPUT,ERROR,No result SELECT in output - likely execution error
TC-PA2911,SMALLINT UNSIGNED -> INT UNSIGNED,inplace,CREATE,NO_OUTPUT,ERROR,No result SELECT in output - likely execution error
TC-PA2913,SMALLINT UNSIGNED -> BIGINT UNSIGNED,inplace,CREATE,NO_OUTPUT,ERROR,No result SELECT in output - likely execution error
TC-PA2915,MEDIUMINT UNSIGNED -> INT UNSIGNED,inplace,CREATE,NO_OUTPUT,ERROR,No result SELECT in output - likely execution error
TC-PA2917,MEDIUMINT UNSIGNED -> BIGINT UNSIGNED,inplace,CREATE,NO_OUTPUT,ERROR,No result SELECT in output - likely execution error
TC-PA2919,INT UNSIGNED -> BIGINT UNSIGNED,inplace,CREATE,NO_OUTPUT,ERROR,No result SELECT in output - likely execution error
TC-PA2921,CHAR(1) -> CHAR(2),inplace,CREATE,NO_OUTPUT,ERROR,No result SELECT in output - likely execution error
TC-PA2923,CHAR(63) -> CHAR(64),inplace,CREATE,NO_OUTPUT,ERROR,No result SELECT in output - likely execution error
TC-PA2925,CHAR(254) -> CHAR(255),inplace,CREATE,NO_OUTPUT,ERROR,No result SELECT in output - likely execution error
TC-PA2927,VARCHAR(1) -> VARCHAR(2),inplace,CREATE,NO_OUTPUT,ERROR,No result SELECT in output - likely execution error
TC-PA2929,VARCHAR(254) -> VARCHAR(255),inplace,CREATE,NO_OUTPUT,ERROR,No result SELECT in output - likely execution error
TC-PA2931,VARCHAR(255) -> VARCHAR(256),inplace,CREATE,NO_OUTPUT,ERROR,No result SELECT in output - likely execution error
TC-PA2933,VARCHAR(85) -> VARCHAR(86),inplace,CREATE,NO_OUTPUT,ERROR,No result SELECT in output - likely execution error
TC-PA2935,VARCHAR(63) -> VARCHAR(64),inplace,CREATE,NO_OUTPUT,ERROR,No result SELECT in output - likely execution error
TC-PA2937,VARCHAR(64) -> VARCHAR(65),inplace,CREATE,NO_OUTPUT,ERROR,No result SELECT in output - likely execution error
TC-PA2939,VARCHAR(100) -> VARCHAR(200),inplace,CREATE,NO_OUTPUT,ERROR,No result SELECT in output - likely execution error
TC-PA2941,TINYINT -> SMALLINT,inplace,CREATE,NO_OUTPUT,ERROR,No result SELECT in output - likely execution error
TC-PA2943,TINYINT -> MEDIUMINT,inplace,CREATE,NO_OUTPUT,ERROR,No result SELECT in output - likely execution error
TC-PA2945,TINYINT -> INT,inplace,CREATE,NO_OUTPUT,ERROR,No result SELECT in output - likely execution error
TC-PA2947,TINYINT -> BIGINT,inplace,CREATE,NO_OUTPUT,ERROR,No result SELECT in output - likely execution error
TC-PA2949,SMALLINT -> MEDIUMINT,inplace,CREATE,NO_OUTPUT,ERROR,No result SELECT in output - likely execution error
TC-PA2951,SMALLINT -> INT,inplace,CREATE,NO_OUTPUT,ERROR,No result SELECT in output - likely execution error
TC-PA2953,SMALLINT -> BIGINT,inplace,CREATE,NO_OUTPUT,ERROR,No result SELECT in output - likely execution error
TC-PA2955,MEDIUMINT -> INT,inplace,CREATE,NO_OUTPUT,ERROR,No result SELECT in output - likely execution error
TC-PA2957,MEDIUMINT -> BIGINT,inplace,CREATE,NO_OUTPUT,ERROR,No result SELECT in output - likely execution error
TC-PA2959,INT -> BIGINT,inplace,CREATE,NO_OUTPUT,ERROR,No result SELECT in output - likely execution error
TC-PA2961,TINYINT UNSIGNED -> SMALLINT UNSIGNED,inplace,CREATE,NO_OUTPUT,ERROR,No result SELECT in output - likely execution error
TC-PA2963,TINYINT UNSIGNED -> MEDIUMINT UNSIGNED,inplace,CREATE,NO_OUTPUT,ERROR,No result SELECT in output - likely execution error
TC-PA2965,TINYINT UNSIGNED -> INT UNSIGNED,inplace,CREATE,NO_OUTPUT,ERROR,No result SELECT in output - likely execution error
TC-PA2967,TINYINT UNSIGNED -> BIGINT UNSIGNED,inplace,CREATE,NO_OUTPUT,ERROR,No result SELECT in output - likely execution error
TC-PA2969,SMALLINT UNSIGNED -> MEDIUMINT UNSIGNED,inplace,CREATE,NO_OUTPUT,ERROR,No result SELECT in output - likely execution error
TC-PA2971,SMALLINT UNSIGNED -> INT UNSIGNED,inplace,CREATE,NO_OUTPUT,ERROR,No result SELECT in output - likely execution error
TC-PA2973,SMALLINT UNSIGNED -> BIGINT UNSIGNED,inplace,CREATE,NO_OUTPUT,ERROR,No result SELECT in output - likely execution error
TC-PA2975,MEDIUMINT UNSIGNED -> INT UNSIGNED,inplace,CREATE,NO_OUTPUT,ERROR,No result SELECT in output - likely execution error
TC-PA2977,MEDIUMINT UNSIGNED -> BIGINT UNSIGNED,inplace,CREATE,NO_OUTPUT,ERROR,No result SELECT in output - likely execution error
TC-PA2979,INT UNSIGNED -> BIGINT UNSIGNED,inplace,CREATE,NO_OUTPUT,ERROR,No result SELECT in output - likely execution error
TC-PA2981,CHAR(1) -> CHAR(2),inplace,CREATE,NO_OUTPUT,ERROR,No result SELECT in output - likely execution error
TC-PA2983,CHAR(63) -> CHAR(64),inplace,CREATE,NO_OUTPUT,ERROR,No result SELECT in output - likely execution error
TC-PA2985,CHAR(254) -> CHAR(255),inplace,CREATE,NO_OUTPUT,ERROR,No result SELECT in output - likely execution error
TC-PA2987,VARCHAR(1) -> VARCHAR(2),inplace,CREATE,NO_OUTPUT,ERROR,No result SELECT in output - likely execution error
TC-PA2989,VARCHAR(254) -> VARCHAR(255),inplace,CREATE,NO_OUTPUT,ERROR,No result SELECT in output - likely execution error
TC-PA2991,VARCHAR(255) -> VARCHAR(256),inplace,CREATE,NO_OUTPUT,ERROR,No result SELECT in output - likely execution error
TC-PA2993,VARCHAR(85) -> VARCHAR(86),inplace,CREATE,NO_OUTPUT,ERROR,No result SELECT in output - likely execution error
TC-PA2995,VARCHAR(63) -> VARCHAR(64),inplace,CREATE,NO_OUTPUT,ERROR,No result SELECT in output - likely execution error
TC-PA2997,VARCHAR(64) -> VARCHAR(65),inplace,CREATE,NO_OUTPUT,ERROR,No result SELECT in output - likely execution error
TC-PA2999,VARCHAR(100) -> VARCHAR(200),inplace,CREATE,NO_OUTPUT,ERROR,No result SELECT in output - likely execution error
TC-PA3001,TINYINT -> SMALLINT,inplace,CREATE,NO_OUTPUT,ERROR,No result SELECT in output - likely execution error
TC-PA3003,TINYINT -> MEDIUMINT,inplace,CREATE,NO_OUTPUT,ERROR,No result SELECT in output - likely execution error
TC-PA3005,TINYINT -> INT,inplace,CREATE,NO_OUTPUT,ERROR,No result SELECT in output - likely execution error
TC-PA3007,TINYINT -> BIGINT,inplace,CREATE,NO_OUTPUT,ERROR,No result SELECT in output - likely execution error
TC-PA3009,SMALLINT -> MEDIUMINT,inplace,CREATE,NO_OUTPUT,ERROR,No result SELECT in output - likely execution error
TC-PA3011,SMALLINT -> INT,inplace,CREATE,NO_OUTPUT,ERROR,No result SELECT in output - likely execution error
TC-PA3013,SMALLINT -> BIGINT,inplace,CREATE,NO_OUTPUT,ERROR,No result SELECT in output - likely execution error
TC-PA3015,MEDIUMINT -> INT,inplace,CREATE,NO_OUTPUT,ERROR,No result SELECT in output - likely execution error
TC-PA3017,MEDIUMINT -> BIGINT,inplace,CREATE,NO_OUTPUT,ERROR,No result SELECT in output - likely execution error
TC-PA3019,INT -> BIGINT,inplace,CREATE,NO_OUTPUT,ERROR,No result SELECT in output - likely execution error
TC-PA3021,TINYINT UNSIGNED -> SMALLINT UNSIGNED,inplace,CREATE,NO_OUTPUT,ERROR,No result SELECT in output - likely execution error
TC-PA3023,TINYINT UNSIGNED -> MEDIUMINT UNSIGNED,inplace,CREATE,NO_OUTPUT,ERROR,No result SELECT in output - likely execution error
TC-PA3025,TINYINT UNSIGNED -> INT UNSIGNED,inplace,CREATE,NO_OUTPUT,ERROR,No result SELECT in output - likely execution error
TC-PA3027,TINYINT UNSIGNED -> BIGINT UNSIGNED,inplace,CREATE,NO_OUTPUT,ERROR,No result SELECT in output - likely execution error
TC-PA3029,SMALLINT UNSIGNED -> MEDIUMINT UNSIGNED,inplace,CREATE,NO_OUTPUT,ERROR,No result SELECT in output - likely execution error
TC-PA3031,SMALLINT UNSIGNED -> INT UNSIGNED,inplace,CREATE,NO_OUTPUT,ERROR,No result SELECT in output - likely execution error
TC-PA3033,SMALLINT UNSIGNED -> BIGINT UNSIGNED,inplace,CREATE,NO_OUTPUT,ERROR,No result SELECT in output - likely execution error
TC-PA3035,MEDIUMINT UNSIGNED -> INT UNSIGNED,inplace,CREATE,NO_OUTPUT,ERROR,No result SELECT in output - likely execution error
TC-PA3037,MEDIUMINT UNSIGNED -> BIGINT UNSIGNED,inplace,CREATE,NO_OUTPUT,ERROR,No result SELECT in output - likely execution error
TC-PA3039,INT UNSIGNED -> BIGINT UNSIGNED,inplace,CREATE,NO_OUTPUT,ERROR,No result SELECT in output - likely execution error
TC-PA3041,CHAR(1) -> CHAR(2),inplace,CREATE,NO_OUTPUT,ERROR,No result SELECT in output - likely execution error
TC-PA3043,CHAR(63) -> CHAR(64),inplace,CREATE,NO_OUTPUT,ERROR,No result SELECT in output - likely execution error
TC-PA3045,CHAR(254) -> CHAR(255),inplace,CREATE,NO_OUTPUT,ERROR,No result SELECT in output - likely execution error
TC-PA3047,VARCHAR(1) -> VARCHAR(2),inplace,CREATE,NO_OUTPUT,ERROR,No result SELECT in output - likely execution error
TC-PA3049,VARCHAR(254) -> VARCHAR(255),inplace,CREATE,NO_OUTPUT,ERROR,No result SELECT in output - likely execution error
TC-PA3051,VARCHAR(255) -> VARCHAR(256),inplace,CREATE,NO_OUTPUT,ERROR,No result SELECT in output - likely execution error
TC-PA3053,VARCHAR(85) -> VARCHAR(86),inplace,CREATE,NO_OUTPUT,ERROR,No result SELECT in output - likely execution error
TC-PA3055,VARCHAR(63) -> VARCHAR(64),inplace,CREATE,NO_OUTPUT,ERROR,No result SELECT in output - likely execution error
TC-PA3057,VARCHAR(64) -> VARCHAR(65),inplace,CREATE,NO_OUTPUT,ERROR,No result SELECT in output - likely execution error
TC-PA3059,VARCHAR(100) -> VARCHAR(200),inplace,CREATE,NO_OUTPUT,ERROR,No result SELECT in output - likely execution error
TC-PA3061,TINYINT -> SMALLINT,inplace,CREATE,NO_OUTPUT,ERROR,No result SELECT in output - likely execution error
TC-PA3063,TINYINT -> MEDIUMINT,inplace,CREATE,NO_OUTPUT,ERROR,No result SELECT in output - likely execution error
TC-PA3065,TINYINT -> INT,inplace,CREATE,NO_OUTPUT,ERROR,No result SELECT in output - likely execution error
TC-PA3067,TINYINT -> BIGINT,inplace,CREATE,NO_OUTPUT,ERROR,No result SELECT in output - likely execution error
TC-PA3069,SMALLINT -> MEDIUMINT,inplace,CREATE,NO_OUTPUT,ERROR,No result SELECT in output - likely execution error
TC-PA3071,SMALLINT -> INT,inplace,CREATE,NO_OUTPUT,ERROR,No result SELECT in output - likely execution error
TC-PA3073,SMALLINT -> BIGINT,inplace,CREATE,NO_OUTPUT,ERROR,No result SELECT in output - likely execution error
TC-PA3075,MEDIUMINT -> INT,inplace,CREATE,NO_OUTPUT,ERROR,No result SELECT in output - likely execution error
TC-PA3077,MEDIUMINT -> BIGINT,inplace,CREATE,NO_OUTPUT,ERROR,No result SELECT in output - likely execution error
TC-PA3079,INT -> BIGINT,inplace,CREATE,NO_OUTPUT,ERROR,No result SELECT in output - likely execution error
TC-PA3081,TINYINT UNSIGNED -> SMALLINT UNSIGNED,inplace,CREATE,NO_OUTPUT,ERROR,No result SELECT in output - likely execution error
TC-PA3083,TINYINT UNSIGNED -> MEDIUMINT UNSIGNED,inplace,CREATE,NO_OUTPUT,ERROR,No result SELECT in output - likely execution error
TC-PA3085,TINYINT UNSIGNED -> INT UNSIGNED,inplace,CREATE,NO_OUTPUT,ERROR,No result SELECT in output - likely execution error
TC-PA3087,TINYINT UNSIGNED -> BIGINT UNSIGNED,inplace,CREATE,NO_OUTPUT,ERROR,No result SELECT in output - likely execution error
TC-PA3089,SMALLINT UNSIGNED -> MEDIUMINT UNSIGNED,inplace,CREATE,NO_OUTPUT,ERROR,No result SELECT in output - likely execution error
TC-PA3091,SMALLINT UNSIGNED -> INT UNSIGNED,inplace,CREATE,NO_OUTPUT,ERROR,No result SELECT in output - likely execution error
TC-PA3093,SMALLINT UNSIGNED -> BIGINT UNSIGNED,inplace,CREATE,NO_OUTPUT,ERROR,No result SELECT in output - likely execution error
TC-PA3095,MEDIUMINT UNSIGNED -> INT UNSIGNED,inplace,CREATE,NO_OUTPUT,ERROR,No result SELECT in output - likely execution error
TC-PA3097,MEDIUMINT UNSIGNED -> BIGINT UNSIGNED,inplace,CREATE,NO_OUTPUT,ERROR,No result SELECT in output - likely execution error
TC-PA3099,INT UNSIGNED -> BIGINT UNSIGNED,inplace,CREATE,NO_OUTPUT,ERROR,No result SELECT in output - likely execution error
TC-PA3101,CHAR(1) -> CHAR(2),inplace,CREATE,NO_OUTPUT,ERROR,No result SELECT in output - likely execution error
TC-PA3103,CHAR(63) -> CHAR(64),inplace,CREATE,NO_OUTPUT,ERROR,No result SELECT in output - likely execution error
TC-PA3105,CHAR(254) -> CHAR(255),inplace,CREATE,NO_OUTPUT,ERROR,No result SELECT in output - likely execution error
TC-PA3107,VARCHAR(1) -> VARCHAR(2),inplace,CREATE,NO_OUTPUT,ERROR,No result SELECT in output - likely execution error
TC-PA3109,VARCHAR(254) -> VARCHAR(255),inplace,CREATE,NO_OUTPUT,ERROR,No result SELECT in output - likely execution error
TC-PA3111,VARCHAR(255) -> VARCHAR(256),inplace,CREATE,NO_OUTPUT,ERROR,No result SELECT in output - likely execution error
TC-PA3113,VARCHAR(85) -> VARCHAR(86),inplace,CREATE,NO_OUTPUT,ERROR,No result SELECT in output - likely execution error
TC-PA3115,VARCHAR(63) -> VARCHAR(64),inplace,CREATE,NO_OUTPUT,ERROR,No result SELECT in output - likely execution error
TC-PA3117,VARCHAR(64) -> VARCHAR(65),inplace,CREATE,NO_OUTPUT,ERROR,No result SELECT in output - likely execution error
TC-PA3119,VARCHAR(100) -> VARCHAR(200),inplace,CREATE,NO_OUTPUT,ERROR,No result SELECT in output - likely execution error
TC-PA3121,TINYINT -> SMALLINT,inplace,CREATE,NO_OUTPUT,ERROR,No result SELECT in output - likely execution error
TC-PA3123,TINYINT -> MEDIUMINT,inplace,CREATE,NO_OUTPUT,ERROR,No result SELECT in output - likely execution error
TC-PA3125,TINYINT -> INT,inplace,CREATE,NO_OUTPUT,ERROR,No result SELECT in output - likely execution error
TC-PA3127,TINYINT -> BIGINT,inplace,CREATE,NO_OUTPUT,ERROR,No result SELECT in output - likely execution error
TC-PA3129,SMALLINT -> MEDIUMINT,inplace,CREATE,NO_OUTPUT,ERROR,No result SELECT in output - likely execution error
TC-PA3131,SMALLINT -> INT,inplace,CREATE,NO_OUTPUT,ERROR,No result SELECT in output - likely execution error
TC-PA3133,SMALLINT -> BIGINT,inplace,CREATE,NO_OUTPUT,ERROR,No result SELECT in output - likely execution error
TC-PA3135,MEDIUMINT -> INT,inplace,CREATE,NO_OUTPUT,ERROR,No result SELECT in output - likely execution error
TC-PA3137,MEDIUMINT -> BIGINT,inplace,CREATE,NO_OUTPUT,ERROR,No result SELECT in output - likely execution error
TC-PA3139,INT -> BIGINT,inplace,CREATE,NO_OUTPUT,ERROR,No result SELECT in output - likely execution error
TC-PA3141,TINYINT UNSIGNED -> SMALLINT UNSIGNED,inplace,CREATE,NO_OUTPUT,ERROR,No result SELECT in output - likely execution error
TC-PA3143,TINYINT UNSIGNED -> MEDIUMINT UNSIGNED,inplace,CREATE,NO_OUTPUT,ERROR,No result SELECT in output - likely execution error
TC-PA3145,TINYINT UNSIGNED -> INT UNSIGNED,inplace,CREATE,NO_OUTPUT,ERROR,No result SELECT in output - likely execution error
TC-PA3147,TINYINT UNSIGNED -> BIGINT UNSIGNED,inplace,CREATE,NO_OUTPUT,ERROR,No result SELECT in output - likely execution error
TC-PA3149,SMALLINT UNSIGNED -> MEDIUMINT UNSIGNED,inplace,CREATE,NO_OUTPUT,ERROR,No result SELECT in output - likely execution error
TC-PA3151,SMALLINT UNSIGNED -> INT UNSIGNED,inplace,CREATE,NO_OUTPUT,ERROR,No result SELECT in output - likely execution error
TC-PA3153,SMALLINT UNSIGNED -> BIGINT UNSIGNED,inplace,CREATE,NO_OUTPUT,ERROR,No result SELECT in output - likely execution error
TC-PA3155,MEDIUMINT UNSIGNED -> INT UNSIGNED,inplace,CREATE,NO_OUTPUT,ERROR,No result SELECT in output - likely execution error
TC-PA3157,MEDIUMINT UNSIGNED -> BIGINT UNSIGNED,inplace,CREATE,NO_OUTPUT,ERROR,No result SELECT in output - likely execution error
TC-PA3159,INT UNSIGNED -> BIGINT UNSIGNED,inplace,CREATE,NO_OUTPUT,ERROR,No result SELECT in output - likely execution error
TC-PA3161,CHAR(1) -> CHAR(2),inplace,CREATE,NO_OUTPUT,ERROR,No result SELECT in output - likely execution error
TC-PA3163,CHAR(63) -> CHAR(64),inplace,CREATE,NO_OUTPUT,ERROR,No result SELECT in output - likely execution error
TC-PA3165,CHAR(254) -> CHAR(255),inplace,CREATE,NO_OUTPUT,ERROR,No result SELECT in output - likely execution error
TC-PA3167,VARCHAR(1) -> VARCHAR(2),inplace,CREATE,NO_OUTPUT,ERROR,No result SELECT in output - likely execution error
TC-PA3169,VARCHAR(254) -> VARCHAR(255),inplace,CREATE,NO_OUTPUT,ERROR,No result SELECT in output - likely execution error
TC-PA3171,VARCHAR(255) -> VARCHAR(256),inplace,CREATE,NO_OUTPUT,ERROR,No result SELECT in output - likely execution error
TC-PA3173,VARCHAR(85) -> VARCHAR(86),inplace,CREATE,NO_OUTPUT,ERROR,No result SELECT in output - likely execution error
TC-PA3175,VARCHAR(63) -> VARCHAR(64),inplace,CREATE,NO_OUTPUT,ERROR,No result SELECT in output - likely execution error
TC-PA3177,VARCHAR(64) -> VARCHAR(65),inplace,CREATE,NO_OUTPUT,ERROR,No result SELECT in output - likely execution error
TC-PA3179,VARCHAR(100) -> VARCHAR(200),inplace,CREATE,NO_OUTPUT,ERROR,No result SELECT in output - likely execution error
TC-PA3181,TINYINT -> SMALLINT,inplace,CREATE,NO_OUTPUT,ERROR,No result SELECT in output - likely execution error
TC-PA3183,TINYINT -> MEDIUMINT,inplace,CREATE,NO_OUTPUT,ERROR,No result SELECT in output - likely execution error
TC-PA3185,TINYINT -> INT,inplace,CREATE,NO_OUTPUT,ERROR,No result SELECT in output - likely execution error
TC-PA3187,TINYINT -> BIGINT,inplace,CREATE,NO_OUTPUT,ERROR,No result SELECT in output - likely execution error
TC-PA3189,SMALLINT -> MEDIUMINT,inplace,CREATE,NO_OUTPUT,ERROR,No result SELECT in output - likely execution error
TC-PA3191,SMALLINT -> INT,inplace,CREATE,NO_OUTPUT,ERROR,No result SELECT in output - likely execution error
TC-PA3193,SMALLINT -> BIGINT,inplace,CREATE,NO_OUTPUT,ERROR,No result SELECT in output - likely execution error
TC-PA3195,MEDIUMINT -> INT,inplace,CREATE,NO_OUTPUT,ERROR,No result SELECT in output - likely execution error
TC-PA3197,MEDIUMINT -> BIGINT,inplace,CREATE,NO_OUTPUT,ERROR,No result SELECT in output - likely execution error
TC-PA3199,INT -> BIGINT,inplace,CREATE,NO_OUTPUT,ERROR,No result SELECT in output - likely execution error
TC-PA3201,TINYINT UNSIGNED -> SMALLINT UNSIGNED,inplace,CREATE,NO_OUTPUT,ERROR,No result SELECT in output - likely execution error
TC-PA3203,TINYINT UNSIGNED -> MEDIUMINT UNSIGNED,inplace,CREATE,NO_OUTPUT,ERROR,No result SELECT in output - likely execution error
TC-PA3205,TINYINT UNSIGNED -> INT UNSIGNED,inplace,CREATE,NO_OUTPUT,ERROR,No result SELECT in output - likely execution error
TC-PA3207,TINYINT UNSIGNED -> BIGINT UNSIGNED,inplace,CREATE,NO_OUTPUT,ERROR,No result SELECT in output - likely execution error
TC-PA3209,SMALLINT UNSIGNED -> MEDIUMINT UNSIGNED,inplace,CREATE,NO_OUTPUT,ERROR,No result SELECT in output - likely execution error
TC-PA3211,SMALLINT UNSIGNED -> INT UNSIGNED,inplace,CREATE,NO_OUTPUT,ERROR,No result SELECT in output - likely execution error
TC-PA3213,SMALLINT UNSIGNED -> BIGINT UNSIGNED,inplace,CREATE,NO_OUTPUT,ERROR,No result SELECT in output - likely execution error
TC-PA3215,MEDIUMINT UNSIGNED -> INT UNSIGNED,inplace,CREATE,NO_OUTPUT,ERROR,No result SELECT in output - likely execution error
TC-PA3217,MEDIUMINT UNSIGNED -> BIGINT UNSIGNED,inplace,CREATE,NO_OUTPUT,ERROR,No result SELECT in output - likely execution error
TC-PA3219,INT UNSIGNED -> BIGINT UNSIGNED,inplace,CREATE,NO_OUTPUT,ERROR,No result SELECT in output - likely execution error
TC-PA3221,CHAR(1) -> CHAR(2),inplace,CREATE,NO_OUTPUT,ERROR,No result SELECT in output - likely execution error
TC-PA3223,CHAR(63) -> CHAR(64),inplace,CREATE,NO_OUTPUT,ERROR,No result SELECT in output - likely execution error
TC-PA3225,CHAR(254) -> CHAR(255),inplace,CREATE,NO_OUTPUT,ERROR,No result SELECT in output - likely execution error
TC-PA3227,VARCHAR(1) -> VARCHAR(2),inplace,CREATE,NO_OUTPUT,ERROR,No result SELECT in output - likely execution error
TC-PA3229,VARCHAR(254) -> VARCHAR(255),inplace,CREATE,NO_OUTPUT,ERROR,No result SELECT in output - likely execution error
TC-PA3231,VARCHAR(255) -> VARCHAR(256),inplace,CREATE,NO_OUTPUT,ERROR,No result SELECT in output - likely execution error
TC-PA3233,VARCHAR(85) -> VARCHAR(86),inplace,CREATE,NO_OUTPUT,ERROR,No result SELECT in output - likely execution error
TC-PA3235,VARCHAR(63) -> VARCHAR(64),inplace,CREATE,NO_OUTPUT,ERROR,No result SELECT in output - likely execution error
TC-PA3237,VARCHAR(64) -> VARCHAR(65),inplace,CREATE,NO_OUTPUT,ERROR,No result SELECT in output - likely execution error
TC-PA3239,VARCHAR(100) -> VARCHAR(200),inplace,CREATE,NO_OUTPUT,ERROR,No result SELECT in output - likely execution error
TC-PA3241,TINYINT -> SMALLINT,inplace,CREATE,NO_OUTPUT,ERROR,No result SELECT in output - likely execution error
TC-PA3243,TINYINT -> MEDIUMINT,inplace,CREATE,NO_OUTPUT,ERROR,No result SELECT in output - likely execution error
TC-PA3245,TINYINT -> INT,inplace,CREATE,NO_OUTPUT,ERROR,No result SELECT in output - likely execution error
TC-PA3247,TINYINT -> BIGINT,inplace,CREATE,NO_OUTPUT,ERROR,No result SELECT in output - likely execution error
TC-PA3249,SMALLINT -> MEDIUMINT,inplace,CREATE,NO_OUTPUT,ERROR,No result SELECT in output - likely execution error
TC-PA3251,SMALLINT -> INT,inplace,CREATE,NO_OUTPUT,ERROR,No result SELECT in output - likely execution error
TC-PA3253,SMALLINT -> BIGINT,inplace,CREATE,NO_OUTPUT,ERROR,No result SELECT in output - likely execution error
TC-PA3255,MEDIUMINT -> INT,inplace,CREATE,NO_OUTPUT,ERROR,No result SELECT in output - likely execution error
TC-PA3257,MEDIUMINT -> BIGINT,inplace,CREATE,NO_OUTPUT,ERROR,No result SELECT in output - likely execution error
TC-PA3259,INT -> BIGINT,inplace,CREATE,NO_OUTPUT,ERROR,No result SELECT in output - likely execution error
TC-PA3261,TINYINT UNSIGNED -> SMALLINT UNSIGNED,inplace,CREATE,NO_OUTPUT,ERROR,No result SELECT in output - likely execution error
TC-PA3263,TINYINT UNSIGNED -> MEDIUMINT UNSIGNED,inplace,CREATE,NO_OUTPUT,ERROR,No result SELECT in output - likely execution error
TC-PA3265,TINYINT UNSIGNED -> INT UNSIGNED,inplace,CREATE,NO_OUTPUT,ERROR,No result SELECT in output - likely execution error
TC-PA3267,TINYINT UNSIGNED -> BIGINT UNSIGNED,inplace,CREATE,NO_OUTPUT,ERROR,No result SELECT in output - likely execution error
TC-PA3269,SMALLINT UNSIGNED -> MEDIUMINT UNSIGNED,inplace,CREATE,NO_OUTPUT,ERROR,No result SELECT in output - likely execution error
TC-PA3271,SMALLINT UNSIGNED -> INT UNSIGNED,inplace,CREATE,NO_OUTPUT,ERROR,No result SELECT in output - likely execution error
TC-PA3273,SMALLINT UNSIGNED -> BIGINT UNSIGNED,inplace,CREATE,NO_OUTPUT,ERROR,No result SELECT in output - likely execution error
TC-PA3275,MEDIUMINT UNSIGNED -> INT UNSIGNED,inplace,CREATE,NO_OUTPUT,ERROR,No result SELECT in output - likely execution error
TC-PA3277,MEDIUMINT UNSIGNED -> BIGINT UNSIGNED,inplace,CREATE,NO_OUTPUT,ERROR,No result SELECT in output - likely execution error
TC-PA3279,INT UNSIGNED -> BIGINT UNSIGNED,inplace,CREATE,NO_OUTPUT,ERROR,No result SELECT in output - likely execution error
TC-PA3281,CHAR(1) -> CHAR(2),inplace,CREATE,NO_OUTPUT,ERROR,No result SELECT in output - likely execution error
TC-PA3283,CHAR(63) -> CHAR(64),inplace,CREATE,NO_OUTPUT,ERROR,No result SELECT in output - likely execution error
TC-PA3285,CHAR(254) -> CHAR(255),inplace,CREATE,NO_OUTPUT,ERROR,No result SELECT in output - likely execution error
TC-PA3287,VARCHAR(1) -> VARCHAR(2),inplace,CREATE,NO_OUTPUT,ERROR,No result SELECT in output - likely execution error
TC-PA3289,VARCHAR(254) -> VARCHAR(255),inplace,CREATE,NO_OUTPUT,ERROR,No result SELECT in output - likely execution error
TC-PA3291,VARCHAR(255) -> VARCHAR(256),inplace,CREATE,NO_OUTPUT,ERROR,No result SELECT in output - likely execution error
TC-PA3293,VARCHAR(85) -> VARCHAR(86),inplace,CREATE,NO_OUTPUT,ERROR,No result SELECT in output - likely execution error
TC-PA3295,VARCHAR(63) -> VARCHAR(64),inplace,CREATE,NO_OUTPUT,ERROR,No result SELECT in output - likely execution error
TC-PA3297,VARCHAR(64) -> VARCHAR(65),inplace,CREATE,NO_OUTPUT,ERROR,No result SELECT in output - likely execution error
TC-PA3299,VARCHAR(100) -> VARCHAR(200),inplace,CREATE,NO_OUTPUT,ERROR,No result SELECT in output - likely execution error
TC-PA3301,TINYINT -> SMALLINT,inplace,CREATE,NO_OUTPUT,ERROR,No result SELECT in output - likely execution error
TC-PA3303,TINYINT -> MEDIUMINT,inplace,CREATE,NO_OUTPUT,ERROR,No result SELECT in output - likely execution error
TC-PA3305,TINYINT -> INT,inplace,CREATE,NO_OUTPUT,ERROR,No result SELECT in output - likely execution error
TC-PA3307,TINYINT -> BIGINT,inplace,CREATE,NO_OUTPUT,ERROR,No result SELECT in output - likely execution error
TC-PA3309,SMALLINT -> MEDIUMINT,inplace,CREATE,NO_OUTPUT,ERROR,No result SELECT in output - likely execution error
TC-PA3311,SMALLINT -> INT,inplace,CREATE,NO_OUTPUT,ERROR,No result SELECT in output - likely execution error
TC-PA3313,SMALLINT -> BIGINT,inplace,CREATE,NO_OUTPUT,ERROR,No result SELECT in output - likely execution error
TC-PA3315,MEDIUMINT -> INT,inplace,CREATE,NO_OUTPUT,ERROR,No result SELECT in output - likely execution error
TC-PA3317,MEDIUMINT -> BIGINT,inplace,CREATE,NO_OUTPUT,ERROR,No result SELECT in output - likely execution error
TC-PA3319,INT -> BIGINT,inplace,CREATE,NO_OUTPUT,ERROR,No result SELECT in output - likely execution error
TC-PA3321,TINYINT UNSIGNED -> SMALLINT UNSIGNED,inplace,CREATE,NO_OUTPUT,ERROR,No result SELECT in output - likely execution error
TC-PA3323,TINYINT UNSIGNED -> MEDIUMINT UNSIGNED,inplace,CREATE,NO_OUTPUT,ERROR,No result SELECT in output - likely execution error
TC-PA3325,TINYINT UNSIGNED -> INT UNSIGNED,inplace,CREATE,NO_OUTPUT,ERROR,No result SELECT in output - likely execution error
TC-PA3327,TINYINT UNSIGNED -> BIGINT UNSIGNED,inplace,CREATE,NO_OUTPUT,ERROR,No result SELECT in output - likely execution error
TC-PA3329,SMALLINT UNSIGNED -> MEDIUMINT UNSIGNED,inplace,CREATE,NO_OUTPUT,ERROR,No result SELECT in output - likely execution error
TC-PA3331,SMALLINT UNSIGNED -> INT UNSIGNED,inplace,CREATE,NO_OUTPUT,ERROR,No result SELECT in output - likely execution error
TC-PA3333,SMALLINT UNSIGNED -> BIGINT UNSIGNED,inplace,CREATE,NO_OUTPUT,ERROR,No result SELECT in output - likely execution error
TC-PA3335,MEDIUMINT UNSIGNED -> INT UNSIGNED,inplace,CREATE,NO_OUTPUT,ERROR,No result SELECT in output - likely execution error
TC-PA3337,MEDIUMINT UNSIGNED -> BIGINT UNSIGNED,inplace,CREATE,NO_OUTPUT,ERROR,No result SELECT in output - likely execution error
TC-PA3339,INT UNSIGNED -> BIGINT UNSIGNED,inplace,CREATE,NO_OUTPUT,ERROR,No result SELECT in output - likely execution error
TC-PA3341,CHAR(1) -> CHAR(2),inplace,CREATE,NO_OUTPUT,ERROR,No result SELECT in output - likely execution error
TC-PA3343,CHAR(63) -> CHAR(64),inplace,CREATE,NO_OUTPUT,ERROR,No result SELECT in output - likely execution error
TC-PA3345,CHAR(254) -> CHAR(255),inplace,CREATE,NO_OUTPUT,ERROR,No result SELECT in output - likely execution error
TC-PA3347,VARCHAR(1) -> VARCHAR(2),inplace,CREATE,NO_OUTPUT,ERROR,No result SELECT in output - likely execution error
TC-PA3349,VARCHAR(254) -> VARCHAR(255),inplace,CREATE,NO_OUTPUT,ERROR,No result SELECT in output - likely execution error
TC-PA3351,VARCHAR(255) -> VARCHAR(256),inplace,CREATE,NO_OUTPUT,ERROR,No result SELECT in output - likely execution error
TC-PA3353,VARCHAR(85) -> VARCHAR(86),inplace,CREATE,NO_OUTPUT,ERROR,No result SELECT in output - likely execution error
TC-PA3355,VARCHAR(63) -> VARCHAR(64),inplace,CREATE,NO_OUTPUT,ERROR,No result SELECT in output - likely execution error
TC-PA3357,VARCHAR(64) -> VARCHAR(65),inplace,CREATE,NO_OUTPUT,ERROR,No result SELECT in output - likely execution error
TC-PA3359,VARCHAR(100) -> VARCHAR(200),inplace,CREATE,NO_OUTPUT,ERROR,No result SELECT in output - likely execution error
TC-PA3361,TINYINT -> SMALLINT,inplace,CREATE,NO_OUTPUT,ERROR,No result SELECT in output - likely execution error
TC-PA3363,TINYINT -> MEDIUMINT,inplace,CREATE,NO_OUTPUT,ERROR,No result SELECT in output - likely execution error
TC-PA3365,TINYINT -> INT,inplace,CREATE,NO_OUTPUT,ERROR,No result SELECT in output - likely execution error
TC-PA3367,TINYINT -> BIGINT,inplace,CREATE,NO_OUTPUT,ERROR,No result SELECT in output - likely execution error
TC-PA3369,SMALLINT -> MEDIUMINT,inplace,CREATE,NO_OUTPUT,ERROR,No result SELECT in output - likely execution error
TC-PA3371,SMALLINT -> INT,inplace,CREATE,NO_OUTPUT,ERROR,No result SELECT in output - likely execution error
TC-PA3373,SMALLINT -> BIGINT,inplace,CREATE,NO_OUTPUT,ERROR,No result SELECT in output - likely execution error
TC-PA3375,MEDIUMINT -> INT,inplace,CREATE,NO_OUTPUT,ERROR,No result SELECT in output - likely execution error
TC-PA3377,MEDIUMINT -> BIGINT,inplace,CREATE,NO_OUTPUT,ERROR,No result SELECT in output - likely execution error
TC-PA3379,INT -> BIGINT,inplace,CREATE,NO_OUTPUT,ERROR,No result SELECT in output - likely execution error
TC-PA3381,TINYINT UNSIGNED -> SMALLINT UNSIGNED,inplace,CREATE,NO_OUTPUT,ERROR,No result SELECT in output - likely execution error
TC-PA3383,TINYINT UNSIGNED -> MEDIUMINT UNSIGNED,inplace,CREATE,NO_OUTPUT,ERROR,No result SELECT in output - likely execution error
TC-PA3385,TINYINT UNSIGNED -> INT UNSIGNED,inplace,CREATE,NO_OUTPUT,ERROR,No result SELECT in output - likely execution error
TC-PA3387,TINYINT UNSIGNED -> BIGINT UNSIGNED,inplace,CREATE,NO_OUTPUT,ERROR,No result SELECT in output - likely execution error
TC-PA3389,SMALLINT UNSIGNED -> MEDIUMINT UNSIGNED,inplace,CREATE,NO_OUTPUT,ERROR,No result SELECT in output - likely execution error
TC-PA3391,SMALLINT UNSIGNED -> INT UNSIGNED,inplace,CREATE,NO_OUTPUT,ERROR,No result SELECT in output - likely execution error
TC-PA3393,SMALLINT UNSIGNED -> BIGINT UNSIGNED,inplace,CREATE,NO_OUTPUT,ERROR,No result SELECT in output - likely execution error
TC-PA3395,MEDIUMINT UNSIGNED -> INT UNSIGNED,inplace,CREATE,NO_OUTPUT,ERROR,No result SELECT in output - likely execution error
TC-PA3397,MEDIUMINT UNSIGNED -> BIGINT UNSIGNED,inplace,CREATE,NO_OUTPUT,ERROR,No result SELECT in output - likely execution error
TC-PA3399,INT UNSIGNED -> BIGINT UNSIGNED,inplace,CREATE,NO_OUTPUT,ERROR,No result SELECT in output - likely execution error
TC-PA3401,CHAR(1) -> CHAR(2),inplace,CREATE,NO_OUTPUT,ERROR,No result SELECT in output - likely execution error
TC-PA3403,CHAR(63) -> CHAR(64),inplace,CREATE,NO_OUTPUT,ERROR,No result SELECT in output - likely execution error
TC-PA3405,CHAR(254) -> CHAR(255),inplace,CREATE,NO_OUTPUT,ERROR,No result SELECT in output - likely execution error
TC-PA3407,VARCHAR(1) -> VARCHAR(2),inplace,CREATE,NO_OUTPUT,ERROR,No result SELECT in output - likely execution error
TC-PA3409,VARCHAR(254) -> VARCHAR(255),inplace,CREATE,NO_OUTPUT,ERROR,No result SELECT in output - likely execution error
TC-PA3411,VARCHAR(255) -> VARCHAR(256),inplace,CREATE,NO_OUTPUT,ERROR,No result SELECT in output - likely execution error
TC-PA3413,VARCHAR(85) -> VARCHAR(86),inplace,CREATE,NO_OUTPUT,ERROR,No result SELECT in output - likely execution error
TC-PA3415,VARCHAR(63) -> VARCHAR(64),inplace,CREATE,NO_OUTPUT,ERROR,No result SELECT in output - likely execution error
TC-PA3417,VARCHAR(64) -> VARCHAR(65),inplace,CREATE,NO_OUTPUT,ERROR,No result SELECT in output - likely execution error
TC-PA3419,VARCHAR(100) -> VARCHAR(200),inplace,CREATE,NO_OUTPUT,ERROR,No result SELECT in output - likely execution error
TC-PA3421,TINYINT -> SMALLINT,inplace,CREATE,NO_OUTPUT,ERROR,No result SELECT in output - likely execution error
TC-PA3423,TINYINT -> MEDIUMINT,inplace,CREATE,NO_OUTPUT,ERROR,No result SELECT in output - likely execution error
TC-PA3425,TINYINT -> INT,inplace,CREATE,NO_OUTPUT,ERROR,No result SELECT in output - likely execution error
TC-PA3427,TINYINT -> BIGINT,inplace,CREATE,NO_OUTPUT,ERROR,No result SELECT in output - likely execution error
TC-PA3429,SMALLINT -> MEDIUMINT,inplace,CREATE,NO_OUTPUT,ERROR,No result SELECT in output - likely execution error
TC-PA3431,SMALLINT -> INT,inplace,CREATE,NO_OUTPUT,ERROR,No result SELECT in output - likely execution error
TC-PA3433,SMALLINT -> BIGINT,inplace,CREATE,NO_OUTPUT,ERROR,No result SELECT in output - likely execution error
TC-PA3435,MEDIUMINT -> INT,inplace,CREATE,NO_OUTPUT,ERROR,No result SELECT in output - likely execution error
TC-PA3437,MEDIUMINT -> BIGINT,inplace,CREATE,NO_OUTPUT,ERROR,No result SELECT in output - likely execution error
TC-PA3439,INT -> BIGINT,inplace,CREATE,NO_OUTPUT,ERROR,No result SELECT in output - likely execution error
TC-PA3441,TINYINT UNSIGNED -> SMALLINT UNSIGNED,inplace,CREATE,NO_OUTPUT,ERROR,No result SELECT in output - likely execution error
TC-PA3443,TINYINT UNSIGNED -> MEDIUMINT UNSIGNED,inplace,CREATE,NO_OUTPUT,ERROR,No result SELECT in output - likely execution error
TC-PA3445,TINYINT UNSIGNED -> INT UNSIGNED,inplace,CREATE,NO_OUTPUT,ERROR,No result SELECT in output - likely execution error
TC-PA3447,TINYINT UNSIGNED -> BIGINT UNSIGNED,inplace,CREATE,NO_OUTPUT,ERROR,No result SELECT in output - likely execution error
TC-PA3449,SMALLINT UNSIGNED -> MEDIUMINT UNSIGNED,inplace,CREATE,NO_OUTPUT,ERROR,No result SELECT in output - likely execution error
TC-PA3451,SMALLINT UNSIGNED -> INT UNSIGNED,inplace,CREATE,NO_OUTPUT,ERROR,No result SELECT in output - likely execution error
TC-PA3453,SMALLINT UNSIGNED -> BIGINT UNSIGNED,inplace,CREATE,NO_OUTPUT,ERROR,No result SELECT in output - likely execution error
TC-PA3455,MEDIUMINT UNSIGNED -> INT UNSIGNED,inplace,CREATE,NO_OUTPUT,ERROR,No result SELECT in output - likely execution error
TC-PA3457,MEDIUMINT UNSIGNED -> BIGINT UNSIGNED,inplace,CREATE,NO_OUTPUT,ERROR,No result SELECT in output - likely execution error
TC-PA3459,INT UNSIGNED -> BIGINT UNSIGNED,inplace,CREATE,NO_OUTPUT,ERROR,No result SELECT in output - likely execution error
TC-PA3461,CHAR(1) -> CHAR(2),inplace,CREATE,NO_OUTPUT,ERROR,No result SELECT in output - likely execution error
TC-PA3463,CHAR(63) -> CHAR(64),inplace,CREATE,NO_OUTPUT,ERROR,No result SELECT in output - likely execution error
TC-PA3465,CHAR(254) -> CHAR(255),inplace,CREATE,NO_OUTPUT,ERROR,No result SELECT in output - likely execution error
TC-PA3467,VARCHAR(1) -> VARCHAR(2),inplace,CREATE,NO_OUTPUT,ERROR,No result SELECT in output - likely execution error
TC-PA3469,VARCHAR(254) -> VARCHAR(255),inplace,CREATE,NO_OUTPUT,ERROR,No result SELECT in output - likely execution error
TC-PA3471,VARCHAR(255) -> VARCHAR(256),inplace,CREATE,NO_OUTPUT,ERROR,No result SELECT in output - likely execution error
TC-PA3473,VARCHAR(85) -> VARCHAR(86),inplace,CREATE,NO_OUTPUT,ERROR,No result SELECT in output - likely execution error
TC-PA3475,VARCHAR(63) -> VARCHAR(64),inplace,CREATE,NO_OUTPUT,ERROR,No result SELECT in output - likely execution error
TC-PA3477,VARCHAR(64) -> VARCHAR(65),inplace,CREATE,NO_OUTPUT,ERROR,No result SELECT in output - likely execution error
TC-PA3479,VARCHAR(100) -> VARCHAR(200),inplace,CREATE,NO_OUTPUT,ERROR,No result SELECT in output - likely execution error
TC-PA3481,TINYINT -> SMALLINT,inplace,CREATE,NO_OUTPUT,ERROR,No result SELECT in output - likely execution error
TC-PA3483,TINYINT -> MEDIUMINT,inplace,CREATE,NO_OUTPUT,ERROR,No result SELECT in output - likely execution error
TC-PA3485,TINYINT -> INT,inplace,CREATE,NO_OUTPUT,ERROR,No result SELECT in output - likely execution error
TC-PA3487,TINYINT -> BIGINT,inplace,CREATE,NO_OUTPUT,ERROR,No result SELECT in output - likely execution error
TC-PA3489,SMALLINT -> MEDIUMINT,inplace,CREATE,NO_OUTPUT,ERROR,No result SELECT in output - likely execution error
TC-PA3491,SMALLINT -> INT,inplace,CREATE,NO_OUTPUT,ERROR,No result SELECT in output - likely execution error
TC-PA3493,SMALLINT -> BIGINT,inplace,CREATE,NO_OUTPUT,ERROR,No result SELECT in output - likely execution error
TC-PA3495,MEDIUMINT -> INT,inplace,CREATE,NO_OUTPUT,ERROR,No result SELECT in output - likely execution error
TC-PA3497,MEDIUMINT -> BIGINT,inplace,CREATE,NO_OUTPUT,ERROR,No result SELECT in output - likely execution error
TC-PA3499,INT -> BIGINT,inplace,CREATE,NO_OUTPUT,ERROR,No result SELECT in output - likely execution error
TC-PA3501,TINYINT UNSIGNED -> SMALLINT UNSIGNED,inplace,CREATE,NO_OUTPUT,ERROR,No result SELECT in output - likely execution error
TC-PA3503,TINYINT UNSIGNED -> MEDIUMINT UNSIGNED,inplace,CREATE,NO_OUTPUT,ERROR,No result SELECT in output - likely execution error
TC-PA3505,TINYINT UNSIGNED -> INT UNSIGNED,inplace,CREATE,NO_OUTPUT,ERROR,No result SELECT in output - likely execution error
TC-PA3507,TINYINT UNSIGNED -> BIGINT UNSIGNED,inplace,CREATE,NO_OUTPUT,ERROR,No result SELECT in output - likely execution error
TC-PA3509,SMALLINT UNSIGNED -> MEDIUMINT UNSIGNED,inplace,CREATE,NO_OUTPUT,ERROR,No result SELECT in output - likely execution error
TC-PA3511,SMALLINT UNSIGNED -> INT UNSIGNED,inplace,CREATE,NO_OUTPUT,ERROR,No result SELECT in output - likely execution error
TC-PA3513,SMALLINT UNSIGNED -> BIGINT UNSIGNED,inplace,CREATE,NO_OUTPUT,ERROR,No result SELECT in output - likely execution error
TC-PA3515,MEDIUMINT UNSIGNED -> INT UNSIGNED,inplace,CREATE,NO_OUTPUT,ERROR,No result SELECT in output - likely execution error
TC-PA3517,MEDIUMINT UNSIGNED -> BIGINT UNSIGNED,inplace,CREATE,NO_OUTPUT,ERROR,No result SELECT in output - likely execution error
TC-PA3519,INT UNSIGNED -> BIGINT UNSIGNED,inplace,CREATE,NO_OUTPUT,ERROR,No result SELECT in output - likely execution error
TC-PA3521,CHAR(1) -> CHAR(2),inplace,CREATE,NO_OUTPUT,ERROR,No result SELECT in output - likely execution error
TC-PA3523,CHAR(63) -> CHAR(64),inplace,CREATE,NO_OUTPUT,ERROR,No result SELECT in output - likely execution error
TC-PA3525,CHAR(254) -> CHAR(255),inplace,CREATE,NO_OUTPUT,ERROR,No result SELECT in output - likely execution error
TC-PA3527,VARCHAR(1) -> VARCHAR(2),inplace,CREATE,NO_OUTPUT,ERROR,No result SELECT in output - likely execution error
TC-PA3529,VARCHAR(254) -> VARCHAR(255),inplace,CREATE,NO_OUTPUT,ERROR,No result SELECT in output - likely execution error
TC-PA3531,VARCHAR(255) -> VARCHAR(256),inplace,CREATE,NO_OUTPUT,ERROR,No result SELECT in output - likely execution error
TC-PA3533,VARCHAR(85) -> VARCHAR(86),inplace,CREATE,NO_OUTPUT,ERROR,No result SELECT in output - likely execution error
TC-PA3535,VARCHAR(63) -> VARCHAR(64),inplace,CREATE,NO_OUTPUT,ERROR,No result SELECT in output - likely execution error
TC-PA3537,VARCHAR(64) -> VARCHAR(65),inplace,CREATE,NO_OUTPUT,ERROR,No result SELECT in output - likely execution error
TC-PA3539,VARCHAR(100) -> VARCHAR(200),inplace,CREATE,NO_OUTPUT,ERROR,No result SELECT in output - likely execution error
TC-PA3541,TINYINT -> SMALLINT,inplace,CREATE,NO_OUTPUT,ERROR,No result SELECT in output - likely execution error
TC-PA3543,TINYINT -> MEDIUMINT,inplace,CREATE,NO_OUTPUT,ERROR,No result SELECT in output - likely execution error
TC-PA3545,TINYINT -> INT,inplace,CREATE,NO_OUTPUT,ERROR,No result SELECT in output - likely execution error
TC-PA3547,TINYINT -> BIGINT,inplace,CREATE,NO_OUTPUT,ERROR,No result SELECT in output - likely execution error
TC-PA3549,SMALLINT -> MEDIUMINT,inplace,CREATE,NO_OUTPUT,ERROR,No result SELECT in output - likely execution error
TC-PA3551,SMALLINT -> INT,inplace,CREATE,NO_OUTPUT,ERROR,No result SELECT in output - likely execution error
TC-PA3553,SMALLINT -> BIGINT,inplace,CREATE,NO_OUTPUT,ERROR,No result SELECT in output - likely execution error
TC-PA3555,MEDIUMINT -> INT,inplace,CREATE,NO_OUTPUT,ERROR,No result SELECT in output - likely execution error
TC-PA3557,MEDIUMINT -> BIGINT,inplace,CREATE,NO_OUTPUT,ERROR,No result SELECT in output - likely execution error
TC-PA3559,INT -> BIGINT,inplace,CREATE,NO_OUTPUT,ERROR,No result SELECT in output - likely execution error
TC-PA3561,TINYINT UNSIGNED -> SMALLINT UNSIGNED,inplace,CREATE,NO_OUTPUT,ERROR,No result SELECT in output - likely execution error
TC-PA3563,TINYINT UNSIGNED -> MEDIUMINT UNSIGNED,inplace,CREATE,NO_OUTPUT,ERROR,No result SELECT in output - likely execution error
TC-PA3565,TINYINT UNSIGNED -> INT UNSIGNED,inplace,CREATE,NO_OUTPUT,ERROR,No result SELECT in output - likely execution error
TC-PA3567,TINYINT UNSIGNED -> BIGINT UNSIGNED,inplace,CREATE,NO_OUTPUT,ERROR,No result SELECT in output - likely execution error
TC-PA3569,SMALLINT UNSIGNED -> MEDIUMINT UNSIGNED,inplace,CREATE,NO_OUTPUT,ERROR,No result SELECT in output - likely execution error
TC-PA3571,SMALLINT UNSIGNED -> INT UNSIGNED,inplace,CREATE,NO_OUTPUT,ERROR,No result SELECT in output - likely execution error
TC-PA3573,SMALLINT UNSIGNED -> BIGINT UNSIGNED,inplace,CREATE,NO_OUTPUT,ERROR,No result SELECT in output - likely execution error
TC-PA3575,MEDIUMINT UNSIGNED -> INT UNSIGNED,inplace,CREATE,NO_OUTPUT,ERROR,No result SELECT in output - likely execution error
TC-PA3577,MEDIUMINT UNSIGNED -> BIGINT UNSIGNED,inplace,CREATE,NO_OUTPUT,ERROR,No result SELECT in output - likely execution error
TC-PA3579,INT UNSIGNED -> BIGINT UNSIGNED,inplace,CREATE,NO_OUTPUT,ERROR,No result SELECT in output - likely execution error
TC-PA3581,CHAR(1) -> CHAR(2),inplace,CREATE,NO_OUTPUT,ERROR,No result SELECT in output - likely execution error
TC-PA3583,CHAR(63) -> CHAR(64),inplace,CREATE,NO_OUTPUT,ERROR,No result SELECT in output - likely execution error
TC-PA3585,CHAR(254) -> CHAR(255),inplace,CREATE,NO_OUTPUT,ERROR,No result SELECT in output - likely execution error
TC-PA3587,VARCHAR(1) -> VARCHAR(2),inplace,CREATE,NO_OUTPUT,ERROR,No result SELECT in output - likely execution error
TC-PA3589,VARCHAR(254) -> VARCHAR(255),inplace,CREATE,NO_OUTPUT,ERROR,No result SELECT in output - likely execution error
TC-PA3591,VARCHAR(255) -> VARCHAR(256),inplace,CREATE,NO_OUTPUT,ERROR,No result SELECT in output - likely execution error
TC-PA3593,VARCHAR(85) -> VARCHAR(86),inplace,CREATE,NO_OUTPUT,ERROR,No result SELECT in output - likely execution error
TC-PA3595,VARCHAR(63) -> VARCHAR(64),inplace,CREATE,NO_OUTPUT,ERROR,No result SELECT in output - likely execution error
TC-PA3597,VARCHAR(64) -> VARCHAR(65),inplace,CREATE,NO_OUTPUT,ERROR,No result SELECT in output - likely execution error
TC-PA3599,VARCHAR(100) -> VARCHAR(200),inplace,CREATE,NO_OUTPUT,ERROR,No result SELECT in output - likely execution error
TC-PA3601,TINYINT -> SMALLINT,inplace,CREATE,NO_OUTPUT,ERROR,No result SELECT in output - likely execution error
TC-PA3603,TINYINT -> MEDIUMINT,inplace,CREATE,NO_OUTPUT,ERROR,No result SELECT in output - likely execution error
TC-PA3605,TINYINT -> INT,inplace,CREATE,NO_OUTPUT,ERROR,No result SELECT in output - likely execution error
TC-PA3607,TINYINT -> BIGINT,inplace,CREATE,NO_OUTPUT,ERROR,No result SELECT in output - likely execution error
TC-PA3609,SMALLINT -> MEDIUMINT,inplace,CREATE,NO_OUTPUT,ERROR,No result SELECT in output - likely execution error
TC-PA3611,SMALLINT -> INT,inplace,CREATE,NO_OUTPUT,ERROR,No result SELECT in output - likely execution error
TC-PA3613,SMALLINT -> BIGINT,inplace,CREATE,NO_OUTPUT,ERROR,No result SELECT in output - likely execution error
TC-PA3615,MEDIUMINT -> INT,inplace,CREATE,NO_OUTPUT,ERROR,No result SELECT in output - likely execution error
TC-PA3617,MEDIUMINT -> BIGINT,inplace,CREATE,NO_OUTPUT,ERROR,No result SELECT in output - likely execution error
TC-PA3619,INT -> BIGINT,inplace,CREATE,NO_OUTPUT,ERROR,No result SELECT in output - likely execution error
TC-PA3621,TINYINT UNSIGNED -> SMALLINT UNSIGNED,inplace,CREATE,NO_OUTPUT,ERROR,No result SELECT in output - likely execution error
TC-PA3623,TINYINT UNSIGNED -> MEDIUMINT UNSIGNED,inplace,CREATE,NO_OUTPUT,ERROR,No result SELECT in output - likely execution error
TC-PA3625,TINYINT UNSIGNED -> INT UNSIGNED,inplace,CREATE,NO_OUTPUT,ERROR,No result SELECT in output - likely execution error
TC-PA3627,TINYINT UNSIGNED -> BIGINT UNSIGNED,inplace,CREATE,NO_OUTPUT,ERROR,No result SELECT in output - likely execution error
TC-PA3629,SMALLINT UNSIGNED -> MEDIUMINT UNSIGNED,inplace,CREATE,NO_OUTPUT,ERROR,No result SELECT in output - likely execution error
TC-PA3631,SMALLINT UNSIGNED -> INT UNSIGNED,inplace,CREATE,NO_OUTPUT,ERROR,No result SELECT in output - likely execution error
TC-PA3633,SMALLINT UNSIGNED -> BIGINT UNSIGNED,inplace,CREATE,NO_OUTPUT,ERROR,No result SELECT in output - likely execution error
TC-PA3635,MEDIUMINT UNSIGNED -> INT UNSIGNED,inplace,CREATE,NO_OUTPUT,ERROR,No result SELECT in output - likely execution error
TC-PA3637,MEDIUMINT UNSIGNED -> BIGINT UNSIGNED,inplace,CREATE,NO_OUTPUT,ERROR,No result SELECT in output - likely execution error
TC-PA3639,INT UNSIGNED -> BIGINT UNSIGNED,inplace,CREATE,NO_OUTPUT,ERROR,No result SELECT in output - likely execution error
TC-PA3641,CHAR(1) -> CHAR(2),inplace,CREATE,NO_OUTPUT,ERROR,No result SELECT in output - likely execution error
TC-PA3643,CHAR(63) -> CHAR(64),inplace,CREATE,NO_OUTPUT,ERROR,No result SELECT in output - likely execution error
TC-PA3645,CHAR(254) -> CHAR(255),inplace,CREATE,NO_OUTPUT,ERROR,No result SELECT in output - likely execution error
TC-PA3647,VARCHAR(1) -> VARCHAR(2),inplace,CREATE,NO_OUTPUT,ERROR,No result SELECT in output - likely execution error
TC-PA3649,VARCHAR(254) -> VARCHAR(255),inplace,CREATE,NO_OUTPUT,ERROR,No result SELECT in output - likely execution error
TC-PA3651,VARCHAR(255) -> VARCHAR(256),inplace,CREATE,NO_OUTPUT,ERROR,No result SELECT in output - likely execution error
TC-PA3653,VARCHAR(85) -> VARCHAR(86),inplace,CREATE,NO_OUTPUT,ERROR,No result SELECT in output - likely execution error
TC-PA3655,VARCHAR(63) -> VARCHAR(64),inplace,CREATE,NO_OUTPUT,ERROR,No result SELECT in output - likely execution error
TC-PA3657,VARCHAR(64) -> VARCHAR(65),inplace,CREATE,NO_OUTPUT,ERROR,No result SELECT in output - likely execution error
TC-PA3659,VARCHAR(100) -> VARCHAR(200),inplace,CREATE,NO_OUTPUT,ERROR,No result SELECT in output - likely execution error
TC-PA3661,TINYINT -> SMALLINT,inplace,CREATE,NO_OUTPUT,ERROR,No result SELECT in output - likely execution error
TC-PA3663,TINYINT -> MEDIUMINT,inplace,CREATE,NO_OUTPUT,ERROR,No result SELECT in output - likely execution error
TC-PA3665,TINYINT -> INT,inplace,CREATE,NO_OUTPUT,ERROR,No result SELECT in output - likely execution error
TC-PA3667,TINYINT -> BIGINT,inplace,CREATE,NO_OUTPUT,ERROR,No result SELECT in output - likely execution error
TC-PA3669,SMALLINT -> MEDIUMINT,inplace,CREATE,NO_OUTPUT,ERROR,No result SELECT in output - likely execution error
TC-PA3671,SMALLINT -> INT,inplace,CREATE,NO_OUTPUT,ERROR,No result SELECT in output - likely execution error
TC-PA3673,SMALLINT -> BIGINT,inplace,CREATE,NO_OUTPUT,ERROR,No result SELECT in output - likely execution error
TC-PA3675,MEDIUMINT -> INT,inplace,CREATE,NO_OUTPUT,ERROR,No result SELECT in output - likely execution error
TC-PA3677,MEDIUMINT -> BIGINT,inplace,CREATE,NO_OUTPUT,ERROR,No result SELECT in output - likely execution error
TC-PA3679,INT -> BIGINT,inplace,CREATE,NO_OUTPUT,ERROR,No result SELECT in output - likely execution error
TC-PA3681,TINYINT UNSIGNED -> SMALLINT UNSIGNED,inplace,CREATE,NO_OUTPUT,ERROR,No result SELECT in output - likely execution error
TC-PA3683,TINYINT UNSIGNED -> MEDIUMINT UNSIGNED,inplace,CREATE,NO_OUTPUT,ERROR,No result SELECT in output - likely execution error
TC-PA3685,TINYINT UNSIGNED -> INT UNSIGNED,inplace,CREATE,NO_OUTPUT,ERROR,No result SELECT in output - likely execution error
TC-PA3687,TINYINT UNSIGNED -> BIGINT UNSIGNED,inplace,CREATE,NO_OUTPUT,ERROR,No result SELECT in output - likely execution error
TC-PA3689,SMALLINT UNSIGNED -> MEDIUMINT UNSIGNED,inplace,CREATE,NO_OUTPUT,ERROR,No result SELECT in output - likely execution error
TC-PA3691,SMALLINT UNSIGNED -> INT UNSIGNED,inplace,CREATE,NO_OUTPUT,ERROR,No result SELECT in output - likely execution error
TC-PA3693,SMALLINT UNSIGNED -> BIGINT UNSIGNED,inplace,CREATE,NO_OUTPUT,ERROR,No result SELECT in output - likely execution error
TC-PA3695,MEDIUMINT UNSIGNED -> INT UNSIGNED,inplace,CREATE,NO_OUTPUT,ERROR,No result SELECT in output - likely execution error
TC-PA3697,MEDIUMINT UNSIGNED -> BIGINT UNSIGNED,inplace,CREATE,NO_OUTPUT,ERROR,No result SELECT in output - likely execution error
TC-PA3699,INT UNSIGNED -> BIGINT UNSIGNED,inplace,CREATE,NO_OUTPUT,ERROR,No result SELECT in output - likely execution error
TC-PA3701,CHAR(1) -> CHAR(2),inplace,CREATE,NO_OUTPUT,ERROR,No result SELECT in output - likely execution error
TC-PA3703,CHAR(63) -> CHAR(64),inplace,CREATE,NO_OUTPUT,ERROR,No result SELECT in output - likely execution error
TC-PA3705,CHAR(254) -> CHAR(255),inplace,CREATE,NO_OUTPUT,ERROR,No result SELECT in output - likely execution error
TC-PA3707,VARCHAR(1) -> VARCHAR(2),inplace,CREATE,NO_OUTPUT,ERROR,No result SELECT in output - likely execution error
TC-PA3709,VARCHAR(254) -> VARCHAR(255),inplace,CREATE,NO_OUTPUT,ERROR,No result SELECT in output - likely execution error
TC-PA3711,VARCHAR(255) -> VARCHAR(256),inplace,CREATE,NO_OUTPUT,ERROR,No result SELECT in output - likely execution error
TC-PA3713,VARCHAR(85) -> VARCHAR(86),inplace,CREATE,NO_OUTPUT,ERROR,No result SELECT in output - likely execution error
TC-PA3715,VARCHAR(63) -> VARCHAR(64),inplace,CREATE,NO_OUTPUT,ERROR,No result SELECT in output - likely execution error
TC-PA3717,VARCHAR(64) -> VARCHAR(65),inplace,CREATE,NO_OUTPUT,ERROR,No result SELECT in output - likely execution error
TC-PA3719,VARCHAR(100) -> VARCHAR(200),inplace,CREATE,NO_OUTPUT,ERROR,No result SELECT in output - likely execution error
TC-PA3721,TINYINT -> SMALLINT,inplace,CREATE,NO_OUTPUT,ERROR,No result SELECT in output - likely execution error
TC-PA3723,TINYINT -> MEDIUMINT,inplace,CREATE,NO_OUTPUT,ERROR,No result SELECT in output - likely execution error
TC-PA3725,TINYINT -> INT,inplace,CREATE,NO_OUTPUT,ERROR,No result SELECT in output - likely execution error
TC-PA3727,TINYINT -> BIGINT,inplace,CREATE,NO_OUTPUT,ERROR,No result SELECT in output - likely execution error
TC-PA3729,SMALLINT -> MEDIUMINT,inplace,CREATE,NO_OUTPUT,ERROR,No result SELECT in output - likely execution error
TC-PA3731,SMALLINT -> INT,inplace,CREATE,NO_OUTPUT,ERROR,No result SELECT in output - likely execution error
TC-PA3733,SMALLINT -> BIGINT,inplace,CREATE,NO_OUTPUT,ERROR,No result SELECT in output - likely execution error
TC-PA3735,MEDIUMINT -> INT,inplace,CREATE,NO_OUTPUT,ERROR,No result SELECT in output - likely execution error
TC-PA3737,MEDIUMINT -> BIGINT,inplace,CREATE,NO_OUTPUT,ERROR,No result SELECT in output - likely execution error
TC-PA3739,INT -> BIGINT,inplace,CREATE,NO_OUTPUT,ERROR,No result SELECT in output - likely execution error
TC-PA3741,TINYINT UNSIGNED -> SMALLINT UNSIGNED,inplace,CREATE,NO_OUTPUT,ERROR,No result SELECT in output - likely execution error
TC-PA3743,TINYINT UNSIGNED -> MEDIUMINT UNSIGNED,inplace,CREATE,NO_OUTPUT,ERROR,No result SELECT in output - likely execution error
TC-PA3745,TINYINT UNSIGNED -> INT UNSIGNED,inplace,CREATE,NO_OUTPUT,ERROR,No result SELECT in output - likely execution error
TC-PA3747,TINYINT UNSIGNED -> BIGINT UNSIGNED,inplace,CREATE,NO_OUTPUT,ERROR,No result SELECT in output - likely execution error
TC-PA3749,SMALLINT UNSIGNED -> MEDIUMINT UNSIGNED,inplace,CREATE,NO_OUTPUT,ERROR,No result SELECT in output - likely execution error
TC-PA3751,SMALLINT UNSIGNED -> INT UNSIGNED,inplace,CREATE,NO_OUTPUT,ERROR,No result SELECT in output - likely execution error
TC-PA3753,SMALLINT UNSIGNED -> BIGINT UNSIGNED,inplace,CREATE,NO_OUTPUT,ERROR,No result SELECT in output - likely execution error
TC-PA3755,MEDIUMINT UNSIGNED -> INT UNSIGNED,inplace,CREATE,NO_OUTPUT,ERROR,No result SELECT in output - likely execution error
TC-PA3757,MEDIUMINT UNSIGNED -> BIGINT UNSIGNED,inplace,CREATE,NO_OUTPUT,ERROR,No result SELECT in output - likely execution error
TC-PA3759,INT UNSIGNED -> BIGINT UNSIGNED,inplace,CREATE,NO_OUTPUT,ERROR,No result SELECT in output - likely execution error
TC-PA3761,CHAR(1) -> CHAR(2),inplace,CREATE,NO_OUTPUT,ERROR,No result SELECT in output - likely execution error
TC-PA3763,CHAR(63) -> CHAR(64),inplace,CREATE,NO_OUTPUT,ERROR,No result SELECT in output - likely execution error
TC-PA3765,CHAR(254) -> CHAR(255),inplace,CREATE,NO_OUTPUT,ERROR,No result SELECT in output - likely execution error
TC-PA3767,VARCHAR(1) -> VARCHAR(2),inplace,CREATE,NO_OUTPUT,ERROR,No result SELECT in output - likely execution error
TC-PA3769,VARCHAR(254) -> VARCHAR(255),inplace,CREATE,NO_OUTPUT,ERROR,No result SELECT in output - likely execution error
TC-PA3771,VARCHAR(255) -> VARCHAR(256),inplace,CREATE,NO_OUTPUT,ERROR,No result SELECT in output - likely execution error
TC-PA3773,VARCHAR(85) -> VARCHAR(86),inplace,CREATE,NO_OUTPUT,ERROR,No result SELECT in output - likely execution error
TC-PA3775,VARCHAR(63) -> VARCHAR(64),inplace,CREATE,NO_OUTPUT,ERROR,No result SELECT in output - likely execution error
TC-PA3777,VARCHAR(64) -> VARCHAR(65),inplace,CREATE,NO_OUTPUT,ERROR,No result SELECT in output - likely execution error
TC-PA3779,VARCHAR(100) -> VARCHAR(200),inplace,CREATE,NO_OUTPUT,ERROR,No result SELECT in output - likely execution error
TC-PA3781,TINYINT -> SMALLINT,inplace,CREATE,NO_OUTPUT,ERROR,No result SELECT in output - likely execution error
TC-PA3783,TINYINT -> MEDIUMINT,inplace,CREATE,NO_OUTPUT,ERROR,No result SELECT in output - likely execution error
TC-PA3785,TINYINT -> INT,inplace,CREATE,NO_OUTPUT,ERROR,No result SELECT in output - likely execution error
TC-PA3787,TINYINT -> BIGINT,inplace,CREATE,NO_OUTPUT,ERROR,No result SELECT in output - likely execution error
TC-PA3789,SMALLINT -> MEDIUMINT,inplace,CREATE,NO_OUTPUT,ERROR,No result SELECT in output - likely execution error
TC-PA3791,SMALLINT -> INT,inplace,CREATE,NO_OUTPUT,ERROR,No result SELECT in output - likely execution error
TC-PA3793,SMALLINT -> BIGINT,inplace,CREATE,NO_OUTPUT,ERROR,No result SELECT in output - likely execution error
TC-PA3795,MEDIUMINT -> INT,inplace,CREATE,NO_OUTPUT,ERROR,No result SELECT in output - likely execution error
TC-PA3797,MEDIUMINT -> BIGINT,inplace,CREATE,NO_OUTPUT,ERROR,No result SELECT in output - likely execution error
TC-PA3799,INT -> BIGINT,inplace,CREATE,NO_OUTPUT,ERROR,No result SELECT in output - likely execution error
TC-PA3801,TINYINT UNSIGNED -> SMALLINT UNSIGNED,inplace,CREATE,NO_OUTPUT,ERROR,No result SELECT in output - likely execution error
TC-PA3803,TINYINT UNSIGNED -> MEDIUMINT UNSIGNED,inplace,CREATE,NO_OUTPUT,ERROR,No result SELECT in output - likely execution error
TC-PA3805,TINYINT UNSIGNED -> INT UNSIGNED,inplace,CREATE,NO_OUTPUT,ERROR,No result SELECT in output - likely execution error
TC-PA3807,TINYINT UNSIGNED -> BIGINT UNSIGNED,inplace,CREATE,NO_OUTPUT,ERROR,No result SELECT in output - likely execution error
TC-PA3809,SMALLINT UNSIGNED -> MEDIUMINT UNSIGNED,inplace,CREATE,NO_OUTPUT,ERROR,No result SELECT in output - likely execution error
TC-PA3811,SMALLINT UNSIGNED -> INT UNSIGNED,inplace,CREATE,NO_OUTPUT,ERROR,No result SELECT in output - likely execution error
TC-PA3813,SMALLINT UNSIGNED -> BIGINT UNSIGNED,inplace,CREATE,NO_OUTPUT,ERROR,No result SELECT in output - likely execution error
TC-PA3815,MEDIUMINT UNSIGNED -> INT UNSIGNED,inplace,CREATE,NO_OUTPUT,ERROR,No result SELECT in output - likely execution error
TC-PA3817,MEDIUMINT UNSIGNED -> BIGINT UNSIGNED,inplace,CREATE,NO_OUTPUT,ERROR,No result SELECT in output - likely execution error
TC-PA3819,INT UNSIGNED -> BIGINT UNSIGNED,inplace,CREATE,NO_OUTPUT,ERROR,No result SELECT in output - likely execution error
TC-PA3821,CHAR(1) -> CHAR(2),inplace,CREATE,NO_OUTPUT,ERROR,No result SELECT in output - likely execution error
TC-PA3823,CHAR(63) -> CHAR(64),inplace,CREATE,NO_OUTPUT,ERROR,No result SELECT in output - likely execution error
TC-PA3825,CHAR(254) -> CHAR(255),inplace,CREATE,NO_OUTPUT,ERROR,No result SELECT in output - likely execution error
TC-PA3827,VARCHAR(1) -> VARCHAR(2),inplace,CREATE,NO_OUTPUT,ERROR,No result SELECT in output - likely execution error
TC-PA3829,VARCHAR(254) -> VARCHAR(255),inplace,CREATE,NO_OUTPUT,ERROR,No result SELECT in output - likely execution error
TC-PA3831,VARCHAR(255) -> VARCHAR(256),inplace,CREATE,NO_OUTPUT,ERROR,No result SELECT in output - likely execution error
TC-PA3833,VARCHAR(85) -> VARCHAR(86),inplace,CREATE,NO_OUTPUT,ERROR,No result SELECT in output - likely execution error
TC-PA3835,VARCHAR(63) -> VARCHAR(64),inplace,CREATE,NO_OUTPUT,ERROR,No result SELECT in output - likely execution error
TC-PA3837,VARCHAR(64) -> VARCHAR(65),inplace,CREATE,NO_OUTPUT,ERROR,No result SELECT in output - likely execution error
TC-PA3839,VARCHAR(100) -> VARCHAR(200),inplace,CREATE,NO_OUTPUT,ERROR,No result SELECT in output - likely execution error
