
============================================================
File: 12_partition_64.sql
============================================================

Test ID: TC-PA0001
  Type: TINYINT -> SMALLINT
  Algorithm: inplace
  Expected: CREATE
  Result: NO_OUTPUT
  Mismatch: No result SELECT in output - likely execution error

Test ID: TC-PA0003
  Type: TINYINT -> MEDIUMINT
  Algorithm: inplace
  Expected: CREATE
  Result: NO_OUTPUT
  Mismatch: No result SELECT in output - likely execution error

Test ID: TC-PA0005
  Type: TINYINT -> INT
  Algorithm: inplace
  Expected: CREATE
  Result: NO_OUTPUT
  Mismatch: No result SELECT in output - likely execution error

Test ID: TC-PA0007
  Type: TINYINT -> BIGINT
  Algorithm: inplace
  Expected: CREATE
  Result: NO_OUTPUT
  Mismatch: No result SELECT in output - likely execution error

Test ID: TC-PA0009
  Type: SMALLINT -> MEDIUMINT
  Algorithm: inplace
  Expected: CREATE
  Result: NO_OUTPUT
  Mismatch: No result SELECT in output - likely execution error

Test ID: TC-PA0011
  Type: SMALLINT -> INT
  Algorithm: inplace
  Expected: CREATE
  Result: NO_OUTPUT
  Mismatch: No result SELECT in output - likely execution error

Test ID: TC-PA0013
  Type: SMALLINT -> BIGINT
  Algorithm: inplace
  Expected: CREATE
  Result: NO_OUTPUT
  Mismatch: No result SELECT in output - likely execution error

Test ID: TC-PA0015
  Type: MEDIUMINT -> INT
  Algorithm: inplace
  Expected: CREATE
  Result: NO_OUTPUT
  Mismatch: No result SELECT in output - likely execution error

Test ID: TC-PA0017
  Type: MEDIUMINT -> BIGINT
  Algorithm: inplace
  Expected: CREATE
  Result: NO_OUTPUT
  Mismatch: No result SELECT in output - likely execution error

Test ID: TC-PA0019
  Type: INT -> BIGINT
  Algorithm: inplace
  Expected: CREATE
  Result: NO_OUTPUT
  Mismatch: No result SELECT in output - likely execution error

Test ID: TC-PA0021
  Type: TINYINT UNSIGNED -> SMALLINT UNSIGNED
  Algorithm: inplace
  Expected: CREATE
  Result: NO_OUTPUT
  Mismatch: No result SELECT in output - likely execution error

Test ID: TC-PA0023
  Type: TINYINT UNSIGNED -> MEDIUMINT UNSIGNED
  Algorithm: inplace
  Expected: CREATE
  Result: NO_OUTPUT
  Mismatch: No result SELECT in output - likely execution error

Test ID: TC-PA0025
  Type: TINYINT UNSIGNED -> INT UNSIGNED
  Algorithm: inplace
  Expected: CREATE
  Result: NO_OUTPUT
  Mismatch: No result SELECT in output - likely execution error

Test ID: TC-PA0027
  Type: TINYINT UNSIGNED -> BIGINT UNSIGNED
  Algorithm: inplace
  Expected: CREATE
  Result: NO_OUTPUT
  Mismatch: No result SELECT in output - likely execution error

Test ID: TC-PA0029
  Type: SMALLINT UNSIGNED -> MEDIUMINT UNSIGNED
  Algorithm: inplace
  Expected: CREATE
  Result: NO_OUTPUT
  Mismatch: No result SELECT in output - likely execution error

Test ID: TC-PA0031
  Type: SMALLINT UNSIGNED -> INT UNSIGNED
  Algorithm: inplace
  Expected: CREATE
  Result: NO_OUTPUT
  Mismatch: No result SELECT in output - likely execution error

Test ID: TC-PA0033
  Type: SMALLINT UNSIGNED -> BIGINT UNSIGNED
  Algorithm: inplace
  Expected: CREATE
  Result: NO_OUTPUT
  Mismatch: No result SELECT in output - likely execution error

Test ID: TC-PA0035
  Type: MEDIUMINT UNSIGNED -> INT UNSIGNED
  Algorithm: inplace
  Expected: CREATE
  Result: NO_OUTPUT
  Mismatch: No result SELECT in output - likely execution error

Test ID: TC-PA0037
  Type: MEDIUMINT UNSIGNED -> BIGINT UNSIGNED
  Algorithm: inplace
  Expected: CREATE
  Result: NO_OUTPUT
  Mismatch: No result SELECT in output - likely execution error

Test ID: TC-PA0039
  Type: INT UNSIGNED -> BIGINT UNSIGNED
  Algorithm: inplace
  Expected: CREATE
  Result: NO_OUTPUT
  Mismatch: No result SELECT in output - likely execution error

Test ID: TC-PA0061
  Type: TINYINT -> SMALLINT
  Algorithm: inplace
  Expected: CREATE
  Result: NO_OUTPUT
  Mismatch: No result SELECT in output - likely execution error

Test ID: TC-PA0063
  Type: TINYINT -> MEDIUMINT
  Algorithm: inplace
  Expected: CREATE
  Result: NO_OUTPUT
  Mismatch: No result SELECT in output - likely execution error

Test ID: TC-PA0065
  Type: TINYINT -> INT
  Algorithm: inplace
  Expected: CREATE
  Result: NO_OUTPUT
  Mismatch: No result SELECT in output - likely execution error

Test ID: TC-PA0067
  Type: TINYINT -> BIGINT
  Algorithm: inplace
  Expected: CREATE
  Result: NO_OUTPUT
  Mismatch: No result SELECT in output - likely execution error

Test ID: TC-PA0069
  Type: SMALLINT -> MEDIUMINT
  Algorithm: inplace
  Expected: CREATE
  Result: NO_OUTPUT
  Mismatch: No result SELECT in output - likely execution error

Test ID: TC-PA0071
  Type: SMALLINT -> INT
  Algorithm: inplace
  Expected: CREATE
  Result: NO_OUTPUT
  Mismatch: No result SELECT in output - likely execution error

Test ID: TC-PA0073
  Type: SMALLINT -> BIGINT
  Algorithm: inplace
  Expected: CREATE
  Result: NO_OUTPUT
  Mismatch: No result SELECT in output - likely execution error

Test ID: TC-PA0075
  Type: MEDIUMINT -> INT
  Algorithm: inplace
  Expected: CREATE
  Result: NO_OUTPUT
  Mismatch: No result SELECT in output - likely execution error

Test ID: TC-PA0077
  Type: MEDIUMINT -> BIGINT
  Algorithm: inplace
  Expected: CREATE
  Result: NO_OUTPUT
  Mismatch: No result SELECT in output - likely execution error

Test ID: TC-PA0079
  Type: INT -> BIGINT
  Algorithm: inplace
  Expected: CREATE
  Result: NO_OUTPUT
  Mismatch: No result SELECT in output - likely execution error

Test ID: TC-PA0081
  Type: TINYINT UNSIGNED -> SMALLINT UNSIGNED
  Algorithm: inplace
  Expected: CREATE
  Result: NO_OUTPUT
  Mismatch: No result SELECT in output - likely execution error

Test ID: TC-PA0083
  Type: TINYINT UNSIGNED -> MEDIUMINT UNSIGNED
  Algorithm: inplace
  Expected: CREATE
  Result: NO_OUTPUT
  Mismatch: No result SELECT in output - likely execution error

Test ID: TC-PA0085
  Type: TINYINT UNSIGNED -> INT UNSIGNED
  Algorithm: inplace
  Expected: CREATE
  Result: NO_OUTPUT
  Mismatch: No result SELECT in output - likely execution error

Test ID: TC-PA0087
  Type: TINYINT UNSIGNED -> BIGINT UNSIGNED
  Algorithm: inplace
  Expected: CREATE
  Result: NO_OUTPUT
  Mismatch: No result SELECT in output - likely execution error

Test ID: TC-PA0089
  Type: SMALLINT UNSIGNED -> MEDIUMINT UNSIGNED
  Algorithm: inplace
  Expected: CREATE
  Result: NO_OUTPUT
  Mismatch: No result SELECT in output - likely execution error

Test ID: TC-PA0091
  Type: SMALLINT UNSIGNED -> INT UNSIGNED
  Algorithm: inplace
  Expected: CREATE
  Result: NO_OUTPUT
  Mismatch: No result SELECT in output - likely execution error

Test ID: TC-PA0093
  Type: SMALLINT UNSIGNED -> BIGINT UNSIGNED
  Algorithm: inplace
  Expected: CREATE
  Result: NO_OUTPUT
  Mismatch: No result SELECT in output - likely execution error

Test ID: TC-PA0095
  Type: MEDIUMINT UNSIGNED -> INT UNSIGNED
  Algorithm: inplace
  Expected: CREATE
  Result: NO_OUTPUT
  Mismatch: No result SELECT in output - likely execution error

Test ID: TC-PA0097
  Type: MEDIUMINT UNSIGNED -> BIGINT UNSIGNED
  Algorithm: inplace
  Expected: CREATE
  Result: NO_OUTPUT
  Mismatch: No result SELECT in output - likely execution error

Test ID: TC-PA0099
  Type: INT UNSIGNED -> BIGINT UNSIGNED
  Algorithm: inplace
  Expected: CREATE
  Result: NO_OUTPUT
  Mismatch: No result SELECT in output - likely execution error

Test ID: TC-PA0121
  Type: TINYINT -> SMALLINT
  Algorithm: inplace
  Expected: CREATE
  Result: NO_OUTPUT
  Mismatch: No result SELECT in output - likely execution error

Test ID: TC-PA0123
  Type: TINYINT -> MEDIUMINT
  Algorithm: inplace
  Expected: CREATE
  Result: NO_OUTPUT
  Mismatch: No result SELECT in output - likely execution error

Test ID: TC-PA0125
  Type: TINYINT -> INT
  Algorithm: inplace
  Expected: CREATE
  Result: NO_OUTPUT
  Mismatch: No result SELECT in output - likely execution error

Test ID: TC-PA0127
  Type: TINYINT -> BIGINT
  Algorithm: inplace
  Expected: CREATE
  Result: NO_OUTPUT
  Mismatch: No result SELECT in output - likely execution error

Test ID: TC-PA0129
  Type: SMALLINT -> MEDIUMINT
  Algorithm: inplace
  Expected: CREATE
  Result: NO_OUTPUT
  Mismatch: No result SELECT in output - likely execution error

Test ID: TC-PA0131
  Type: SMALLINT -> INT
  Algorithm: inplace
  Expected: CREATE
  Result: NO_OUTPUT
  Mismatch: No result SELECT in output - likely execution error

Test ID: TC-PA0133
  Type: SMALLINT -> BIGINT
  Algorithm: inplace
  Expected: CREATE
  Result: NO_OUTPUT
  Mismatch: No result SELECT in output - likely execution error

Test ID: TC-PA0135
  Type: MEDIUMINT -> INT
  Algorithm: inplace
  Expected: CREATE
  Result: NO_OUTPUT
  Mismatch: No result SELECT in output - likely execution error

Test ID: TC-PA0137
  Type: MEDIUMINT -> BIGINT
  Algorithm: inplace
  Expected: CREATE
  Result: NO_OUTPUT
  Mismatch: No result SELECT in output - likely execution error

Test ID: TC-PA0139
  Type: INT -> BIGINT
  Algorithm: inplace
  Expected: CREATE
  Result: NO_OUTPUT
  Mismatch: No result SELECT in output - likely execution error

Test ID: TC-PA0141
  Type: TINYINT UNSIGNED -> SMALLINT UNSIGNED
  Algorithm: inplace
  Expected: CREATE
  Result: NO_OUTPUT
  Mismatch: No result SELECT in output - likely execution error

Test ID: TC-PA0143
  Type: TINYINT UNSIGNED -> MEDIUMINT UNSIGNED
  Algorithm: inplace
  Expected: CREATE
  Result: NO_OUTPUT
  Mismatch: No result SELECT in output - likely execution error

Test ID: TC-PA0145
  Type: TINYINT UNSIGNED -> INT UNSIGNED
  Algorithm: inplace
  Expected: CREATE
  Result: NO_OUTPUT
  Mismatch: No result SELECT in output - likely execution error

Test ID: TC-PA0147
  Type: TINYINT UNSIGNED -> BIGINT UNSIGNED
  Algorithm: inplace
  Expected: CREATE
  Result: NO_OUTPUT
  Mismatch: No result SELECT in output - likely execution error

Test ID: TC-PA0149
  Type: SMALLINT UNSIGNED -> MEDIUMINT UNSIGNED
  Algorithm: inplace
  Expected: CREATE
  Result: NO_OUTPUT
  Mismatch: No result SELECT in output - likely execution error

Test ID: TC-PA0151
  Type: SMALLINT UNSIGNED -> INT UNSIGNED
  Algorithm: inplace
  Expected: CREATE
  Result: NO_OUTPUT
  Mismatch: No result SELECT in output - likely execution error

Test ID: TC-PA0153
  Type: SMALLINT UNSIGNED -> BIGINT UNSIGNED
  Algorithm: inplace
  Expected: CREATE
  Result: NO_OUTPUT
  Mismatch: No result SELECT in output - likely execution error

Test ID: TC-PA0155
  Type: MEDIUMINT UNSIGNED -> INT UNSIGNED
  Algorithm: inplace
  Expected: CREATE
  Result: NO_OUTPUT
  Mismatch: No result SELECT in output - likely execution error

Test ID: TC-PA0157
  Type: MEDIUMINT UNSIGNED -> BIGINT UNSIGNED
  Algorithm: inplace
  Expected: CREATE
  Result: NO_OUTPUT
  Mismatch: No result SELECT in output - likely execution error

Test ID: TC-PA0159
  Type: INT UNSIGNED -> BIGINT UNSIGNED
  Algorithm: inplace
  Expected: CREATE
  Result: NO_OUTPUT
  Mismatch: No result SELECT in output - likely execution error

Test ID: TC-PA0181
  Type: TINYINT -> SMALLINT
  Algorithm: inplace
  Expected: CREATE
  Result: NO_OUTPUT
  Mismatch: No result SELECT in output - likely execution error

Test ID: TC-PA0183
  Type: TINYINT -> MEDIUMINT
  Algorithm: inplace
  Expected: CREATE
  Result: NO_OUTPUT
  Mismatch: No result SELECT in output - likely execution error

Test ID: TC-PA0185
  Type: TINYINT -> INT
  Algorithm: inplace
  Expected: CREATE
  Result: NO_OUTPUT
  Mismatch: No result SELECT in output - likely execution error

Test ID: TC-PA0187
  Type: TINYINT -> BIGINT
  Algorithm: inplace
  Expected: CREATE
  Result: NO_OUTPUT
  Mismatch: No result SELECT in output - likely execution error

Test ID: TC-PA0189
  Type: SMALLINT -> MEDIUMINT
  Algorithm: inplace
  Expected: CREATE
  Result: NO_OUTPUT
  Mismatch: No result SELECT in output - likely execution error

Test ID: TC-PA0191
  Type: SMALLINT -> INT
  Algorithm: inplace
  Expected: CREATE
  Result: NO_OUTPUT
  Mismatch: No result SELECT in output - likely execution error

Test ID: TC-PA0193
  Type: SMALLINT -> BIGINT
  Algorithm: inplace
  Expected: CREATE
  Result: NO_OUTPUT
  Mismatch: No result SELECT in output - likely execution error

Test ID: TC-PA0195
  Type: MEDIUMINT -> INT
  Algorithm: inplace
  Expected: CREATE
  Result: NO_OUTPUT
  Mismatch: No result SELECT in output - likely execution error

Test ID: TC-PA0197
  Type: MEDIUMINT -> BIGINT
  Algorithm: inplace
  Expected: CREATE
  Result: NO_OUTPUT
  Mismatch: No result SELECT in output - likely execution error

Test ID: TC-PA0199
  Type: INT -> BIGINT
  Algorithm: inplace
  Expected: CREATE
  Result: NO_OUTPUT
  Mismatch: No result SELECT in output - likely execution error

Test ID: TC-PA0201
  Type: TINYINT UNSIGNED -> SMALLINT UNSIGNED
  Algorithm: inplace
  Expected: CREATE
  Result: NO_OUTPUT
  Mismatch: No result SELECT in output - likely execution error

Test ID: TC-PA0203
  Type: TINYINT UNSIGNED -> MEDIUMINT UNSIGNED
  Algorithm: inplace
  Expected: CREATE
  Result: NO_OUTPUT
  Mismatch: No result SELECT in output - likely execution error

Test ID: TC-PA0205
  Type: TINYINT UNSIGNED -> INT UNSIGNED
  Algorithm: inplace
  Expected: CREATE
  Result: NO_OUTPUT
  Mismatch: No result SELECT in output - likely execution error

Test ID: TC-PA0207
  Type: TINYINT UNSIGNED -> BIGINT UNSIGNED
  Algorithm: inplace
  Expected: CREATE
  Result: NO_OUTPUT
  Mismatch: No result SELECT in output - likely execution error

Test ID: TC-PA0209
  Type: SMALLINT UNSIGNED -> MEDIUMINT UNSIGNED
  Algorithm: inplace
  Expected: CREATE
  Result: NO_OUTPUT
  Mismatch: No result SELECT in output - likely execution error

Test ID: TC-PA0211
  Type: SMALLINT UNSIGNED -> INT UNSIGNED
  Algorithm: inplace
  Expected: CREATE
  Result: NO_OUTPUT
  Mismatch: No result SELECT in output - likely execution error

Test ID: TC-PA0213
  Type: SMALLINT UNSIGNED -> BIGINT UNSIGNED
  Algorithm: inplace
  Expected: CREATE
  Result: NO_OUTPUT
  Mismatch: No result SELECT in output - likely execution error

Test ID: TC-PA0215
  Type: MEDIUMINT UNSIGNED -> INT UNSIGNED
  Algorithm: inplace
  Expected: CREATE
  Result: NO_OUTPUT
  Mismatch: No result SELECT in output - likely execution error

Test ID: TC-PA0217
  Type: MEDIUMINT UNSIGNED -> BIGINT UNSIGNED
  Algorithm: inplace
  Expected: CREATE
  Result: NO_OUTPUT
  Mismatch: No result SELECT in output - likely execution error

Test ID: TC-PA0219
  Type: INT UNSIGNED -> BIGINT UNSIGNED
  Algorithm: inplace
  Expected: CREATE
  Result: NO_OUTPUT
  Mismatch: No result SELECT in output - likely execution error

Test ID: TC-PA0241
  Type: TINYINT -> SMALLINT
  Algorithm: inplace
  Expected: CREATE
  Result: NO_OUTPUT
  Mismatch: No result SELECT in output - likely execution error

Test ID: TC-PA0243
  Type: TINYINT -> MEDIUMINT
  Algorithm: inplace
  Expected: CREATE
  Result: NO_OUTPUT
  Mismatch: No result SELECT in output - likely execution error

Test ID: TC-PA0245
  Type: TINYINT -> INT
  Algorithm: inplace
  Expected: CREATE
  Result: NO_OUTPUT
  Mismatch: No result SELECT in output - likely execution error

Test ID: TC-PA0247
  Type: TINYINT -> BIGINT
  Algorithm: inplace
  Expected: CREATE
  Result: NO_OUTPUT
  Mismatch: No result SELECT in output - likely execution error

Test ID: TC-PA0249
  Type: SMALLINT -> MEDIUMINT
  Algorithm: inplace
  Expected: CREATE
  Result: NO_OUTPUT
  Mismatch: No result SELECT in output - likely execution error

Test ID: TC-PA0251
  Type: SMALLINT -> INT
  Algorithm: inplace
  Expected: CREATE
  Result: NO_OUTPUT
  Mismatch: No result SELECT in output - likely execution error

Test ID: TC-PA0253
  Type: SMALLINT -> BIGINT
  Algorithm: inplace
  Expected: CREATE
  Result: NO_OUTPUT
  Mismatch: No result SELECT in output - likely execution error

Test ID: TC-PA0255
  Type: MEDIUMINT -> INT
  Algorithm: inplace
  Expected: CREATE
  Result: NO_OUTPUT
  Mismatch: No result SELECT in output - likely execution error

Test ID: TC-PA0257
  Type: MEDIUMINT -> BIGINT
  Algorithm: inplace
  Expected: CREATE
  Result: NO_OUTPUT
  Mismatch: No result SELECT in output - likely execution error

Test ID: TC-PA0259
  Type: INT -> BIGINT
  Algorithm: inplace
  Expected: CREATE
  Result: NO_OUTPUT
  Mismatch: No result SELECT in output - likely execution error

Test ID: TC-PA0261
  Type: TINYINT UNSIGNED -> SMALLINT UNSIGNED
  Algorithm: inplace
  Expected: CREATE
  Result: NO_OUTPUT
  Mismatch: No result SELECT in output - likely execution error

Test ID: TC-PA0263
  Type: TINYINT UNSIGNED -> MEDIUMINT UNSIGNED
  Algorithm: inplace
  Expected: CREATE
  Result: NO_OUTPUT
  Mismatch: No result SELECT in output - likely execution error

Test ID: TC-PA0265
  Type: TINYINT UNSIGNED -> INT UNSIGNED
  Algorithm: inplace
  Expected: CREATE
  Result: NO_OUTPUT
  Mismatch: No result SELECT in output - likely execution error

Test ID: TC-PA0267
  Type: TINYINT UNSIGNED -> BIGINT UNSIGNED
  Algorithm: inplace
  Expected: CREATE
  Result: NO_OUTPUT
  Mismatch: No result SELECT in output - likely execution error

Test ID: TC-PA0269
  Type: SMALLINT UNSIGNED -> MEDIUMINT UNSIGNED
  Algorithm: inplace
  Expected: CREATE
  Result: NO_OUTPUT
  Mismatch: No result SELECT in output - likely execution error

Test ID: TC-PA0271
  Type: SMALLINT UNSIGNED -> INT UNSIGNED
  Algorithm: inplace
  Expected: CREATE
  Result: NO_OUTPUT
  Mismatch: No result SELECT in output - likely execution error

Test ID: TC-PA0273
  Type: SMALLINT UNSIGNED -> BIGINT UNSIGNED
  Algorithm: inplace
  Expected: CREATE
  Result: NO_OUTPUT
  Mismatch: No result SELECT in output - likely execution error

Test ID: TC-PA0275
  Type: MEDIUMINT UNSIGNED -> INT UNSIGNED
  Algorithm: inplace
  Expected: CREATE
  Result: NO_OUTPUT
  Mismatch: No result SELECT in output - likely execution error

Test ID: TC-PA0277
  Type: MEDIUMINT UNSIGNED -> BIGINT UNSIGNED
  Algorithm: inplace
  Expected: CREATE
  Result: NO_OUTPUT
  Mismatch: No result SELECT in output - likely execution error

Test ID: TC-PA0279
  Type: INT UNSIGNED -> BIGINT UNSIGNED
  Algorithm: inplace
  Expected: CREATE
  Result: NO_OUTPUT
  Mismatch: No result SELECT in output - likely execution error

Test ID: TC-PA0301
  Type: TINYINT -> SMALLINT
  Algorithm: inplace
  Expected: CREATE
  Result: NO_OUTPUT
  Mismatch: No result SELECT in output - likely execution error

Test ID: TC-PA0303
  Type: TINYINT -> MEDIUMINT
  Algorithm: inplace
  Expected: CREATE
  Result: NO_OUTPUT
  Mismatch: No result SELECT in output - likely execution error

Test ID: TC-PA0305
  Type: TINYINT -> INT
  Algorithm: inplace
  Expected: CREATE
  Result: NO_OUTPUT
  Mismatch: No result SELECT in output - likely execution error

Test ID: TC-PA0307
  Type: TINYINT -> BIGINT
  Algorithm: inplace
  Expected: CREATE
  Result: NO_OUTPUT
  Mismatch: No result SELECT in output - likely execution error

Test ID: TC-PA0309
  Type: SMALLINT -> MEDIUMINT
  Algorithm: inplace
  Expected: CREATE
  Result: NO_OUTPUT
  Mismatch: No result SELECT in output - likely execution error

Test ID: TC-PA0311
  Type: SMALLINT -> INT
  Algorithm: inplace
  Expected: CREATE
  Result: NO_OUTPUT
  Mismatch: No result SELECT in output - likely execution error

Test ID: TC-PA0313
  Type: SMALLINT -> BIGINT
  Algorithm: inplace
  Expected: CREATE
  Result: NO_OUTPUT
  Mismatch: No result SELECT in output - likely execution error

Test ID: TC-PA0315
  Type: MEDIUMINT -> INT
  Algorithm: inplace
  Expected: CREATE
  Result: NO_OUTPUT
  Mismatch: No result SELECT in output - likely execution error

Test ID: TC-PA0317
  Type: MEDIUMINT -> BIGINT
  Algorithm: inplace
  Expected: CREATE
  Result: NO_OUTPUT
  Mismatch: No result SELECT in output - likely execution error

Test ID: TC-PA0319
  Type: INT -> BIGINT
  Algorithm: inplace
  Expected: CREATE
  Result: NO_OUTPUT
  Mismatch: No result SELECT in output - likely execution error

Test ID: TC-PA0321
  Type: TINYINT UNSIGNED -> SMALLINT UNSIGNED
  Algorithm: inplace
  Expected: CREATE
  Result: NO_OUTPUT
  Mismatch: No result SELECT in output - likely execution error

Test ID: TC-PA0323
  Type: TINYINT UNSIGNED -> MEDIUMINT UNSIGNED
  Algorithm: inplace
  Expected: CREATE
  Result: NO_OUTPUT
  Mismatch: No result SELECT in output - likely execution error

Test ID: TC-PA0325
  Type: TINYINT UNSIGNED -> INT UNSIGNED
  Algorithm: inplace
  Expected: CREATE
  Result: NO_OUTPUT
  Mismatch: No result SELECT in output - likely execution error

Test ID: TC-PA0327
  Type: TINYINT UNSIGNED -> BIGINT UNSIGNED
  Algorithm: inplace
  Expected: CREATE
  Result: NO_OUTPUT
  Mismatch: No result SELECT in output - likely execution error

Test ID: TC-PA0329
  Type: SMALLINT UNSIGNED -> MEDIUMINT UNSIGNED
  Algorithm: inplace
  Expected: CREATE
  Result: NO_OUTPUT
  Mismatch: No result SELECT in output - likely execution error

Test ID: TC-PA0331
  Type: SMALLINT UNSIGNED -> INT UNSIGNED
  Algorithm: inplace
  Expected: CREATE
  Result: NO_OUTPUT
  Mismatch: No result SELECT in output - likely execution error

Test ID: TC-PA0333
  Type: SMALLINT UNSIGNED -> BIGINT UNSIGNED
  Algorithm: inplace
  Expected: CREATE
  Result: NO_OUTPUT
  Mismatch: No result SELECT in output - likely execution error

Test ID: TC-PA0335
  Type: MEDIUMINT UNSIGNED -> INT UNSIGNED
  Algorithm: inplace
  Expected: CREATE
  Result: NO_OUTPUT
  Mismatch: No result SELECT in output - likely execution error

Test ID: TC-PA0337
  Type: MEDIUMINT UNSIGNED -> BIGINT UNSIGNED
  Algorithm: inplace
  Expected: CREATE
  Result: NO_OUTPUT
  Mismatch: No result SELECT in output - likely execution error

Test ID: TC-PA0339
  Type: INT UNSIGNED -> BIGINT UNSIGNED
  Algorithm: inplace
  Expected: CREATE
  Result: NO_OUTPUT
  Mismatch: No result SELECT in output - likely execution error

Test ID: TC-PA0361
  Type: TINYINT -> SMALLINT
  Algorithm: inplace
  Expected: CREATE
  Result: NO_OUTPUT
  Mismatch: No result SELECT in output - likely execution error

Test ID: TC-PA0363
  Type: TINYINT -> MEDIUMINT
  Algorithm: inplace
  Expected: CREATE
  Result: NO_OUTPUT
  Mismatch: No result SELECT in output - likely execution error

Test ID: TC-PA0365
  Type: TINYINT -> INT
  Algorithm: inplace
  Expected: CREATE
  Result: NO_OUTPUT
  Mismatch: No result SELECT in output - likely execution error

Test ID: TC-PA0367
  Type: TINYINT -> BIGINT
  Algorithm: inplace
  Expected: CREATE
  Result: NO_OUTPUT
  Mismatch: No result SELECT in output - likely execution error

Test ID: TC-PA0369
  Type: SMALLINT -> MEDIUMINT
  Algorithm: inplace
  Expected: CREATE
  Result: NO_OUTPUT
  Mismatch: No result SELECT in output - likely execution error

Test ID: TC-PA0371
  Type: SMALLINT -> INT
  Algorithm: inplace
  Expected: CREATE
  Result: NO_OUTPUT
  Mismatch: No result SELECT in output - likely execution error

Test ID: TC-PA0373
  Type: SMALLINT -> BIGINT
  Algorithm: inplace
  Expected: CREATE
  Result: NO_OUTPUT
  Mismatch: No result SELECT in output - likely execution error

Test ID: TC-PA0375
  Type: MEDIUMINT -> INT
  Algorithm: inplace
  Expected: CREATE
  Result: NO_OUTPUT
  Mismatch: No result SELECT in output - likely execution error

Test ID: TC-PA0377
  Type: MEDIUMINT -> BIGINT
  Algorithm: inplace
  Expected: CREATE
  Result: NO_OUTPUT
  Mismatch: No result SELECT in output - likely execution error

Test ID: TC-PA0379
  Type: INT -> BIGINT
  Algorithm: inplace
  Expected: CREATE
  Result: NO_OUTPUT
  Mismatch: No result SELECT in output - likely execution error

Test ID: TC-PA0381
  Type: TINYINT UNSIGNED -> SMALLINT UNSIGNED
  Algorithm: inplace
  Expected: CREATE
  Result: NO_OUTPUT
  Mismatch: No result SELECT in output - likely execution error

Test ID: TC-PA0383
  Type: TINYINT UNSIGNED -> MEDIUMINT UNSIGNED
  Algorithm: inplace
  Expected: CREATE
  Result: NO_OUTPUT
  Mismatch: No result SELECT in output - likely execution error

Test ID: TC-PA0385
  Type: TINYINT UNSIGNED -> INT UNSIGNED
  Algorithm: inplace
  Expected: CREATE
  Result: NO_OUTPUT
  Mismatch: No result SELECT in output - likely execution error

Test ID: TC-PA0387
  Type: TINYINT UNSIGNED -> BIGINT UNSIGNED
  Algorithm: inplace
  Expected: CREATE
  Result: NO_OUTPUT
  Mismatch: No result SELECT in output - likely execution error

Test ID: TC-PA0389
  Type: SMALLINT UNSIGNED -> MEDIUMINT UNSIGNED
  Algorithm: inplace
  Expected: CREATE
  Result: NO_OUTPUT
  Mismatch: No result SELECT in output - likely execution error

Test ID: TC-PA0391
  Type: SMALLINT UNSIGNED -> INT UNSIGNED
  Algorithm: inplace
  Expected: CREATE
  Result: NO_OUTPUT
  Mismatch: No result SELECT in output - likely execution error

Test ID: TC-PA0393
  Type: SMALLINT UNSIGNED -> BIGINT UNSIGNED
  Algorithm: inplace
  Expected: CREATE
  Result: NO_OUTPUT
  Mismatch: No result SELECT in output - likely execution error

Test ID: TC-PA0395
  Type: MEDIUMINT UNSIGNED -> INT UNSIGNED
  Algorithm: inplace
  Expected: CREATE
  Result: NO_OUTPUT
  Mismatch: No result SELECT in output - likely execution error

Test ID: TC-PA0397
  Type: MEDIUMINT UNSIGNED -> BIGINT UNSIGNED
  Algorithm: inplace
  Expected: CREATE
  Result: NO_OUTPUT
  Mismatch: No result SELECT in output - likely execution error

Test ID: TC-PA0399
  Type: INT UNSIGNED -> BIGINT UNSIGNED
  Algorithm: inplace
  Expected: CREATE
  Result: NO_OUTPUT
  Mismatch: No result SELECT in output - likely execution error

Test ID: TC-PA0421
  Type: TINYINT -> SMALLINT
  Algorithm: inplace
  Expected: CREATE
  Result: NO_OUTPUT
  Mismatch: No result SELECT in output - likely execution error

Test ID: TC-PA0423
  Type: TINYINT -> MEDIUMINT
  Algorithm: inplace
  Expected: CREATE
  Result: NO_OUTPUT
  Mismatch: No result SELECT in output - likely execution error

Test ID: TC-PA0425
  Type: TINYINT -> INT
  Algorithm: inplace
  Expected: CREATE
  Result: NO_OUTPUT
  Mismatch: No result SELECT in output - likely execution error

Test ID: TC-PA0427
  Type: TINYINT -> BIGINT
  Algorithm: inplace
  Expected: CREATE
  Result: NO_OUTPUT
  Mismatch: No result SELECT in output - likely execution error

Test ID: TC-PA0429
  Type: SMALLINT -> MEDIUMINT
  Algorithm: inplace
  Expected: CREATE
  Result: NO_OUTPUT
  Mismatch: No result SELECT in output - likely execution error

Test ID: TC-PA0431
  Type: SMALLINT -> INT
  Algorithm: inplace
  Expected: CREATE
  Result: NO_OUTPUT
  Mismatch: No result SELECT in output - likely execution error

Test ID: TC-PA0433
  Type: SMALLINT -> BIGINT
  Algorithm: inplace
  Expected: CREATE
  Result: NO_OUTPUT
  Mismatch: No result SELECT in output - likely execution error

Test ID: TC-PA0435
  Type: MEDIUMINT -> INT
  Algorithm: inplace
  Expected: CREATE
  Result: NO_OUTPUT
  Mismatch: No result SELECT in output - likely execution error

Test ID: TC-PA0437
  Type: MEDIUMINT -> BIGINT
  Algorithm: inplace
  Expected: CREATE
  Result: NO_OUTPUT
  Mismatch: No result SELECT in output - likely execution error

Test ID: TC-PA0439
  Type: INT -> BIGINT
  Algorithm: inplace
  Expected: CREATE
  Result: NO_OUTPUT
  Mismatch: No result SELECT in output - likely execution error

Test ID: TC-PA0441
  Type: TINYINT UNSIGNED -> SMALLINT UNSIGNED
  Algorithm: inplace
  Expected: CREATE
  Result: NO_OUTPUT
  Mismatch: No result SELECT in output - likely execution error

Test ID: TC-PA0443
  Type: TINYINT UNSIGNED -> MEDIUMINT UNSIGNED
  Algorithm: inplace
  Expected: CREATE
  Result: NO_OUTPUT
  Mismatch: No result SELECT in output - likely execution error

Test ID: TC-PA0445
  Type: TINYINT UNSIGNED -> INT UNSIGNED
  Algorithm: inplace
  Expected: CREATE
  Result: NO_OUTPUT
  Mismatch: No result SELECT in output - likely execution error

Test ID: TC-PA0447
  Type: TINYINT UNSIGNED -> BIGINT UNSIGNED
  Algorithm: inplace
  Expected: CREATE
  Result: NO_OUTPUT
  Mismatch: No result SELECT in output - likely execution error

Test ID: TC-PA0449
  Type: SMALLINT UNSIGNED -> MEDIUMINT UNSIGNED
  Algorithm: inplace
  Expected: CREATE
  Result: NO_OUTPUT
  Mismatch: No result SELECT in output - likely execution error

Test ID: TC-PA0451
  Type: SMALLINT UNSIGNED -> INT UNSIGNED
  Algorithm: inplace
  Expected: CREATE
  Result: NO_OUTPUT
  Mismatch: No result SELECT in output - likely execution error

Test ID: TC-PA0453
  Type: SMALLINT UNSIGNED -> BIGINT UNSIGNED
  Algorithm: inplace
  Expected: CREATE
  Result: NO_OUTPUT
  Mismatch: No result SELECT in output - likely execution error

Test ID: TC-PA0455
  Type: MEDIUMINT UNSIGNED -> INT UNSIGNED
  Algorithm: inplace
  Expected: CREATE
  Result: NO_OUTPUT
  Mismatch: No result SELECT in output - likely execution error

Test ID: TC-PA0457
  Type: MEDIUMINT UNSIGNED -> BIGINT UNSIGNED
  Algorithm: inplace
  Expected: CREATE
  Result: NO_OUTPUT
  Mismatch: No result SELECT in output - likely execution error

Test ID: TC-PA0459
  Type: INT UNSIGNED -> BIGINT UNSIGNED
  Algorithm: inplace
  Expected: CREATE
  Result: NO_OUTPUT
  Mismatch: No result SELECT in output - likely execution error

Test ID: TC-PA0481
  Type: TINYINT -> SMALLINT
  Algorithm: inplace
  Expected: CREATE
  Result: NO_OUTPUT
  Mismatch: No result SELECT in output - likely execution error

Test ID: TC-PA0483
  Type: TINYINT -> MEDIUMINT
  Algorithm: inplace
  Expected: CREATE
  Result: NO_OUTPUT
  Mismatch: No result SELECT in output - likely execution error

Test ID: TC-PA0485
  Type: TINYINT -> INT
  Algorithm: inplace
  Expected: CREATE
  Result: NO_OUTPUT
  Mismatch: No result SELECT in output - likely execution error

Test ID: TC-PA0487
  Type: TINYINT -> BIGINT
  Algorithm: inplace
  Expected: CREATE
  Result: NO_OUTPUT
  Mismatch: No result SELECT in output - likely execution error

Test ID: TC-PA0489
  Type: SMALLINT -> MEDIUMINT
  Algorithm: inplace
  Expected: CREATE
  Result: NO_OUTPUT
  Mismatch: No result SELECT in output - likely execution error

Test ID: TC-PA0491
  Type: SMALLINT -> INT
  Algorithm: inplace
  Expected: CREATE
  Result: NO_OUTPUT
  Mismatch: No result SELECT in output - likely execution error

Test ID: TC-PA0493
  Type: SMALLINT -> BIGINT
  Algorithm: inplace
  Expected: CREATE
  Result: NO_OUTPUT
  Mismatch: No result SELECT in output - likely execution error

Test ID: TC-PA0495
  Type: MEDIUMINT -> INT
  Algorithm: inplace
  Expected: CREATE
  Result: NO_OUTPUT
  Mismatch: No result SELECT in output - likely execution error

Test ID: TC-PA0497
  Type: MEDIUMINT -> BIGINT
  Algorithm: inplace
  Expected: CREATE
  Result: NO_OUTPUT
  Mismatch: No result SELECT in output - likely execution error

Test ID: TC-PA0499
  Type: INT -> BIGINT
  Algorithm: inplace
  Expected: CREATE
  Result: NO_OUTPUT
  Mismatch: No result SELECT in output - likely execution error

Test ID: TC-PA0501
  Type: TINYINT UNSIGNED -> SMALLINT UNSIGNED
  Algorithm: inplace
  Expected: CREATE
  Result: NO_OUTPUT
  Mismatch: No result SELECT in output - likely execution error

Test ID: TC-PA0503
  Type: TINYINT UNSIGNED -> MEDIUMINT UNSIGNED
  Algorithm: inplace
  Expected: CREATE
  Result: NO_OUTPUT
  Mismatch: No result SELECT in output - likely execution error

Test ID: TC-PA0505
  Type: TINYINT UNSIGNED -> INT UNSIGNED
  Algorithm: inplace
  Expected: CREATE
  Result: NO_OUTPUT
  Mismatch: No result SELECT in output - likely execution error

Test ID: TC-PA0507
  Type: TINYINT UNSIGNED -> BIGINT UNSIGNED
  Algorithm: inplace
  Expected: CREATE
  Result: NO_OUTPUT
  Mismatch: No result SELECT in output - likely execution error

Test ID: TC-PA0509
  Type: SMALLINT UNSIGNED -> MEDIUMINT UNSIGNED
  Algorithm: inplace
  Expected: CREATE
  Result: NO_OUTPUT
  Mismatch: No result SELECT in output - likely execution error

Test ID: TC-PA0511
  Type: SMALLINT UNSIGNED -> INT UNSIGNED
  Algorithm: inplace
  Expected: CREATE
  Result: NO_OUTPUT
  Mismatch: No result SELECT in output - likely execution error

Test ID: TC-PA0513
  Type: SMALLINT UNSIGNED -> BIGINT UNSIGNED
  Algorithm: inplace
  Expected: CREATE
  Result: NO_OUTPUT
  Mismatch: No result SELECT in output - likely execution error

Test ID: TC-PA0515
  Type: MEDIUMINT UNSIGNED -> INT UNSIGNED
  Algorithm: inplace
  Expected: CREATE
  Result: NO_OUTPUT
  Mismatch: No result SELECT in output - likely execution error

Test ID: TC-PA0517
  Type: MEDIUMINT UNSIGNED -> BIGINT UNSIGNED
  Algorithm: inplace
  Expected: CREATE
  Result: NO_OUTPUT
  Mismatch: No result SELECT in output - likely execution error

Test ID: TC-PA0519
  Type: INT UNSIGNED -> BIGINT UNSIGNED
  Algorithm: inplace
  Expected: CREATE
  Result: NO_OUTPUT
  Mismatch: No result SELECT in output - likely execution error

Test ID: TC-PA0521
  Type: CHAR(1) -> CHAR(2)
  Algorithm: inplace
  Expected: CREATE
  Result: NO_OUTPUT
  Mismatch: No result SELECT in output - likely execution error

Test ID: TC-PA0523
  Type: CHAR(63) -> CHAR(64)
  Algorithm: inplace
  Expected: CREATE
  Result: NO_OUTPUT
  Mismatch: No result SELECT in output - likely execution error

Test ID: TC-PA0525
  Type: CHAR(254) -> CHAR(255)
  Algorithm: inplace
  Expected: CREATE
  Result: NO_OUTPUT
  Mismatch: No result SELECT in output - likely execution error

Test ID: TC-PA0527
  Type: VARCHAR(1) -> VARCHAR(2)
  Algorithm: inplace
  Expected: CREATE
  Result: NO_OUTPUT
  Mismatch: No result SELECT in output - likely execution error

Test ID: TC-PA0529
  Type: VARCHAR(254) -> VARCHAR(255)
  Algorithm: inplace
  Expected: CREATE
  Result: NO_OUTPUT
  Mismatch: No result SELECT in output - likely execution error

Test ID: TC-PA0531
  Type: VARCHAR(255) -> VARCHAR(256)
  Algorithm: inplace
  Expected: CREATE
  Result: NO_OUTPUT
  Mismatch: No result SELECT in output - likely execution error

Test ID: TC-PA0533
  Type: VARCHAR(85) -> VARCHAR(86)
  Algorithm: inplace
  Expected: CREATE
  Result: NO_OUTPUT
  Mismatch: No result SELECT in output - likely execution error

Test ID: TC-PA0535
  Type: VARCHAR(63) -> VARCHAR(64)
  Algorithm: inplace
  Expected: CREATE
  Result: NO_OUTPUT
  Mismatch: No result SELECT in output - likely execution error

Test ID: TC-PA0537
  Type: VARCHAR(64) -> VARCHAR(65)
  Algorithm: inplace
  Expected: CREATE
  Result: NO_OUTPUT
  Mismatch: No result SELECT in output - likely execution error

Test ID: TC-PA0539
  Type: VARCHAR(100) -> VARCHAR(200)
  Algorithm: inplace
  Expected: CREATE
  Result: NO_OUTPUT
  Mismatch: No result SELECT in output - likely execution error

Test ID: TC-PA0541
  Type: TINYINT -> SMALLINT
  Algorithm: inplace
  Expected: CREATE
  Result: NO_OUTPUT
  Mismatch: No result SELECT in output - likely execution error

Test ID: TC-PA0543
  Type: TINYINT -> MEDIUMINT
  Algorithm: inplace
  Expected: CREATE
  Result: NO_OUTPUT
  Mismatch: No result SELECT in output - likely execution error

Test ID: TC-PA0545
  Type: TINYINT -> INT
  Algorithm: inplace
  Expected: CREATE
  Result: NO_OUTPUT
  Mismatch: No result SELECT in output - likely execution error

Test ID: TC-PA0547
  Type: TINYINT -> BIGINT
  Algorithm: inplace
  Expected: CREATE
  Result: NO_OUTPUT
  Mismatch: No result SELECT in output - likely execution error

Test ID: TC-PA0549
  Type: SMALLINT -> MEDIUMINT
  Algorithm: inplace
  Expected: CREATE
  Result: NO_OUTPUT
  Mismatch: No result SELECT in output - likely execution error

Test ID: TC-PA0551
  Type: SMALLINT -> INT
  Algorithm: inplace
  Expected: CREATE
  Result: NO_OUTPUT
  Mismatch: No result SELECT in output - likely execution error

Test ID: TC-PA0553
  Type: SMALLINT -> BIGINT
  Algorithm: inplace
  Expected: CREATE
  Result: NO_OUTPUT
  Mismatch: No result SELECT in output - likely execution error

Test ID: TC-PA0555
  Type: MEDIUMINT -> INT
  Algorithm: inplace
  Expected: CREATE
  Result: NO_OUTPUT
  Mismatch: No result SELECT in output - likely execution error

Test ID: TC-PA0557
  Type: MEDIUMINT -> BIGINT
  Algorithm: inplace
  Expected: CREATE
  Result: NO_OUTPUT
  Mismatch: No result SELECT in output - likely execution error

Test ID: TC-PA0559
  Type: INT -> BIGINT
  Algorithm: inplace
  Expected: CREATE
  Result: NO_OUTPUT
  Mismatch: No result SELECT in output - likely execution error

Test ID: TC-PA0561
  Type: TINYINT UNSIGNED -> SMALLINT UNSIGNED
  Algorithm: inplace
  Expected: CREATE
  Result: NO_OUTPUT
  Mismatch: No result SELECT in output - likely execution error

Test ID: TC-PA0563
  Type: TINYINT UNSIGNED -> MEDIUMINT UNSIGNED
  Algorithm: inplace
  Expected: CREATE
  Result: NO_OUTPUT
  Mismatch: No result SELECT in output - likely execution error

Test ID: TC-PA0565
  Type: TINYINT UNSIGNED -> INT UNSIGNED
  Algorithm: inplace
  Expected: CREATE
  Result: NO_OUTPUT
  Mismatch: No result SELECT in output - likely execution error

Test ID: TC-PA0567
  Type: TINYINT UNSIGNED -> BIGINT UNSIGNED
  Algorithm: inplace
  Expected: CREATE
  Result: NO_OUTPUT
  Mismatch: No result SELECT in output - likely execution error

Test ID: TC-PA0569
  Type: SMALLINT UNSIGNED -> MEDIUMINT UNSIGNED
  Algorithm: inplace
  Expected: CREATE
  Result: NO_OUTPUT
  Mismatch: No result SELECT in output - likely execution error

Test ID: TC-PA0571
  Type: SMALLINT UNSIGNED -> INT UNSIGNED
  Algorithm: inplace
  Expected: CREATE
  Result: NO_OUTPUT
  Mismatch: No result SELECT in output - likely execution error

Test ID: TC-PA0573
  Type: SMALLINT UNSIGNED -> BIGINT UNSIGNED
  Algorithm: inplace
  Expected: CREATE
  Result: NO_OUTPUT
  Mismatch: No result SELECT in output - likely execution error

Test ID: TC-PA0575
  Type: MEDIUMINT UNSIGNED -> INT UNSIGNED
  Algorithm: inplace
  Expected: CREATE
  Result: NO_OUTPUT
  Mismatch: No result SELECT in output - likely execution error

Test ID: TC-PA0577
  Type: MEDIUMINT UNSIGNED -> BIGINT UNSIGNED
  Algorithm: inplace
  Expected: CREATE
  Result: NO_OUTPUT
  Mismatch: No result SELECT in output - likely execution error

Test ID: TC-PA0579
  Type: INT UNSIGNED -> BIGINT UNSIGNED
  Algorithm: inplace
  Expected: CREATE
  Result: NO_OUTPUT
  Mismatch: No result SELECT in output - likely execution error

Test ID: TC-PA0581
  Type: CHAR(1) -> CHAR(2)
  Algorithm: inplace
  Expected: CREATE
  Result: NO_OUTPUT
  Mismatch: No result SELECT in output - likely execution error

Test ID: TC-PA0583
  Type: CHAR(63) -> CHAR(64)
  Algorithm: inplace
  Expected: CREATE
  Result: NO_OUTPUT
  Mismatch: No result SELECT in output - likely execution error

Test ID: TC-PA0585
  Type: CHAR(254) -> CHAR(255)
  Algorithm: inplace
  Expected: CREATE
  Result: NO_OUTPUT
  Mismatch: No result SELECT in output - likely execution error

Test ID: TC-PA0587
  Type: VARCHAR(1) -> VARCHAR(2)
  Algorithm: inplace
  Expected: CREATE
  Result: NO_OUTPUT
  Mismatch: No result SELECT in output - likely execution error

Test ID: TC-PA0589
  Type: VARCHAR(254) -> VARCHAR(255)
  Algorithm: inplace
  Expected: CREATE
  Result: NO_OUTPUT
  Mismatch: No result SELECT in output - likely execution error

Test ID: TC-PA0591
  Type: VARCHAR(255) -> VARCHAR(256)
  Algorithm: inplace
  Expected: CREATE
  Result: NO_OUTPUT
  Mismatch: No result SELECT in output - likely execution error

Test ID: TC-PA0593
  Type: VARCHAR(85) -> VARCHAR(86)
  Algorithm: inplace
  Expected: CREATE
  Result: NO_OUTPUT
  Mismatch: No result SELECT in output - likely execution error

Test ID: TC-PA0595
  Type: VARCHAR(63) -> VARCHAR(64)
  Algorithm: inplace
  Expected: CREATE
  Result: NO_OUTPUT
  Mismatch: No result SELECT in output - likely execution error

Test ID: TC-PA0597
  Type: VARCHAR(64) -> VARCHAR(65)
  Algorithm: inplace
  Expected: CREATE
  Result: NO_OUTPUT
  Mismatch: No result SELECT in output - likely execution error

Test ID: TC-PA0599
  Type: VARCHAR(100) -> VARCHAR(200)
  Algorithm: inplace
  Expected: CREATE
  Result: NO_OUTPUT
  Mismatch: No result SELECT in output - likely execution error

Test ID: TC-PA0601
  Type: TINYINT -> SMALLINT
  Algorithm: inplace
  Expected: CREATE
  Result: NO_OUTPUT
  Mismatch: No result SELECT in output - likely execution error

Test ID: TC-PA0603
  Type: TINYINT -> MEDIUMINT
  Algorithm: inplace
  Expected: CREATE
  Result: NO_OUTPUT
  Mismatch: No result SELECT in output - likely execution error

Test ID: TC-PA0605
  Type: TINYINT -> INT
  Algorithm: inplace
  Expected: CREATE
  Result: NO_OUTPUT
  Mismatch: No result SELECT in output - likely execution error

Test ID: TC-PA0607
  Type: TINYINT -> BIGINT
  Algorithm: inplace
  Expected: CREATE
  Result: NO_OUTPUT
  Mismatch: No result SELECT in output - likely execution error

Test ID: TC-PA0609
  Type: SMALLINT -> MEDIUMINT
  Algorithm: inplace
  Expected: CREATE
  Result: NO_OUTPUT
  Mismatch: No result SELECT in output - likely execution error

Test ID: TC-PA0611
  Type: SMALLINT -> INT
  Algorithm: inplace
  Expected: CREATE
  Result: NO_OUTPUT
  Mismatch: No result SELECT in output - likely execution error

Test ID: TC-PA0613
  Type: SMALLINT -> BIGINT
  Algorithm: inplace
  Expected: CREATE
  Result: NO_OUTPUT
  Mismatch: No result SELECT in output - likely execution error

Test ID: TC-PA0615
  Type: MEDIUMINT -> INT
  Algorithm: inplace
  Expected: CREATE
  Result: NO_OUTPUT
  Mismatch: No result SELECT in output - likely execution error

Test ID: TC-PA0617
  Type: MEDIUMINT -> BIGINT
  Algorithm: inplace
  Expected: CREATE
  Result: NO_OUTPUT
  Mismatch: No result SELECT in output - likely execution error

Test ID: TC-PA0619
  Type: INT -> BIGINT
  Algorithm: inplace
  Expected: CREATE
  Result: NO_OUTPUT
  Mismatch: No result SELECT in output - likely execution error

Test ID: TC-PA0621
  Type: TINYINT UNSIGNED -> SMALLINT UNSIGNED
  Algorithm: inplace
  Expected: CREATE
  Result: NO_OUTPUT
  Mismatch: No result SELECT in output - likely execution error

Test ID: TC-PA0623
  Type: TINYINT UNSIGNED -> MEDIUMINT UNSIGNED
  Algorithm: inplace
  Expected: CREATE
  Result: NO_OUTPUT
  Mismatch: No result SELECT in output - likely execution error

Test ID: TC-PA0625
  Type: TINYINT UNSIGNED -> INT UNSIGNED
  Algorithm: inplace
  Expected: CREATE
  Result: NO_OUTPUT
  Mismatch: No result SELECT in output - likely execution error

Test ID: TC-PA0627
  Type: TINYINT UNSIGNED -> BIGINT UNSIGNED
  Algorithm: inplace
  Expected: CREATE
  Result: NO_OUTPUT
  Mismatch: No result SELECT in output - likely execution error

Test ID: TC-PA0629
  Type: SMALLINT UNSIGNED -> MEDIUMINT UNSIGNED
  Algorithm: inplace
  Expected: CREATE
  Result: NO_OUTPUT
  Mismatch: No result SELECT in output - likely execution error

Test ID: TC-PA0631
  Type: SMALLINT UNSIGNED -> INT UNSIGNED
  Algorithm: inplace
  Expected: CREATE
  Result: NO_OUTPUT
  Mismatch: No result SELECT in output - likely execution error

Test ID: TC-PA0633
  Type: SMALLINT UNSIGNED -> BIGINT UNSIGNED
  Algorithm: inplace
  Expected: CREATE
  Result: NO_OUTPUT
  Mismatch: No result SELECT in output - likely execution error

Test ID: TC-PA0635
  Type: MEDIUMINT UNSIGNED -> INT UNSIGNED
  Algorithm: inplace
  Expected: CREATE
  Result: NO_OUTPUT
  Mismatch: No result SELECT in output - likely execution error

Test ID: TC-PA0637
  Type: MEDIUMINT UNSIGNED -> BIGINT UNSIGNED
  Algorithm: inplace
  Expected: CREATE
  Result: NO_OUTPUT
  Mismatch: No result SELECT in output - likely execution error

Test ID: TC-PA0639
  Type: INT UNSIGNED -> BIGINT UNSIGNED
  Algorithm: inplace
  Expected: CREATE
  Result: NO_OUTPUT
  Mismatch: No result SELECT in output - likely execution error

Test ID: TC-PA0641
  Type: CHAR(1) -> CHAR(2)
  Algorithm: inplace
  Expected: CREATE
  Result: NO_OUTPUT
  Mismatch: No result SELECT in output - likely execution error

Test ID: TC-PA0643
  Type: CHAR(63) -> CHAR(64)
  Algorithm: inplace
  Expected: CREATE
  Result: NO_OUTPUT
  Mismatch: No result SELECT in output - likely execution error

Test ID: TC-PA0645
  Type: CHAR(254) -> CHAR(255)
  Algorithm: inplace
  Expected: CREATE
  Result: NO_OUTPUT
  Mismatch: No result SELECT in output - likely execution error

Test ID: TC-PA0647
  Type: VARCHAR(1) -> VARCHAR(2)
  Algorithm: inplace
  Expected: CREATE
  Result: NO_OUTPUT
  Mismatch: No result SELECT in output - likely execution error

Test ID: TC-PA0649
  Type: VARCHAR(254) -> VARCHAR(255)
  Algorithm: inplace
  Expected: CREATE
  Result: NO_OUTPUT
  Mismatch: No result SELECT in output - likely execution error

Test ID: TC-PA0651
  Type: VARCHAR(255) -> VARCHAR(256)
  Algorithm: inplace
  Expected: CREATE
  Result: NO_OUTPUT
  Mismatch: No result SELECT in output - likely execution error

Test ID: TC-PA0653
  Type: VARCHAR(85) -> VARCHAR(86)
  Algorithm: inplace
  Expected: CREATE
  Result: NO_OUTPUT
  Mismatch: No result SELECT in output - likely execution error

Test ID: TC-PA0655
  Type: VARCHAR(63) -> VARCHAR(64)
  Algorithm: inplace
  Expected: CREATE
  Result: NO_OUTPUT
  Mismatch: No result SELECT in output - likely execution error

Test ID: TC-PA0657
  Type: VARCHAR(64) -> VARCHAR(65)
  Algorithm: inplace
  Expected: CREATE
  Result: NO_OUTPUT
  Mismatch: No result SELECT in output - likely execution error

Test ID: TC-PA0659
  Type: VARCHAR(100) -> VARCHAR(200)
  Algorithm: inplace
  Expected: CREATE
  Result: NO_OUTPUT
  Mismatch: No result SELECT in output - likely execution error

Test ID: TC-PA0661
  Type: TINYINT -> SMALLINT
  Algorithm: inplace
  Expected: CREATE
  Result: NO_OUTPUT
  Mismatch: No result SELECT in output - likely execution error

Test ID: TC-PA0663
  Type: TINYINT -> MEDIUMINT
  Algorithm: inplace
  Expected: CREATE
  Result: NO_OUTPUT
  Mismatch: No result SELECT in output - likely execution error

Test ID: TC-PA0665
  Type: TINYINT -> INT
  Algorithm: inplace
  Expected: CREATE
  Result: NO_OUTPUT
  Mismatch: No result SELECT in output - likely execution error

Test ID: TC-PA0667
  Type: TINYINT -> BIGINT
  Algorithm: inplace
  Expected: CREATE
  Result: NO_OUTPUT
  Mismatch: No result SELECT in output - likely execution error

Test ID: TC-PA0669
  Type: SMALLINT -> MEDIUMINT
  Algorithm: inplace
  Expected: CREATE
  Result: NO_OUTPUT
  Mismatch: No result SELECT in output - likely execution error

Test ID: TC-PA0671
  Type: SMALLINT -> INT
  Algorithm: inplace
  Expected: CREATE
  Result: NO_OUTPUT
  Mismatch: No result SELECT in output - likely execution error

Test ID: TC-PA0673
  Type: SMALLINT -> BIGINT
  Algorithm: inplace
  Expected: CREATE
  Result: NO_OUTPUT
  Mismatch: No result SELECT in output - likely execution error

Test ID: TC-PA0675
  Type: MEDIUMINT -> INT
  Algorithm: inplace
  Expected: CREATE
  Result: NO_OUTPUT
  Mismatch: No result SELECT in output - likely execution error

Test ID: TC-PA0677
  Type: MEDIUMINT -> BIGINT
  Algorithm: inplace
  Expected: CREATE
  Result: NO_OUTPUT
  Mismatch: No result SELECT in output - likely execution error

Test ID: TC-PA0679
  Type: INT -> BIGINT
  Algorithm: inplace
  Expected: CREATE
  Result: NO_OUTPUT
  Mismatch: No result SELECT in output - likely execution error

Test ID: TC-PA0681
  Type: TINYINT UNSIGNED -> SMALLINT UNSIGNED
  Algorithm: inplace
  Expected: CREATE
  Result: NO_OUTPUT
  Mismatch: No result SELECT in output - likely execution error

Test ID: TC-PA0683
  Type: TINYINT UNSIGNED -> MEDIUMINT UNSIGNED
  Algorithm: inplace
  Expected: CREATE
  Result: NO_OUTPUT
  Mismatch: No result SELECT in output - likely execution error

Test ID: TC-PA0685
  Type: TINYINT UNSIGNED -> INT UNSIGNED
  Algorithm: inplace
  Expected: CREATE
  Result: NO_OUTPUT
  Mismatch: No result SELECT in output - likely execution error

Test ID: TC-PA0687
  Type: TINYINT UNSIGNED -> BIGINT UNSIGNED
  Algorithm: inplace
  Expected: CREATE
  Result: NO_OUTPUT
  Mismatch: No result SELECT in output - likely execution error

Test ID: TC-PA0689
  Type: SMALLINT UNSIGNED -> MEDIUMINT UNSIGNED
  Algorithm: inplace
  Expected: CREATE
  Result: NO_OUTPUT
  Mismatch: No result SELECT in output - likely execution error

Test ID: TC-PA0691
  Type: SMALLINT UNSIGNED -> INT UNSIGNED
  Algorithm: inplace
  Expected: CREATE
  Result: NO_OUTPUT
  Mismatch: No result SELECT in output - likely execution error

Test ID: TC-PA0693
  Type: SMALLINT UNSIGNED -> BIGINT UNSIGNED
  Algorithm: inplace
  Expected: CREATE
  Result: NO_OUTPUT
  Mismatch: No result SELECT in output - likely execution error

Test ID: TC-PA0695
  Type: MEDIUMINT UNSIGNED -> INT UNSIGNED
  Algorithm: inplace
  Expected: CREATE
  Result: NO_OUTPUT
  Mismatch: No result SELECT in output - likely execution error

Test ID: TC-PA0697
  Type: MEDIUMINT UNSIGNED -> BIGINT UNSIGNED
  Algorithm: inplace
  Expected: CREATE
  Result: NO_OUTPUT
  Mismatch: No result SELECT in output - likely execution error

Test ID: TC-PA0699
  Type: INT UNSIGNED -> BIGINT UNSIGNED
  Algorithm: inplace
  Expected: CREATE
  Result: NO_OUTPUT
  Mismatch: No result SELECT in output - likely execution error

Test ID: TC-PA0701
  Type: CHAR(1) -> CHAR(2)
  Algorithm: inplace
  Expected: CREATE
  Result: NO_OUTPUT
  Mismatch: No result SELECT in output - likely execution error

Test ID: TC-PA0703
  Type: CHAR(63) -> CHAR(64)
  Algorithm: inplace
  Expected: CREATE
  Result: NO_OUTPUT
  Mismatch: No result SELECT in output - likely execution error

Test ID: TC-PA0705
  Type: CHAR(254) -> CHAR(255)
  Algorithm: inplace
  Expected: CREATE
  Result: NO_OUTPUT
  Mismatch: No result SELECT in output - likely execution error

Test ID: TC-PA0707
  Type: VARCHAR(1) -> VARCHAR(2)
  Algorithm: inplace
  Expected: CREATE
  Result: NO_OUTPUT
  Mismatch: No result SELECT in output - likely execution error

Test ID: TC-PA0709
  Type: VARCHAR(254) -> VARCHAR(255)
  Algorithm: inplace
  Expected: CREATE
  Result: NO_OUTPUT
  Mismatch: No result SELECT in output - likely execution error

Test ID: TC-PA0711
  Type: VARCHAR(255) -> VARCHAR(256)
  Algorithm: inplace
  Expected: CREATE
  Result: NO_OUTPUT
  Mismatch: No result SELECT in output - likely execution error

Test ID: TC-PA0713
  Type: VARCHAR(85) -> VARCHAR(86)
  Algorithm: inplace
  Expected: CREATE
  Result: NO_OUTPUT
  Mismatch: No result SELECT in output - likely execution error

Test ID: TC-PA0715
  Type: VARCHAR(63) -> VARCHAR(64)
  Algorithm: inplace
  Expected: CREATE
  Result: NO_OUTPUT
  Mismatch: No result SELECT in output - likely execution error

Test ID: TC-PA0717
  Type: VARCHAR(64) -> VARCHAR(65)
  Algorithm: inplace
  Expected: CREATE
  Result: NO_OUTPUT
  Mismatch: No result SELECT in output - likely execution error

Test ID: TC-PA0719
  Type: VARCHAR(100) -> VARCHAR(200)
  Algorithm: inplace
  Expected: CREATE
  Result: NO_OUTPUT
  Mismatch: No result SELECT in output - likely execution error

Test ID: TC-PA0721
  Type: TINYINT -> SMALLINT
  Algorithm: inplace
  Expected: CREATE
  Result: NO_OUTPUT
  Mismatch: No result SELECT in output - likely execution error

Test ID: TC-PA0723
  Type: TINYINT -> MEDIUMINT
  Algorithm: inplace
  Expected: CREATE
  Result: NO_OUTPUT
  Mismatch: No result SELECT in output - likely execution error

Test ID: TC-PA0725
  Type: TINYINT -> INT
  Algorithm: inplace
  Expected: CREATE
  Result: NO_OUTPUT
  Mismatch: No result SELECT in output - likely execution error

Test ID: TC-PA0727
  Type: TINYINT -> BIGINT
  Algorithm: inplace
  Expected: CREATE
  Result: NO_OUTPUT
  Mismatch: No result SELECT in output - likely execution error

Test ID: TC-PA0729
  Type: SMALLINT -> MEDIUMINT
  Algorithm: inplace
  Expected: CREATE
  Result: NO_OUTPUT
  Mismatch: No result SELECT in output - likely execution error

Test ID: TC-PA0731
  Type: SMALLINT -> INT
  Algorithm: inplace
  Expected: CREATE
  Result: NO_OUTPUT
  Mismatch: No result SELECT in output - likely execution error

Test ID: TC-PA0733
  Type: SMALLINT -> BIGINT
  Algorithm: inplace
  Expected: CREATE
  Result: NO_OUTPUT
  Mismatch: No result SELECT in output - likely execution error

Test ID: TC-PA0735
  Type: MEDIUMINT -> INT
  Algorithm: inplace
  Expected: CREATE
  Result: NO_OUTPUT
  Mismatch: No result SELECT in output - likely execution error

Test ID: TC-PA0737
  Type: MEDIUMINT -> BIGINT
  Algorithm: inplace
  Expected: CREATE
  Result: NO_OUTPUT
  Mismatch: No result SELECT in output - likely execution error

Test ID: TC-PA0739
  Type: INT -> BIGINT
  Algorithm: inplace
  Expected: CREATE
  Result: NO_OUTPUT
  Mismatch: No result SELECT in output - likely execution error

Test ID: TC-PA0741
  Type: TINYINT UNSIGNED -> SMALLINT UNSIGNED
  Algorithm: inplace
  Expected: CREATE
  Result: NO_OUTPUT
  Mismatch: No result SELECT in output - likely execution error

Test ID: TC-PA0743
  Type: TINYINT UNSIGNED -> MEDIUMINT UNSIGNED
  Algorithm: inplace
  Expected: CREATE
  Result: NO_OUTPUT
  Mismatch: No result SELECT in output - likely execution error

Test ID: TC-PA0745
  Type: TINYINT UNSIGNED -> INT UNSIGNED
  Algorithm: inplace
  Expected: CREATE
  Result: NO_OUTPUT
  Mismatch: No result SELECT in output - likely execution error

Test ID: TC-PA0747
  Type: TINYINT UNSIGNED -> BIGINT UNSIGNED
  Algorithm: inplace
  Expected: CREATE
  Result: NO_OUTPUT
  Mismatch: No result SELECT in output - likely execution error

Test ID: TC-PA0749
  Type: SMALLINT UNSIGNED -> MEDIUMINT UNSIGNED
  Algorithm: inplace
  Expected: CREATE
  Result: NO_OUTPUT
  Mismatch: No result SELECT in output - likely execution error

Test ID: TC-PA0751
  Type: SMALLINT UNSIGNED -> INT UNSIGNED
  Algorithm: inplace
  Expected: CREATE
  Result: NO_OUTPUT
  Mismatch: No result SELECT in output - likely execution error

Test ID: TC-PA0753
  Type: SMALLINT UNSIGNED -> BIGINT UNSIGNED
  Algorithm: inplace
  Expected: CREATE
  Result: NO_OUTPUT
  Mismatch: No result SELECT in output - likely execution error

Test ID: TC-PA0755
  Type: MEDIUMINT UNSIGNED -> INT UNSIGNED
  Algorithm: inplace
  Expected: CREATE
  Result: NO_OUTPUT
  Mismatch: No result SELECT in output - likely execution error

Test ID: TC-PA0757
  Type: MEDIUMINT UNSIGNED -> BIGINT UNSIGNED
  Algorithm: inplace
  Expected: CREATE
  Result: NO_OUTPUT
  Mismatch: No result SELECT in output - likely execution error

Test ID: TC-PA0759
  Type: INT UNSIGNED -> BIGINT UNSIGNED
  Algorithm: inplace
  Expected: CREATE
  Result: NO_OUTPUT
  Mismatch: No result SELECT in output - likely execution error

Test ID: TC-PA0761
  Type: CHAR(1) -> CHAR(2)
  Algorithm: inplace
  Expected: CREATE
  Result: NO_OUTPUT
  Mismatch: No result SELECT in output - likely execution error

Test ID: TC-PA0763
  Type: CHAR(63) -> CHAR(64)
  Algorithm: inplace
  Expected: CREATE
  Result: NO_OUTPUT
  Mismatch: No result SELECT in output - likely execution error

Test ID: TC-PA0765
  Type: CHAR(254) -> CHAR(255)
  Algorithm: inplace
  Expected: CREATE
  Result: NO_OUTPUT
  Mismatch: No result SELECT in output - likely execution error

Test ID: TC-PA0767
  Type: VARCHAR(1) -> VARCHAR(2)
  Algorithm: inplace
  Expected: CREATE
  Result: NO_OUTPUT
  Mismatch: No result SELECT in output - likely execution error

Test ID: TC-PA0769
  Type: VARCHAR(254) -> VARCHAR(255)
  Algorithm: inplace
  Expected: CREATE
  Result: NO_OUTPUT
  Mismatch: No result SELECT in output - likely execution error

Test ID: TC-PA0771
  Type: VARCHAR(255) -> VARCHAR(256)
  Algorithm: inplace
  Expected: CREATE
  Result: NO_OUTPUT
  Mismatch: No result SELECT in output - likely execution error

Test ID: TC-PA0773
  Type: VARCHAR(85) -> VARCHAR(86)
  Algorithm: inplace
  Expected: CREATE
  Result: NO_OUTPUT
  Mismatch: No result SELECT in output - likely execution error

Test ID: TC-PA0775
  Type: VARCHAR(63) -> VARCHAR(64)
  Algorithm: inplace
  Expected: CREATE
  Result: NO_OUTPUT
  Mismatch: No result SELECT in output - likely execution error

Test ID: TC-PA0777
  Type: VARCHAR(64) -> VARCHAR(65)
  Algorithm: inplace
  Expected: CREATE
  Result: NO_OUTPUT
  Mismatch: No result SELECT in output - likely execution error

Test ID: TC-PA0779
  Type: VARCHAR(100) -> VARCHAR(200)
  Algorithm: inplace
  Expected: CREATE
  Result: NO_OUTPUT
  Mismatch: No result SELECT in output - likely execution error

Test ID: TC-PA0781
  Type: TINYINT -> SMALLINT
  Algorithm: inplace
  Expected: CREATE
  Result: NO_OUTPUT
  Mismatch: No result SELECT in output - likely execution error

Test ID: TC-PA0783
  Type: TINYINT -> MEDIUMINT
  Algorithm: inplace
  Expected: CREATE
  Result: NO_OUTPUT
  Mismatch: No result SELECT in output - likely execution error

Test ID: TC-PA0785
  Type: TINYINT -> INT
  Algorithm: inplace
  Expected: CREATE
  Result: NO_OUTPUT
  Mismatch: No result SELECT in output - likely execution error

Test ID: TC-PA0787
  Type: TINYINT -> BIGINT
  Algorithm: inplace
  Expected: CREATE
  Result: NO_OUTPUT
  Mismatch: No result SELECT in output - likely execution error

Test ID: TC-PA0789
  Type: SMALLINT -> MEDIUMINT
  Algorithm: inplace
  Expected: CREATE
  Result: NO_OUTPUT
  Mismatch: No result SELECT in output - likely execution error

Test ID: TC-PA0791
  Type: SMALLINT -> INT
  Algorithm: inplace
  Expected: CREATE
  Result: NO_OUTPUT
  Mismatch: No result SELECT in output - likely execution error

Test ID: TC-PA0793
  Type: SMALLINT -> BIGINT
  Algorithm: inplace
  Expected: CREATE
  Result: NO_OUTPUT
  Mismatch: No result SELECT in output - likely execution error

Test ID: TC-PA0795
  Type: MEDIUMINT -> INT
  Algorithm: inplace
  Expected: CREATE
  Result: NO_OUTPUT
  Mismatch: No result SELECT in output - likely execution error

Test ID: TC-PA0797
  Type: MEDIUMINT -> BIGINT
  Algorithm: inplace
  Expected: CREATE
  Result: NO_OUTPUT
  Mismatch: No result SELECT in output - likely execution error

Test ID: TC-PA0799
  Type: INT -> BIGINT
  Algorithm: inplace
  Expected: CREATE
  Result: NO_OUTPUT
  Mismatch: No result SELECT in output - likely execution error

Test ID: TC-PA0801
  Type: TINYINT UNSIGNED -> SMALLINT UNSIGNED
  Algorithm: inplace
  Expected: CREATE
  Result: NO_OUTPUT
  Mismatch: No result SELECT in output - likely execution error

Test ID: TC-PA0803
  Type: TINYINT UNSIGNED -> MEDIUMINT UNSIGNED
  Algorithm: inplace
  Expected: CREATE
  Result: NO_OUTPUT
  Mismatch: No result SELECT in output - likely execution error

Test ID: TC-PA0805
  Type: TINYINT UNSIGNED -> INT UNSIGNED
  Algorithm: inplace
  Expected: CREATE
  Result: NO_OUTPUT
  Mismatch: No result SELECT in output - likely execution error

Test ID: TC-PA0807
  Type: TINYINT UNSIGNED -> BIGINT UNSIGNED
  Algorithm: inplace
  Expected: CREATE
  Result: NO_OUTPUT
  Mismatch: No result SELECT in output - likely execution error

Test ID: TC-PA0809
  Type: SMALLINT UNSIGNED -> MEDIUMINT UNSIGNED
  Algorithm: inplace
  Expected: CREATE
  Result: NO_OUTPUT
  Mismatch: No result SELECT in output - likely execution error

Test ID: TC-PA0811
  Type: SMALLINT UNSIGNED -> INT UNSIGNED
  Algorithm: inplace
  Expected: CREATE
  Result: NO_OUTPUT
  Mismatch: No result SELECT in output - likely execution error

Test ID: TC-PA0813
  Type: SMALLINT UNSIGNED -> BIGINT UNSIGNED
  Algorithm: inplace
  Expected: CREATE
  Result: NO_OUTPUT
  Mismatch: No result SELECT in output - likely execution error

Test ID: TC-PA0815
  Type: MEDIUMINT UNSIGNED -> INT UNSIGNED
  Algorithm: inplace
  Expected: CREATE
  Result: NO_OUTPUT
  Mismatch: No result SELECT in output - likely execution error

Test ID: TC-PA0817
  Type: MEDIUMINT UNSIGNED -> BIGINT UNSIGNED
  Algorithm: inplace
  Expected: CREATE
  Result: NO_OUTPUT
  Mismatch: No result SELECT in output - likely execution error

Test ID: TC-PA0819
  Type: INT UNSIGNED -> BIGINT UNSIGNED
  Algorithm: inplace
  Expected: CREATE
  Result: NO_OUTPUT
  Mismatch: No result SELECT in output - likely execution error

Test ID: TC-PA0821
  Type: CHAR(1) -> CHAR(2)
  Algorithm: inplace
  Expected: CREATE
  Result: NO_OUTPUT
  Mismatch: No result SELECT in output - likely execution error

Test ID: TC-PA0823
  Type: CHAR(63) -> CHAR(64)
  Algorithm: inplace
  Expected: CREATE
  Result: NO_OUTPUT
  Mismatch: No result SELECT in output - likely execution error

Test ID: TC-PA0825
  Type: CHAR(254) -> CHAR(255)
  Algorithm: inplace
  Expected: CREATE
  Result: NO_OUTPUT
  Mismatch: No result SELECT in output - likely execution error

Test ID: TC-PA0827
  Type: VARCHAR(1) -> VARCHAR(2)
  Algorithm: inplace
  Expected: CREATE
  Result: NO_OUTPUT
  Mismatch: No result SELECT in output - likely execution error

Test ID: TC-PA0829
  Type: VARCHAR(254) -> VARCHAR(255)
  Algorithm: inplace
  Expected: CREATE
  Result: NO_OUTPUT
  Mismatch: No result SELECT in output - likely execution error

Test ID: TC-PA0831
  Type: VARCHAR(255) -> VARCHAR(256)
  Algorithm: inplace
  Expected: CREATE
  Result: NO_OUTPUT
  Mismatch: No result SELECT in output - likely execution error

Test ID: TC-PA0833
  Type: VARCHAR(85) -> VARCHAR(86)
  Algorithm: inplace
  Expected: CREATE
  Result: NO_OUTPUT
  Mismatch: No result SELECT in output - likely execution error

Test ID: TC-PA0835
  Type: VARCHAR(63) -> VARCHAR(64)
  Algorithm: inplace
  Expected: CREATE
  Result: NO_OUTPUT
  Mismatch: No result SELECT in output - likely execution error

Test ID: TC-PA0837
  Type: VARCHAR(64) -> VARCHAR(65)
  Algorithm: inplace
  Expected: CREATE
  Result: NO_OUTPUT
  Mismatch: No result SELECT in output - likely execution error

Test ID: TC-PA0839
  Type: VARCHAR(100) -> VARCHAR(200)
  Algorithm: inplace
  Expected: CREATE
  Result: NO_OUTPUT
  Mismatch: No result SELECT in output - likely execution error

Test ID: TC-PA0841
  Type: TINYINT -> SMALLINT
  Algorithm: inplace
  Expected: CREATE
  Result: NO_OUTPUT
  Mismatch: No result SELECT in output - likely execution error

Test ID: TC-PA0843
  Type: TINYINT -> MEDIUMINT
  Algorithm: inplace
  Expected: CREATE
  Result: NO_OUTPUT
  Mismatch: No result SELECT in output - likely execution error

Test ID: TC-PA0845
  Type: TINYINT -> INT
  Algorithm: inplace
  Expected: CREATE
  Result: NO_OUTPUT
  Mismatch: No result SELECT in output - likely execution error

Test ID: TC-PA0847
  Type: TINYINT -> BIGINT
  Algorithm: inplace
  Expected: CREATE
  Result: NO_OUTPUT
  Mismatch: No result SELECT in output - likely execution error

Test ID: TC-PA0849
  Type: SMALLINT -> MEDIUMINT
  Algorithm: inplace
  Expected: CREATE
  Result: NO_OUTPUT
  Mismatch: No result SELECT in output - likely execution error

Test ID: TC-PA0851
  Type: SMALLINT -> INT
  Algorithm: inplace
  Expected: CREATE
  Result: NO_OUTPUT
  Mismatch: No result SELECT in output - likely execution error

Test ID: TC-PA0853
  Type: SMALLINT -> BIGINT
  Algorithm: inplace
  Expected: CREATE
  Result: NO_OUTPUT
  Mismatch: No result SELECT in output - likely execution error

Test ID: TC-PA0855
  Type: MEDIUMINT -> INT
  Algorithm: inplace
  Expected: CREATE
  Result: NO_OUTPUT
  Mismatch: No result SELECT in output - likely execution error

Test ID: TC-PA0857
  Type: MEDIUMINT -> BIGINT
  Algorithm: inplace
  Expected: CREATE
  Result: NO_OUTPUT
  Mismatch: No result SELECT in output - likely execution error

Test ID: TC-PA0859
  Type: INT -> BIGINT
  Algorithm: inplace
  Expected: CREATE
  Result: NO_OUTPUT
  Mismatch: No result SELECT in output - likely execution error

Test ID: TC-PA0861
  Type: TINYINT UNSIGNED -> SMALLINT UNSIGNED
  Algorithm: inplace
  Expected: CREATE
  Result: NO_OUTPUT
  Mismatch: No result SELECT in output - likely execution error

Test ID: TC-PA0863
  Type: TINYINT UNSIGNED -> MEDIUMINT UNSIGNED
  Algorithm: inplace
  Expected: CREATE
  Result: NO_OUTPUT
  Mismatch: No result SELECT in output - likely execution error

Test ID: TC-PA0865
  Type: TINYINT UNSIGNED -> INT UNSIGNED
  Algorithm: inplace
  Expected: CREATE
  Result: NO_OUTPUT
  Mismatch: No result SELECT in output - likely execution error

Test ID: TC-PA0867
  Type: TINYINT UNSIGNED -> BIGINT UNSIGNED
  Algorithm: inplace
  Expected: CREATE
  Result: NO_OUTPUT
  Mismatch: No result SELECT in output - likely execution error

Test ID: TC-PA0869
  Type: SMALLINT UNSIGNED -> MEDIUMINT UNSIGNED
  Algorithm: inplace
  Expected: CREATE
  Result: NO_OUTPUT
  Mismatch: No result SELECT in output - likely execution error

Test ID: TC-PA0871
  Type: SMALLINT UNSIGNED -> INT UNSIGNED
  Algorithm: inplace
  Expected: CREATE
  Result: NO_OUTPUT
  Mismatch: No result SELECT in output - likely execution error

Test ID: TC-PA0873
  Type: SMALLINT UNSIGNED -> BIGINT UNSIGNED
  Algorithm: inplace
  Expected: CREATE
  Result: NO_OUTPUT
  Mismatch: No result SELECT in output - likely execution error

Test ID: TC-PA0875
  Type: MEDIUMINT UNSIGNED -> INT UNSIGNED
  Algorithm: inplace
  Expected: CREATE
  Result: NO_OUTPUT
  Mismatch: No result SELECT in output - likely execution error

Test ID: TC-PA0877
  Type: MEDIUMINT UNSIGNED -> BIGINT UNSIGNED
  Algorithm: inplace
  Expected: CREATE
  Result: NO_OUTPUT
  Mismatch: No result SELECT in output - likely execution error

Test ID: TC-PA0879
  Type: INT UNSIGNED -> BIGINT UNSIGNED
  Algorithm: inplace
  Expected: CREATE
  Result: NO_OUTPUT
  Mismatch: No result SELECT in output - likely execution error

Test ID: TC-PA0881
  Type: CHAR(1) -> CHAR(2)
  Algorithm: inplace
  Expected: CREATE
  Result: NO_OUTPUT
  Mismatch: No result SELECT in output - likely execution error

Test ID: TC-PA0883
  Type: CHAR(63) -> CHAR(64)
  Algorithm: inplace
  Expected: CREATE
  Result: NO_OUTPUT
  Mismatch: No result SELECT in output - likely execution error

Test ID: TC-PA0885
  Type: CHAR(254) -> CHAR(255)
  Algorithm: inplace
  Expected: CREATE
  Result: NO_OUTPUT
  Mismatch: No result SELECT in output - likely execution error

Test ID: TC-PA0887
  Type: VARCHAR(1) -> VARCHAR(2)
  Algorithm: inplace
  Expected: CREATE
  Result: NO_OUTPUT
  Mismatch: No result SELECT in output - likely execution error

Test ID: TC-PA0889
  Type: VARCHAR(254) -> VARCHAR(255)
  Algorithm: inplace
  Expected: CREATE
  Result: NO_OUTPUT
  Mismatch: No result SELECT in output - likely execution error

Test ID: TC-PA0891
  Type: VARCHAR(255) -> VARCHAR(256)
  Algorithm: inplace
  Expected: CREATE
  Result: NO_OUTPUT
  Mismatch: No result SELECT in output - likely execution error

Test ID: TC-PA0893
  Type: VARCHAR(85) -> VARCHAR(86)
  Algorithm: inplace
  Expected: CREATE
  Result: NO_OUTPUT
  Mismatch: No result SELECT in output - likely execution error

Test ID: TC-PA0895
  Type: VARCHAR(63) -> VARCHAR(64)
  Algorithm: inplace
  Expected: CREATE
  Result: NO_OUTPUT
  Mismatch: No result SELECT in output - likely execution error

Test ID: TC-PA0897
  Type: VARCHAR(64) -> VARCHAR(65)
  Algorithm: inplace
  Expected: CREATE
  Result: NO_OUTPUT
  Mismatch: No result SELECT in output - likely execution error

Test ID: TC-PA0899
  Type: VARCHAR(100) -> VARCHAR(200)
  Algorithm: inplace
  Expected: CREATE
  Result: NO_OUTPUT
  Mismatch: No result SELECT in output - likely execution error

Test ID: TC-PA0901
  Type: TINYINT -> SMALLINT
  Algorithm: inplace
  Expected: CREATE
  Result: NO_OUTPUT
  Mismatch: No result SELECT in output - likely execution error

Test ID: TC-PA0903
  Type: TINYINT -> MEDIUMINT
  Algorithm: inplace
  Expected: CREATE
  Result: NO_OUTPUT
  Mismatch: No result SELECT in output - likely execution error

Test ID: TC-PA0905
  Type: TINYINT -> INT
  Algorithm: inplace
  Expected: CREATE
  Result: NO_OUTPUT
  Mismatch: No result SELECT in output - likely execution error

Test ID: TC-PA0907
  Type: TINYINT -> BIGINT
  Algorithm: inplace
  Expected: CREATE
  Result: NO_OUTPUT
  Mismatch: No result SELECT in output - likely execution error

Test ID: TC-PA0909
  Type: SMALLINT -> MEDIUMINT
  Algorithm: inplace
  Expected: CREATE
  Result: NO_OUTPUT
  Mismatch: No result SELECT in output - likely execution error

Test ID: TC-PA0911
  Type: SMALLINT -> INT
  Algorithm: inplace
  Expected: CREATE
  Result: NO_OUTPUT
  Mismatch: No result SELECT in output - likely execution error

Test ID: TC-PA0913
  Type: SMALLINT -> BIGINT
  Algorithm: inplace
  Expected: CREATE
  Result: NO_OUTPUT
  Mismatch: No result SELECT in output - likely execution error

Test ID: TC-PA0915
  Type: MEDIUMINT -> INT
  Algorithm: inplace
  Expected: CREATE
  Result: NO_OUTPUT
  Mismatch: No result SELECT in output - likely execution error

Test ID: TC-PA0917
  Type: MEDIUMINT -> BIGINT
  Algorithm: inplace
  Expected: CREATE
  Result: NO_OUTPUT
  Mismatch: No result SELECT in output - likely execution error

Test ID: TC-PA0919
  Type: INT -> BIGINT
  Algorithm: inplace
  Expected: CREATE
  Result: NO_OUTPUT
  Mismatch: No result SELECT in output - likely execution error

Test ID: TC-PA0921
  Type: TINYINT UNSIGNED -> SMALLINT UNSIGNED
  Algorithm: inplace
  Expected: CREATE
  Result: NO_OUTPUT
  Mismatch: No result SELECT in output - likely execution error

Test ID: TC-PA0923
  Type: TINYINT UNSIGNED -> MEDIUMINT UNSIGNED
  Algorithm: inplace
  Expected: CREATE
  Result: NO_OUTPUT
  Mismatch: No result SELECT in output - likely execution error

Test ID: TC-PA0925
  Type: TINYINT UNSIGNED -> INT UNSIGNED
  Algorithm: inplace
  Expected: CREATE
  Result: NO_OUTPUT
  Mismatch: No result SELECT in output - likely execution error

Test ID: TC-PA0927
  Type: TINYINT UNSIGNED -> BIGINT UNSIGNED
  Algorithm: inplace
  Expected: CREATE
  Result: NO_OUTPUT
  Mismatch: No result SELECT in output - likely execution error

Test ID: TC-PA0929
  Type: SMALLINT UNSIGNED -> MEDIUMINT UNSIGNED
  Algorithm: inplace
  Expected: CREATE
  Result: NO_OUTPUT
  Mismatch: No result SELECT in output - likely execution error

Test ID: TC-PA0931
  Type: SMALLINT UNSIGNED -> INT UNSIGNED
  Algorithm: inplace
  Expected: CREATE
  Result: NO_OUTPUT
  Mismatch: No result SELECT in output - likely execution error

Test ID: TC-PA0933
  Type: SMALLINT UNSIGNED -> BIGINT UNSIGNED
  Algorithm: inplace
  Expected: CREATE
  Result: NO_OUTPUT
  Mismatch: No result SELECT in output - likely execution error

Test ID: TC-PA0935
  Type: MEDIUMINT UNSIGNED -> INT UNSIGNED
  Algorithm: inplace
  Expected: CREATE
  Result: NO_OUTPUT
  Mismatch: No result SELECT in output - likely execution error

Test ID: TC-PA0937
  Type: MEDIUMINT UNSIGNED -> BIGINT UNSIGNED
  Algorithm: inplace
  Expected: CREATE
  Result: NO_OUTPUT
  Mismatch: No result SELECT in output - likely execution error

Test ID: TC-PA0939
  Type: INT UNSIGNED -> BIGINT UNSIGNED
  Algorithm: inplace
  Expected: CREATE
  Result: NO_OUTPUT
  Mismatch: No result SELECT in output - likely execution error

Test ID: TC-PA0941
  Type: CHAR(1) -> CHAR(2)
  Algorithm: inplace
  Expected: CREATE
  Result: NO_OUTPUT
  Mismatch: No result SELECT in output - likely execution error

Test ID: TC-PA0943
  Type: CHAR(63) -> CHAR(64)
  Algorithm: inplace
  Expected: CREATE
  Result: NO_OUTPUT
  Mismatch: No result SELECT in output - likely execution error

Test ID: TC-PA0945
  Type: CHAR(254) -> CHAR(255)
  Algorithm: inplace
  Expected: CREATE
  Result: NO_OUTPUT
  Mismatch: No result SELECT in output - likely execution error

Test ID: TC-PA0947
  Type: VARCHAR(1) -> VARCHAR(2)
  Algorithm: inplace
  Expected: CREATE
  Result: NO_OUTPUT
  Mismatch: No result SELECT in output - likely execution error

Test ID: TC-PA0949
  Type: VARCHAR(254) -> VARCHAR(255)
  Algorithm: inplace
  Expected: CREATE
  Result: NO_OUTPUT
  Mismatch: No result SELECT in output - likely execution error

Test ID: TC-PA0951
  Type: VARCHAR(255) -> VARCHAR(256)
  Algorithm: inplace
  Expected: CREATE
  Result: NO_OUTPUT
  Mismatch: No result SELECT in output - likely execution error

Test ID: TC-PA0953
  Type: VARCHAR(85) -> VARCHAR(86)
  Algorithm: inplace
  Expected: CREATE
  Result: NO_OUTPUT
  Mismatch: No result SELECT in output - likely execution error

Test ID: TC-PA0955
  Type: VARCHAR(63) -> VARCHAR(64)
  Algorithm: inplace
  Expected: CREATE
  Result: NO_OUTPUT
  Mismatch: No result SELECT in output - likely execution error

Test ID: TC-PA0957
  Type: VARCHAR(64) -> VARCHAR(65)
  Algorithm: inplace
  Expected: CREATE
  Result: NO_OUTPUT
  Mismatch: No result SELECT in output - likely execution error

Test ID: TC-PA0959
  Type: VARCHAR(100) -> VARCHAR(200)
  Algorithm: inplace
  Expected: CREATE
  Result: NO_OUTPUT
  Mismatch: No result SELECT in output - likely execution error

Test ID: TC-PA0961
  Type: TINYINT -> SMALLINT
  Algorithm: inplace
  Expected: CREATE
  Result: NO_OUTPUT
  Mismatch: No result SELECT in output - likely execution error

Test ID: TC-PA0963
  Type: TINYINT -> MEDIUMINT
  Algorithm: inplace
  Expected: CREATE
  Result: NO_OUTPUT
  Mismatch: No result SELECT in output - likely execution error

Test ID: TC-PA0965
  Type: TINYINT -> INT
  Algorithm: inplace
  Expected: CREATE
  Result: NO_OUTPUT
  Mismatch: No result SELECT in output - likely execution error

Test ID: TC-PA0967
  Type: TINYINT -> BIGINT
  Algorithm: inplace
  Expected: CREATE
  Result: NO_OUTPUT
  Mismatch: No result SELECT in output - likely execution error

Test ID: TC-PA0969
  Type: SMALLINT -> MEDIUMINT
  Algorithm: inplace
  Expected: CREATE
  Result: NO_OUTPUT
  Mismatch: No result SELECT in output - likely execution error

Test ID: TC-PA0971
  Type: SMALLINT -> INT
  Algorithm: inplace
  Expected: CREATE
  Result: NO_OUTPUT
  Mismatch: No result SELECT in output - likely execution error

Test ID: TC-PA0973
  Type: SMALLINT -> BIGINT
  Algorithm: inplace
  Expected: CREATE
  Result: NO_OUTPUT
  Mismatch: No result SELECT in output - likely execution error

Test ID: TC-PA0975
  Type: MEDIUMINT -> INT
  Algorithm: inplace
  Expected: CREATE
  Result: NO_OUTPUT
  Mismatch: No result SELECT in output - likely execution error

Test ID: TC-PA0977
  Type: MEDIUMINT -> BIGINT
  Algorithm: inplace
  Expected: CREATE
  Result: NO_OUTPUT
  Mismatch: No result SELECT in output - likely execution error

Test ID: TC-PA0979
  Type: INT -> BIGINT
  Algorithm: inplace
  Expected: CREATE
  Result: NO_OUTPUT
  Mismatch: No result SELECT in output - likely execution error

Test ID: TC-PA0981
  Type: TINYINT UNSIGNED -> SMALLINT UNSIGNED
  Algorithm: inplace
  Expected: CREATE
  Result: NO_OUTPUT
  Mismatch: No result SELECT in output - likely execution error

Test ID: TC-PA0983
  Type: TINYINT UNSIGNED -> MEDIUMINT UNSIGNED
  Algorithm: inplace
  Expected: CREATE
  Result: NO_OUTPUT
  Mismatch: No result SELECT in output - likely execution error

Test ID: TC-PA0985
  Type: TINYINT UNSIGNED -> INT UNSIGNED
  Algorithm: inplace
  Expected: CREATE
  Result: NO_OUTPUT
  Mismatch: No result SELECT in output - likely execution error

Test ID: TC-PA0987
  Type: TINYINT UNSIGNED -> BIGINT UNSIGNED
  Algorithm: inplace
  Expected: CREATE
  Result: NO_OUTPUT
  Mismatch: No result SELECT in output - likely execution error

Test ID: TC-PA0989
  Type: SMALLINT UNSIGNED -> MEDIUMINT UNSIGNED
  Algorithm: inplace
  Expected: CREATE
  Result: NO_OUTPUT
  Mismatch: No result SELECT in output - likely execution error

Test ID: TC-PA0991
  Type: SMALLINT UNSIGNED -> INT UNSIGNED
  Algorithm: inplace
  Expected: CREATE
  Result: NO_OUTPUT
  Mismatch: No result SELECT in output - likely execution error

Test ID: TC-PA0993
  Type: SMALLINT UNSIGNED -> BIGINT UNSIGNED
  Algorithm: inplace
  Expected: CREATE
  Result: NO_OUTPUT
  Mismatch: No result SELECT in output - likely execution error

Test ID: TC-PA0995
  Type: MEDIUMINT UNSIGNED -> INT UNSIGNED
  Algorithm: inplace
  Expected: CREATE
  Result: NO_OUTPUT
  Mismatch: No result SELECT in output - likely execution error

Test ID: TC-PA0997
  Type: MEDIUMINT UNSIGNED -> BIGINT UNSIGNED
  Algorithm: inplace
  Expected: CREATE
  Result: NO_OUTPUT
  Mismatch: No result SELECT in output - likely execution error

Test ID: TC-PA0999
  Type: INT UNSIGNED -> BIGINT UNSIGNED
  Algorithm: inplace
  Expected: CREATE
  Result: NO_OUTPUT
  Mismatch: No result SELECT in output - likely execution error

Test ID: TC-PA1021
  Type: TINYINT -> SMALLINT
  Algorithm: inplace
  Expected: CREATE
  Result: NO_OUTPUT
  Mismatch: No result SELECT in output - likely execution error

Test ID: TC-PA1023
  Type: TINYINT -> MEDIUMINT
  Algorithm: inplace
  Expected: CREATE
  Result: NO_OUTPUT
  Mismatch: No result SELECT in output - likely execution error

Test ID: TC-PA1025
  Type: TINYINT -> INT
  Algorithm: inplace
  Expected: CREATE
  Result: NO_OUTPUT
  Mismatch: No result SELECT in output - likely execution error

Test ID: TC-PA1027
  Type: TINYINT -> BIGINT
  Algorithm: inplace
  Expected: CREATE
  Result: NO_OUTPUT
  Mismatch: No result SELECT in output - likely execution error

Test ID: TC-PA1029
  Type: SMALLINT -> MEDIUMINT
  Algorithm: inplace
  Expected: CREATE
  Result: NO_OUTPUT
  Mismatch: No result SELECT in output - likely execution error

Test ID: TC-PA1031
  Type: SMALLINT -> INT
  Algorithm: inplace
  Expected: CREATE
  Result: NO_OUTPUT
  Mismatch: No result SELECT in output - likely execution error

Test ID: TC-PA1033
  Type: SMALLINT -> BIGINT
  Algorithm: inplace
  Expected: CREATE
  Result: NO_OUTPUT
  Mismatch: No result SELECT in output - likely execution error

Test ID: TC-PA1035
  Type: MEDIUMINT -> INT
  Algorithm: inplace
  Expected: CREATE
  Result: NO_OUTPUT
  Mismatch: No result SELECT in output - likely execution error

Test ID: TC-PA1037
  Type: MEDIUMINT -> BIGINT
  Algorithm: inplace
  Expected: CREATE
  Result: NO_OUTPUT
  Mismatch: No result SELECT in output - likely execution error

Test ID: TC-PA1039
  Type: INT -> BIGINT
  Algorithm: inplace
  Expected: CREATE
  Result: NO_OUTPUT
  Mismatch: No result SELECT in output - likely execution error

Test ID: TC-PA1041
  Type: TINYINT UNSIGNED -> SMALLINT UNSIGNED
  Algorithm: inplace
  Expected: CREATE
  Result: NO_OUTPUT
  Mismatch: No result SELECT in output - likely execution error

Test ID: TC-PA1043
  Type: TINYINT UNSIGNED -> MEDIUMINT UNSIGNED
  Algorithm: inplace
  Expected: CREATE
  Result: NO_OUTPUT
  Mismatch: No result SELECT in output - likely execution error

Test ID: TC-PA1045
  Type: TINYINT UNSIGNED -> INT UNSIGNED
  Algorithm: inplace
  Expected: CREATE
  Result: NO_OUTPUT
  Mismatch: No result SELECT in output - likely execution error

Test ID: TC-PA1047
  Type: TINYINT UNSIGNED -> BIGINT UNSIGNED
  Algorithm: inplace
  Expected: CREATE
  Result: NO_OUTPUT
  Mismatch: No result SELECT in output - likely execution error

Test ID: TC-PA1049
  Type: SMALLINT UNSIGNED -> MEDIUMINT UNSIGNED
  Algorithm: inplace
  Expected: CREATE
  Result: NO_OUTPUT
  Mismatch: No result SELECT in output - likely execution error

Test ID: TC-PA1051
  Type: SMALLINT UNSIGNED -> INT UNSIGNED
  Algorithm: inplace
  Expected: CREATE
  Result: NO_OUTPUT
  Mismatch: No result SELECT in output - likely execution error

Test ID: TC-PA1053
  Type: SMALLINT UNSIGNED -> BIGINT UNSIGNED
  Algorithm: inplace
  Expected: CREATE
  Result: NO_OUTPUT
  Mismatch: No result SELECT in output - likely execution error

Test ID: TC-PA1055
  Type: MEDIUMINT UNSIGNED -> INT UNSIGNED
  Algorithm: inplace
  Expected: CREATE
  Result: NO_OUTPUT
  Mismatch: No result SELECT in output - likely execution error

Test ID: TC-PA1057
  Type: MEDIUMINT UNSIGNED -> BIGINT UNSIGNED
  Algorithm: inplace
  Expected: CREATE
  Result: NO_OUTPUT
  Mismatch: No result SELECT in output - likely execution error

Test ID: TC-PA1059
  Type: INT UNSIGNED -> BIGINT UNSIGNED
  Algorithm: inplace
  Expected: CREATE
  Result: NO_OUTPUT
  Mismatch: No result SELECT in output - likely execution error

Test ID: TC-PA1081
  Type: TINYINT -> SMALLINT
  Algorithm: inplace
  Expected: CREATE
  Result: NO_OUTPUT
  Mismatch: No result SELECT in output - likely execution error

Test ID: TC-PA1083
  Type: TINYINT -> MEDIUMINT
  Algorithm: inplace
  Expected: CREATE
  Result: NO_OUTPUT
  Mismatch: No result SELECT in output - likely execution error

Test ID: TC-PA1085
  Type: TINYINT -> INT
  Algorithm: inplace
  Expected: CREATE
  Result: NO_OUTPUT
  Mismatch: No result SELECT in output - likely execution error

Test ID: TC-PA1087
  Type: TINYINT -> BIGINT
  Algorithm: inplace
  Expected: CREATE
  Result: NO_OUTPUT
  Mismatch: No result SELECT in output - likely execution error

Test ID: TC-PA1089
  Type: SMALLINT -> MEDIUMINT
  Algorithm: inplace
  Expected: CREATE
  Result: NO_OUTPUT
  Mismatch: No result SELECT in output - likely execution error

Test ID: TC-PA1091
  Type: SMALLINT -> INT
  Algorithm: inplace
  Expected: CREATE
  Result: NO_OUTPUT
  Mismatch: No result SELECT in output - likely execution error

Test ID: TC-PA1093
  Type: SMALLINT -> BIGINT
  Algorithm: inplace
  Expected: CREATE
  Result: NO_OUTPUT
  Mismatch: No result SELECT in output - likely execution error

Test ID: TC-PA1095
  Type: MEDIUMINT -> INT
  Algorithm: inplace
  Expected: CREATE
  Result: NO_OUTPUT
  Mismatch: No result SELECT in output - likely execution error

Test ID: TC-PA1097
  Type: MEDIUMINT -> BIGINT
  Algorithm: inplace
  Expected: CREATE
  Result: NO_OUTPUT
  Mismatch: No result SELECT in output - likely execution error

Test ID: TC-PA1099
  Type: INT -> BIGINT
  Algorithm: inplace
  Expected: CREATE
  Result: NO_OUTPUT
  Mismatch: No result SELECT in output - likely execution error

Test ID: TC-PA1101
  Type: TINYINT UNSIGNED -> SMALLINT UNSIGNED
  Algorithm: inplace
  Expected: CREATE
  Result: NO_OUTPUT
  Mismatch: No result SELECT in output - likely execution error

Test ID: TC-PA1103
  Type: TINYINT UNSIGNED -> MEDIUMINT UNSIGNED
  Algorithm: inplace
  Expected: CREATE
  Result: NO_OUTPUT
  Mismatch: No result SELECT in output - likely execution error

Test ID: TC-PA1105
  Type: TINYINT UNSIGNED -> INT UNSIGNED
  Algorithm: inplace
  Expected: CREATE
  Result: NO_OUTPUT
  Mismatch: No result SELECT in output - likely execution error

Test ID: TC-PA1107
  Type: TINYINT UNSIGNED -> BIGINT UNSIGNED
  Algorithm: inplace
  Expected: CREATE
  Result: NO_OUTPUT
  Mismatch: No result SELECT in output - likely execution error

Test ID: TC-PA1109
  Type: SMALLINT UNSIGNED -> MEDIUMINT UNSIGNED
  Algorithm: inplace
  Expected: CREATE
  Result: NO_OUTPUT
  Mismatch: No result SELECT in output - likely execution error

Test ID: TC-PA1111
  Type: SMALLINT UNSIGNED -> INT UNSIGNED
  Algorithm: inplace
  Expected: CREATE
  Result: NO_OUTPUT
  Mismatch: No result SELECT in output - likely execution error

Test ID: TC-PA1113
  Type: SMALLINT UNSIGNED -> BIGINT UNSIGNED
  Algorithm: inplace
  Expected: CREATE
  Result: NO_OUTPUT
  Mismatch: No result SELECT in output - likely execution error

Test ID: TC-PA1115
  Type: MEDIUMINT UNSIGNED -> INT UNSIGNED
  Algorithm: inplace
  Expected: CREATE
  Result: NO_OUTPUT
  Mismatch: No result SELECT in output - likely execution error

Test ID: TC-PA1117
  Type: MEDIUMINT UNSIGNED -> BIGINT UNSIGNED
  Algorithm: inplace
  Expected: CREATE
  Result: NO_OUTPUT
  Mismatch: No result SELECT in output - likely execution error

Test ID: TC-PA1119
  Type: INT UNSIGNED -> BIGINT UNSIGNED
  Algorithm: inplace
  Expected: CREATE
  Result: NO_OUTPUT
  Mismatch: No result SELECT in output - likely execution error

Test ID: TC-PA1141
  Type: TINYINT -> SMALLINT
  Algorithm: inplace
  Expected: CREATE
  Result: NO_OUTPUT
  Mismatch: No result SELECT in output - likely execution error

Test ID: TC-PA1143
  Type: TINYINT -> MEDIUMINT
  Algorithm: inplace
  Expected: CREATE
  Result: NO_OUTPUT
  Mismatch: No result SELECT in output - likely execution error

Test ID: TC-PA1145
  Type: TINYINT -> INT
  Algorithm: inplace
  Expected: CREATE
  Result: NO_OUTPUT
  Mismatch: No result SELECT in output - likely execution error

Test ID: TC-PA1147
  Type: TINYINT -> BIGINT
  Algorithm: inplace
  Expected: CREATE
  Result: NO_OUTPUT
  Mismatch: No result SELECT in output - likely execution error

Test ID: TC-PA1149
  Type: SMALLINT -> MEDIUMINT
  Algorithm: inplace
  Expected: CREATE
  Result: NO_OUTPUT
  Mismatch: No result SELECT in output - likely execution error

Test ID: TC-PA1151
  Type: SMALLINT -> INT
  Algorithm: inplace
  Expected: CREATE
  Result: NO_OUTPUT
  Mismatch: No result SELECT in output - likely execution error

Test ID: TC-PA1153
  Type: SMALLINT -> BIGINT
  Algorithm: inplace
  Expected: CREATE
  Result: NO_OUTPUT
  Mismatch: No result SELECT in output - likely execution error

Test ID: TC-PA1155
  Type: MEDIUMINT -> INT
  Algorithm: inplace
  Expected: CREATE
  Result: NO_OUTPUT
  Mismatch: No result SELECT in output - likely execution error

Test ID: TC-PA1157
  Type: MEDIUMINT -> BIGINT
  Algorithm: inplace
  Expected: CREATE
  Result: NO_OUTPUT
  Mismatch: No result SELECT in output - likely execution error

Test ID: TC-PA1159
  Type: INT -> BIGINT
  Algorithm: inplace
  Expected: CREATE
  Result: NO_OUTPUT
  Mismatch: No result SELECT in output - likely execution error

Test ID: TC-PA1161
  Type: TINYINT UNSIGNED -> SMALLINT UNSIGNED
  Algorithm: inplace
  Expected: CREATE
  Result: NO_OUTPUT
  Mismatch: No result SELECT in output - likely execution error

Test ID: TC-PA1163
  Type: TINYINT UNSIGNED -> MEDIUMINT UNSIGNED
  Algorithm: inplace
  Expected: CREATE
  Result: NO_OUTPUT
  Mismatch: No result SELECT in output - likely execution error

Test ID: TC-PA1165
  Type: TINYINT UNSIGNED -> INT UNSIGNED
  Algorithm: inplace
  Expected: CREATE
  Result: NO_OUTPUT
  Mismatch: No result SELECT in output - likely execution error

Test ID: TC-PA1167
  Type: TINYINT UNSIGNED -> BIGINT UNSIGNED
  Algorithm: inplace
  Expected: CREATE
  Result: NO_OUTPUT
  Mismatch: No result SELECT in output - likely execution error

Test ID: TC-PA1169
  Type: SMALLINT UNSIGNED -> MEDIUMINT UNSIGNED
  Algorithm: inplace
  Expected: CREATE
  Result: NO_OUTPUT
  Mismatch: No result SELECT in output - likely execution error

Test ID: TC-PA1171
  Type: SMALLINT UNSIGNED -> INT UNSIGNED
  Algorithm: inplace
  Expected: CREATE
  Result: NO_OUTPUT
  Mismatch: No result SELECT in output - likely execution error

Test ID: TC-PA1173
  Type: SMALLINT UNSIGNED -> BIGINT UNSIGNED
  Algorithm: inplace
  Expected: CREATE
  Result: NO_OUTPUT
  Mismatch: No result SELECT in output - likely execution error

Test ID: TC-PA1175
  Type: MEDIUMINT UNSIGNED -> INT UNSIGNED
  Algorithm: inplace
  Expected: CREATE
  Result: NO_OUTPUT
  Mismatch: No result SELECT in output - likely execution error

Test ID: TC-PA1177
  Type: MEDIUMINT UNSIGNED -> BIGINT UNSIGNED
  Algorithm: inplace
  Expected: CREATE
  Result: NO_OUTPUT
  Mismatch: No result SELECT in output - likely execution error

Test ID: TC-PA1179
  Type: INT UNSIGNED -> BIGINT UNSIGNED
  Algorithm: inplace
  Expected: CREATE
  Result: NO_OUTPUT
  Mismatch: No result SELECT in output - likely execution error

Test ID: TC-PA1201
  Type: TINYINT -> SMALLINT
  Algorithm: inplace
  Expected: CREATE
  Result: NO_OUTPUT
  Mismatch: No result SELECT in output - likely execution error

Test ID: TC-PA1203
  Type: TINYINT -> MEDIUMINT
  Algorithm: inplace
  Expected: CREATE
  Result: NO_OUTPUT
  Mismatch: No result SELECT in output - likely execution error

Test ID: TC-PA1205
  Type: TINYINT -> INT
  Algorithm: inplace
  Expected: CREATE
  Result: NO_OUTPUT
  Mismatch: No result SELECT in output - likely execution error

Test ID: TC-PA1207
  Type: TINYINT -> BIGINT
  Algorithm: inplace
  Expected: CREATE
  Result: NO_OUTPUT
  Mismatch: No result SELECT in output - likely execution error

Test ID: TC-PA1209
  Type: SMALLINT -> MEDIUMINT
  Algorithm: inplace
  Expected: CREATE
  Result: NO_OUTPUT
  Mismatch: No result SELECT in output - likely execution error

Test ID: TC-PA1211
  Type: SMALLINT -> INT
  Algorithm: inplace
  Expected: CREATE
  Result: NO_OUTPUT
  Mismatch: No result SELECT in output - likely execution error

Test ID: TC-PA1213
  Type: SMALLINT -> BIGINT
  Algorithm: inplace
  Expected: CREATE
  Result: NO_OUTPUT
  Mismatch: No result SELECT in output - likely execution error

Test ID: TC-PA1215
  Type: MEDIUMINT -> INT
  Algorithm: inplace
  Expected: CREATE
  Result: NO_OUTPUT
  Mismatch: No result SELECT in output - likely execution error

Test ID: TC-PA1217
  Type: MEDIUMINT -> BIGINT
  Algorithm: inplace
  Expected: CREATE
  Result: NO_OUTPUT
  Mismatch: No result SELECT in output - likely execution error

Test ID: TC-PA1219
  Type: INT -> BIGINT
  Algorithm: inplace
  Expected: CREATE
  Result: NO_OUTPUT
  Mismatch: No result SELECT in output - likely execution error

Test ID: TC-PA1221
  Type: TINYINT UNSIGNED -> SMALLINT UNSIGNED
  Algorithm: inplace
  Expected: CREATE
  Result: NO_OUTPUT
  Mismatch: No result SELECT in output - likely execution error

Test ID: TC-PA1223
  Type: TINYINT UNSIGNED -> MEDIUMINT UNSIGNED
  Algorithm: inplace
  Expected: CREATE
  Result: NO_OUTPUT
  Mismatch: No result SELECT in output - likely execution error

Test ID: TC-PA1225
  Type: TINYINT UNSIGNED -> INT UNSIGNED
  Algorithm: inplace
  Expected: CREATE
  Result: NO_OUTPUT
  Mismatch: No result SELECT in output - likely execution error

Test ID: TC-PA1227
  Type: TINYINT UNSIGNED -> BIGINT UNSIGNED
  Algorithm: inplace
  Expected: CREATE
  Result: NO_OUTPUT
  Mismatch: No result SELECT in output - likely execution error

Test ID: TC-PA1229
  Type: SMALLINT UNSIGNED -> MEDIUMINT UNSIGNED
  Algorithm: inplace
  Expected: CREATE
  Result: NO_OUTPUT
  Mismatch: No result SELECT in output - likely execution error

Test ID: TC-PA1231
  Type: SMALLINT UNSIGNED -> INT UNSIGNED
  Algorithm: inplace
  Expected: CREATE
  Result: NO_OUTPUT
  Mismatch: No result SELECT in output - likely execution error

Test ID: TC-PA1233
  Type: SMALLINT UNSIGNED -> BIGINT UNSIGNED
  Algorithm: inplace
  Expected: CREATE
  Result: NO_OUTPUT
  Mismatch: No result SELECT in output - likely execution error

Test ID: TC-PA1235
  Type: MEDIUMINT UNSIGNED -> INT UNSIGNED
  Algorithm: inplace
  Expected: CREATE
  Result: NO_OUTPUT
  Mismatch: No result SELECT in output - likely execution error

Test ID: TC-PA1237
  Type: MEDIUMINT UNSIGNED -> BIGINT UNSIGNED
  Algorithm: inplace
  Expected: CREATE
  Result: NO_OUTPUT
  Mismatch: No result SELECT in output - likely execution error

Test ID: TC-PA1239
  Type: INT UNSIGNED -> BIGINT UNSIGNED
  Algorithm: inplace
  Expected: CREATE
  Result: NO_OUTPUT
  Mismatch: No result SELECT in output - likely execution error

Test ID: TC-PA1261
  Type: TINYINT -> SMALLINT
  Algorithm: inplace
  Expected: CREATE
  Result: NO_OUTPUT
  Mismatch: No result SELECT in output - likely execution error

Test ID: TC-PA1263
  Type: TINYINT -> MEDIUMINT
  Algorithm: inplace
  Expected: CREATE
  Result: NO_OUTPUT
  Mismatch: No result SELECT in output - likely execution error

Test ID: TC-PA1265
  Type: TINYINT -> INT
  Algorithm: inplace
  Expected: CREATE
  Result: NO_OUTPUT
  Mismatch: No result SELECT in output - likely execution error

Test ID: TC-PA1267
  Type: TINYINT -> BIGINT
  Algorithm: inplace
  Expected: CREATE
  Result: NO_OUTPUT
  Mismatch: No result SELECT in output - likely execution error

Test ID: TC-PA1269
  Type: SMALLINT -> MEDIUMINT
  Algorithm: inplace
  Expected: CREATE
  Result: NO_OUTPUT
  Mismatch: No result SELECT in output - likely execution error

Test ID: TC-PA1271
  Type: SMALLINT -> INT
  Algorithm: inplace
  Expected: CREATE
  Result: NO_OUTPUT
  Mismatch: No result SELECT in output - likely execution error

Test ID: TC-PA1273
  Type: SMALLINT -> BIGINT
  Algorithm: inplace
  Expected: CREATE
  Result: NO_OUTPUT
  Mismatch: No result SELECT in output - likely execution error

Test ID: TC-PA1275
  Type: MEDIUMINT -> INT
  Algorithm: inplace
  Expected: CREATE
  Result: NO_OUTPUT
  Mismatch: No result SELECT in output - likely execution error

Test ID: TC-PA1277
  Type: MEDIUMINT -> BIGINT
  Algorithm: inplace
  Expected: CREATE
  Result: NO_OUTPUT
  Mismatch: No result SELECT in output - likely execution error

Test ID: TC-PA1279
  Type: INT -> BIGINT
  Algorithm: inplace
  Expected: CREATE
  Result: NO_OUTPUT
  Mismatch: No result SELECT in output - likely execution error

Test ID: TC-PA1281
  Type: TINYINT UNSIGNED -> SMALLINT UNSIGNED
  Algorithm: inplace
  Expected: CREATE
  Result: NO_OUTPUT
  Mismatch: No result SELECT in output - likely execution error

Test ID: TC-PA1283
  Type: TINYINT UNSIGNED -> MEDIUMINT UNSIGNED
  Algorithm: inplace
  Expected: CREATE
  Result: NO_OUTPUT
  Mismatch: No result SELECT in output - likely execution error

Test ID: TC-PA1285
  Type: TINYINT UNSIGNED -> INT UNSIGNED
  Algorithm: inplace
  Expected: CREATE
  Result: NO_OUTPUT
  Mismatch: No result SELECT in output - likely execution error

Test ID: TC-PA1287
  Type: TINYINT UNSIGNED -> BIGINT UNSIGNED
  Algorithm: inplace
  Expected: CREATE
  Result: NO_OUTPUT
  Mismatch: No result SELECT in output - likely execution error

Test ID: TC-PA1289
  Type: SMALLINT UNSIGNED -> MEDIUMINT UNSIGNED
  Algorithm: inplace
  Expected: CREATE
  Result: NO_OUTPUT
  Mismatch: No result SELECT in output - likely execution error

Test ID: TC-PA1291
  Type: SMALLINT UNSIGNED -> INT UNSIGNED
  Algorithm: inplace
  Expected: CREATE
  Result: NO_OUTPUT
  Mismatch: No result SELECT in output - likely execution error

Test ID: TC-PA1293
  Type: SMALLINT UNSIGNED -> BIGINT UNSIGNED
  Algorithm: inplace
  Expected: CREATE
  Result: NO_OUTPUT
  Mismatch: No result SELECT in output - likely execution error

Test ID: TC-PA1295
  Type: MEDIUMINT UNSIGNED -> INT UNSIGNED
  Algorithm: inplace
  Expected: CREATE
  Result: NO_OUTPUT
  Mismatch: No result SELECT in output - likely execution error

Test ID: TC-PA1297
  Type: MEDIUMINT UNSIGNED -> BIGINT UNSIGNED
  Algorithm: inplace
  Expected: CREATE
  Result: NO_OUTPUT
  Mismatch: No result SELECT in output - likely execution error

Test ID: TC-PA1299
  Type: INT UNSIGNED -> BIGINT UNSIGNED
  Algorithm: inplace
  Expected: CREATE
  Result: NO_OUTPUT
  Mismatch: No result SELECT in output - likely execution error

Test ID: TC-PA1321
  Type: TINYINT -> SMALLINT
  Algorithm: inplace
  Expected: CREATE
  Result: NO_OUTPUT
  Mismatch: No result SELECT in output - likely execution error

Test ID: TC-PA1323
  Type: TINYINT -> MEDIUMINT
  Algorithm: inplace
  Expected: CREATE
  Result: NO_OUTPUT
  Mismatch: No result SELECT in output - likely execution error

Test ID: TC-PA1325
  Type: TINYINT -> INT
  Algorithm: inplace
  Expected: CREATE
  Result: NO_OUTPUT
  Mismatch: No result SELECT in output - likely execution error

Test ID: TC-PA1327
  Type: TINYINT -> BIGINT
  Algorithm: inplace
  Expected: CREATE
  Result: NO_OUTPUT
  Mismatch: No result SELECT in output - likely execution error

Test ID: TC-PA1329
  Type: SMALLINT -> MEDIUMINT
  Algorithm: inplace
  Expected: CREATE
  Result: NO_OUTPUT
  Mismatch: No result SELECT in output - likely execution error

Test ID: TC-PA1331
  Type: SMALLINT -> INT
  Algorithm: inplace
  Expected: CREATE
  Result: NO_OUTPUT
  Mismatch: No result SELECT in output - likely execution error

Test ID: TC-PA1333
  Type: SMALLINT -> BIGINT
  Algorithm: inplace
  Expected: CREATE
  Result: NO_OUTPUT
  Mismatch: No result SELECT in output - likely execution error

Test ID: TC-PA1335
  Type: MEDIUMINT -> INT
  Algorithm: inplace
  Expected: CREATE
  Result: NO_OUTPUT
  Mismatch: No result SELECT in output - likely execution error

Test ID: TC-PA1337
  Type: MEDIUMINT -> BIGINT
  Algorithm: inplace
  Expected: CREATE
  Result: NO_OUTPUT
  Mismatch: No result SELECT in output - likely execution error

Test ID: TC-PA1339
  Type: INT -> BIGINT
  Algorithm: inplace
  Expected: CREATE
  Result: NO_OUTPUT
  Mismatch: No result SELECT in output - likely execution error

Test ID: TC-PA1341
  Type: TINYINT UNSIGNED -> SMALLINT UNSIGNED
  Algorithm: inplace
  Expected: CREATE
  Result: NO_OUTPUT
  Mismatch: No result SELECT in output - likely execution error

Test ID: TC-PA1343
  Type: TINYINT UNSIGNED -> MEDIUMINT UNSIGNED
  Algorithm: inplace
  Expected: CREATE
  Result: NO_OUTPUT
  Mismatch: No result SELECT in output - likely execution error

Test ID: TC-PA1345
  Type: TINYINT UNSIGNED -> INT UNSIGNED
  Algorithm: inplace
  Expected: CREATE
  Result: NO_OUTPUT
  Mismatch: No result SELECT in output - likely execution error

Test ID: TC-PA1347
  Type: TINYINT UNSIGNED -> BIGINT UNSIGNED
  Algorithm: inplace
  Expected: CREATE
  Result: NO_OUTPUT
  Mismatch: No result SELECT in output - likely execution error

Test ID: TC-PA1349
  Type: SMALLINT UNSIGNED -> MEDIUMINT UNSIGNED
  Algorithm: inplace
  Expected: CREATE
  Result: NO_OUTPUT
  Mismatch: No result SELECT in output - likely execution error

Test ID: TC-PA1351
  Type: SMALLINT UNSIGNED -> INT UNSIGNED
  Algorithm: inplace
  Expected: CREATE
  Result: NO_OUTPUT
  Mismatch: No result SELECT in output - likely execution error

Test ID: TC-PA1353
  Type: SMALLINT UNSIGNED -> BIGINT UNSIGNED
  Algorithm: inplace
  Expected: CREATE
  Result: NO_OUTPUT
  Mismatch: No result SELECT in output - likely execution error

Test ID: TC-PA1355
  Type: MEDIUMINT UNSIGNED -> INT UNSIGNED
  Algorithm: inplace
  Expected: CREATE
  Result: NO_OUTPUT
  Mismatch: No result SELECT in output - likely execution error

Test ID: TC-PA1357
  Type: MEDIUMINT UNSIGNED -> BIGINT UNSIGNED
  Algorithm: inplace
  Expected: CREATE
  Result: NO_OUTPUT
  Mismatch: No result SELECT in output - likely execution error

Test ID: TC-PA1359
  Type: INT UNSIGNED -> BIGINT UNSIGNED
  Algorithm: inplace
  Expected: CREATE
  Result: NO_OUTPUT
  Mismatch: No result SELECT in output - likely execution error

Test ID: TC-PA1381
  Type: TINYINT -> SMALLINT
  Algorithm: inplace
  Expected: CREATE
  Result: NO_OUTPUT
  Mismatch: No result SELECT in output - likely execution error

Test ID: TC-PA1383
  Type: TINYINT -> MEDIUMINT
  Algorithm: inplace
  Expected: CREATE
  Result: NO_OUTPUT
  Mismatch: No result SELECT in output - likely execution error

Test ID: TC-PA1385
  Type: TINYINT -> INT
  Algorithm: inplace
  Expected: CREATE
  Result: NO_OUTPUT
  Mismatch: No result SELECT in output - likely execution error

Test ID: TC-PA1387
  Type: TINYINT -> BIGINT
  Algorithm: inplace
  Expected: CREATE
  Result: NO_OUTPUT
  Mismatch: No result SELECT in output - likely execution error

Test ID: TC-PA1389
  Type: SMALLINT -> MEDIUMINT
  Algorithm: inplace
  Expected: CREATE
  Result: NO_OUTPUT
  Mismatch: No result SELECT in output - likely execution error

Test ID: TC-PA1391
  Type: SMALLINT -> INT
  Algorithm: inplace
  Expected: CREATE
  Result: NO_OUTPUT
  Mismatch: No result SELECT in output - likely execution error

Test ID: TC-PA1393
  Type: SMALLINT -> BIGINT
  Algorithm: inplace
  Expected: CREATE
  Result: NO_OUTPUT
  Mismatch: No result SELECT in output - likely execution error

Test ID: TC-PA1395
  Type: MEDIUMINT -> INT
  Algorithm: inplace
  Expected: CREATE
  Result: NO_OUTPUT
  Mismatch: No result SELECT in output - likely execution error

Test ID: TC-PA1397
  Type: MEDIUMINT -> BIGINT
  Algorithm: inplace
  Expected: CREATE
  Result: NO_OUTPUT
  Mismatch: No result SELECT in output - likely execution error

Test ID: TC-PA1399
  Type: INT -> BIGINT
  Algorithm: inplace
  Expected: CREATE
  Result: NO_OUTPUT
  Mismatch: No result SELECT in output - likely execution error

Test ID: TC-PA1401
  Type: TINYINT UNSIGNED -> SMALLINT UNSIGNED
  Algorithm: inplace
  Expected: CREATE
  Result: NO_OUTPUT
  Mismatch: No result SELECT in output - likely execution error

Test ID: TC-PA1403
  Type: TINYINT UNSIGNED -> MEDIUMINT UNSIGNED
  Algorithm: inplace
  Expected: CREATE
  Result: NO_OUTPUT
  Mismatch: No result SELECT in output - likely execution error

Test ID: TC-PA1405
  Type: TINYINT UNSIGNED -> INT UNSIGNED
  Algorithm: inplace
  Expected: CREATE
  Result: NO_OUTPUT
  Mismatch: No result SELECT in output - likely execution error

Test ID: TC-PA1407
  Type: TINYINT UNSIGNED -> BIGINT UNSIGNED
  Algorithm: inplace
  Expected: CREATE
  Result: NO_OUTPUT
  Mismatch: No result SELECT in output - likely execution error

Test ID: TC-PA1409
  Type: SMALLINT UNSIGNED -> MEDIUMINT UNSIGNED
  Algorithm: inplace
  Expected: CREATE
  Result: NO_OUTPUT
  Mismatch: No result SELECT in output - likely execution error

Test ID: TC-PA1411
  Type: SMALLINT UNSIGNED -> INT UNSIGNED
  Algorithm: inplace
  Expected: CREATE
  Result: NO_OUTPUT
  Mismatch: No result SELECT in output - likely execution error

Test ID: TC-PA1413
  Type: SMALLINT UNSIGNED -> BIGINT UNSIGNED
  Algorithm: inplace
  Expected: CREATE
  Result: NO_OUTPUT
  Mismatch: No result SELECT in output - likely execution error

Test ID: TC-PA1415
  Type: MEDIUMINT UNSIGNED -> INT UNSIGNED
  Algorithm: inplace
  Expected: CREATE
  Result: NO_OUTPUT
  Mismatch: No result SELECT in output - likely execution error

Test ID: TC-PA1417
  Type: MEDIUMINT UNSIGNED -> BIGINT UNSIGNED
  Algorithm: inplace
  Expected: CREATE
  Result: NO_OUTPUT
  Mismatch: No result SELECT in output - likely execution error

Test ID: TC-PA1419
  Type: INT UNSIGNED -> BIGINT UNSIGNED
  Algorithm: inplace
  Expected: CREATE
  Result: NO_OUTPUT
  Mismatch: No result SELECT in output - likely execution error

Test ID: TC-PA1441
  Type: TINYINT -> SMALLINT
  Algorithm: inplace
  Expected: CREATE
  Result: NO_OUTPUT
  Mismatch: No result SELECT in output - likely execution error

Test ID: TC-PA1443
  Type: TINYINT -> MEDIUMINT
  Algorithm: inplace
  Expected: CREATE
  Result: NO_OUTPUT
  Mismatch: No result SELECT in output - likely execution error

Test ID: TC-PA1445
  Type: TINYINT -> INT
  Algorithm: inplace
  Expected: CREATE
  Result: NO_OUTPUT
  Mismatch: No result SELECT in output - likely execution error

Test ID: TC-PA1447
  Type: TINYINT -> BIGINT
  Algorithm: inplace
  Expected: CREATE
  Result: NO_OUTPUT
  Mismatch: No result SELECT in output - likely execution error

Test ID: TC-PA1449
  Type: SMALLINT -> MEDIUMINT
  Algorithm: inplace
  Expected: CREATE
  Result: NO_OUTPUT
  Mismatch: No result SELECT in output - likely execution error

Test ID: TC-PA1451
  Type: SMALLINT -> INT
  Algorithm: inplace
  Expected: CREATE
  Result: NO_OUTPUT
  Mismatch: No result SELECT in output - likely execution error

Test ID: TC-PA1453
  Type: SMALLINT -> BIGINT
  Algorithm: inplace
  Expected: CREATE
  Result: NO_OUTPUT
  Mismatch: No result SELECT in output - likely execution error

Test ID: TC-PA1455
  Type: MEDIUMINT -> INT
  Algorithm: inplace
  Expected: CREATE
  Result: NO_OUTPUT
  Mismatch: No result SELECT in output - likely execution error

Test ID: TC-PA1457
  Type: MEDIUMINT -> BIGINT
  Algorithm: inplace
  Expected: CREATE
  Result: NO_OUTPUT
  Mismatch: No result SELECT in output - likely execution error

Test ID: TC-PA1459
  Type: INT -> BIGINT
  Algorithm: inplace
  Expected: CREATE
  Result: NO_OUTPUT
  Mismatch: No result SELECT in output - likely execution error

Test ID: TC-PA1461
  Type: TINYINT UNSIGNED -> SMALLINT UNSIGNED
  Algorithm: inplace
  Expected: CREATE
  Result: NO_OUTPUT
  Mismatch: No result SELECT in output - likely execution error

Test ID: TC-PA1463
  Type: TINYINT UNSIGNED -> MEDIUMINT UNSIGNED
  Algorithm: inplace
  Expected: CREATE
  Result: NO_OUTPUT
  Mismatch: No result SELECT in output - likely execution error

Test ID: TC-PA1465
  Type: TINYINT UNSIGNED -> INT UNSIGNED
  Algorithm: inplace
  Expected: CREATE
  Result: NO_OUTPUT
  Mismatch: No result SELECT in output - likely execution error

Test ID: TC-PA1467
  Type: TINYINT UNSIGNED -> BIGINT UNSIGNED
  Algorithm: inplace
  Expected: CREATE
  Result: NO_OUTPUT
  Mismatch: No result SELECT in output - likely execution error

Test ID: TC-PA1469
  Type: SMALLINT UNSIGNED -> MEDIUMINT UNSIGNED
  Algorithm: inplace
  Expected: CREATE
  Result: NO_OUTPUT
  Mismatch: No result SELECT in output - likely execution error

Test ID: TC-PA1471
  Type: SMALLINT UNSIGNED -> INT UNSIGNED
  Algorithm: inplace
  Expected: CREATE
  Result: NO_OUTPUT
  Mismatch: No result SELECT in output - likely execution error

Test ID: TC-PA1473
  Type: SMALLINT UNSIGNED -> BIGINT UNSIGNED
  Algorithm: inplace
  Expected: CREATE
  Result: NO_OUTPUT
  Mismatch: No result SELECT in output - likely execution error

Test ID: TC-PA1475
  Type: MEDIUMINT UNSIGNED -> INT UNSIGNED
  Algorithm: inplace
  Expected: CREATE
  Result: NO_OUTPUT
  Mismatch: No result SELECT in output - likely execution error

Test ID: TC-PA1477
  Type: MEDIUMINT UNSIGNED -> BIGINT UNSIGNED
  Algorithm: inplace
  Expected: CREATE
  Result: NO_OUTPUT
  Mismatch: No result SELECT in output - likely execution error

Test ID: TC-PA1479
  Type: INT UNSIGNED -> BIGINT UNSIGNED
  Algorithm: inplace
  Expected: CREATE
  Result: NO_OUTPUT
  Mismatch: No result SELECT in output - likely execution error

Test ID: TC-PA1481
  Type: CHAR(1) -> CHAR(2)
  Algorithm: inplace
  Expected: CREATE
  Result: NO_OUTPUT
  Mismatch: No result SELECT in output - likely execution error

Test ID: TC-PA1483
  Type: CHAR(63) -> CHAR(64)
  Algorithm: inplace
  Expected: CREATE
  Result: NO_OUTPUT
  Mismatch: No result SELECT in output - likely execution error

Test ID: TC-PA1485
  Type: CHAR(254) -> CHAR(255)
  Algorithm: inplace
  Expected: CREATE
  Result: NO_OUTPUT
  Mismatch: No result SELECT in output - likely execution error

Test ID: TC-PA1487
  Type: VARCHAR(1) -> VARCHAR(2)
  Algorithm: inplace
  Expected: CREATE
  Result: NO_OUTPUT
  Mismatch: No result SELECT in output - likely execution error

Test ID: TC-PA1489
  Type: VARCHAR(254) -> VARCHAR(255)
  Algorithm: inplace
  Expected: CREATE
  Result: NO_OUTPUT
  Mismatch: No result SELECT in output - likely execution error

Test ID: TC-PA1491
  Type: VARCHAR(255) -> VARCHAR(256)
  Algorithm: inplace
  Expected: CREATE
  Result: NO_OUTPUT
  Mismatch: No result SELECT in output - likely execution error

Test ID: TC-PA1493
  Type: VARCHAR(85) -> VARCHAR(86)
  Algorithm: inplace
  Expected: CREATE
  Result: NO_OUTPUT
  Mismatch: No result SELECT in output - likely execution error

Test ID: TC-PA1495
  Type: VARCHAR(63) -> VARCHAR(64)
  Algorithm: inplace
  Expected: CREATE
  Result: NO_OUTPUT
  Mismatch: No result SELECT in output - likely execution error

Test ID: TC-PA1497
  Type: VARCHAR(64) -> VARCHAR(65)
  Algorithm: inplace
  Expected: CREATE
  Result: NO_OUTPUT
  Mismatch: No result SELECT in output - likely execution error

Test ID: TC-PA1499
  Type: VARCHAR(100) -> VARCHAR(200)
  Algorithm: inplace
  Expected: CREATE
  Result: NO_OUTPUT
  Mismatch: No result SELECT in output - likely execution error

Test ID: TC-PA1501
  Type: TINYINT -> SMALLINT
  Algorithm: inplace
  Expected: CREATE
  Result: NO_OUTPUT
  Mismatch: No result SELECT in output - likely execution error

Test ID: TC-PA1503
  Type: TINYINT -> MEDIUMINT
  Algorithm: inplace
  Expected: CREATE
  Result: NO_OUTPUT
  Mismatch: No result SELECT in output - likely execution error

Test ID: TC-PA1505
  Type: TINYINT -> INT
  Algorithm: inplace
  Expected: CREATE
  Result: NO_OUTPUT
  Mismatch: No result SELECT in output - likely execution error

Test ID: TC-PA1507
  Type: TINYINT -> BIGINT
  Algorithm: inplace
  Expected: CREATE
  Result: NO_OUTPUT
  Mismatch: No result SELECT in output - likely execution error

Test ID: TC-PA1509
  Type: SMALLINT -> MEDIUMINT
  Algorithm: inplace
  Expected: CREATE
  Result: NO_OUTPUT
  Mismatch: No result SELECT in output - likely execution error

Test ID: TC-PA1511
  Type: SMALLINT -> INT
  Algorithm: inplace
  Expected: CREATE
  Result: NO_OUTPUT
  Mismatch: No result SELECT in output - likely execution error

Test ID: TC-PA1513
  Type: SMALLINT -> BIGINT
  Algorithm: inplace
  Expected: CREATE
  Result: NO_OUTPUT
  Mismatch: No result SELECT in output - likely execution error

Test ID: TC-PA1515
  Type: MEDIUMINT -> INT
  Algorithm: inplace
  Expected: CREATE
  Result: NO_OUTPUT
  Mismatch: No result SELECT in output - likely execution error

Test ID: TC-PA1517
  Type: MEDIUMINT -> BIGINT
  Algorithm: inplace
  Expected: CREATE
  Result: NO_OUTPUT
  Mismatch: No result SELECT in output - likely execution error

Test ID: TC-PA1519
  Type: INT -> BIGINT
  Algorithm: inplace
  Expected: CREATE
  Result: NO_OUTPUT
  Mismatch: No result SELECT in output - likely execution error

Test ID: TC-PA1521
  Type: TINYINT UNSIGNED -> SMALLINT UNSIGNED
  Algorithm: inplace
  Expected: CREATE
  Result: NO_OUTPUT
  Mismatch: No result SELECT in output - likely execution error

Test ID: TC-PA1523
  Type: TINYINT UNSIGNED -> MEDIUMINT UNSIGNED
  Algorithm: inplace
  Expected: CREATE
  Result: NO_OUTPUT
  Mismatch: No result SELECT in output - likely execution error

Test ID: TC-PA1525
  Type: TINYINT UNSIGNED -> INT UNSIGNED
  Algorithm: inplace
  Expected: CREATE
  Result: NO_OUTPUT
  Mismatch: No result SELECT in output - likely execution error

Test ID: TC-PA1527
  Type: TINYINT UNSIGNED -> BIGINT UNSIGNED
  Algorithm: inplace
  Expected: CREATE
  Result: NO_OUTPUT
  Mismatch: No result SELECT in output - likely execution error

Test ID: TC-PA1529
  Type: SMALLINT UNSIGNED -> MEDIUMINT UNSIGNED
  Algorithm: inplace
  Expected: CREATE
  Result: NO_OUTPUT
  Mismatch: No result SELECT in output - likely execution error

Test ID: TC-PA1531
  Type: SMALLINT UNSIGNED -> INT UNSIGNED
  Algorithm: inplace
  Expected: CREATE
  Result: NO_OUTPUT
  Mismatch: No result SELECT in output - likely execution error

Test ID: TC-PA1533
  Type: SMALLINT UNSIGNED -> BIGINT UNSIGNED
  Algorithm: inplace
  Expected: CREATE
  Result: NO_OUTPUT
  Mismatch: No result SELECT in output - likely execution error

Test ID: TC-PA1535
  Type: MEDIUMINT UNSIGNED -> INT UNSIGNED
  Algorithm: inplace
  Expected: CREATE
  Result: NO_OUTPUT
  Mismatch: No result SELECT in output - likely execution error

Test ID: TC-PA1537
  Type: MEDIUMINT UNSIGNED -> BIGINT UNSIGNED
  Algorithm: inplace
  Expected: CREATE
  Result: NO_OUTPUT
  Mismatch: No result SELECT in output - likely execution error

Test ID: TC-PA1539
  Type: INT UNSIGNED -> BIGINT UNSIGNED
  Algorithm: inplace
  Expected: CREATE
  Result: NO_OUTPUT
  Mismatch: No result SELECT in output - likely execution error

Test ID: TC-PA1541
  Type: CHAR(1) -> CHAR(2)
  Algorithm: inplace
  Expected: CREATE
  Result: NO_OUTPUT
  Mismatch: No result SELECT in output - likely execution error

Test ID: TC-PA1543
  Type: CHAR(63) -> CHAR(64)
  Algorithm: inplace
  Expected: CREATE
  Result: NO_OUTPUT
  Mismatch: No result SELECT in output - likely execution error

Test ID: TC-PA1545
  Type: CHAR(254) -> CHAR(255)
  Algorithm: inplace
  Expected: CREATE
  Result: NO_OUTPUT
  Mismatch: No result SELECT in output - likely execution error

Test ID: TC-PA1547
  Type: VARCHAR(1) -> VARCHAR(2)
  Algorithm: inplace
  Expected: CREATE
  Result: NO_OUTPUT
  Mismatch: No result SELECT in output - likely execution error

Test ID: TC-PA1549
  Type: VARCHAR(254) -> VARCHAR(255)
  Algorithm: inplace
  Expected: CREATE
  Result: NO_OUTPUT
  Mismatch: No result SELECT in output - likely execution error

Test ID: TC-PA1551
  Type: VARCHAR(255) -> VARCHAR(256)
  Algorithm: inplace
  Expected: CREATE
  Result: NO_OUTPUT
  Mismatch: No result SELECT in output - likely execution error

Test ID: TC-PA1553
  Type: VARCHAR(85) -> VARCHAR(86)
  Algorithm: inplace
  Expected: CREATE
  Result: NO_OUTPUT
  Mismatch: No result SELECT in output - likely execution error

Test ID: TC-PA1555
  Type: VARCHAR(63) -> VARCHAR(64)
  Algorithm: inplace
  Expected: CREATE
  Result: NO_OUTPUT
  Mismatch: No result SELECT in output - likely execution error

Test ID: TC-PA1557
  Type: VARCHAR(64) -> VARCHAR(65)
  Algorithm: inplace
  Expected: CREATE
  Result: NO_OUTPUT
  Mismatch: No result SELECT in output - likely execution error

Test ID: TC-PA1559
  Type: VARCHAR(100) -> VARCHAR(200)
  Algorithm: inplace
  Expected: CREATE
  Result: NO_OUTPUT
  Mismatch: No result SELECT in output - likely execution error

Test ID: TC-PA1561
  Type: TINYINT -> SMALLINT
  Algorithm: inplace
  Expected: CREATE
  Result: NO_OUTPUT
  Mismatch: No result SELECT in output - likely execution error

Test ID: TC-PA1563
  Type: TINYINT -> MEDIUMINT
  Algorithm: inplace
  Expected: CREATE
  Result: NO_OUTPUT
  Mismatch: No result SELECT in output - likely execution error

Test ID: TC-PA1565
  Type: TINYINT -> INT
  Algorithm: inplace
  Expected: CREATE
  Result: NO_OUTPUT
  Mismatch: No result SELECT in output - likely execution error

Test ID: TC-PA1567
  Type: TINYINT -> BIGINT
  Algorithm: inplace
  Expected: CREATE
  Result: NO_OUTPUT
  Mismatch: No result SELECT in output - likely execution error

Test ID: TC-PA1569
  Type: SMALLINT -> MEDIUMINT
  Algorithm: inplace
  Expected: CREATE
  Result: NO_OUTPUT
  Mismatch: No result SELECT in output - likely execution error

Test ID: TC-PA1571
  Type: SMALLINT -> INT
  Algorithm: inplace
  Expected: CREATE
  Result: NO_OUTPUT
  Mismatch: No result SELECT in output - likely execution error

Test ID: TC-PA1573
  Type: SMALLINT -> BIGINT
  Algorithm: inplace
  Expected: CREATE
  Result: NO_OUTPUT
  Mismatch: No result SELECT in output - likely execution error

Test ID: TC-PA1575
  Type: MEDIUMINT -> INT
  Algorithm: inplace
  Expected: CREATE
  Result: NO_OUTPUT
  Mismatch: No result SELECT in output - likely execution error

Test ID: TC-PA1577
  Type: MEDIUMINT -> BIGINT
  Algorithm: inplace
  Expected: CREATE
  Result: NO_OUTPUT
  Mismatch: No result SELECT in output - likely execution error

Test ID: TC-PA1579
  Type: INT -> BIGINT
  Algorithm: inplace
  Expected: CREATE
  Result: NO_OUTPUT
  Mismatch: No result SELECT in output - likely execution error

Test ID: TC-PA1581
  Type: TINYINT UNSIGNED -> SMALLINT UNSIGNED
  Algorithm: inplace
  Expected: CREATE
  Result: NO_OUTPUT
  Mismatch: No result SELECT in output - likely execution error

Test ID: TC-PA1583
  Type: TINYINT UNSIGNED -> MEDIUMINT UNSIGNED
  Algorithm: inplace
  Expected: CREATE
  Result: NO_OUTPUT
  Mismatch: No result SELECT in output - likely execution error

Test ID: TC-PA1585
  Type: TINYINT UNSIGNED -> INT UNSIGNED
  Algorithm: inplace
  Expected: CREATE
  Result: NO_OUTPUT
  Mismatch: No result SELECT in output - likely execution error

Test ID: TC-PA1587
  Type: TINYINT UNSIGNED -> BIGINT UNSIGNED
  Algorithm: inplace
  Expected: CREATE
  Result: NO_OUTPUT
  Mismatch: No result SELECT in output - likely execution error

Test ID: TC-PA1589
  Type: SMALLINT UNSIGNED -> MEDIUMINT UNSIGNED
  Algorithm: inplace
  Expected: CREATE
  Result: NO_OUTPUT
  Mismatch: No result SELECT in output - likely execution error

Test ID: TC-PA1591
  Type: SMALLINT UNSIGNED -> INT UNSIGNED
  Algorithm: inplace
  Expected: CREATE
  Result: NO_OUTPUT
  Mismatch: No result SELECT in output - likely execution error

Test ID: TC-PA1593
  Type: SMALLINT UNSIGNED -> BIGINT UNSIGNED
  Algorithm: inplace
  Expected: CREATE
  Result: NO_OUTPUT
  Mismatch: No result SELECT in output - likely execution error

Test ID: TC-PA1595
  Type: MEDIUMINT UNSIGNED -> INT UNSIGNED
  Algorithm: inplace
  Expected: CREATE
  Result: NO_OUTPUT
  Mismatch: No result SELECT in output - likely execution error

Test ID: TC-PA1597
  Type: MEDIUMINT UNSIGNED -> BIGINT UNSIGNED
  Algorithm: inplace
  Expected: CREATE
  Result: NO_OUTPUT
  Mismatch: No result SELECT in output - likely execution error

Test ID: TC-PA1599
  Type: INT UNSIGNED -> BIGINT UNSIGNED
  Algorithm: inplace
  Expected: CREATE
  Result: NO_OUTPUT
  Mismatch: No result SELECT in output - likely execution error

Test ID: TC-PA1601
  Type: CHAR(1) -> CHAR(2)
  Algorithm: inplace
  Expected: CREATE
  Result: NO_OUTPUT
  Mismatch: No result SELECT in output - likely execution error

Test ID: TC-PA1603
  Type: CHAR(63) -> CHAR(64)
  Algorithm: inplace
  Expected: CREATE
  Result: NO_OUTPUT
  Mismatch: No result SELECT in output - likely execution error

Test ID: TC-PA1605
  Type: CHAR(254) -> CHAR(255)
  Algorithm: inplace
  Expected: CREATE
  Result: NO_OUTPUT
  Mismatch: No result SELECT in output - likely execution error

Test ID: TC-PA1607
  Type: VARCHAR(1) -> VARCHAR(2)
  Algorithm: inplace
  Expected: CREATE
  Result: NO_OUTPUT
  Mismatch: No result SELECT in output - likely execution error

Test ID: TC-PA1609
  Type: VARCHAR(254) -> VARCHAR(255)
  Algorithm: inplace
  Expected: CREATE
  Result: NO_OUTPUT
  Mismatch: No result SELECT in output - likely execution error

Test ID: TC-PA1611
  Type: VARCHAR(255) -> VARCHAR(256)
  Algorithm: inplace
  Expected: CREATE
  Result: NO_OUTPUT
  Mismatch: No result SELECT in output - likely execution error

Test ID: TC-PA1613
  Type: VARCHAR(85) -> VARCHAR(86)
  Algorithm: inplace
  Expected: CREATE
  Result: NO_OUTPUT
  Mismatch: No result SELECT in output - likely execution error

Test ID: TC-PA1615
  Type: VARCHAR(63) -> VARCHAR(64)
  Algorithm: inplace
  Expected: CREATE
  Result: NO_OUTPUT
  Mismatch: No result SELECT in output - likely execution error

Test ID: TC-PA1617
  Type: VARCHAR(64) -> VARCHAR(65)
  Algorithm: inplace
  Expected: CREATE
  Result: NO_OUTPUT
  Mismatch: No result SELECT in output - likely execution error

Test ID: TC-PA1619
  Type: VARCHAR(100) -> VARCHAR(200)
  Algorithm: inplace
  Expected: CREATE
  Result: NO_OUTPUT
  Mismatch: No result SELECT in output - likely execution error

Test ID: TC-PA1621
  Type: TINYINT -> SMALLINT
  Algorithm: inplace
  Expected: CREATE
  Result: NO_OUTPUT
  Mismatch: No result SELECT in output - likely execution error

Test ID: TC-PA1623
  Type: TINYINT -> MEDIUMINT
  Algorithm: inplace
  Expected: CREATE
  Result: NO_OUTPUT
  Mismatch: No result SELECT in output - likely execution error

Test ID: TC-PA1625
  Type: TINYINT -> INT
  Algorithm: inplace
  Expected: CREATE
  Result: NO_OUTPUT
  Mismatch: No result SELECT in output - likely execution error

Test ID: TC-PA1627
  Type: TINYINT -> BIGINT
  Algorithm: inplace
  Expected: CREATE
  Result: NO_OUTPUT
  Mismatch: No result SELECT in output - likely execution error

Test ID: TC-PA1629
  Type: SMALLINT -> MEDIUMINT
  Algorithm: inplace
  Expected: CREATE
  Result: NO_OUTPUT
  Mismatch: No result SELECT in output - likely execution error

Test ID: TC-PA1631
  Type: SMALLINT -> INT
  Algorithm: inplace
  Expected: CREATE
  Result: NO_OUTPUT
  Mismatch: No result SELECT in output - likely execution error

Test ID: TC-PA1633
  Type: SMALLINT -> BIGINT
  Algorithm: inplace
  Expected: CREATE
  Result: NO_OUTPUT
  Mismatch: No result SELECT in output - likely execution error

Test ID: TC-PA1635
  Type: MEDIUMINT -> INT
  Algorithm: inplace
  Expected: CREATE
  Result: NO_OUTPUT
  Mismatch: No result SELECT in output - likely execution error

Test ID: TC-PA1637
  Type: MEDIUMINT -> BIGINT
  Algorithm: inplace
  Expected: CREATE
  Result: NO_OUTPUT
  Mismatch: No result SELECT in output - likely execution error

Test ID: TC-PA1639
  Type: INT -> BIGINT
  Algorithm: inplace
  Expected: CREATE
  Result: NO_OUTPUT
  Mismatch: No result SELECT in output - likely execution error

Test ID: TC-PA1641
  Type: TINYINT UNSIGNED -> SMALLINT UNSIGNED
  Algorithm: inplace
  Expected: CREATE
  Result: NO_OUTPUT
  Mismatch: No result SELECT in output - likely execution error

Test ID: TC-PA1643
  Type: TINYINT UNSIGNED -> MEDIUMINT UNSIGNED
  Algorithm: inplace
  Expected: CREATE
  Result: NO_OUTPUT
  Mismatch: No result SELECT in output - likely execution error

Test ID: TC-PA1645
  Type: TINYINT UNSIGNED -> INT UNSIGNED
  Algorithm: inplace
  Expected: CREATE
  Result: NO_OUTPUT
  Mismatch: No result SELECT in output - likely execution error

Test ID: TC-PA1647
  Type: TINYINT UNSIGNED -> BIGINT UNSIGNED
  Algorithm: inplace
  Expected: CREATE
  Result: NO_OUTPUT
  Mismatch: No result SELECT in output - likely execution error

Test ID: TC-PA1649
  Type: SMALLINT UNSIGNED -> MEDIUMINT UNSIGNED
  Algorithm: inplace
  Expected: CREATE
  Result: NO_OUTPUT
  Mismatch: No result SELECT in output - likely execution error

Test ID: TC-PA1651
  Type: SMALLINT UNSIGNED -> INT UNSIGNED
  Algorithm: inplace
  Expected: CREATE
  Result: NO_OUTPUT
  Mismatch: No result SELECT in output - likely execution error

Test ID: TC-PA1653
  Type: SMALLINT UNSIGNED -> BIGINT UNSIGNED
  Algorithm: inplace
  Expected: CREATE
  Result: NO_OUTPUT
  Mismatch: No result SELECT in output - likely execution error

Test ID: TC-PA1655
  Type: MEDIUMINT UNSIGNED -> INT UNSIGNED
  Algorithm: inplace
  Expected: CREATE
  Result: NO_OUTPUT
  Mismatch: No result SELECT in output - likely execution error

Test ID: TC-PA1657
  Type: MEDIUMINT UNSIGNED -> BIGINT UNSIGNED
  Algorithm: inplace
  Expected: CREATE
  Result: NO_OUTPUT
  Mismatch: No result SELECT in output - likely execution error

Test ID: TC-PA1659
  Type: INT UNSIGNED -> BIGINT UNSIGNED
  Algorithm: inplace
  Expected: CREATE
  Result: NO_OUTPUT
  Mismatch: No result SELECT in output - likely execution error

Test ID: TC-PA1661
  Type: CHAR(1) -> CHAR(2)
  Algorithm: inplace
  Expected: CREATE
  Result: NO_OUTPUT
  Mismatch: No result SELECT in output - likely execution error

Test ID: TC-PA1663
  Type: CHAR(63) -> CHAR(64)
  Algorithm: inplace
  Expected: CREATE
  Result: NO_OUTPUT
  Mismatch: No result SELECT in output - likely execution error

Test ID: TC-PA1665
  Type: CHAR(254) -> CHAR(255)
  Algorithm: inplace
  Expected: CREATE
  Result: NO_OUTPUT
  Mismatch: No result SELECT in output - likely execution error

Test ID: TC-PA1667
  Type: VARCHAR(1) -> VARCHAR(2)
  Algorithm: inplace
  Expected: CREATE
  Result: NO_OUTPUT
  Mismatch: No result SELECT in output - likely execution error

Test ID: TC-PA1669
  Type: VARCHAR(254) -> VARCHAR(255)
  Algorithm: inplace
  Expected: CREATE
  Result: NO_OUTPUT
  Mismatch: No result SELECT in output - likely execution error

Test ID: TC-PA1671
  Type: VARCHAR(255) -> VARCHAR(256)
  Algorithm: inplace
  Expected: CREATE
  Result: NO_OUTPUT
  Mismatch: No result SELECT in output - likely execution error

Test ID: TC-PA1673
  Type: VARCHAR(85) -> VARCHAR(86)
  Algorithm: inplace
  Expected: CREATE
  Result: NO_OUTPUT
  Mismatch: No result SELECT in output - likely execution error

Test ID: TC-PA1675
  Type: VARCHAR(63) -> VARCHAR(64)
  Algorithm: inplace
  Expected: CREATE
  Result: NO_OUTPUT
  Mismatch: No result SELECT in output - likely execution error

Test ID: TC-PA1677
  Type: VARCHAR(64) -> VARCHAR(65)
  Algorithm: inplace
  Expected: CREATE
  Result: NO_OUTPUT
  Mismatch: No result SELECT in output - likely execution error

Test ID: TC-PA1679
  Type: VARCHAR(100) -> VARCHAR(200)
  Algorithm: inplace
  Expected: CREATE
  Result: NO_OUTPUT
  Mismatch: No result SELECT in output - likely execution error

Test ID: TC-PA1681
  Type: TINYINT -> SMALLINT
  Algorithm: inplace
  Expected: CREATE
  Result: NO_OUTPUT
  Mismatch: No result SELECT in output - likely execution error

Test ID: TC-PA1683
  Type: TINYINT -> MEDIUMINT
  Algorithm: inplace
  Expected: CREATE
  Result: NO_OUTPUT
  Mismatch: No result SELECT in output - likely execution error

Test ID: TC-PA1685
  Type: TINYINT -> INT
  Algorithm: inplace
  Expected: CREATE
  Result: NO_OUTPUT
  Mismatch: No result SELECT in output - likely execution error

Test ID: TC-PA1687
  Type: TINYINT -> BIGINT
  Algorithm: inplace
  Expected: CREATE
  Result: NO_OUTPUT
  Mismatch: No result SELECT in output - likely execution error

Test ID: TC-PA1689
  Type: SMALLINT -> MEDIUMINT
  Algorithm: inplace
  Expected: CREATE
  Result: NO_OUTPUT
  Mismatch: No result SELECT in output - likely execution error

Test ID: TC-PA1691
  Type: SMALLINT -> INT
  Algorithm: inplace
  Expected: CREATE
  Result: NO_OUTPUT
  Mismatch: No result SELECT in output - likely execution error

Test ID: TC-PA1693
  Type: SMALLINT -> BIGINT
  Algorithm: inplace
  Expected: CREATE
  Result: NO_OUTPUT
  Mismatch: No result SELECT in output - likely execution error

Test ID: TC-PA1695
  Type: MEDIUMINT -> INT
  Algorithm: inplace
  Expected: CREATE
  Result: NO_OUTPUT
  Mismatch: No result SELECT in output - likely execution error

Test ID: TC-PA1697
  Type: MEDIUMINT -> BIGINT
  Algorithm: inplace
  Expected: CREATE
  Result: NO_OUTPUT
  Mismatch: No result SELECT in output - likely execution error

Test ID: TC-PA1699
  Type: INT -> BIGINT
  Algorithm: inplace
  Expected: CREATE
  Result: NO_OUTPUT
  Mismatch: No result SELECT in output - likely execution error

Test ID: TC-PA1701
  Type: TINYINT UNSIGNED -> SMALLINT UNSIGNED
  Algorithm: inplace
  Expected: CREATE
  Result: NO_OUTPUT
  Mismatch: No result SELECT in output - likely execution error

Test ID: TC-PA1703
  Type: TINYINT UNSIGNED -> MEDIUMINT UNSIGNED
  Algorithm: inplace
  Expected: CREATE
  Result: NO_OUTPUT
  Mismatch: No result SELECT in output - likely execution error

Test ID: TC-PA1705
  Type: TINYINT UNSIGNED -> INT UNSIGNED
  Algorithm: inplace
  Expected: CREATE
  Result: NO_OUTPUT
  Mismatch: No result SELECT in output - likely execution error

Test ID: TC-PA1707
  Type: TINYINT UNSIGNED -> BIGINT UNSIGNED
  Algorithm: inplace
  Expected: CREATE
  Result: NO_OUTPUT
  Mismatch: No result SELECT in output - likely execution error

Test ID: TC-PA1709
  Type: SMALLINT UNSIGNED -> MEDIUMINT UNSIGNED
  Algorithm: inplace
  Expected: CREATE
  Result: NO_OUTPUT
  Mismatch: No result SELECT in output - likely execution error

Test ID: TC-PA1711
  Type: SMALLINT UNSIGNED -> INT UNSIGNED
  Algorithm: inplace
  Expected: CREATE
  Result: NO_OUTPUT
  Mismatch: No result SELECT in output - likely execution error

Test ID: TC-PA1713
  Type: SMALLINT UNSIGNED -> BIGINT UNSIGNED
  Algorithm: inplace
  Expected: CREATE
  Result: NO_OUTPUT
  Mismatch: No result SELECT in output - likely execution error

Test ID: TC-PA1715
  Type: MEDIUMINT UNSIGNED -> INT UNSIGNED
  Algorithm: inplace
  Expected: CREATE
  Result: NO_OUTPUT
  Mismatch: No result SELECT in output - likely execution error

Test ID: TC-PA1717
  Type: MEDIUMINT UNSIGNED -> BIGINT UNSIGNED
  Algorithm: inplace
  Expected: CREATE
  Result: NO_OUTPUT
  Mismatch: No result SELECT in output - likely execution error

Test ID: TC-PA1719
  Type: INT UNSIGNED -> BIGINT UNSIGNED
  Algorithm: inplace
  Expected: CREATE
  Result: NO_OUTPUT
  Mismatch: No result SELECT in output - likely execution error

Test ID: TC-PA1721
  Type: CHAR(1) -> CHAR(2)
  Algorithm: inplace
  Expected: CREATE
  Result: NO_OUTPUT
  Mismatch: No result SELECT in output - likely execution error

Test ID: TC-PA1723
  Type: CHAR(63) -> CHAR(64)
  Algorithm: inplace
  Expected: CREATE
  Result: NO_OUTPUT
  Mismatch: No result SELECT in output - likely execution error

Test ID: TC-PA1725
  Type: CHAR(254) -> CHAR(255)
  Algorithm: inplace
  Expected: CREATE
  Result: NO_OUTPUT
  Mismatch: No result SELECT in output - likely execution error

Test ID: TC-PA1727
  Type: VARCHAR(1) -> VARCHAR(2)
  Algorithm: inplace
  Expected: CREATE
  Result: NO_OUTPUT
  Mismatch: No result SELECT in output - likely execution error

Test ID: TC-PA1729
  Type: VARCHAR(254) -> VARCHAR(255)
  Algorithm: inplace
  Expected: CREATE
  Result: NO_OUTPUT
  Mismatch: No result SELECT in output - likely execution error

Test ID: TC-PA1731
  Type: VARCHAR(255) -> VARCHAR(256)
  Algorithm: inplace
  Expected: CREATE
  Result: NO_OUTPUT
  Mismatch: No result SELECT in output - likely execution error

Test ID: TC-PA1733
  Type: VARCHAR(85) -> VARCHAR(86)
  Algorithm: inplace
  Expected: CREATE
  Result: NO_OUTPUT
  Mismatch: No result SELECT in output - likely execution error

Test ID: TC-PA1735
  Type: VARCHAR(63) -> VARCHAR(64)
  Algorithm: inplace
  Expected: CREATE
  Result: NO_OUTPUT
  Mismatch: No result SELECT in output - likely execution error

Test ID: TC-PA1737
  Type: VARCHAR(64) -> VARCHAR(65)
  Algorithm: inplace
  Expected: CREATE
  Result: NO_OUTPUT
  Mismatch: No result SELECT in output - likely execution error

Test ID: TC-PA1739
  Type: VARCHAR(100) -> VARCHAR(200)
  Algorithm: inplace
  Expected: CREATE
  Result: NO_OUTPUT
  Mismatch: No result SELECT in output - likely execution error

Test ID: TC-PA1741
  Type: TINYINT -> SMALLINT
  Algorithm: inplace
  Expected: CREATE
  Result: NO_OUTPUT
  Mismatch: No result SELECT in output - likely execution error

Test ID: TC-PA1743
  Type: TINYINT -> MEDIUMINT
  Algorithm: inplace
  Expected: CREATE
  Result: NO_OUTPUT
  Mismatch: No result SELECT in output - likely execution error

Test ID: TC-PA1745
  Type: TINYINT -> INT
  Algorithm: inplace
  Expected: CREATE
  Result: NO_OUTPUT
  Mismatch: No result SELECT in output - likely execution error

Test ID: TC-PA1747
  Type: TINYINT -> BIGINT
  Algorithm: inplace
  Expected: CREATE
  Result: NO_OUTPUT
  Mismatch: No result SELECT in output - likely execution error

Test ID: TC-PA1749
  Type: SMALLINT -> MEDIUMINT
  Algorithm: inplace
  Expected: CREATE
  Result: NO_OUTPUT
  Mismatch: No result SELECT in output - likely execution error

Test ID: TC-PA1751
  Type: SMALLINT -> INT
  Algorithm: inplace
  Expected: CREATE
  Result: NO_OUTPUT
  Mismatch: No result SELECT in output - likely execution error

Test ID: TC-PA1753
  Type: SMALLINT -> BIGINT
  Algorithm: inplace
  Expected: CREATE
  Result: NO_OUTPUT
  Mismatch: No result SELECT in output - likely execution error

Test ID: TC-PA1755
  Type: MEDIUMINT -> INT
  Algorithm: inplace
  Expected: CREATE
  Result: NO_OUTPUT
  Mismatch: No result SELECT in output - likely execution error

Test ID: TC-PA1757
  Type: MEDIUMINT -> BIGINT
  Algorithm: inplace
  Expected: CREATE
  Result: NO_OUTPUT
  Mismatch: No result SELECT in output - likely execution error

Test ID: TC-PA1759
  Type: INT -> BIGINT
  Algorithm: inplace
  Expected: CREATE
  Result: NO_OUTPUT
  Mismatch: No result SELECT in output - likely execution error

Test ID: TC-PA1761
  Type: TINYINT UNSIGNED -> SMALLINT UNSIGNED
  Algorithm: inplace
  Expected: CREATE
  Result: NO_OUTPUT
  Mismatch: No result SELECT in output - likely execution error

Test ID: TC-PA1763
  Type: TINYINT UNSIGNED -> MEDIUMINT UNSIGNED
  Algorithm: inplace
  Expected: CREATE
  Result: NO_OUTPUT
  Mismatch: No result SELECT in output - likely execution error

Test ID: TC-PA1765
  Type: TINYINT UNSIGNED -> INT UNSIGNED
  Algorithm: inplace
  Expected: CREATE
  Result: NO_OUTPUT
  Mismatch: No result SELECT in output - likely execution error

Test ID: TC-PA1767
  Type: TINYINT UNSIGNED -> BIGINT UNSIGNED
  Algorithm: inplace
  Expected: CREATE
  Result: NO_OUTPUT
  Mismatch: No result SELECT in output - likely execution error

Test ID: TC-PA1769
  Type: SMALLINT UNSIGNED -> MEDIUMINT UNSIGNED
  Algorithm: inplace
  Expected: CREATE
  Result: NO_OUTPUT
  Mismatch: No result SELECT in output - likely execution error

Test ID: TC-PA1771
  Type: SMALLINT UNSIGNED -> INT UNSIGNED
  Algorithm: inplace
  Expected: CREATE
  Result: NO_OUTPUT
  Mismatch: No result SELECT in output - likely execution error

Test ID: TC-PA1773
  Type: SMALLINT UNSIGNED -> BIGINT UNSIGNED
  Algorithm: inplace
  Expected: CREATE
  Result: NO_OUTPUT
  Mismatch: No result SELECT in output - likely execution error

Test ID: TC-PA1775
  Type: MEDIUMINT UNSIGNED -> INT UNSIGNED
  Algorithm: inplace
  Expected: CREATE
  Result: NO_OUTPUT
  Mismatch: No result SELECT in output - likely execution error

Test ID: TC-PA1777
  Type: MEDIUMINT UNSIGNED -> BIGINT UNSIGNED
  Algorithm: inplace
  Expected: CREATE
  Result: NO_OUTPUT
  Mismatch: No result SELECT in output - likely execution error

Test ID: TC-PA1779
  Type: INT UNSIGNED -> BIGINT UNSIGNED
  Algorithm: inplace
  Expected: CREATE
  Result: NO_OUTPUT
  Mismatch: No result SELECT in output - likely execution error

Test ID: TC-PA1781
  Type: CHAR(1) -> CHAR(2)
  Algorithm: inplace
  Expected: CREATE
  Result: NO_OUTPUT
  Mismatch: No result SELECT in output - likely execution error

Test ID: TC-PA1783
  Type: CHAR(63) -> CHAR(64)
  Algorithm: inplace
  Expected: CREATE
  Result: NO_OUTPUT
  Mismatch: No result SELECT in output - likely execution error

Test ID: TC-PA1785
  Type: CHAR(254) -> CHAR(255)
  Algorithm: inplace
  Expected: CREATE
  Result: NO_OUTPUT
  Mismatch: No result SELECT in output - likely execution error

Test ID: TC-PA1787
  Type: VARCHAR(1) -> VARCHAR(2)
  Algorithm: inplace
  Expected: CREATE
  Result: NO_OUTPUT
  Mismatch: No result SELECT in output - likely execution error

Test ID: TC-PA1789
  Type: VARCHAR(254) -> VARCHAR(255)
  Algorithm: inplace
  Expected: CREATE
  Result: NO_OUTPUT
  Mismatch: No result SELECT in output - likely execution error

Test ID: TC-PA1791
  Type: VARCHAR(255) -> VARCHAR(256)
  Algorithm: inplace
  Expected: CREATE
  Result: NO_OUTPUT
  Mismatch: No result SELECT in output - likely execution error

Test ID: TC-PA1793
  Type: VARCHAR(85) -> VARCHAR(86)
  Algorithm: inplace
  Expected: CREATE
  Result: NO_OUTPUT
  Mismatch: No result SELECT in output - likely execution error

Test ID: TC-PA1795
  Type: VARCHAR(63) -> VARCHAR(64)
  Algorithm: inplace
  Expected: CREATE
  Result: NO_OUTPUT
  Mismatch: No result SELECT in output - likely execution error

Test ID: TC-PA1797
  Type: VARCHAR(64) -> VARCHAR(65)
  Algorithm: inplace
  Expected: CREATE
  Result: NO_OUTPUT
  Mismatch: No result SELECT in output - likely execution error

Test ID: TC-PA1799
  Type: VARCHAR(100) -> VARCHAR(200)
  Algorithm: inplace
  Expected: CREATE
  Result: NO_OUTPUT
  Mismatch: No result SELECT in output - likely execution error

Test ID: TC-PA1801
  Type: TINYINT -> SMALLINT
  Algorithm: inplace
  Expected: CREATE
  Result: NO_OUTPUT
  Mismatch: No result SELECT in output - likely execution error

Test ID: TC-PA1803
  Type: TINYINT -> MEDIUMINT
  Algorithm: inplace
  Expected: CREATE
  Result: NO_OUTPUT
  Mismatch: No result SELECT in output - likely execution error

Test ID: TC-PA1805
  Type: TINYINT -> INT
  Algorithm: inplace
  Expected: CREATE
  Result: NO_OUTPUT
  Mismatch: No result SELECT in output - likely execution error

Test ID: TC-PA1807
  Type: TINYINT -> BIGINT
  Algorithm: inplace
  Expected: CREATE
  Result: NO_OUTPUT
  Mismatch: No result SELECT in output - likely execution error

Test ID: TC-PA1809
  Type: SMALLINT -> MEDIUMINT
  Algorithm: inplace
  Expected: CREATE
  Result: NO_OUTPUT
  Mismatch: No result SELECT in output - likely execution error

Test ID: TC-PA1811
  Type: SMALLINT -> INT
  Algorithm: inplace
  Expected: CREATE
  Result: NO_OUTPUT
  Mismatch: No result SELECT in output - likely execution error

Test ID: TC-PA1813
  Type: SMALLINT -> BIGINT
  Algorithm: inplace
  Expected: CREATE
  Result: NO_OUTPUT
  Mismatch: No result SELECT in output - likely execution error

Test ID: TC-PA1815
  Type: MEDIUMINT -> INT
  Algorithm: inplace
  Expected: CREATE
  Result: NO_OUTPUT
  Mismatch: No result SELECT in output - likely execution error

Test ID: TC-PA1817
  Type: MEDIUMINT -> BIGINT
  Algorithm: inplace
  Expected: CREATE
  Result: NO_OUTPUT
  Mismatch: No result SELECT in output - likely execution error

Test ID: TC-PA1819
  Type: INT -> BIGINT
  Algorithm: inplace
  Expected: CREATE
  Result: NO_OUTPUT
  Mismatch: No result SELECT in output - likely execution error

Test ID: TC-PA1821
  Type: TINYINT UNSIGNED -> SMALLINT UNSIGNED
  Algorithm: inplace
  Expected: CREATE
  Result: NO_OUTPUT
  Mismatch: No result SELECT in output - likely execution error

Test ID: TC-PA1823
  Type: TINYINT UNSIGNED -> MEDIUMINT UNSIGNED
  Algorithm: inplace
  Expected: CREATE
  Result: NO_OUTPUT
  Mismatch: No result SELECT in output - likely execution error

Test ID: TC-PA1825
  Type: TINYINT UNSIGNED -> INT UNSIGNED
  Algorithm: inplace
  Expected: CREATE
  Result: NO_OUTPUT
  Mismatch: No result SELECT in output - likely execution error

Test ID: TC-PA1827
  Type: TINYINT UNSIGNED -> BIGINT UNSIGNED
  Algorithm: inplace
  Expected: CREATE
  Result: NO_OUTPUT
  Mismatch: No result SELECT in output - likely execution error

Test ID: TC-PA1829
  Type: SMALLINT UNSIGNED -> MEDIUMINT UNSIGNED
  Algorithm: inplace
  Expected: CREATE
  Result: NO_OUTPUT
  Mismatch: No result SELECT in output - likely execution error

Test ID: TC-PA1831
  Type: SMALLINT UNSIGNED -> INT UNSIGNED
  Algorithm: inplace
  Expected: CREATE
  Result: NO_OUTPUT
  Mismatch: No result SELECT in output - likely execution error

Test ID: TC-PA1833
  Type: SMALLINT UNSIGNED -> BIGINT UNSIGNED
  Algorithm: inplace
  Expected: CREATE
  Result: NO_OUTPUT
  Mismatch: No result SELECT in output - likely execution error

Test ID: TC-PA1835
  Type: MEDIUMINT UNSIGNED -> INT UNSIGNED
  Algorithm: inplace
  Expected: CREATE
  Result: NO_OUTPUT
  Mismatch: No result SELECT in output - likely execution error

Test ID: TC-PA1837
  Type: MEDIUMINT UNSIGNED -> BIGINT UNSIGNED
  Algorithm: inplace
  Expected: CREATE
  Result: NO_OUTPUT
  Mismatch: No result SELECT in output - likely execution error

Test ID: TC-PA1839
  Type: INT UNSIGNED -> BIGINT UNSIGNED
  Algorithm: inplace
  Expected: CREATE
  Result: NO_OUTPUT
  Mismatch: No result SELECT in output - likely execution error

Test ID: TC-PA1841
  Type: CHAR(1) -> CHAR(2)
  Algorithm: inplace
  Expected: CREATE
  Result: NO_OUTPUT
  Mismatch: No result SELECT in output - likely execution error

Test ID: TC-PA1843
  Type: CHAR(63) -> CHAR(64)
  Algorithm: inplace
  Expected: CREATE
  Result: NO_OUTPUT
  Mismatch: No result SELECT in output - likely execution error

Test ID: TC-PA1845
  Type: CHAR(254) -> CHAR(255)
  Algorithm: inplace
  Expected: CREATE
  Result: NO_OUTPUT
  Mismatch: No result SELECT in output - likely execution error

Test ID: TC-PA1847
  Type: VARCHAR(1) -> VARCHAR(2)
  Algorithm: inplace
  Expected: CREATE
  Result: NO_OUTPUT
  Mismatch: No result SELECT in output - likely execution error

Test ID: TC-PA1849
  Type: VARCHAR(254) -> VARCHAR(255)
  Algorithm: inplace
  Expected: CREATE
  Result: NO_OUTPUT
  Mismatch: No result SELECT in output - likely execution error

Test ID: TC-PA1851
  Type: VARCHAR(255) -> VARCHAR(256)
  Algorithm: inplace
  Expected: CREATE
  Result: NO_OUTPUT
  Mismatch: No result SELECT in output - likely execution error

Test ID: TC-PA1853
  Type: VARCHAR(85) -> VARCHAR(86)
  Algorithm: inplace
  Expected: CREATE
  Result: NO_OUTPUT
  Mismatch: No result SELECT in output - likely execution error

Test ID: TC-PA1855
  Type: VARCHAR(63) -> VARCHAR(64)
  Algorithm: inplace
  Expected: CREATE
  Result: NO_OUTPUT
  Mismatch: No result SELECT in output - likely execution error

Test ID: TC-PA1857
  Type: VARCHAR(64) -> VARCHAR(65)
  Algorithm: inplace
  Expected: CREATE
  Result: NO_OUTPUT
  Mismatch: No result SELECT in output - likely execution error

Test ID: TC-PA1859
  Type: VARCHAR(100) -> VARCHAR(200)
  Algorithm: inplace
  Expected: CREATE
  Result: NO_OUTPUT
  Mismatch: No result SELECT in output - likely execution error

Test ID: TC-PA1861
  Type: TINYINT -> SMALLINT
  Algorithm: inplace
  Expected: CREATE
  Result: NO_OUTPUT
  Mismatch: No result SELECT in output - likely execution error

Test ID: TC-PA1863
  Type: TINYINT -> MEDIUMINT
  Algorithm: inplace
  Expected: CREATE
  Result: NO_OUTPUT
  Mismatch: No result SELECT in output - likely execution error

Test ID: TC-PA1865
  Type: TINYINT -> INT
  Algorithm: inplace
  Expected: CREATE
  Result: NO_OUTPUT
  Mismatch: No result SELECT in output - likely execution error

Test ID: TC-PA1867
  Type: TINYINT -> BIGINT
  Algorithm: inplace
  Expected: CREATE
  Result: NO_OUTPUT
  Mismatch: No result SELECT in output - likely execution error

Test ID: TC-PA1869
  Type: SMALLINT -> MEDIUMINT
  Algorithm: inplace
  Expected: CREATE
  Result: NO_OUTPUT
  Mismatch: No result SELECT in output - likely execution error

Test ID: TC-PA1871
  Type: SMALLINT -> INT
  Algorithm: inplace
  Expected: CREATE
  Result: NO_OUTPUT
  Mismatch: No result SELECT in output - likely execution error

Test ID: TC-PA1873
  Type: SMALLINT -> BIGINT
  Algorithm: inplace
  Expected: CREATE
  Result: NO_OUTPUT
  Mismatch: No result SELECT in output - likely execution error

Test ID: TC-PA1875
  Type: MEDIUMINT -> INT
  Algorithm: inplace
  Expected: CREATE
  Result: NO_OUTPUT
  Mismatch: No result SELECT in output - likely execution error

Test ID: TC-PA1877
  Type: MEDIUMINT -> BIGINT
  Algorithm: inplace
  Expected: CREATE
  Result: NO_OUTPUT
  Mismatch: No result SELECT in output - likely execution error

Test ID: TC-PA1879
  Type: INT -> BIGINT
  Algorithm: inplace
  Expected: CREATE
  Result: NO_OUTPUT
  Mismatch: No result SELECT in output - likely execution error

Test ID: TC-PA1881
  Type: TINYINT UNSIGNED -> SMALLINT UNSIGNED
  Algorithm: inplace
  Expected: CREATE
  Result: NO_OUTPUT
  Mismatch: No result SELECT in output - likely execution error

Test ID: TC-PA1883
  Type: TINYINT UNSIGNED -> MEDIUMINT UNSIGNED
  Algorithm: inplace
  Expected: CREATE
  Result: NO_OUTPUT
  Mismatch: No result SELECT in output - likely execution error

Test ID: TC-PA1885
  Type: TINYINT UNSIGNED -> INT UNSIGNED
  Algorithm: inplace
  Expected: CREATE
  Result: NO_OUTPUT
  Mismatch: No result SELECT in output - likely execution error

Test ID: TC-PA1887
  Type: TINYINT UNSIGNED -> BIGINT UNSIGNED
  Algorithm: inplace
  Expected: CREATE
  Result: NO_OUTPUT
  Mismatch: No result SELECT in output - likely execution error

Test ID: TC-PA1889
  Type: SMALLINT UNSIGNED -> MEDIUMINT UNSIGNED
  Algorithm: inplace
  Expected: CREATE
  Result: NO_OUTPUT
  Mismatch: No result SELECT in output - likely execution error

Test ID: TC-PA1891
  Type: SMALLINT UNSIGNED -> INT UNSIGNED
  Algorithm: inplace
  Expected: CREATE
  Result: NO_OUTPUT
  Mismatch: No result SELECT in output - likely execution error

Test ID: TC-PA1893
  Type: SMALLINT UNSIGNED -> BIGINT UNSIGNED
  Algorithm: inplace
  Expected: CREATE
  Result: NO_OUTPUT
  Mismatch: No result SELECT in output - likely execution error

Test ID: TC-PA1895
  Type: MEDIUMINT UNSIGNED -> INT UNSIGNED
  Algorithm: inplace
  Expected: CREATE
  Result: NO_OUTPUT
  Mismatch: No result SELECT in output - likely execution error

Test ID: TC-PA1897
  Type: MEDIUMINT UNSIGNED -> BIGINT UNSIGNED
  Algorithm: inplace
  Expected: CREATE
  Result: NO_OUTPUT
  Mismatch: No result SELECT in output - likely execution error

Test ID: TC-PA1899
  Type: INT UNSIGNED -> BIGINT UNSIGNED
  Algorithm: inplace
  Expected: CREATE
  Result: NO_OUTPUT
  Mismatch: No result SELECT in output - likely execution error

Test ID: TC-PA1901
  Type: CHAR(1) -> CHAR(2)
  Algorithm: inplace
  Expected: CREATE
  Result: NO_OUTPUT
  Mismatch: No result SELECT in output - likely execution error

Test ID: TC-PA1903
  Type: CHAR(63) -> CHAR(64)
  Algorithm: inplace
  Expected: CREATE
  Result: NO_OUTPUT
  Mismatch: No result SELECT in output - likely execution error

Test ID: TC-PA1905
  Type: CHAR(254) -> CHAR(255)
  Algorithm: inplace
  Expected: CREATE
  Result: NO_OUTPUT
  Mismatch: No result SELECT in output - likely execution error

Test ID: TC-PA1907
  Type: VARCHAR(1) -> VARCHAR(2)
  Algorithm: inplace
  Expected: CREATE
  Result: NO_OUTPUT
  Mismatch: No result SELECT in output - likely execution error

Test ID: TC-PA1909
  Type: VARCHAR(254) -> VARCHAR(255)
  Algorithm: inplace
  Expected: CREATE
  Result: NO_OUTPUT
  Mismatch: No result SELECT in output - likely execution error

Test ID: TC-PA1911
  Type: VARCHAR(255) -> VARCHAR(256)
  Algorithm: inplace
  Expected: CREATE
  Result: NO_OUTPUT
  Mismatch: No result SELECT in output - likely execution error

Test ID: TC-PA1913
  Type: VARCHAR(85) -> VARCHAR(86)
  Algorithm: inplace
  Expected: CREATE
  Result: NO_OUTPUT
  Mismatch: No result SELECT in output - likely execution error

Test ID: TC-PA1915
  Type: VARCHAR(63) -> VARCHAR(64)
  Algorithm: inplace
  Expected: CREATE
  Result: NO_OUTPUT
  Mismatch: No result SELECT in output - likely execution error

Test ID: TC-PA1917
  Type: VARCHAR(64) -> VARCHAR(65)
  Algorithm: inplace
  Expected: CREATE
  Result: NO_OUTPUT
  Mismatch: No result SELECT in output - likely execution error

Test ID: TC-PA1919
  Type: VARCHAR(100) -> VARCHAR(200)
  Algorithm: inplace
  Expected: CREATE
  Result: NO_OUTPUT
  Mismatch: No result SELECT in output - likely execution error

Test ID: TC-PA1921
  Type: TINYINT -> SMALLINT
  Algorithm: inplace
  Expected: CREATE
  Result: NO_OUTPUT
  Mismatch: No result SELECT in output - likely execution error

Test ID: TC-PA1923
  Type: TINYINT -> MEDIUMINT
  Algorithm: inplace
  Expected: CREATE
  Result: NO_OUTPUT
  Mismatch: No result SELECT in output - likely execution error

Test ID: TC-PA1925
  Type: TINYINT -> INT
  Algorithm: inplace
  Expected: CREATE
  Result: NO_OUTPUT
  Mismatch: No result SELECT in output - likely execution error

Test ID: TC-PA1927
  Type: TINYINT -> BIGINT
  Algorithm: inplace
  Expected: CREATE
  Result: NO_OUTPUT
  Mismatch: No result SELECT in output - likely execution error

Test ID: TC-PA1929
  Type: SMALLINT -> MEDIUMINT
  Algorithm: inplace
  Expected: CREATE
  Result: NO_OUTPUT
  Mismatch: No result SELECT in output - likely execution error

Test ID: TC-PA1931
  Type: SMALLINT -> INT
  Algorithm: inplace
  Expected: CREATE
  Result: NO_OUTPUT
  Mismatch: No result SELECT in output - likely execution error

Test ID: TC-PA1933
  Type: SMALLINT -> BIGINT
  Algorithm: inplace
  Expected: CREATE
  Result: NO_OUTPUT
  Mismatch: No result SELECT in output - likely execution error

Test ID: TC-PA1935
  Type: MEDIUMINT -> INT
  Algorithm: inplace
  Expected: CREATE
  Result: NO_OUTPUT
  Mismatch: No result SELECT in output - likely execution error

Test ID: TC-PA1937
  Type: MEDIUMINT -> BIGINT
  Algorithm: inplace
  Expected: CREATE
  Result: NO_OUTPUT
  Mismatch: No result SELECT in output - likely execution error

Test ID: TC-PA1939
  Type: INT -> BIGINT
  Algorithm: inplace
  Expected: CREATE
  Result: NO_OUTPUT
  Mismatch: No result SELECT in output - likely execution error

Test ID: TC-PA1941
  Type: TINYINT UNSIGNED -> SMALLINT UNSIGNED
  Algorithm: inplace
  Expected: CREATE
  Result: NO_OUTPUT
  Mismatch: No result SELECT in output - likely execution error

Test ID: TC-PA1943
  Type: TINYINT UNSIGNED -> MEDIUMINT UNSIGNED
  Algorithm: inplace
  Expected: CREATE
  Result: NO_OUTPUT
  Mismatch: No result SELECT in output - likely execution error

Test ID: TC-PA1945
  Type: TINYINT UNSIGNED -> INT UNSIGNED
  Algorithm: inplace
  Expected: CREATE
  Result: NO_OUTPUT
  Mismatch: No result SELECT in output - likely execution error

Test ID: TC-PA1947
  Type: TINYINT UNSIGNED -> BIGINT UNSIGNED
  Algorithm: inplace
  Expected: CREATE
  Result: NO_OUTPUT
  Mismatch: No result SELECT in output - likely execution error

Test ID: TC-PA1949
  Type: SMALLINT UNSIGNED -> MEDIUMINT UNSIGNED
  Algorithm: inplace
  Expected: CREATE
  Result: NO_OUTPUT
  Mismatch: No result SELECT in output - likely execution error

Test ID: TC-PA1951
  Type: SMALLINT UNSIGNED -> INT UNSIGNED
  Algorithm: inplace
  Expected: CREATE
  Result: NO_OUTPUT
  Mismatch: No result SELECT in output - likely execution error

Test ID: TC-PA1953
  Type: SMALLINT UNSIGNED -> BIGINT UNSIGNED
  Algorithm: inplace
  Expected: CREATE
  Result: NO_OUTPUT
  Mismatch: No result SELECT in output - likely execution error

Test ID: TC-PA1955
  Type: MEDIUMINT UNSIGNED -> INT UNSIGNED
  Algorithm: inplace
  Expected: CREATE
  Result: NO_OUTPUT
  Mismatch: No result SELECT in output - likely execution error

Test ID: TC-PA1957
  Type: MEDIUMINT UNSIGNED -> BIGINT UNSIGNED
  Algorithm: inplace
  Expected: CREATE
  Result: NO_OUTPUT
  Mismatch: No result SELECT in output - likely execution error

Test ID: TC-PA1959
  Type: INT UNSIGNED -> BIGINT UNSIGNED
  Algorithm: inplace
  Expected: CREATE
  Result: NO_OUTPUT
  Mismatch: No result SELECT in output - likely execution error

Test ID: TC-PA1981
  Type: TINYINT -> SMALLINT
  Algorithm: inplace
  Expected: CREATE
  Result: NO_OUTPUT
  Mismatch: No result SELECT in output - likely execution error

Test ID: TC-PA1983
  Type: TINYINT -> MEDIUMINT
  Algorithm: inplace
  Expected: CREATE
  Result: NO_OUTPUT
  Mismatch: No result SELECT in output - likely execution error

Test ID: TC-PA1985
  Type: TINYINT -> INT
  Algorithm: inplace
  Expected: CREATE
  Result: NO_OUTPUT
  Mismatch: No result SELECT in output - likely execution error

Test ID: TC-PA1987
  Type: TINYINT -> BIGINT
  Algorithm: inplace
  Expected: CREATE
  Result: NO_OUTPUT
  Mismatch: No result SELECT in output - likely execution error

Test ID: TC-PA1989
  Type: SMALLINT -> MEDIUMINT
  Algorithm: inplace
  Expected: CREATE
  Result: NO_OUTPUT
  Mismatch: No result SELECT in output - likely execution error

Test ID: TC-PA1991
  Type: SMALLINT -> INT
  Algorithm: inplace
  Expected: CREATE
  Result: NO_OUTPUT
  Mismatch: No result SELECT in output - likely execution error

Test ID: TC-PA1993
  Type: SMALLINT -> BIGINT
  Algorithm: inplace
  Expected: CREATE
  Result: NO_OUTPUT
  Mismatch: No result SELECT in output - likely execution error

Test ID: TC-PA1995
  Type: MEDIUMINT -> INT
  Algorithm: inplace
  Expected: CREATE
  Result: NO_OUTPUT
  Mismatch: No result SELECT in output - likely execution error

Test ID: TC-PA1997
  Type: MEDIUMINT -> BIGINT
  Algorithm: inplace
  Expected: CREATE
  Result: NO_OUTPUT
  Mismatch: No result SELECT in output - likely execution error

Test ID: TC-PA1999
  Type: INT -> BIGINT
  Algorithm: inplace
  Expected: CREATE
  Result: NO_OUTPUT
  Mismatch: No result SELECT in output - likely execution error

Test ID: TC-PA2001
  Type: TINYINT UNSIGNED -> SMALLINT UNSIGNED
  Algorithm: inplace
  Expected: CREATE
  Result: NO_OUTPUT
  Mismatch: No result SELECT in output - likely execution error

Test ID: TC-PA2003
  Type: TINYINT UNSIGNED -> MEDIUMINT UNSIGNED
  Algorithm: inplace
  Expected: CREATE
  Result: NO_OUTPUT
  Mismatch: No result SELECT in output - likely execution error

Test ID: TC-PA2005
  Type: TINYINT UNSIGNED -> INT UNSIGNED
  Algorithm: inplace
  Expected: CREATE
  Result: NO_OUTPUT
  Mismatch: No result SELECT in output - likely execution error

Test ID: TC-PA2007
  Type: TINYINT UNSIGNED -> BIGINT UNSIGNED
  Algorithm: inplace
  Expected: CREATE
  Result: NO_OUTPUT
  Mismatch: No result SELECT in output - likely execution error

Test ID: TC-PA2009
  Type: SMALLINT UNSIGNED -> MEDIUMINT UNSIGNED
  Algorithm: inplace
  Expected: CREATE
  Result: NO_OUTPUT
  Mismatch: No result SELECT in output - likely execution error

Test ID: TC-PA2011
  Type: SMALLINT UNSIGNED -> INT UNSIGNED
  Algorithm: inplace
  Expected: CREATE
  Result: NO_OUTPUT
  Mismatch: No result SELECT in output - likely execution error

Test ID: TC-PA2013
  Type: SMALLINT UNSIGNED -> BIGINT UNSIGNED
  Algorithm: inplace
  Expected: CREATE
  Result: NO_OUTPUT
  Mismatch: No result SELECT in output - likely execution error

Test ID: TC-PA2015
  Type: MEDIUMINT UNSIGNED -> INT UNSIGNED
  Algorithm: inplace
  Expected: CREATE
  Result: NO_OUTPUT
  Mismatch: No result SELECT in output - likely execution error

Test ID: TC-PA2017
  Type: MEDIUMINT UNSIGNED -> BIGINT UNSIGNED
  Algorithm: inplace
  Expected: CREATE
  Result: NO_OUTPUT
  Mismatch: No result SELECT in output - likely execution error

Test ID: TC-PA2019
  Type: INT UNSIGNED -> BIGINT UNSIGNED
  Algorithm: inplace
  Expected: CREATE
  Result: NO_OUTPUT
  Mismatch: No result SELECT in output - likely execution error

Test ID: TC-PA2041
  Type: TINYINT -> SMALLINT
  Algorithm: inplace
  Expected: CREATE
  Result: NO_OUTPUT
  Mismatch: No result SELECT in output - likely execution error

Test ID: TC-PA2043
  Type: TINYINT -> MEDIUMINT
  Algorithm: inplace
  Expected: CREATE
  Result: NO_OUTPUT
  Mismatch: No result SELECT in output - likely execution error

Test ID: TC-PA2045
  Type: TINYINT -> INT
  Algorithm: inplace
  Expected: CREATE
  Result: NO_OUTPUT
  Mismatch: No result SELECT in output - likely execution error

Test ID: TC-PA2047
  Type: TINYINT -> BIGINT
  Algorithm: inplace
  Expected: CREATE
  Result: NO_OUTPUT
  Mismatch: No result SELECT in output - likely execution error

Test ID: TC-PA2049
  Type: SMALLINT -> MEDIUMINT
  Algorithm: inplace
  Expected: CREATE
  Result: NO_OUTPUT
  Mismatch: No result SELECT in output - likely execution error

Test ID: TC-PA2051
  Type: SMALLINT -> INT
  Algorithm: inplace
  Expected: CREATE
  Result: NO_OUTPUT
  Mismatch: No result SELECT in output - likely execution error

Test ID: TC-PA2053
  Type: SMALLINT -> BIGINT
  Algorithm: inplace
  Expected: CREATE
  Result: NO_OUTPUT
  Mismatch: No result SELECT in output - likely execution error

Test ID: TC-PA2055
  Type: MEDIUMINT -> INT
  Algorithm: inplace
  Expected: CREATE
  Result: NO_OUTPUT
  Mismatch: No result SELECT in output - likely execution error

Test ID: TC-PA2057
  Type: MEDIUMINT -> BIGINT
  Algorithm: inplace
  Expected: CREATE
  Result: NO_OUTPUT
  Mismatch: No result SELECT in output - likely execution error

Test ID: TC-PA2059
  Type: INT -> BIGINT
  Algorithm: inplace
  Expected: CREATE
  Result: NO_OUTPUT
  Mismatch: No result SELECT in output - likely execution error

Test ID: TC-PA2061
  Type: TINYINT UNSIGNED -> SMALLINT UNSIGNED
  Algorithm: inplace
  Expected: CREATE
  Result: NO_OUTPUT
  Mismatch: No result SELECT in output - likely execution error

Test ID: TC-PA2063
  Type: TINYINT UNSIGNED -> MEDIUMINT UNSIGNED
  Algorithm: inplace
  Expected: CREATE
  Result: NO_OUTPUT
  Mismatch: No result SELECT in output - likely execution error

Test ID: TC-PA2065
  Type: TINYINT UNSIGNED -> INT UNSIGNED
  Algorithm: inplace
  Expected: CREATE
  Result: NO_OUTPUT
  Mismatch: No result SELECT in output - likely execution error

Test ID: TC-PA2067
  Type: TINYINT UNSIGNED -> BIGINT UNSIGNED
  Algorithm: inplace
  Expected: CREATE
  Result: NO_OUTPUT
  Mismatch: No result SELECT in output - likely execution error

Test ID: TC-PA2069
  Type: SMALLINT UNSIGNED -> MEDIUMINT UNSIGNED
  Algorithm: inplace
  Expected: CREATE
  Result: NO_OUTPUT
  Mismatch: No result SELECT in output - likely execution error

Test ID: TC-PA2071
  Type: SMALLINT UNSIGNED -> INT UNSIGNED
  Algorithm: inplace
  Expected: CREATE
  Result: NO_OUTPUT
  Mismatch: No result SELECT in output - likely execution error

Test ID: TC-PA2073
  Type: SMALLINT UNSIGNED -> BIGINT UNSIGNED
  Algorithm: inplace
  Expected: CREATE
  Result: NO_OUTPUT
  Mismatch: No result SELECT in output - likely execution error

Test ID: TC-PA2075
  Type: MEDIUMINT UNSIGNED -> INT UNSIGNED
  Algorithm: inplace
  Expected: CREATE
  Result: NO_OUTPUT
  Mismatch: No result SELECT in output - likely execution error

Test ID: TC-PA2077
  Type: MEDIUMINT UNSIGNED -> BIGINT UNSIGNED
  Algorithm: inplace
  Expected: CREATE
  Result: NO_OUTPUT
  Mismatch: No result SELECT in output - likely execution error

Test ID: TC-PA2079
  Type: INT UNSIGNED -> BIGINT UNSIGNED
  Algorithm: inplace
  Expected: CREATE
  Result: NO_OUTPUT
  Mismatch: No result SELECT in output - likely execution error

Test ID: TC-PA2101
  Type: TINYINT -> SMALLINT
  Algorithm: inplace
  Expected: CREATE
  Result: NO_OUTPUT
  Mismatch: No result SELECT in output - likely execution error

Test ID: TC-PA2103
  Type: TINYINT -> MEDIUMINT
  Algorithm: inplace
  Expected: CREATE
  Result: NO_OUTPUT
  Mismatch: No result SELECT in output - likely execution error

Test ID: TC-PA2105
  Type: TINYINT -> INT
  Algorithm: inplace
  Expected: CREATE
  Result: NO_OUTPUT
  Mismatch: No result SELECT in output - likely execution error

Test ID: TC-PA2107
  Type: TINYINT -> BIGINT
  Algorithm: inplace
  Expected: CREATE
  Result: NO_OUTPUT
  Mismatch: No result SELECT in output - likely execution error

Test ID: TC-PA2109
  Type: SMALLINT -> MEDIUMINT
  Algorithm: inplace
  Expected: CREATE
  Result: NO_OUTPUT
  Mismatch: No result SELECT in output - likely execution error

Test ID: TC-PA2111
  Type: SMALLINT -> INT
  Algorithm: inplace
  Expected: CREATE
  Result: NO_OUTPUT
  Mismatch: No result SELECT in output - likely execution error

Test ID: TC-PA2113
  Type: SMALLINT -> BIGINT
  Algorithm: inplace
  Expected: CREATE
  Result: NO_OUTPUT
  Mismatch: No result SELECT in output - likely execution error

Test ID: TC-PA2115
  Type: MEDIUMINT -> INT
  Algorithm: inplace
  Expected: CREATE
  Result: NO_OUTPUT
  Mismatch: No result SELECT in output - likely execution error

Test ID: TC-PA2117
  Type: MEDIUMINT -> BIGINT
  Algorithm: inplace
  Expected: CREATE
  Result: NO_OUTPUT
  Mismatch: No result SELECT in output - likely execution error

Test ID: TC-PA2119
  Type: INT -> BIGINT
  Algorithm: inplace
  Expected: CREATE
  Result: NO_OUTPUT
  Mismatch: No result SELECT in output - likely execution error

Test ID: TC-PA2121
  Type: TINYINT UNSIGNED -> SMALLINT UNSIGNED
  Algorithm: inplace
  Expected: CREATE
  Result: NO_OUTPUT
  Mismatch: No result SELECT in output - likely execution error

Test ID: TC-PA2123
  Type: TINYINT UNSIGNED -> MEDIUMINT UNSIGNED
  Algorithm: inplace
  Expected: CREATE
  Result: NO_OUTPUT
  Mismatch: No result SELECT in output - likely execution error

Test ID: TC-PA2125
  Type: TINYINT UNSIGNED -> INT UNSIGNED
  Algorithm: inplace
  Expected: CREATE
  Result: NO_OUTPUT
  Mismatch: No result SELECT in output - likely execution error

Test ID: TC-PA2127
  Type: TINYINT UNSIGNED -> BIGINT UNSIGNED
  Algorithm: inplace
  Expected: CREATE
  Result: NO_OUTPUT
  Mismatch: No result SELECT in output - likely execution error

Test ID: TC-PA2129
  Type: SMALLINT UNSIGNED -> MEDIUMINT UNSIGNED
  Algorithm: inplace
  Expected: CREATE
  Result: NO_OUTPUT
  Mismatch: No result SELECT in output - likely execution error

Test ID: TC-PA2131
  Type: SMALLINT UNSIGNED -> INT UNSIGNED
  Algorithm: inplace
  Expected: CREATE
  Result: NO_OUTPUT
  Mismatch: No result SELECT in output - likely execution error

Test ID: TC-PA2133
  Type: SMALLINT UNSIGNED -> BIGINT UNSIGNED
  Algorithm: inplace
  Expected: CREATE
  Result: NO_OUTPUT
  Mismatch: No result SELECT in output - likely execution error

Test ID: TC-PA2135
  Type: MEDIUMINT UNSIGNED -> INT UNSIGNED
  Algorithm: inplace
  Expected: CREATE
  Result: NO_OUTPUT
  Mismatch: No result SELECT in output - likely execution error

Test ID: TC-PA2137
  Type: MEDIUMINT UNSIGNED -> BIGINT UNSIGNED
  Algorithm: inplace
  Expected: CREATE
  Result: NO_OUTPUT
  Mismatch: No result SELECT in output - likely execution error

Test ID: TC-PA2139
  Type: INT UNSIGNED -> BIGINT UNSIGNED
  Algorithm: inplace
  Expected: CREATE
  Result: NO_OUTPUT
  Mismatch: No result SELECT in output - likely execution error

Test ID: TC-PA2161
  Type: TINYINT -> SMALLINT
  Algorithm: inplace
  Expected: CREATE
  Result: NO_OUTPUT
  Mismatch: No result SELECT in output - likely execution error

Test ID: TC-PA2163
  Type: TINYINT -> MEDIUMINT
  Algorithm: inplace
  Expected: CREATE
  Result: NO_OUTPUT
  Mismatch: No result SELECT in output - likely execution error

Test ID: TC-PA2165
  Type: TINYINT -> INT
  Algorithm: inplace
  Expected: CREATE
  Result: NO_OUTPUT
  Mismatch: No result SELECT in output - likely execution error

Test ID: TC-PA2167
  Type: TINYINT -> BIGINT
  Algorithm: inplace
  Expected: CREATE
  Result: NO_OUTPUT
  Mismatch: No result SELECT in output - likely execution error

Test ID: TC-PA2169
  Type: SMALLINT -> MEDIUMINT
  Algorithm: inplace
  Expected: CREATE
  Result: NO_OUTPUT
  Mismatch: No result SELECT in output - likely execution error

Test ID: TC-PA2171
  Type: SMALLINT -> INT
  Algorithm: inplace
  Expected: CREATE
  Result: NO_OUTPUT
  Mismatch: No result SELECT in output - likely execution error

Test ID: TC-PA2173
  Type: SMALLINT -> BIGINT
  Algorithm: inplace
  Expected: CREATE
  Result: NO_OUTPUT
  Mismatch: No result SELECT in output - likely execution error

Test ID: TC-PA2175
  Type: MEDIUMINT -> INT
  Algorithm: inplace
  Expected: CREATE
  Result: NO_OUTPUT
  Mismatch: No result SELECT in output - likely execution error

Test ID: TC-PA2177
  Type: MEDIUMINT -> BIGINT
  Algorithm: inplace
  Expected: CREATE
  Result: NO_OUTPUT
  Mismatch: No result SELECT in output - likely execution error

Test ID: TC-PA2179
  Type: INT -> BIGINT
  Algorithm: inplace
  Expected: CREATE
  Result: NO_OUTPUT
  Mismatch: No result SELECT in output - likely execution error

Test ID: TC-PA2181
  Type: TINYINT UNSIGNED -> SMALLINT UNSIGNED
  Algorithm: inplace
  Expected: CREATE
  Result: NO_OUTPUT
  Mismatch: No result SELECT in output - likely execution error

Test ID: TC-PA2183
  Type: TINYINT UNSIGNED -> MEDIUMINT UNSIGNED
  Algorithm: inplace
  Expected: CREATE
  Result: NO_OUTPUT
  Mismatch: No result SELECT in output - likely execution error

Test ID: TC-PA2185
  Type: TINYINT UNSIGNED -> INT UNSIGNED
  Algorithm: inplace
  Expected: CREATE
  Result: NO_OUTPUT
  Mismatch: No result SELECT in output - likely execution error

Test ID: TC-PA2187
  Type: TINYINT UNSIGNED -> BIGINT UNSIGNED
  Algorithm: inplace
  Expected: CREATE
  Result: NO_OUTPUT
  Mismatch: No result SELECT in output - likely execution error

Test ID: TC-PA2189
  Type: SMALLINT UNSIGNED -> MEDIUMINT UNSIGNED
  Algorithm: inplace
  Expected: CREATE
  Result: NO_OUTPUT
  Mismatch: No result SELECT in output - likely execution error

Test ID: TC-PA2191
  Type: SMALLINT UNSIGNED -> INT UNSIGNED
  Algorithm: inplace
  Expected: CREATE
  Result: NO_OUTPUT
  Mismatch: No result SELECT in output - likely execution error

Test ID: TC-PA2193
  Type: SMALLINT UNSIGNED -> BIGINT UNSIGNED
  Algorithm: inplace
  Expected: CREATE
  Result: NO_OUTPUT
  Mismatch: No result SELECT in output - likely execution error

Test ID: TC-PA2195
  Type: MEDIUMINT UNSIGNED -> INT UNSIGNED
  Algorithm: inplace
  Expected: CREATE
  Result: NO_OUTPUT
  Mismatch: No result SELECT in output - likely execution error

Test ID: TC-PA2197
  Type: MEDIUMINT UNSIGNED -> BIGINT UNSIGNED
  Algorithm: inplace
  Expected: CREATE
  Result: NO_OUTPUT
  Mismatch: No result SELECT in output - likely execution error

Test ID: TC-PA2199
  Type: INT UNSIGNED -> BIGINT UNSIGNED
  Algorithm: inplace
  Expected: CREATE
  Result: NO_OUTPUT
  Mismatch: No result SELECT in output - likely execution error

Test ID: TC-PA2221
  Type: TINYINT -> SMALLINT
  Algorithm: inplace
  Expected: CREATE
  Result: NO_OUTPUT
  Mismatch: No result SELECT in output - likely execution error

Test ID: TC-PA2223
  Type: TINYINT -> MEDIUMINT
  Algorithm: inplace
  Expected: CREATE
  Result: NO_OUTPUT
  Mismatch: No result SELECT in output - likely execution error

Test ID: TC-PA2225
  Type: TINYINT -> INT
  Algorithm: inplace
  Expected: CREATE
  Result: NO_OUTPUT
  Mismatch: No result SELECT in output - likely execution error

Test ID: TC-PA2227
  Type: TINYINT -> BIGINT
  Algorithm: inplace
  Expected: CREATE
  Result: NO_OUTPUT
  Mismatch: No result SELECT in output - likely execution error

Test ID: TC-PA2229
  Type: SMALLINT -> MEDIUMINT
  Algorithm: inplace
  Expected: CREATE
  Result: NO_OUTPUT
  Mismatch: No result SELECT in output - likely execution error

Test ID: TC-PA2231
  Type: SMALLINT -> INT
  Algorithm: inplace
  Expected: CREATE
  Result: NO_OUTPUT
  Mismatch: No result SELECT in output - likely execution error

Test ID: TC-PA2233
  Type: SMALLINT -> BIGINT
  Algorithm: inplace
  Expected: CREATE
  Result: NO_OUTPUT
  Mismatch: No result SELECT in output - likely execution error

Test ID: TC-PA2235
  Type: MEDIUMINT -> INT
  Algorithm: inplace
  Expected: CREATE
  Result: NO_OUTPUT
  Mismatch: No result SELECT in output - likely execution error

Test ID: TC-PA2237
  Type: MEDIUMINT -> BIGINT
  Algorithm: inplace
  Expected: CREATE
  Result: NO_OUTPUT
  Mismatch: No result SELECT in output - likely execution error

Test ID: TC-PA2239
  Type: INT -> BIGINT
  Algorithm: inplace
  Expected: CREATE
  Result: NO_OUTPUT
  Mismatch: No result SELECT in output - likely execution error

Test ID: TC-PA2241
  Type: TINYINT UNSIGNED -> SMALLINT UNSIGNED
  Algorithm: inplace
  Expected: CREATE
  Result: NO_OUTPUT
  Mismatch: No result SELECT in output - likely execution error

Test ID: TC-PA2243
  Type: TINYINT UNSIGNED -> MEDIUMINT UNSIGNED
  Algorithm: inplace
  Expected: CREATE
  Result: NO_OUTPUT
  Mismatch: No result SELECT in output - likely execution error

Test ID: TC-PA2245
  Type: TINYINT UNSIGNED -> INT UNSIGNED
  Algorithm: inplace
  Expected: CREATE
  Result: NO_OUTPUT
  Mismatch: No result SELECT in output - likely execution error

Test ID: TC-PA2247
  Type: TINYINT UNSIGNED -> BIGINT UNSIGNED
  Algorithm: inplace
  Expected: CREATE
  Result: NO_OUTPUT
  Mismatch: No result SELECT in output - likely execution error

Test ID: TC-PA2249
  Type: SMALLINT UNSIGNED -> MEDIUMINT UNSIGNED
  Algorithm: inplace
  Expected: CREATE
  Result: NO_OUTPUT
  Mismatch: No result SELECT in output - likely execution error

Test ID: TC-PA2251
  Type: SMALLINT UNSIGNED -> INT UNSIGNED
  Algorithm: inplace
  Expected: CREATE
  Result: NO_OUTPUT
  Mismatch: No result SELECT in output - likely execution error

Test ID: TC-PA2253
  Type: SMALLINT UNSIGNED -> BIGINT UNSIGNED
  Algorithm: inplace
  Expected: CREATE
  Result: NO_OUTPUT
  Mismatch: No result SELECT in output - likely execution error

Test ID: TC-PA2255
  Type: MEDIUMINT UNSIGNED -> INT UNSIGNED
  Algorithm: inplace
  Expected: CREATE
  Result: NO_OUTPUT
  Mismatch: No result SELECT in output - likely execution error

Test ID: TC-PA2257
  Type: MEDIUMINT UNSIGNED -> BIGINT UNSIGNED
  Algorithm: inplace
  Expected: CREATE
  Result: NO_OUTPUT
  Mismatch: No result SELECT in output - likely execution error

Test ID: TC-PA2259
  Type: INT UNSIGNED -> BIGINT UNSIGNED
  Algorithm: inplace
  Expected: CREATE
  Result: NO_OUTPUT
  Mismatch: No result SELECT in output - likely execution error

Test ID: TC-PA2281
  Type: TINYINT -> SMALLINT
  Algorithm: inplace
  Expected: CREATE
  Result: NO_OUTPUT
  Mismatch: No result SELECT in output - likely execution error

Test ID: TC-PA2283
  Type: TINYINT -> MEDIUMINT
  Algorithm: inplace
  Expected: CREATE
  Result: NO_OUTPUT
  Mismatch: No result SELECT in output - likely execution error

Test ID: TC-PA2285
  Type: TINYINT -> INT
  Algorithm: inplace
  Expected: CREATE
  Result: NO_OUTPUT
  Mismatch: No result SELECT in output - likely execution error

Test ID: TC-PA2287
  Type: TINYINT -> BIGINT
  Algorithm: inplace
  Expected: CREATE
  Result: NO_OUTPUT
  Mismatch: No result SELECT in output - likely execution error

Test ID: TC-PA2289
  Type: SMALLINT -> MEDIUMINT
  Algorithm: inplace
  Expected: CREATE
  Result: NO_OUTPUT
  Mismatch: No result SELECT in output - likely execution error

Test ID: TC-PA2291
  Type: SMALLINT -> INT
  Algorithm: inplace
  Expected: CREATE
  Result: NO_OUTPUT
  Mismatch: No result SELECT in output - likely execution error

Test ID: TC-PA2293
  Type: SMALLINT -> BIGINT
  Algorithm: inplace
  Expected: CREATE
  Result: NO_OUTPUT
  Mismatch: No result SELECT in output - likely execution error

Test ID: TC-PA2295
  Type: MEDIUMINT -> INT
  Algorithm: inplace
  Expected: CREATE
  Result: NO_OUTPUT
  Mismatch: No result SELECT in output - likely execution error

Test ID: TC-PA2297
  Type: MEDIUMINT -> BIGINT
  Algorithm: inplace
  Expected: CREATE
  Result: NO_OUTPUT
  Mismatch: No result SELECT in output - likely execution error

Test ID: TC-PA2299
  Type: INT -> BIGINT
  Algorithm: inplace
  Expected: CREATE
  Result: NO_OUTPUT
  Mismatch: No result SELECT in output - likely execution error

Test ID: TC-PA2301
  Type: TINYINT UNSIGNED -> SMALLINT UNSIGNED
  Algorithm: inplace
  Expected: CREATE
  Result: NO_OUTPUT
  Mismatch: No result SELECT in output - likely execution error

Test ID: TC-PA2303
  Type: TINYINT UNSIGNED -> MEDIUMINT UNSIGNED
  Algorithm: inplace
  Expected: CREATE
  Result: NO_OUTPUT
  Mismatch: No result SELECT in output - likely execution error

Test ID: TC-PA2305
  Type: TINYINT UNSIGNED -> INT UNSIGNED
  Algorithm: inplace
  Expected: CREATE
  Result: NO_OUTPUT
  Mismatch: No result SELECT in output - likely execution error

Test ID: TC-PA2307
  Type: TINYINT UNSIGNED -> BIGINT UNSIGNED
  Algorithm: inplace
  Expected: CREATE
  Result: NO_OUTPUT
  Mismatch: No result SELECT in output - likely execution error

Test ID: TC-PA2309
  Type: SMALLINT UNSIGNED -> MEDIUMINT UNSIGNED
  Algorithm: inplace
  Expected: CREATE
  Result: NO_OUTPUT
  Mismatch: No result SELECT in output - likely execution error

Test ID: TC-PA2311
  Type: SMALLINT UNSIGNED -> INT UNSIGNED
  Algorithm: inplace
  Expected: CREATE
  Result: NO_OUTPUT
  Mismatch: No result SELECT in output - likely execution error

Test ID: TC-PA2313
  Type: SMALLINT UNSIGNED -> BIGINT UNSIGNED
  Algorithm: inplace
  Expected: CREATE
  Result: NO_OUTPUT
  Mismatch: No result SELECT in output - likely execution error

Test ID: TC-PA2315
  Type: MEDIUMINT UNSIGNED -> INT UNSIGNED
  Algorithm: inplace
  Expected: CREATE
  Result: NO_OUTPUT
  Mismatch: No result SELECT in output - likely execution error

Test ID: TC-PA2317
  Type: MEDIUMINT UNSIGNED -> BIGINT UNSIGNED
  Algorithm: inplace
  Expected: CREATE
  Result: NO_OUTPUT
  Mismatch: No result SELECT in output - likely execution error

Test ID: TC-PA2319
  Type: INT UNSIGNED -> BIGINT UNSIGNED
  Algorithm: inplace
  Expected: CREATE
  Result: NO_OUTPUT
  Mismatch: No result SELECT in output - likely execution error

Test ID: TC-PA2341
  Type: TINYINT -> SMALLINT
  Algorithm: inplace
  Expected: CREATE
  Result: NO_OUTPUT
  Mismatch: No result SELECT in output - likely execution error

Test ID: TC-PA2343
  Type: TINYINT -> MEDIUMINT
  Algorithm: inplace
  Expected: CREATE
  Result: NO_OUTPUT
  Mismatch: No result SELECT in output - likely execution error

Test ID: TC-PA2345
  Type: TINYINT -> INT
  Algorithm: inplace
  Expected: CREATE
  Result: NO_OUTPUT
  Mismatch: No result SELECT in output - likely execution error

Test ID: TC-PA2347
  Type: TINYINT -> BIGINT
  Algorithm: inplace
  Expected: CREATE
  Result: NO_OUTPUT
  Mismatch: No result SELECT in output - likely execution error

Test ID: TC-PA2349
  Type: SMALLINT -> MEDIUMINT
  Algorithm: inplace
  Expected: CREATE
  Result: NO_OUTPUT
  Mismatch: No result SELECT in output - likely execution error

Test ID: TC-PA2351
  Type: SMALLINT -> INT
  Algorithm: inplace
  Expected: CREATE
  Result: NO_OUTPUT
  Mismatch: No result SELECT in output - likely execution error

Test ID: TC-PA2353
  Type: SMALLINT -> BIGINT
  Algorithm: inplace
  Expected: CREATE
  Result: NO_OUTPUT
  Mismatch: No result SELECT in output - likely execution error

Test ID: TC-PA2355
  Type: MEDIUMINT -> INT
  Algorithm: inplace
  Expected: CREATE
  Result: NO_OUTPUT
  Mismatch: No result SELECT in output - likely execution error

Test ID: TC-PA2357
  Type: MEDIUMINT -> BIGINT
  Algorithm: inplace
  Expected: CREATE
  Result: NO_OUTPUT
  Mismatch: No result SELECT in output - likely execution error

Test ID: TC-PA2359
  Type: INT -> BIGINT
  Algorithm: inplace
  Expected: CREATE
  Result: NO_OUTPUT
  Mismatch: No result SELECT in output - likely execution error

Test ID: TC-PA2361
  Type: TINYINT UNSIGNED -> SMALLINT UNSIGNED
  Algorithm: inplace
  Expected: CREATE
  Result: NO_OUTPUT
  Mismatch: No result SELECT in output - likely execution error

Test ID: TC-PA2363
  Type: TINYINT UNSIGNED -> MEDIUMINT UNSIGNED
  Algorithm: inplace
  Expected: CREATE
  Result: NO_OUTPUT
  Mismatch: No result SELECT in output - likely execution error

Test ID: TC-PA2365
  Type: TINYINT UNSIGNED -> INT UNSIGNED
  Algorithm: inplace
  Expected: CREATE
  Result: NO_OUTPUT
  Mismatch: No result SELECT in output - likely execution error

Test ID: TC-PA2367
  Type: TINYINT UNSIGNED -> BIGINT UNSIGNED
  Algorithm: inplace
  Expected: CREATE
  Result: NO_OUTPUT
  Mismatch: No result SELECT in output - likely execution error

Test ID: TC-PA2369
  Type: SMALLINT UNSIGNED -> MEDIUMINT UNSIGNED
  Algorithm: inplace
  Expected: CREATE
  Result: NO_OUTPUT
  Mismatch: No result SELECT in output - likely execution error

Test ID: TC-PA2371
  Type: SMALLINT UNSIGNED -> INT UNSIGNED
  Algorithm: inplace
  Expected: CREATE
  Result: NO_OUTPUT
  Mismatch: No result SELECT in output - likely execution error

Test ID: TC-PA2373
  Type: SMALLINT UNSIGNED -> BIGINT UNSIGNED
  Algorithm: inplace
  Expected: CREATE
  Result: NO_OUTPUT
  Mismatch: No result SELECT in output - likely execution error

Test ID: TC-PA2375
  Type: MEDIUMINT UNSIGNED -> INT UNSIGNED
  Algorithm: inplace
  Expected: CREATE
  Result: NO_OUTPUT
  Mismatch: No result SELECT in output - likely execution error

Test ID: TC-PA2377
  Type: MEDIUMINT UNSIGNED -> BIGINT UNSIGNED
  Algorithm: inplace
  Expected: CREATE
  Result: NO_OUTPUT
  Mismatch: No result SELECT in output - likely execution error

Test ID: TC-PA2379
  Type: INT UNSIGNED -> BIGINT UNSIGNED
  Algorithm: inplace
  Expected: CREATE
  Result: NO_OUTPUT
  Mismatch: No result SELECT in output - likely execution error

Test ID: TC-PA2401
  Type: TINYINT -> SMALLINT
  Algorithm: inplace
  Expected: CREATE
  Result: NO_OUTPUT
  Mismatch: No result SELECT in output - likely execution error

Test ID: TC-PA2403
  Type: TINYINT -> MEDIUMINT
  Algorithm: inplace
  Expected: CREATE
  Result: NO_OUTPUT
  Mismatch: No result SELECT in output - likely execution error

Test ID: TC-PA2405
  Type: TINYINT -> INT
  Algorithm: inplace
  Expected: CREATE
  Result: NO_OUTPUT
  Mismatch: No result SELECT in output - likely execution error

Test ID: TC-PA2407
  Type: TINYINT -> BIGINT
  Algorithm: inplace
  Expected: CREATE
  Result: NO_OUTPUT
  Mismatch: No result SELECT in output - likely execution error

Test ID: TC-PA2409
  Type: SMALLINT -> MEDIUMINT
  Algorithm: inplace
  Expected: CREATE
  Result: NO_OUTPUT
  Mismatch: No result SELECT in output - likely execution error

Test ID: TC-PA2411
  Type: SMALLINT -> INT
  Algorithm: inplace
  Expected: CREATE
  Result: NO_OUTPUT
  Mismatch: No result SELECT in output - likely execution error

Test ID: TC-PA2413
  Type: SMALLINT -> BIGINT
  Algorithm: inplace
  Expected: CREATE
  Result: NO_OUTPUT
  Mismatch: No result SELECT in output - likely execution error

Test ID: TC-PA2415
  Type: MEDIUMINT -> INT
  Algorithm: inplace
  Expected: CREATE
  Result: NO_OUTPUT
  Mismatch: No result SELECT in output - likely execution error

Test ID: TC-PA2417
  Type: MEDIUMINT -> BIGINT
  Algorithm: inplace
  Expected: CREATE
  Result: NO_OUTPUT
  Mismatch: No result SELECT in output - likely execution error

Test ID: TC-PA2419
  Type: INT -> BIGINT
  Algorithm: inplace
  Expected: CREATE
  Result: NO_OUTPUT
  Mismatch: No result SELECT in output - likely execution error

Test ID: TC-PA2421
  Type: TINYINT UNSIGNED -> SMALLINT UNSIGNED
  Algorithm: inplace
  Expected: CREATE
  Result: NO_OUTPUT
  Mismatch: No result SELECT in output - likely execution error

Test ID: TC-PA2423
  Type: TINYINT UNSIGNED -> MEDIUMINT UNSIGNED
  Algorithm: inplace
  Expected: CREATE
  Result: NO_OUTPUT
  Mismatch: No result SELECT in output - likely execution error

Test ID: TC-PA2425
  Type: TINYINT UNSIGNED -> INT UNSIGNED
  Algorithm: inplace
  Expected: CREATE
  Result: NO_OUTPUT
  Mismatch: No result SELECT in output - likely execution error

Test ID: TC-PA2427
  Type: TINYINT UNSIGNED -> BIGINT UNSIGNED
  Algorithm: inplace
  Expected: CREATE
  Result: NO_OUTPUT
  Mismatch: No result SELECT in output - likely execution error

Test ID: TC-PA2429
  Type: SMALLINT UNSIGNED -> MEDIUMINT UNSIGNED
  Algorithm: inplace
  Expected: CREATE
  Result: NO_OUTPUT
  Mismatch: No result SELECT in output - likely execution error

Test ID: TC-PA2431
  Type: SMALLINT UNSIGNED -> INT UNSIGNED
  Algorithm: inplace
  Expected: CREATE
  Result: NO_OUTPUT
  Mismatch: No result SELECT in output - likely execution error

Test ID: TC-PA2433
  Type: SMALLINT UNSIGNED -> BIGINT UNSIGNED
  Algorithm: inplace
  Expected: CREATE
  Result: NO_OUTPUT
  Mismatch: No result SELECT in output - likely execution error

Test ID: TC-PA2435
  Type: MEDIUMINT UNSIGNED -> INT UNSIGNED
  Algorithm: inplace
  Expected: CREATE
  Result: NO_OUTPUT
  Mismatch: No result SELECT in output - likely execution error

Test ID: TC-PA2437
  Type: MEDIUMINT UNSIGNED -> BIGINT UNSIGNED
  Algorithm: inplace
  Expected: CREATE
  Result: NO_OUTPUT
  Mismatch: No result SELECT in output - likely execution error

Test ID: TC-PA2439
  Type: INT UNSIGNED -> BIGINT UNSIGNED
  Algorithm: inplace
  Expected: CREATE
  Result: NO_OUTPUT
  Mismatch: No result SELECT in output - likely execution error

Test ID: TC-PA2461
  Type: TINYINT -> SMALLINT
  Algorithm: inplace
  Expected: CREATE
  Result: NO_OUTPUT
  Mismatch: No result SELECT in output - likely execution error

Test ID: TC-PA2463
  Type: TINYINT -> MEDIUMINT
  Algorithm: inplace
  Expected: CREATE
  Result: NO_OUTPUT
  Mismatch: No result SELECT in output - likely execution error

Test ID: TC-PA2465
  Type: TINYINT -> INT
  Algorithm: inplace
  Expected: CREATE
  Result: NO_OUTPUT
  Mismatch: No result SELECT in output - likely execution error

Test ID: TC-PA2467
  Type: TINYINT -> BIGINT
  Algorithm: inplace
  Expected: CREATE
  Result: NO_OUTPUT
  Mismatch: No result SELECT in output - likely execution error

Test ID: TC-PA2469
  Type: SMALLINT -> MEDIUMINT
  Algorithm: inplace
  Expected: CREATE
  Result: NO_OUTPUT
  Mismatch: No result SELECT in output - likely execution error

Test ID: TC-PA2471
  Type: SMALLINT -> INT
  Algorithm: inplace
  Expected: CREATE
  Result: NO_OUTPUT
  Mismatch: No result SELECT in output - likely execution error

Test ID: TC-PA2473
  Type: SMALLINT -> BIGINT
  Algorithm: inplace
  Expected: CREATE
  Result: NO_OUTPUT
  Mismatch: No result SELECT in output - likely execution error

Test ID: TC-PA2475
  Type: MEDIUMINT -> INT
  Algorithm: inplace
  Expected: CREATE
  Result: NO_OUTPUT
  Mismatch: No result SELECT in output - likely execution error

Test ID: TC-PA2477
  Type: MEDIUMINT -> BIGINT
  Algorithm: inplace
  Expected: CREATE
  Result: NO_OUTPUT
  Mismatch: No result SELECT in output - likely execution error

Test ID: TC-PA2479
  Type: INT -> BIGINT
  Algorithm: inplace
  Expected: CREATE
  Result: NO_OUTPUT
  Mismatch: No result SELECT in output - likely execution error

Test ID: TC-PA2481
  Type: TINYINT UNSIGNED -> SMALLINT UNSIGNED
  Algorithm: inplace
  Expected: CREATE
  Result: NO_OUTPUT
  Mismatch: No result SELECT in output - likely execution error

Test ID: TC-PA2483
  Type: TINYINT UNSIGNED -> MEDIUMINT UNSIGNED
  Algorithm: inplace
  Expected: CREATE
  Result: NO_OUTPUT
  Mismatch: No result SELECT in output - likely execution error

Test ID: TC-PA2485
  Type: TINYINT UNSIGNED -> INT UNSIGNED
  Algorithm: inplace
  Expected: CREATE
  Result: NO_OUTPUT
  Mismatch: No result SELECT in output - likely execution error

Test ID: TC-PA2487
  Type: TINYINT UNSIGNED -> BIGINT UNSIGNED
  Algorithm: inplace
  Expected: CREATE
  Result: NO_OUTPUT
  Mismatch: No result SELECT in output - likely execution error

Test ID: TC-PA2489
  Type: SMALLINT UNSIGNED -> MEDIUMINT UNSIGNED
  Algorithm: inplace
  Expected: CREATE
  Result: NO_OUTPUT
  Mismatch: No result SELECT in output - likely execution error

Test ID: TC-PA2491
  Type: SMALLINT UNSIGNED -> INT UNSIGNED
  Algorithm: inplace
  Expected: CREATE
  Result: NO_OUTPUT
  Mismatch: No result SELECT in output - likely execution error

Test ID: TC-PA2493
  Type: SMALLINT UNSIGNED -> BIGINT UNSIGNED
  Algorithm: inplace
  Expected: CREATE
  Result: NO_OUTPUT
  Mismatch: No result SELECT in output - likely execution error

Test ID: TC-PA2495
  Type: MEDIUMINT UNSIGNED -> INT UNSIGNED
  Algorithm: inplace
  Expected: CREATE
  Result: NO_OUTPUT
  Mismatch: No result SELECT in output - likely execution error

Test ID: TC-PA2497
  Type: MEDIUMINT UNSIGNED -> BIGINT UNSIGNED
  Algorithm: inplace
  Expected: CREATE
  Result: NO_OUTPUT
  Mismatch: No result SELECT in output - likely execution error

Test ID: TC-PA2499
  Type: INT UNSIGNED -> BIGINT UNSIGNED
  Algorithm: inplace
  Expected: CREATE
  Result: NO_OUTPUT
  Mismatch: No result SELECT in output - likely execution error

Test ID: TC-PA2521
  Type: TINYINT -> SMALLINT
  Algorithm: inplace
  Expected: CREATE
  Result: NO_OUTPUT
  Mismatch: No result SELECT in output - likely execution error

Test ID: TC-PA2523
  Type: TINYINT -> MEDIUMINT
  Algorithm: inplace
  Expected: CREATE
  Result: NO_OUTPUT
  Mismatch: No result SELECT in output - likely execution error

Test ID: TC-PA2525
  Type: TINYINT -> INT
  Algorithm: inplace
  Expected: CREATE
  Result: NO_OUTPUT
  Mismatch: No result SELECT in output - likely execution error

Test ID: TC-PA2527
  Type: TINYINT -> BIGINT
  Algorithm: inplace
  Expected: CREATE
  Result: NO_OUTPUT
  Mismatch: No result SELECT in output - likely execution error

Test ID: TC-PA2529
  Type: SMALLINT -> MEDIUMINT
  Algorithm: inplace
  Expected: CREATE
  Result: NO_OUTPUT
  Mismatch: No result SELECT in output - likely execution error

Test ID: TC-PA2531
  Type: SMALLINT -> INT
  Algorithm: inplace
  Expected: CREATE
  Result: NO_OUTPUT
  Mismatch: No result SELECT in output - likely execution error

Test ID: TC-PA2533
  Type: SMALLINT -> BIGINT
  Algorithm: inplace
  Expected: CREATE
  Result: NO_OUTPUT
  Mismatch: No result SELECT in output - likely execution error

Test ID: TC-PA2535
  Type: MEDIUMINT -> INT
  Algorithm: inplace
  Expected: CREATE
  Result: NO_OUTPUT
  Mismatch: No result SELECT in output - likely execution error

Test ID: TC-PA2537
  Type: MEDIUMINT -> BIGINT
  Algorithm: inplace
  Expected: CREATE
  Result: NO_OUTPUT
  Mismatch: No result SELECT in output - likely execution error

Test ID: TC-PA2539
  Type: INT -> BIGINT
  Algorithm: inplace
  Expected: CREATE
  Result: NO_OUTPUT
  Mismatch: No result SELECT in output - likely execution error

Test ID: TC-PA2541
  Type: TINYINT UNSIGNED -> SMALLINT UNSIGNED
  Algorithm: inplace
  Expected: CREATE
  Result: NO_OUTPUT
  Mismatch: No result SELECT in output - likely execution error

Test ID: TC-PA2543
  Type: TINYINT UNSIGNED -> MEDIUMINT UNSIGNED
  Algorithm: inplace
  Expected: CREATE
  Result: NO_OUTPUT
  Mismatch: No result SELECT in output - likely execution error

Test ID: TC-PA2545
  Type: TINYINT UNSIGNED -> INT UNSIGNED
  Algorithm: inplace
  Expected: CREATE
  Result: NO_OUTPUT
  Mismatch: No result SELECT in output - likely execution error

Test ID: TC-PA2547
  Type: TINYINT UNSIGNED -> BIGINT UNSIGNED
  Algorithm: inplace
  Expected: CREATE
  Result: NO_OUTPUT
  Mismatch: No result SELECT in output - likely execution error

Test ID: TC-PA2549
  Type: SMALLINT UNSIGNED -> MEDIUMINT UNSIGNED
  Algorithm: inplace
  Expected: CREATE
  Result: NO_OUTPUT
  Mismatch: No result SELECT in output - likely execution error

Test ID: TC-PA2551
  Type: SMALLINT UNSIGNED -> INT UNSIGNED
  Algorithm: inplace
  Expected: CREATE
  Result: NO_OUTPUT
  Mismatch: No result SELECT in output - likely execution error

Test ID: TC-PA2553
  Type: SMALLINT UNSIGNED -> BIGINT UNSIGNED
  Algorithm: inplace
  Expected: CREATE
  Result: NO_OUTPUT
  Mismatch: No result SELECT in output - likely execution error

Test ID: TC-PA2555
  Type: MEDIUMINT UNSIGNED -> INT UNSIGNED
  Algorithm: inplace
  Expected: CREATE
  Result: NO_OUTPUT
  Mismatch: No result SELECT in output - likely execution error

Test ID: TC-PA2557
  Type: MEDIUMINT UNSIGNED -> BIGINT UNSIGNED
  Algorithm: inplace
  Expected: CREATE
  Result: NO_OUTPUT
  Mismatch: No result SELECT in output - likely execution error

Test ID: TC-PA2559
  Type: INT UNSIGNED -> BIGINT UNSIGNED
  Algorithm: inplace
  Expected: CREATE
  Result: NO_OUTPUT
  Mismatch: No result SELECT in output - likely execution error

Test ID: TC-PA2581
  Type: TINYINT -> SMALLINT
  Algorithm: inplace
  Expected: CREATE
  Result: NO_OUTPUT
  Mismatch: No result SELECT in output - likely execution error

Test ID: TC-PA2583
  Type: TINYINT -> MEDIUMINT
  Algorithm: inplace
  Expected: CREATE
  Result: NO_OUTPUT
  Mismatch: No result SELECT in output - likely execution error

Test ID: TC-PA2585
  Type: TINYINT -> INT
  Algorithm: inplace
  Expected: CREATE
  Result: NO_OUTPUT
  Mismatch: No result SELECT in output - likely execution error

Test ID: TC-PA2587
  Type: TINYINT -> BIGINT
  Algorithm: inplace
  Expected: CREATE
  Result: NO_OUTPUT
  Mismatch: No result SELECT in output - likely execution error

Test ID: TC-PA2589
  Type: SMALLINT -> MEDIUMINT
  Algorithm: inplace
  Expected: CREATE
  Result: NO_OUTPUT
  Mismatch: No result SELECT in output - likely execution error

Test ID: TC-PA2591
  Type: SMALLINT -> INT
  Algorithm: inplace
  Expected: CREATE
  Result: NO_OUTPUT
  Mismatch: No result SELECT in output - likely execution error

Test ID: TC-PA2593
  Type: SMALLINT -> BIGINT
  Algorithm: inplace
  Expected: CREATE
  Result: NO_OUTPUT
  Mismatch: No result SELECT in output - likely execution error

Test ID: TC-PA2595
  Type: MEDIUMINT -> INT
  Algorithm: inplace
  Expected: CREATE
  Result: NO_OUTPUT
  Mismatch: No result SELECT in output - likely execution error

Test ID: TC-PA2597
  Type: MEDIUMINT -> BIGINT
  Algorithm: inplace
  Expected: CREATE
  Result: NO_OUTPUT
  Mismatch: No result SELECT in output - likely execution error

Test ID: TC-PA2599
  Type: INT -> BIGINT
  Algorithm: inplace
  Expected: CREATE
  Result: NO_OUTPUT
  Mismatch: No result SELECT in output - likely execution error

Test ID: TC-PA2601
  Type: TINYINT UNSIGNED -> SMALLINT UNSIGNED
  Algorithm: inplace
  Expected: CREATE
  Result: NO_OUTPUT
  Mismatch: No result SELECT in output - likely execution error

Test ID: TC-PA2603
  Type: TINYINT UNSIGNED -> MEDIUMINT UNSIGNED
  Algorithm: inplace
  Expected: CREATE
  Result: NO_OUTPUT
  Mismatch: No result SELECT in output - likely execution error

Test ID: TC-PA2605
  Type: TINYINT UNSIGNED -> INT UNSIGNED
  Algorithm: inplace
  Expected: CREATE
  Result: NO_OUTPUT
  Mismatch: No result SELECT in output - likely execution error

Test ID: TC-PA2607
  Type: TINYINT UNSIGNED -> BIGINT UNSIGNED
  Algorithm: inplace
  Expected: CREATE
  Result: NO_OUTPUT
  Mismatch: No result SELECT in output - likely execution error

Test ID: TC-PA2609
  Type: SMALLINT UNSIGNED -> MEDIUMINT UNSIGNED
  Algorithm: inplace
  Expected: CREATE
  Result: NO_OUTPUT
  Mismatch: No result SELECT in output - likely execution error

Test ID: TC-PA2611
  Type: SMALLINT UNSIGNED -> INT UNSIGNED
  Algorithm: inplace
  Expected: CREATE
  Result: NO_OUTPUT
  Mismatch: No result SELECT in output - likely execution error

Test ID: TC-PA2613
  Type: SMALLINT UNSIGNED -> BIGINT UNSIGNED
  Algorithm: inplace
  Expected: CREATE
  Result: NO_OUTPUT
  Mismatch: No result SELECT in output - likely execution error

Test ID: TC-PA2615
  Type: MEDIUMINT UNSIGNED -> INT UNSIGNED
  Algorithm: inplace
  Expected: CREATE
  Result: NO_OUTPUT
  Mismatch: No result SELECT in output - likely execution error

Test ID: TC-PA2617
  Type: MEDIUMINT UNSIGNED -> BIGINT UNSIGNED
  Algorithm: inplace
  Expected: CREATE
  Result: NO_OUTPUT
  Mismatch: No result SELECT in output - likely execution error

Test ID: TC-PA2619
  Type: INT UNSIGNED -> BIGINT UNSIGNED
  Algorithm: inplace
  Expected: CREATE
  Result: NO_OUTPUT
  Mismatch: No result SELECT in output - likely execution error

Test ID: TC-PA2641
  Type: TINYINT -> SMALLINT
  Algorithm: inplace
  Expected: CREATE
  Result: NO_OUTPUT
  Mismatch: No result SELECT in output - likely execution error

Test ID: TC-PA2643
  Type: TINYINT -> MEDIUMINT
  Algorithm: inplace
  Expected: CREATE
  Result: NO_OUTPUT
  Mismatch: No result SELECT in output - likely execution error

Test ID: TC-PA2645
  Type: TINYINT -> INT
  Algorithm: inplace
  Expected: CREATE
  Result: NO_OUTPUT
  Mismatch: No result SELECT in output - likely execution error

Test ID: TC-PA2647
  Type: TINYINT -> BIGINT
  Algorithm: inplace
  Expected: CREATE
  Result: NO_OUTPUT
  Mismatch: No result SELECT in output - likely execution error

Test ID: TC-PA2649
  Type: SMALLINT -> MEDIUMINT
  Algorithm: inplace
  Expected: CREATE
  Result: NO_OUTPUT
  Mismatch: No result SELECT in output - likely execution error

Test ID: TC-PA2651
  Type: SMALLINT -> INT
  Algorithm: inplace
  Expected: CREATE
  Result: NO_OUTPUT
  Mismatch: No result SELECT in output - likely execution error

Test ID: TC-PA2653
  Type: SMALLINT -> BIGINT
  Algorithm: inplace
  Expected: CREATE
  Result: NO_OUTPUT
  Mismatch: No result SELECT in output - likely execution error

Test ID: TC-PA2655
  Type: MEDIUMINT -> INT
  Algorithm: inplace
  Expected: CREATE
  Result: NO_OUTPUT
  Mismatch: No result SELECT in output - likely execution error

Test ID: TC-PA2657
  Type: MEDIUMINT -> BIGINT
  Algorithm: inplace
  Expected: CREATE
  Result: NO_OUTPUT
  Mismatch: No result SELECT in output - likely execution error

Test ID: TC-PA2659
  Type: INT -> BIGINT
  Algorithm: inplace
  Expected: CREATE
  Result: NO_OUTPUT
  Mismatch: No result SELECT in output - likely execution error

Test ID: TC-PA2661
  Type: TINYINT UNSIGNED -> SMALLINT UNSIGNED
  Algorithm: inplace
  Expected: CREATE
  Result: NO_OUTPUT
  Mismatch: No result SELECT in output - likely execution error

Test ID: TC-PA2663
  Type: TINYINT UNSIGNED -> MEDIUMINT UNSIGNED
  Algorithm: inplace
  Expected: CREATE
  Result: NO_OUTPUT
  Mismatch: No result SELECT in output - likely execution error

Test ID: TC-PA2665
  Type: TINYINT UNSIGNED -> INT UNSIGNED
  Algorithm: inplace
  Expected: CREATE
  Result: NO_OUTPUT
  Mismatch: No result SELECT in output - likely execution error

Test ID: TC-PA2667
  Type: TINYINT UNSIGNED -> BIGINT UNSIGNED
  Algorithm: inplace
  Expected: CREATE
  Result: NO_OUTPUT
  Mismatch: No result SELECT in output - likely execution error

Test ID: TC-PA2669
  Type: SMALLINT UNSIGNED -> MEDIUMINT UNSIGNED
  Algorithm: inplace
  Expected: CREATE
  Result: NO_OUTPUT
  Mismatch: No result SELECT in output - likely execution error

Test ID: TC-PA2671
  Type: SMALLINT UNSIGNED -> INT UNSIGNED
  Algorithm: inplace
  Expected: CREATE
  Result: NO_OUTPUT
  Mismatch: No result SELECT in output - likely execution error

Test ID: TC-PA2673
  Type: SMALLINT UNSIGNED -> BIGINT UNSIGNED
  Algorithm: inplace
  Expected: CREATE
  Result: NO_OUTPUT
  Mismatch: No result SELECT in output - likely execution error

Test ID: TC-PA2675
  Type: MEDIUMINT UNSIGNED -> INT UNSIGNED
  Algorithm: inplace
  Expected: CREATE
  Result: NO_OUTPUT
  Mismatch: No result SELECT in output - likely execution error

Test ID: TC-PA2677
  Type: MEDIUMINT UNSIGNED -> BIGINT UNSIGNED
  Algorithm: inplace
  Expected: CREATE
  Result: NO_OUTPUT
  Mismatch: No result SELECT in output - likely execution error

Test ID: TC-PA2679
  Type: INT UNSIGNED -> BIGINT UNSIGNED
  Algorithm: inplace
  Expected: CREATE
  Result: NO_OUTPUT
  Mismatch: No result SELECT in output - likely execution error

Test ID: TC-PA2701
  Type: TINYINT -> SMALLINT
  Algorithm: inplace
  Expected: CREATE
  Result: NO_OUTPUT
  Mismatch: No result SELECT in output - likely execution error

Test ID: TC-PA2703
  Type: TINYINT -> MEDIUMINT
  Algorithm: inplace
  Expected: CREATE
  Result: NO_OUTPUT
  Mismatch: No result SELECT in output - likely execution error

Test ID: TC-PA2705
  Type: TINYINT -> INT
  Algorithm: inplace
  Expected: CREATE
  Result: NO_OUTPUT
  Mismatch: No result SELECT in output - likely execution error

Test ID: TC-PA2707
  Type: TINYINT -> BIGINT
  Algorithm: inplace
  Expected: CREATE
  Result: NO_OUTPUT
  Mismatch: No result SELECT in output - likely execution error

Test ID: TC-PA2709
  Type: SMALLINT -> MEDIUMINT
  Algorithm: inplace
  Expected: CREATE
  Result: NO_OUTPUT
  Mismatch: No result SELECT in output - likely execution error

Test ID: TC-PA2711
  Type: SMALLINT -> INT
  Algorithm: inplace
  Expected: CREATE
  Result: NO_OUTPUT
  Mismatch: No result SELECT in output - likely execution error

Test ID: TC-PA2713
  Type: SMALLINT -> BIGINT
  Algorithm: inplace
  Expected: CREATE
  Result: NO_OUTPUT
  Mismatch: No result SELECT in output - likely execution error

Test ID: TC-PA2715
  Type: MEDIUMINT -> INT
  Algorithm: inplace
  Expected: CREATE
  Result: NO_OUTPUT
  Mismatch: No result SELECT in output - likely execution error

Test ID: TC-PA2717
  Type: MEDIUMINT -> BIGINT
  Algorithm: inplace
  Expected: CREATE
  Result: NO_OUTPUT
  Mismatch: No result SELECT in output - likely execution error

Test ID: TC-PA2719
  Type: INT -> BIGINT
  Algorithm: inplace
  Expected: CREATE
  Result: NO_OUTPUT
  Mismatch: No result SELECT in output - likely execution error

Test ID: TC-PA2721
  Type: TINYINT UNSIGNED -> SMALLINT UNSIGNED
  Algorithm: inplace
  Expected: CREATE
  Result: NO_OUTPUT
  Mismatch: No result SELECT in output - likely execution error

Test ID: TC-PA2723
  Type: TINYINT UNSIGNED -> MEDIUMINT UNSIGNED
  Algorithm: inplace
  Expected: CREATE
  Result: NO_OUTPUT
  Mismatch: No result SELECT in output - likely execution error

Test ID: TC-PA2725
  Type: TINYINT UNSIGNED -> INT UNSIGNED
  Algorithm: inplace
  Expected: CREATE
  Result: NO_OUTPUT
  Mismatch: No result SELECT in output - likely execution error

Test ID: TC-PA2727
  Type: TINYINT UNSIGNED -> BIGINT UNSIGNED
  Algorithm: inplace
  Expected: CREATE
  Result: NO_OUTPUT
  Mismatch: No result SELECT in output - likely execution error

Test ID: TC-PA2729
  Type: SMALLINT UNSIGNED -> MEDIUMINT UNSIGNED
  Algorithm: inplace
  Expected: CREATE
  Result: NO_OUTPUT
  Mismatch: No result SELECT in output - likely execution error

Test ID: TC-PA2731
  Type: SMALLINT UNSIGNED -> INT UNSIGNED
  Algorithm: inplace
  Expected: CREATE
  Result: NO_OUTPUT
  Mismatch: No result SELECT in output - likely execution error

Test ID: TC-PA2733
  Type: SMALLINT UNSIGNED -> BIGINT UNSIGNED
  Algorithm: inplace
  Expected: CREATE
  Result: NO_OUTPUT
  Mismatch: No result SELECT in output - likely execution error

Test ID: TC-PA2735
  Type: MEDIUMINT UNSIGNED -> INT UNSIGNED
  Algorithm: inplace
  Expected: CREATE
  Result: NO_OUTPUT
  Mismatch: No result SELECT in output - likely execution error

Test ID: TC-PA2737
  Type: MEDIUMINT UNSIGNED -> BIGINT UNSIGNED
  Algorithm: inplace
  Expected: CREATE
  Result: NO_OUTPUT
  Mismatch: No result SELECT in output - likely execution error

Test ID: TC-PA2739
  Type: INT UNSIGNED -> BIGINT UNSIGNED
  Algorithm: inplace
  Expected: CREATE
  Result: NO_OUTPUT
  Mismatch: No result SELECT in output - likely execution error

Test ID: TC-PA2761
  Type: TINYINT -> SMALLINT
  Algorithm: inplace
  Expected: CREATE
  Result: NO_OUTPUT
  Mismatch: No result SELECT in output - likely execution error

Test ID: TC-PA2763
  Type: TINYINT -> MEDIUMINT
  Algorithm: inplace
  Expected: CREATE
  Result: NO_OUTPUT
  Mismatch: No result SELECT in output - likely execution error

Test ID: TC-PA2765
  Type: TINYINT -> INT
  Algorithm: inplace
  Expected: CREATE
  Result: NO_OUTPUT
  Mismatch: No result SELECT in output - likely execution error

Test ID: TC-PA2767
  Type: TINYINT -> BIGINT
  Algorithm: inplace
  Expected: CREATE
  Result: NO_OUTPUT
  Mismatch: No result SELECT in output - likely execution error

Test ID: TC-PA2769
  Type: SMALLINT -> MEDIUMINT
  Algorithm: inplace
  Expected: CREATE
  Result: NO_OUTPUT
  Mismatch: No result SELECT in output - likely execution error

Test ID: TC-PA2771
  Type: SMALLINT -> INT
  Algorithm: inplace
  Expected: CREATE
  Result: NO_OUTPUT
  Mismatch: No result SELECT in output - likely execution error

Test ID: TC-PA2773
  Type: SMALLINT -> BIGINT
  Algorithm: inplace
  Expected: CREATE
  Result: NO_OUTPUT
  Mismatch: No result SELECT in output - likely execution error

Test ID: TC-PA2775
  Type: MEDIUMINT -> INT
  Algorithm: inplace
  Expected: CREATE
  Result: NO_OUTPUT
  Mismatch: No result SELECT in output - likely execution error

Test ID: TC-PA2777
  Type: MEDIUMINT -> BIGINT
  Algorithm: inplace
  Expected: CREATE
  Result: NO_OUTPUT
  Mismatch: No result SELECT in output - likely execution error

Test ID: TC-PA2779
  Type: INT -> BIGINT
  Algorithm: inplace
  Expected: CREATE
  Result: NO_OUTPUT
  Mismatch: No result SELECT in output - likely execution error

Test ID: TC-PA2781
  Type: TINYINT UNSIGNED -> SMALLINT UNSIGNED
  Algorithm: inplace
  Expected: CREATE
  Result: NO_OUTPUT
  Mismatch: No result SELECT in output - likely execution error

Test ID: TC-PA2783
  Type: TINYINT UNSIGNED -> MEDIUMINT UNSIGNED
  Algorithm: inplace
  Expected: CREATE
  Result: NO_OUTPUT
  Mismatch: No result SELECT in output - likely execution error

Test ID: TC-PA2785
  Type: TINYINT UNSIGNED -> INT UNSIGNED
  Algorithm: inplace
  Expected: CREATE
  Result: NO_OUTPUT
  Mismatch: No result SELECT in output - likely execution error

Test ID: TC-PA2787
  Type: TINYINT UNSIGNED -> BIGINT UNSIGNED
  Algorithm: inplace
  Expected: CREATE
  Result: NO_OUTPUT
  Mismatch: No result SELECT in output - likely execution error

Test ID: TC-PA2789
  Type: SMALLINT UNSIGNED -> MEDIUMINT UNSIGNED
  Algorithm: inplace
  Expected: CREATE
  Result: NO_OUTPUT
  Mismatch: No result SELECT in output - likely execution error

Test ID: TC-PA2791
  Type: SMALLINT UNSIGNED -> INT UNSIGNED
  Algorithm: inplace
  Expected: CREATE
  Result: NO_OUTPUT
  Mismatch: No result SELECT in output - likely execution error

Test ID: TC-PA2793
  Type: SMALLINT UNSIGNED -> BIGINT UNSIGNED
  Algorithm: inplace
  Expected: CREATE
  Result: NO_OUTPUT
  Mismatch: No result SELECT in output - likely execution error

Test ID: TC-PA2795
  Type: MEDIUMINT UNSIGNED -> INT UNSIGNED
  Algorithm: inplace
  Expected: CREATE
  Result: NO_OUTPUT
  Mismatch: No result SELECT in output - likely execution error

Test ID: TC-PA2797
  Type: MEDIUMINT UNSIGNED -> BIGINT UNSIGNED
  Algorithm: inplace
  Expected: CREATE
  Result: NO_OUTPUT
  Mismatch: No result SELECT in output - likely execution error

Test ID: TC-PA2799
  Type: INT UNSIGNED -> BIGINT UNSIGNED
  Algorithm: inplace
  Expected: CREATE
  Result: NO_OUTPUT
  Mismatch: No result SELECT in output - likely execution error

Test ID: TC-PA2821
  Type: TINYINT -> SMALLINT
  Algorithm: inplace
  Expected: CREATE
  Result: NO_OUTPUT
  Mismatch: No result SELECT in output - likely execution error

Test ID: TC-PA2823
  Type: TINYINT -> MEDIUMINT
  Algorithm: inplace
  Expected: CREATE
  Result: NO_OUTPUT
  Mismatch: No result SELECT in output - likely execution error

Test ID: TC-PA2825
  Type: TINYINT -> INT
  Algorithm: inplace
  Expected: CREATE
  Result: NO_OUTPUT
  Mismatch: No result SELECT in output - likely execution error

Test ID: TC-PA2827
  Type: TINYINT -> BIGINT
  Algorithm: inplace
  Expected: CREATE
  Result: NO_OUTPUT
  Mismatch: No result SELECT in output - likely execution error

Test ID: TC-PA2829
  Type: SMALLINT -> MEDIUMINT
  Algorithm: inplace
  Expected: CREATE
  Result: NO_OUTPUT
  Mismatch: No result SELECT in output - likely execution error

Test ID: TC-PA2831
  Type: SMALLINT -> INT
  Algorithm: inplace
  Expected: CREATE
  Result: NO_OUTPUT
  Mismatch: No result SELECT in output - likely execution error

Test ID: TC-PA2833
  Type: SMALLINT -> BIGINT
  Algorithm: inplace
  Expected: CREATE
  Result: NO_OUTPUT
  Mismatch: No result SELECT in output - likely execution error

Test ID: TC-PA2835
  Type: MEDIUMINT -> INT
  Algorithm: inplace
  Expected: CREATE
  Result: NO_OUTPUT
  Mismatch: No result SELECT in output - likely execution error

Test ID: TC-PA2837
  Type: MEDIUMINT -> BIGINT
  Algorithm: inplace
  Expected: CREATE
  Result: NO_OUTPUT
  Mismatch: No result SELECT in output - likely execution error

Test ID: TC-PA2839
  Type: INT -> BIGINT
  Algorithm: inplace
  Expected: CREATE
  Result: NO_OUTPUT
  Mismatch: No result SELECT in output - likely execution error

Test ID: TC-PA2841
  Type: TINYINT UNSIGNED -> SMALLINT UNSIGNED
  Algorithm: inplace
  Expected: CREATE
  Result: NO_OUTPUT
  Mismatch: No result SELECT in output - likely execution error

Test ID: TC-PA2843
  Type: TINYINT UNSIGNED -> MEDIUMINT UNSIGNED
  Algorithm: inplace
  Expected: CREATE
  Result: NO_OUTPUT
  Mismatch: No result SELECT in output - likely execution error

Test ID: TC-PA2845
  Type: TINYINT UNSIGNED -> INT UNSIGNED
  Algorithm: inplace
  Expected: CREATE
  Result: NO_OUTPUT
  Mismatch: No result SELECT in output - likely execution error

Test ID: TC-PA2847
  Type: TINYINT UNSIGNED -> BIGINT UNSIGNED
  Algorithm: inplace
  Expected: CREATE
  Result: NO_OUTPUT
  Mismatch: No result SELECT in output - likely execution error

Test ID: TC-PA2849
  Type: SMALLINT UNSIGNED -> MEDIUMINT UNSIGNED
  Algorithm: inplace
  Expected: CREATE
  Result: NO_OUTPUT
  Mismatch: No result SELECT in output - likely execution error

Test ID: TC-PA2851
  Type: SMALLINT UNSIGNED -> INT UNSIGNED
  Algorithm: inplace
  Expected: CREATE
  Result: NO_OUTPUT
  Mismatch: No result SELECT in output - likely execution error

Test ID: TC-PA2853
  Type: SMALLINT UNSIGNED -> BIGINT UNSIGNED
  Algorithm: inplace
  Expected: CREATE
  Result: NO_OUTPUT
  Mismatch: No result SELECT in output - likely execution error

Test ID: TC-PA2855
  Type: MEDIUMINT UNSIGNED -> INT UNSIGNED
  Algorithm: inplace
  Expected: CREATE
  Result: NO_OUTPUT
  Mismatch: No result SELECT in output - likely execution error

Test ID: TC-PA2857
  Type: MEDIUMINT UNSIGNED -> BIGINT UNSIGNED
  Algorithm: inplace
  Expected: CREATE
  Result: NO_OUTPUT
  Mismatch: No result SELECT in output - likely execution error

Test ID: TC-PA2859
  Type: INT UNSIGNED -> BIGINT UNSIGNED
  Algorithm: inplace
  Expected: CREATE
  Result: NO_OUTPUT
  Mismatch: No result SELECT in output - likely execution error

Test ID: TC-PA2881
  Type: TINYINT -> SMALLINT
  Algorithm: inplace
  Expected: CREATE
  Result: NO_OUTPUT
  Mismatch: No result SELECT in output - likely execution error

Test ID: TC-PA2883
  Type: TINYINT -> MEDIUMINT
  Algorithm: inplace
  Expected: CREATE
  Result: NO_OUTPUT
  Mismatch: No result SELECT in output - likely execution error

Test ID: TC-PA2885
  Type: TINYINT -> INT
  Algorithm: inplace
  Expected: CREATE
  Result: NO_OUTPUT
  Mismatch: No result SELECT in output - likely execution error

Test ID: TC-PA2887
  Type: TINYINT -> BIGINT
  Algorithm: inplace
  Expected: CREATE
  Result: NO_OUTPUT
  Mismatch: No result SELECT in output - likely execution error

Test ID: TC-PA2889
  Type: SMALLINT -> MEDIUMINT
  Algorithm: inplace
  Expected: CREATE
  Result: NO_OUTPUT
  Mismatch: No result SELECT in output - likely execution error

Test ID: TC-PA2891
  Type: SMALLINT -> INT
  Algorithm: inplace
  Expected: CREATE
  Result: NO_OUTPUT
  Mismatch: No result SELECT in output - likely execution error

Test ID: TC-PA2893
  Type: SMALLINT -> BIGINT
  Algorithm: inplace
  Expected: CREATE
  Result: NO_OUTPUT
  Mismatch: No result SELECT in output - likely execution error

Test ID: TC-PA2895
  Type: MEDIUMINT -> INT
  Algorithm: inplace
  Expected: CREATE
  Result: NO_OUTPUT
  Mismatch: No result SELECT in output - likely execution error

Test ID: TC-PA2897
  Type: MEDIUMINT -> BIGINT
  Algorithm: inplace
  Expected: CREATE
  Result: NO_OUTPUT
  Mismatch: No result SELECT in output - likely execution error

Test ID: TC-PA2899
  Type: INT -> BIGINT
  Algorithm: inplace
  Expected: CREATE
  Result: NO_OUTPUT
  Mismatch: No result SELECT in output - likely execution error

Test ID: TC-PA2901
  Type: TINYINT UNSIGNED -> SMALLINT UNSIGNED
  Algorithm: inplace
  Expected: CREATE
  Result: NO_OUTPUT
  Mismatch: No result SELECT in output - likely execution error

Test ID: TC-PA2903
  Type: TINYINT UNSIGNED -> MEDIUMINT UNSIGNED
  Algorithm: inplace
  Expected: CREATE
  Result: NO_OUTPUT
  Mismatch: No result SELECT in output - likely execution error

Test ID: TC-PA2905
  Type: TINYINT UNSIGNED -> INT UNSIGNED
  Algorithm: inplace
  Expected: CREATE
  Result: NO_OUTPUT
  Mismatch: No result SELECT in output - likely execution error

Test ID: TC-PA2907
  Type: TINYINT UNSIGNED -> BIGINT UNSIGNED
  Algorithm: inplace
  Expected: CREATE
  Result: NO_OUTPUT
  Mismatch: No result SELECT in output - likely execution error

Test ID: TC-PA2909
  Type: SMALLINT UNSIGNED -> MEDIUMINT UNSIGNED
  Algorithm: inplace
  Expected: CREATE
  Result: NO_OUTPUT
  Mismatch: No result SELECT in output - likely execution error

Test ID: TC-PA2911
  Type: SMALLINT UNSIGNED -> INT UNSIGNED
  Algorithm: inplace
  Expected: CREATE
  Result: NO_OUTPUT
  Mismatch: No result SELECT in output - likely execution error

Test ID: TC-PA2913
  Type: SMALLINT UNSIGNED -> BIGINT UNSIGNED
  Algorithm: inplace
  Expected: CREATE
  Result: NO_OUTPUT
  Mismatch: No result SELECT in output - likely execution error

Test ID: TC-PA2915
  Type: MEDIUMINT UNSIGNED -> INT UNSIGNED
  Algorithm: inplace
  Expected: CREATE
  Result: NO_OUTPUT
  Mismatch: No result SELECT in output - likely execution error

Test ID: TC-PA2917
  Type: MEDIUMINT UNSIGNED -> BIGINT UNSIGNED
  Algorithm: inplace
  Expected: CREATE
  Result: NO_OUTPUT
  Mismatch: No result SELECT in output - likely execution error

Test ID: TC-PA2919
  Type: INT UNSIGNED -> BIGINT UNSIGNED
  Algorithm: inplace
  Expected: CREATE
  Result: NO_OUTPUT
  Mismatch: No result SELECT in output - likely execution error

Test ID: TC-PA2921
  Type: CHAR(1) -> CHAR(2)
  Algorithm: inplace
  Expected: CREATE
  Result: NO_OUTPUT
  Mismatch: No result SELECT in output - likely execution error

Test ID: TC-PA2923
  Type: CHAR(63) -> CHAR(64)
  Algorithm: inplace
  Expected: CREATE
  Result: NO_OUTPUT
  Mismatch: No result SELECT in output - likely execution error

Test ID: TC-PA2925
  Type: CHAR(254) -> CHAR(255)
  Algorithm: inplace
  Expected: CREATE
  Result: NO_OUTPUT
  Mismatch: No result SELECT in output - likely execution error

Test ID: TC-PA2927
  Type: VARCHAR(1) -> VARCHAR(2)
  Algorithm: inplace
  Expected: CREATE
  Result: NO_OUTPUT
  Mismatch: No result SELECT in output - likely execution error

Test ID: TC-PA2929
  Type: VARCHAR(254) -> VARCHAR(255)
  Algorithm: inplace
  Expected: CREATE
  Result: NO_OUTPUT
  Mismatch: No result SELECT in output - likely execution error

Test ID: TC-PA2931
  Type: VARCHAR(255) -> VARCHAR(256)
  Algorithm: inplace
  Expected: CREATE
  Result: NO_OUTPUT
  Mismatch: No result SELECT in output - likely execution error

Test ID: TC-PA2933
  Type: VARCHAR(85) -> VARCHAR(86)
  Algorithm: inplace
  Expected: CREATE
  Result: NO_OUTPUT
  Mismatch: No result SELECT in output - likely execution error

Test ID: TC-PA2935
  Type: VARCHAR(63) -> VARCHAR(64)
  Algorithm: inplace
  Expected: CREATE
  Result: NO_OUTPUT
  Mismatch: No result SELECT in output - likely execution error

Test ID: TC-PA2937
  Type: VARCHAR(64) -> VARCHAR(65)
  Algorithm: inplace
  Expected: CREATE
  Result: NO_OUTPUT
  Mismatch: No result SELECT in output - likely execution error

Test ID: TC-PA2939
  Type: VARCHAR(100) -> VARCHAR(200)
  Algorithm: inplace
  Expected: CREATE
  Result: NO_OUTPUT
  Mismatch: No result SELECT in output - likely execution error

Test ID: TC-PA2941
  Type: TINYINT -> SMALLINT
  Algorithm: inplace
  Expected: CREATE
  Result: NO_OUTPUT
  Mismatch: No result SELECT in output - likely execution error

Test ID: TC-PA2943
  Type: TINYINT -> MEDIUMINT
  Algorithm: inplace
  Expected: CREATE
  Result: NO_OUTPUT
  Mismatch: No result SELECT in output - likely execution error

Test ID: TC-PA2945
  Type: TINYINT -> INT
  Algorithm: inplace
  Expected: CREATE
  Result: NO_OUTPUT
  Mismatch: No result SELECT in output - likely execution error

Test ID: TC-PA2947
  Type: TINYINT -> BIGINT
  Algorithm: inplace
  Expected: CREATE
  Result: NO_OUTPUT
  Mismatch: No result SELECT in output - likely execution error

Test ID: TC-PA2949
  Type: SMALLINT -> MEDIUMINT
  Algorithm: inplace
  Expected: CREATE
  Result: NO_OUTPUT
  Mismatch: No result SELECT in output - likely execution error

Test ID: TC-PA2951
  Type: SMALLINT -> INT
  Algorithm: inplace
  Expected: CREATE
  Result: NO_OUTPUT
  Mismatch: No result SELECT in output - likely execution error

Test ID: TC-PA2953
  Type: SMALLINT -> BIGINT
  Algorithm: inplace
  Expected: CREATE
  Result: NO_OUTPUT
  Mismatch: No result SELECT in output - likely execution error

Test ID: TC-PA2955
  Type: MEDIUMINT -> INT
  Algorithm: inplace
  Expected: CREATE
  Result: NO_OUTPUT
  Mismatch: No result SELECT in output - likely execution error

Test ID: TC-PA2957
  Type: MEDIUMINT -> BIGINT
  Algorithm: inplace
  Expected: CREATE
  Result: NO_OUTPUT
  Mismatch: No result SELECT in output - likely execution error

Test ID: TC-PA2959
  Type: INT -> BIGINT
  Algorithm: inplace
  Expected: CREATE
  Result: NO_OUTPUT
  Mismatch: No result SELECT in output - likely execution error

Test ID: TC-PA2961
  Type: TINYINT UNSIGNED -> SMALLINT UNSIGNED
  Algorithm: inplace
  Expected: CREATE
  Result: NO_OUTPUT
  Mismatch: No result SELECT in output - likely execution error

Test ID: TC-PA2963
  Type: TINYINT UNSIGNED -> MEDIUMINT UNSIGNED
  Algorithm: inplace
  Expected: CREATE
  Result: NO_OUTPUT
  Mismatch: No result SELECT in output - likely execution error

Test ID: TC-PA2965
  Type: TINYINT UNSIGNED -> INT UNSIGNED
  Algorithm: inplace
  Expected: CREATE
  Result: NO_OUTPUT
  Mismatch: No result SELECT in output - likely execution error

Test ID: TC-PA2967
  Type: TINYINT UNSIGNED -> BIGINT UNSIGNED
  Algorithm: inplace
  Expected: CREATE
  Result: NO_OUTPUT
  Mismatch: No result SELECT in output - likely execution error

Test ID: TC-PA2969
  Type: SMALLINT UNSIGNED -> MEDIUMINT UNSIGNED
  Algorithm: inplace
  Expected: CREATE
  Result: NO_OUTPUT
  Mismatch: No result SELECT in output - likely execution error

Test ID: TC-PA2971
  Type: SMALLINT UNSIGNED -> INT UNSIGNED
  Algorithm: inplace
  Expected: CREATE
  Result: NO_OUTPUT
  Mismatch: No result SELECT in output - likely execution error

Test ID: TC-PA2973
  Type: SMALLINT UNSIGNED -> BIGINT UNSIGNED
  Algorithm: inplace
  Expected: CREATE
  Result: NO_OUTPUT
  Mismatch: No result SELECT in output - likely execution error

Test ID: TC-PA2975
  Type: MEDIUMINT UNSIGNED -> INT UNSIGNED
  Algorithm: inplace
  Expected: CREATE
  Result: NO_OUTPUT
  Mismatch: No result SELECT in output - likely execution error

Test ID: TC-PA2977
  Type: MEDIUMINT UNSIGNED -> BIGINT UNSIGNED
  Algorithm: inplace
  Expected: CREATE
  Result: NO_OUTPUT
  Mismatch: No result SELECT in output - likely execution error

Test ID: TC-PA2979
  Type: INT UNSIGNED -> BIGINT UNSIGNED
  Algorithm: inplace
  Expected: CREATE
  Result: NO_OUTPUT
  Mismatch: No result SELECT in output - likely execution error

Test ID: TC-PA2981
  Type: CHAR(1) -> CHAR(2)
  Algorithm: inplace
  Expected: CREATE
  Result: NO_OUTPUT
  Mismatch: No result SELECT in output - likely execution error

Test ID: TC-PA2983
  Type: CHAR(63) -> CHAR(64)
  Algorithm: inplace
  Expected: CREATE
  Result: NO_OUTPUT
  Mismatch: No result SELECT in output - likely execution error

Test ID: TC-PA2985
  Type: CHAR(254) -> CHAR(255)
  Algorithm: inplace
  Expected: CREATE
  Result: NO_OUTPUT
  Mismatch: No result SELECT in output - likely execution error

Test ID: TC-PA2987
  Type: VARCHAR(1) -> VARCHAR(2)
  Algorithm: inplace
  Expected: CREATE
  Result: NO_OUTPUT
  Mismatch: No result SELECT in output - likely execution error

Test ID: TC-PA2989
  Type: VARCHAR(254) -> VARCHAR(255)
  Algorithm: inplace
  Expected: CREATE
  Result: NO_OUTPUT
  Mismatch: No result SELECT in output - likely execution error

Test ID: TC-PA2991
  Type: VARCHAR(255) -> VARCHAR(256)
  Algorithm: inplace
  Expected: CREATE
  Result: NO_OUTPUT
  Mismatch: No result SELECT in output - likely execution error

Test ID: TC-PA2993
  Type: VARCHAR(85) -> VARCHAR(86)
  Algorithm: inplace
  Expected: CREATE
  Result: NO_OUTPUT
  Mismatch: No result SELECT in output - likely execution error

Test ID: TC-PA2995
  Type: VARCHAR(63) -> VARCHAR(64)
  Algorithm: inplace
  Expected: CREATE
  Result: NO_OUTPUT
  Mismatch: No result SELECT in output - likely execution error

Test ID: TC-PA2997
  Type: VARCHAR(64) -> VARCHAR(65)
  Algorithm: inplace
  Expected: CREATE
  Result: NO_OUTPUT
  Mismatch: No result SELECT in output - likely execution error

Test ID: TC-PA2999
  Type: VARCHAR(100) -> VARCHAR(200)
  Algorithm: inplace
  Expected: CREATE
  Result: NO_OUTPUT
  Mismatch: No result SELECT in output - likely execution error

Test ID: TC-PA3001
  Type: TINYINT -> SMALLINT
  Algorithm: inplace
  Expected: CREATE
  Result: NO_OUTPUT
  Mismatch: No result SELECT in output - likely execution error

Test ID: TC-PA3003
  Type: TINYINT -> MEDIUMINT
  Algorithm: inplace
  Expected: CREATE
  Result: NO_OUTPUT
  Mismatch: No result SELECT in output - likely execution error

Test ID: TC-PA3005
  Type: TINYINT -> INT
  Algorithm: inplace
  Expected: CREATE
  Result: NO_OUTPUT
  Mismatch: No result SELECT in output - likely execution error

Test ID: TC-PA3007
  Type: TINYINT -> BIGINT
  Algorithm: inplace
  Expected: CREATE
  Result: NO_OUTPUT
  Mismatch: No result SELECT in output - likely execution error

Test ID: TC-PA3009
  Type: SMALLINT -> MEDIUMINT
  Algorithm: inplace
  Expected: CREATE
  Result: NO_OUTPUT
  Mismatch: No result SELECT in output - likely execution error

Test ID: TC-PA3011
  Type: SMALLINT -> INT
  Algorithm: inplace
  Expected: CREATE
  Result: NO_OUTPUT
  Mismatch: No result SELECT in output - likely execution error

Test ID: TC-PA3013
  Type: SMALLINT -> BIGINT
  Algorithm: inplace
  Expected: CREATE
  Result: NO_OUTPUT
  Mismatch: No result SELECT in output - likely execution error

Test ID: TC-PA3015
  Type: MEDIUMINT -> INT
  Algorithm: inplace
  Expected: CREATE
  Result: NO_OUTPUT
  Mismatch: No result SELECT in output - likely execution error

Test ID: TC-PA3017
  Type: MEDIUMINT -> BIGINT
  Algorithm: inplace
  Expected: CREATE
  Result: NO_OUTPUT
  Mismatch: No result SELECT in output - likely execution error

Test ID: TC-PA3019
  Type: INT -> BIGINT
  Algorithm: inplace
  Expected: CREATE
  Result: NO_OUTPUT
  Mismatch: No result SELECT in output - likely execution error

Test ID: TC-PA3021
  Type: TINYINT UNSIGNED -> SMALLINT UNSIGNED
  Algorithm: inplace
  Expected: CREATE
  Result: NO_OUTPUT
  Mismatch: No result SELECT in output - likely execution error

Test ID: TC-PA3023
  Type: TINYINT UNSIGNED -> MEDIUMINT UNSIGNED
  Algorithm: inplace
  Expected: CREATE
  Result: NO_OUTPUT
  Mismatch: No result SELECT in output - likely execution error

Test ID: TC-PA3025
  Type: TINYINT UNSIGNED -> INT UNSIGNED
  Algorithm: inplace
  Expected: CREATE
  Result: NO_OUTPUT
  Mismatch: No result SELECT in output - likely execution error

Test ID: TC-PA3027
  Type: TINYINT UNSIGNED -> BIGINT UNSIGNED
  Algorithm: inplace
  Expected: CREATE
  Result: NO_OUTPUT
  Mismatch: No result SELECT in output - likely execution error

Test ID: TC-PA3029
  Type: SMALLINT UNSIGNED -> MEDIUMINT UNSIGNED
  Algorithm: inplace
  Expected: CREATE
  Result: NO_OUTPUT
  Mismatch: No result SELECT in output - likely execution error

Test ID: TC-PA3031
  Type: SMALLINT UNSIGNED -> INT UNSIGNED
  Algorithm: inplace
  Expected: CREATE
  Result: NO_OUTPUT
  Mismatch: No result SELECT in output - likely execution error

Test ID: TC-PA3033
  Type: SMALLINT UNSIGNED -> BIGINT UNSIGNED
  Algorithm: inplace
  Expected: CREATE
  Result: NO_OUTPUT
  Mismatch: No result SELECT in output - likely execution error

Test ID: TC-PA3035
  Type: MEDIUMINT UNSIGNED -> INT UNSIGNED
  Algorithm: inplace
  Expected: CREATE
  Result: NO_OUTPUT
  Mismatch: No result SELECT in output - likely execution error

Test ID: TC-PA3037
  Type: MEDIUMINT UNSIGNED -> BIGINT UNSIGNED
  Algorithm: inplace
  Expected: CREATE
  Result: NO_OUTPUT
  Mismatch: No result SELECT in output - likely execution error

Test ID: TC-PA3039
  Type: INT UNSIGNED -> BIGINT UNSIGNED
  Algorithm: inplace
  Expected: CREATE
  Result: NO_OUTPUT
  Mismatch: No result SELECT in output - likely execution error

Test ID: TC-PA3041
  Type: CHAR(1) -> CHAR(2)
  Algorithm: inplace
  Expected: CREATE
  Result: NO_OUTPUT
  Mismatch: No result SELECT in output - likely execution error

Test ID: TC-PA3043
  Type: CHAR(63) -> CHAR(64)
  Algorithm: inplace
  Expected: CREATE
  Result: NO_OUTPUT
  Mismatch: No result SELECT in output - likely execution error

Test ID: TC-PA3045
  Type: CHAR(254) -> CHAR(255)
  Algorithm: inplace
  Expected: CREATE
  Result: NO_OUTPUT
  Mismatch: No result SELECT in output - likely execution error

Test ID: TC-PA3047
  Type: VARCHAR(1) -> VARCHAR(2)
  Algorithm: inplace
  Expected: CREATE
  Result: NO_OUTPUT
  Mismatch: No result SELECT in output - likely execution error

Test ID: TC-PA3049
  Type: VARCHAR(254) -> VARCHAR(255)
  Algorithm: inplace
  Expected: CREATE
  Result: NO_OUTPUT
  Mismatch: No result SELECT in output - likely execution error

Test ID: TC-PA3051
  Type: VARCHAR(255) -> VARCHAR(256)
  Algorithm: inplace
  Expected: CREATE
  Result: NO_OUTPUT
  Mismatch: No result SELECT in output - likely execution error

Test ID: TC-PA3053
  Type: VARCHAR(85) -> VARCHAR(86)
  Algorithm: inplace
  Expected: CREATE
  Result: NO_OUTPUT
  Mismatch: No result SELECT in output - likely execution error

Test ID: TC-PA3055
  Type: VARCHAR(63) -> VARCHAR(64)
  Algorithm: inplace
  Expected: CREATE
  Result: NO_OUTPUT
  Mismatch: No result SELECT in output - likely execution error

Test ID: TC-PA3057
  Type: VARCHAR(64) -> VARCHAR(65)
  Algorithm: inplace
  Expected: CREATE
  Result: NO_OUTPUT
  Mismatch: No result SELECT in output - likely execution error

Test ID: TC-PA3059
  Type: VARCHAR(100) -> VARCHAR(200)
  Algorithm: inplace
  Expected: CREATE
  Result: NO_OUTPUT
  Mismatch: No result SELECT in output - likely execution error

Test ID: TC-PA3061
  Type: TINYINT -> SMALLINT
  Algorithm: inplace
  Expected: CREATE
  Result: NO_OUTPUT
  Mismatch: No result SELECT in output - likely execution error

Test ID: TC-PA3063
  Type: TINYINT -> MEDIUMINT
  Algorithm: inplace
  Expected: CREATE
  Result: NO_OUTPUT
  Mismatch: No result SELECT in output - likely execution error

Test ID: TC-PA3065
  Type: TINYINT -> INT
  Algorithm: inplace
  Expected: CREATE
  Result: NO_OUTPUT
  Mismatch: No result SELECT in output - likely execution error

Test ID: TC-PA3067
  Type: TINYINT -> BIGINT
  Algorithm: inplace
  Expected: CREATE
  Result: NO_OUTPUT
  Mismatch: No result SELECT in output - likely execution error

Test ID: TC-PA3069
  Type: SMALLINT -> MEDIUMINT
  Algorithm: inplace
  Expected: CREATE
  Result: NO_OUTPUT
  Mismatch: No result SELECT in output - likely execution error

Test ID: TC-PA3071
  Type: SMALLINT -> INT
  Algorithm: inplace
  Expected: CREATE
  Result: NO_OUTPUT
  Mismatch: No result SELECT in output - likely execution error

Test ID: TC-PA3073
  Type: SMALLINT -> BIGINT
  Algorithm: inplace
  Expected: CREATE
  Result: NO_OUTPUT
  Mismatch: No result SELECT in output - likely execution error

Test ID: TC-PA3075
  Type: MEDIUMINT -> INT
  Algorithm: inplace
  Expected: CREATE
  Result: NO_OUTPUT
  Mismatch: No result SELECT in output - likely execution error

Test ID: TC-PA3077
  Type: MEDIUMINT -> BIGINT
  Algorithm: inplace
  Expected: CREATE
  Result: NO_OUTPUT
  Mismatch: No result SELECT in output - likely execution error

Test ID: TC-PA3079
  Type: INT -> BIGINT
  Algorithm: inplace
  Expected: CREATE
  Result: NO_OUTPUT
  Mismatch: No result SELECT in output - likely execution error

Test ID: TC-PA3081
  Type: TINYINT UNSIGNED -> SMALLINT UNSIGNED
  Algorithm: inplace
  Expected: CREATE
  Result: NO_OUTPUT
  Mismatch: No result SELECT in output - likely execution error

Test ID: TC-PA3083
  Type: TINYINT UNSIGNED -> MEDIUMINT UNSIGNED
  Algorithm: inplace
  Expected: CREATE
  Result: NO_OUTPUT
  Mismatch: No result SELECT in output - likely execution error

Test ID: TC-PA3085
  Type: TINYINT UNSIGNED -> INT UNSIGNED
  Algorithm: inplace
  Expected: CREATE
  Result: NO_OUTPUT
  Mismatch: No result SELECT in output - likely execution error

Test ID: TC-PA3087
  Type: TINYINT UNSIGNED -> BIGINT UNSIGNED
  Algorithm: inplace
  Expected: CREATE
  Result: NO_OUTPUT
  Mismatch: No result SELECT in output - likely execution error

Test ID: TC-PA3089
  Type: SMALLINT UNSIGNED -> MEDIUMINT UNSIGNED
  Algorithm: inplace
  Expected: CREATE
  Result: NO_OUTPUT
  Mismatch: No result SELECT in output - likely execution error

Test ID: TC-PA3091
  Type: SMALLINT UNSIGNED -> INT UNSIGNED
  Algorithm: inplace
  Expected: CREATE
  Result: NO_OUTPUT
  Mismatch: No result SELECT in output - likely execution error

Test ID: TC-PA3093
  Type: SMALLINT UNSIGNED -> BIGINT UNSIGNED
  Algorithm: inplace
  Expected: CREATE
  Result: NO_OUTPUT
  Mismatch: No result SELECT in output - likely execution error

Test ID: TC-PA3095
  Type: MEDIUMINT UNSIGNED -> INT UNSIGNED
  Algorithm: inplace
  Expected: CREATE
  Result: NO_OUTPUT
  Mismatch: No result SELECT in output - likely execution error

Test ID: TC-PA3097
  Type: MEDIUMINT UNSIGNED -> BIGINT UNSIGNED
  Algorithm: inplace
  Expected: CREATE
  Result: NO_OUTPUT
  Mismatch: No result SELECT in output - likely execution error

Test ID: TC-PA3099
  Type: INT UNSIGNED -> BIGINT UNSIGNED
  Algorithm: inplace
  Expected: CREATE
  Result: NO_OUTPUT
  Mismatch: No result SELECT in output - likely execution error

Test ID: TC-PA3101
  Type: CHAR(1) -> CHAR(2)
  Algorithm: inplace
  Expected: CREATE
  Result: NO_OUTPUT
  Mismatch: No result SELECT in output - likely execution error

Test ID: TC-PA3103
  Type: CHAR(63) -> CHAR(64)
  Algorithm: inplace
  Expected: CREATE
  Result: NO_OUTPUT
  Mismatch: No result SELECT in output - likely execution error

Test ID: TC-PA3105
  Type: CHAR(254) -> CHAR(255)
  Algorithm: inplace
  Expected: CREATE
  Result: NO_OUTPUT
  Mismatch: No result SELECT in output - likely execution error

Test ID: TC-PA3107
  Type: VARCHAR(1) -> VARCHAR(2)
  Algorithm: inplace
  Expected: CREATE
  Result: NO_OUTPUT
  Mismatch: No result SELECT in output - likely execution error

Test ID: TC-PA3109
  Type: VARCHAR(254) -> VARCHAR(255)
  Algorithm: inplace
  Expected: CREATE
  Result: NO_OUTPUT
  Mismatch: No result SELECT in output - likely execution error

Test ID: TC-PA3111
  Type: VARCHAR(255) -> VARCHAR(256)
  Algorithm: inplace
  Expected: CREATE
  Result: NO_OUTPUT
  Mismatch: No result SELECT in output - likely execution error

Test ID: TC-PA3113
  Type: VARCHAR(85) -> VARCHAR(86)
  Algorithm: inplace
  Expected: CREATE
  Result: NO_OUTPUT
  Mismatch: No result SELECT in output - likely execution error

Test ID: TC-PA3115
  Type: VARCHAR(63) -> VARCHAR(64)
  Algorithm: inplace
  Expected: CREATE
  Result: NO_OUTPUT
  Mismatch: No result SELECT in output - likely execution error

Test ID: TC-PA3117
  Type: VARCHAR(64) -> VARCHAR(65)
  Algorithm: inplace
  Expected: CREATE
  Result: NO_OUTPUT
  Mismatch: No result SELECT in output - likely execution error

Test ID: TC-PA3119
  Type: VARCHAR(100) -> VARCHAR(200)
  Algorithm: inplace
  Expected: CREATE
  Result: NO_OUTPUT
  Mismatch: No result SELECT in output - likely execution error

Test ID: TC-PA3121
  Type: TINYINT -> SMALLINT
  Algorithm: inplace
  Expected: CREATE
  Result: NO_OUTPUT
  Mismatch: No result SELECT in output - likely execution error

Test ID: TC-PA3123
  Type: TINYINT -> MEDIUMINT
  Algorithm: inplace
  Expected: CREATE
  Result: NO_OUTPUT
  Mismatch: No result SELECT in output - likely execution error

Test ID: TC-PA3125
  Type: TINYINT -> INT
  Algorithm: inplace
  Expected: CREATE
  Result: NO_OUTPUT
  Mismatch: No result SELECT in output - likely execution error

Test ID: TC-PA3127
  Type: TINYINT -> BIGINT
  Algorithm: inplace
  Expected: CREATE
  Result: NO_OUTPUT
  Mismatch: No result SELECT in output - likely execution error

Test ID: TC-PA3129
  Type: SMALLINT -> MEDIUMINT
  Algorithm: inplace
  Expected: CREATE
  Result: NO_OUTPUT
  Mismatch: No result SELECT in output - likely execution error

Test ID: TC-PA3131
  Type: SMALLINT -> INT
  Algorithm: inplace
  Expected: CREATE
  Result: NO_OUTPUT
  Mismatch: No result SELECT in output - likely execution error

Test ID: TC-PA3133
  Type: SMALLINT -> BIGINT
  Algorithm: inplace
  Expected: CREATE
  Result: NO_OUTPUT
  Mismatch: No result SELECT in output - likely execution error

Test ID: TC-PA3135
  Type: MEDIUMINT -> INT
  Algorithm: inplace
  Expected: CREATE
  Result: NO_OUTPUT
  Mismatch: No result SELECT in output - likely execution error

Test ID: TC-PA3137
  Type: MEDIUMINT -> BIGINT
  Algorithm: inplace
  Expected: CREATE
  Result: NO_OUTPUT
  Mismatch: No result SELECT in output - likely execution error

Test ID: TC-PA3139
  Type: INT -> BIGINT
  Algorithm: inplace
  Expected: CREATE
  Result: NO_OUTPUT
  Mismatch: No result SELECT in output - likely execution error

Test ID: TC-PA3141
  Type: TINYINT UNSIGNED -> SMALLINT UNSIGNED
  Algorithm: inplace
  Expected: CREATE
  Result: NO_OUTPUT
  Mismatch: No result SELECT in output - likely execution error

Test ID: TC-PA3143
  Type: TINYINT UNSIGNED -> MEDIUMINT UNSIGNED
  Algorithm: inplace
  Expected: CREATE
  Result: NO_OUTPUT
  Mismatch: No result SELECT in output - likely execution error

Test ID: TC-PA3145
  Type: TINYINT UNSIGNED -> INT UNSIGNED
  Algorithm: inplace
  Expected: CREATE
  Result: NO_OUTPUT
  Mismatch: No result SELECT in output - likely execution error

Test ID: TC-PA3147
  Type: TINYINT UNSIGNED -> BIGINT UNSIGNED
  Algorithm: inplace
  Expected: CREATE
  Result: NO_OUTPUT
  Mismatch: No result SELECT in output - likely execution error

Test ID: TC-PA3149
  Type: SMALLINT UNSIGNED -> MEDIUMINT UNSIGNED
  Algorithm: inplace
  Expected: CREATE
  Result: NO_OUTPUT
  Mismatch: No result SELECT in output - likely execution error

Test ID: TC-PA3151
  Type: SMALLINT UNSIGNED -> INT UNSIGNED
  Algorithm: inplace
  Expected: CREATE
  Result: NO_OUTPUT
  Mismatch: No result SELECT in output - likely execution error

Test ID: TC-PA3153
  Type: SMALLINT UNSIGNED -> BIGINT UNSIGNED
  Algorithm: inplace
  Expected: CREATE
  Result: NO_OUTPUT
  Mismatch: No result SELECT in output - likely execution error

Test ID: TC-PA3155
  Type: MEDIUMINT UNSIGNED -> INT UNSIGNED
  Algorithm: inplace
  Expected: CREATE
  Result: NO_OUTPUT
  Mismatch: No result SELECT in output - likely execution error

Test ID: TC-PA3157
  Type: MEDIUMINT UNSIGNED -> BIGINT UNSIGNED
  Algorithm: inplace
  Expected: CREATE
  Result: NO_OUTPUT
  Mismatch: No result SELECT in output - likely execution error

Test ID: TC-PA3159
  Type: INT UNSIGNED -> BIGINT UNSIGNED
  Algorithm: inplace
  Expected: CREATE
  Result: NO_OUTPUT
  Mismatch: No result SELECT in output - likely execution error

Test ID: TC-PA3161
  Type: CHAR(1) -> CHAR(2)
  Algorithm: inplace
  Expected: CREATE
  Result: NO_OUTPUT
  Mismatch: No result SELECT in output - likely execution error

Test ID: TC-PA3163
  Type: CHAR(63) -> CHAR(64)
  Algorithm: inplace
  Expected: CREATE
  Result: NO_OUTPUT
  Mismatch: No result SELECT in output - likely execution error

Test ID: TC-PA3165
  Type: CHAR(254) -> CHAR(255)
  Algorithm: inplace
  Expected: CREATE
  Result: NO_OUTPUT
  Mismatch: No result SELECT in output - likely execution error

Test ID: TC-PA3167
  Type: VARCHAR(1) -> VARCHAR(2)
  Algorithm: inplace
  Expected: CREATE
  Result: NO_OUTPUT
  Mismatch: No result SELECT in output - likely execution error

Test ID: TC-PA3169
  Type: VARCHAR(254) -> VARCHAR(255)
  Algorithm: inplace
  Expected: CREATE
  Result: NO_OUTPUT
  Mismatch: No result SELECT in output - likely execution error

Test ID: TC-PA3171
  Type: VARCHAR(255) -> VARCHAR(256)
  Algorithm: inplace
  Expected: CREATE
  Result: NO_OUTPUT
  Mismatch: No result SELECT in output - likely execution error

Test ID: TC-PA3173
  Type: VARCHAR(85) -> VARCHAR(86)
  Algorithm: inplace
  Expected: CREATE
  Result: NO_OUTPUT
  Mismatch: No result SELECT in output - likely execution error

Test ID: TC-PA3175
  Type: VARCHAR(63) -> VARCHAR(64)
  Algorithm: inplace
  Expected: CREATE
  Result: NO_OUTPUT
  Mismatch: No result SELECT in output - likely execution error

Test ID: TC-PA3177
  Type: VARCHAR(64) -> VARCHAR(65)
  Algorithm: inplace
  Expected: CREATE
  Result: NO_OUTPUT
  Mismatch: No result SELECT in output - likely execution error

Test ID: TC-PA3179
  Type: VARCHAR(100) -> VARCHAR(200)
  Algorithm: inplace
  Expected: CREATE
  Result: NO_OUTPUT
  Mismatch: No result SELECT in output - likely execution error

Test ID: TC-PA3181
  Type: TINYINT -> SMALLINT
  Algorithm: inplace
  Expected: CREATE
  Result: NO_OUTPUT
  Mismatch: No result SELECT in output - likely execution error

Test ID: TC-PA3183
  Type: TINYINT -> MEDIUMINT
  Algorithm: inplace
  Expected: CREATE
  Result: NO_OUTPUT
  Mismatch: No result SELECT in output - likely execution error

Test ID: TC-PA3185
  Type: TINYINT -> INT
  Algorithm: inplace
  Expected: CREATE
  Result: NO_OUTPUT
  Mismatch: No result SELECT in output - likely execution error

Test ID: TC-PA3187
  Type: TINYINT -> BIGINT
  Algorithm: inplace
  Expected: CREATE
  Result: NO_OUTPUT
  Mismatch: No result SELECT in output - likely execution error

Test ID: TC-PA3189
  Type: SMALLINT -> MEDIUMINT
  Algorithm: inplace
  Expected: CREATE
  Result: NO_OUTPUT
  Mismatch: No result SELECT in output - likely execution error

Test ID: TC-PA3191
  Type: SMALLINT -> INT
  Algorithm: inplace
  Expected: CREATE
  Result: NO_OUTPUT
  Mismatch: No result SELECT in output - likely execution error

Test ID: TC-PA3193
  Type: SMALLINT -> BIGINT
  Algorithm: inplace
  Expected: CREATE
  Result: NO_OUTPUT
  Mismatch: No result SELECT in output - likely execution error

Test ID: TC-PA3195
  Type: MEDIUMINT -> INT
  Algorithm: inplace
  Expected: CREATE
  Result: NO_OUTPUT
  Mismatch: No result SELECT in output - likely execution error

Test ID: TC-PA3197
  Type: MEDIUMINT -> BIGINT
  Algorithm: inplace
  Expected: CREATE
  Result: NO_OUTPUT
  Mismatch: No result SELECT in output - likely execution error

Test ID: TC-PA3199
  Type: INT -> BIGINT
  Algorithm: inplace
  Expected: CREATE
  Result: NO_OUTPUT
  Mismatch: No result SELECT in output - likely execution error

Test ID: TC-PA3201
  Type: TINYINT UNSIGNED -> SMALLINT UNSIGNED
  Algorithm: inplace
  Expected: CREATE
  Result: NO_OUTPUT
  Mismatch: No result SELECT in output - likely execution error

Test ID: TC-PA3203
  Type: TINYINT UNSIGNED -> MEDIUMINT UNSIGNED
  Algorithm: inplace
  Expected: CREATE
  Result: NO_OUTPUT
  Mismatch: No result SELECT in output - likely execution error

Test ID: TC-PA3205
  Type: TINYINT UNSIGNED -> INT UNSIGNED
  Algorithm: inplace
  Expected: CREATE
  Result: NO_OUTPUT
  Mismatch: No result SELECT in output - likely execution error

Test ID: TC-PA3207
  Type: TINYINT UNSIGNED -> BIGINT UNSIGNED
  Algorithm: inplace
  Expected: CREATE
  Result: NO_OUTPUT
  Mismatch: No result SELECT in output - likely execution error

Test ID: TC-PA3209
  Type: SMALLINT UNSIGNED -> MEDIUMINT UNSIGNED
  Algorithm: inplace
  Expected: CREATE
  Result: NO_OUTPUT
  Mismatch: No result SELECT in output - likely execution error

Test ID: TC-PA3211
  Type: SMALLINT UNSIGNED -> INT UNSIGNED
  Algorithm: inplace
  Expected: CREATE
  Result: NO_OUTPUT
  Mismatch: No result SELECT in output - likely execution error

Test ID: TC-PA3213
  Type: SMALLINT UNSIGNED -> BIGINT UNSIGNED
  Algorithm: inplace
  Expected: CREATE
  Result: NO_OUTPUT
  Mismatch: No result SELECT in output - likely execution error

Test ID: TC-PA3215
  Type: MEDIUMINT UNSIGNED -> INT UNSIGNED
  Algorithm: inplace
  Expected: CREATE
  Result: NO_OUTPUT
  Mismatch: No result SELECT in output - likely execution error

Test ID: TC-PA3217
  Type: MEDIUMINT UNSIGNED -> BIGINT UNSIGNED
  Algorithm: inplace
  Expected: CREATE
  Result: NO_OUTPUT
  Mismatch: No result SELECT in output - likely execution error

Test ID: TC-PA3219
  Type: INT UNSIGNED -> BIGINT UNSIGNED
  Algorithm: inplace
  Expected: CREATE
  Result: NO_OUTPUT
  Mismatch: No result SELECT in output - likely execution error

Test ID: TC-PA3221
  Type: CHAR(1) -> CHAR(2)
  Algorithm: inplace
  Expected: CREATE
  Result: NO_OUTPUT
  Mismatch: No result SELECT in output - likely execution error

Test ID: TC-PA3223
  Type: CHAR(63) -> CHAR(64)
  Algorithm: inplace
  Expected: CREATE
  Result: NO_OUTPUT
  Mismatch: No result SELECT in output - likely execution error

Test ID: TC-PA3225
  Type: CHAR(254) -> CHAR(255)
  Algorithm: inplace
  Expected: CREATE
  Result: NO_OUTPUT
  Mismatch: No result SELECT in output - likely execution error

Test ID: TC-PA3227
  Type: VARCHAR(1) -> VARCHAR(2)
  Algorithm: inplace
  Expected: CREATE
  Result: NO_OUTPUT
  Mismatch: No result SELECT in output - likely execution error

Test ID: TC-PA3229
  Type: VARCHAR(254) -> VARCHAR(255)
  Algorithm: inplace
  Expected: CREATE
  Result: NO_OUTPUT
  Mismatch: No result SELECT in output - likely execution error

Test ID: TC-PA3231
  Type: VARCHAR(255) -> VARCHAR(256)
  Algorithm: inplace
  Expected: CREATE
  Result: NO_OUTPUT
  Mismatch: No result SELECT in output - likely execution error

Test ID: TC-PA3233
  Type: VARCHAR(85) -> VARCHAR(86)
  Algorithm: inplace
  Expected: CREATE
  Result: NO_OUTPUT
  Mismatch: No result SELECT in output - likely execution error

Test ID: TC-PA3235
  Type: VARCHAR(63) -> VARCHAR(64)
  Algorithm: inplace
  Expected: CREATE
  Result: NO_OUTPUT
  Mismatch: No result SELECT in output - likely execution error

Test ID: TC-PA3237
  Type: VARCHAR(64) -> VARCHAR(65)
  Algorithm: inplace
  Expected: CREATE
  Result: NO_OUTPUT
  Mismatch: No result SELECT in output - likely execution error

Test ID: TC-PA3239
  Type: VARCHAR(100) -> VARCHAR(200)
  Algorithm: inplace
  Expected: CREATE
  Result: NO_OUTPUT
  Mismatch: No result SELECT in output - likely execution error

Test ID: TC-PA3241
  Type: TINYINT -> SMALLINT
  Algorithm: inplace
  Expected: CREATE
  Result: NO_OUTPUT
  Mismatch: No result SELECT in output - likely execution error

Test ID: TC-PA3243
  Type: TINYINT -> MEDIUMINT
  Algorithm: inplace
  Expected: CREATE
  Result: NO_OUTPUT
  Mismatch: No result SELECT in output - likely execution error

Test ID: TC-PA3245
  Type: TINYINT -> INT
  Algorithm: inplace
  Expected: CREATE
  Result: NO_OUTPUT
  Mismatch: No result SELECT in output - likely execution error

Test ID: TC-PA3247
  Type: TINYINT -> BIGINT
  Algorithm: inplace
  Expected: CREATE
  Result: NO_OUTPUT
  Mismatch: No result SELECT in output - likely execution error

Test ID: TC-PA3249
  Type: SMALLINT -> MEDIUMINT
  Algorithm: inplace
  Expected: CREATE
  Result: NO_OUTPUT
  Mismatch: No result SELECT in output - likely execution error

Test ID: TC-PA3251
  Type: SMALLINT -> INT
  Algorithm: inplace
  Expected: CREATE
  Result: NO_OUTPUT
  Mismatch: No result SELECT in output - likely execution error

Test ID: TC-PA3253
  Type: SMALLINT -> BIGINT
  Algorithm: inplace
  Expected: CREATE
  Result: NO_OUTPUT
  Mismatch: No result SELECT in output - likely execution error

Test ID: TC-PA3255
  Type: MEDIUMINT -> INT
  Algorithm: inplace
  Expected: CREATE
  Result: NO_OUTPUT
  Mismatch: No result SELECT in output - likely execution error

Test ID: TC-PA3257
  Type: MEDIUMINT -> BIGINT
  Algorithm: inplace
  Expected: CREATE
  Result: NO_OUTPUT
  Mismatch: No result SELECT in output - likely execution error

Test ID: TC-PA3259
  Type: INT -> BIGINT
  Algorithm: inplace
  Expected: CREATE
  Result: NO_OUTPUT
  Mismatch: No result SELECT in output - likely execution error

Test ID: TC-PA3261
  Type: TINYINT UNSIGNED -> SMALLINT UNSIGNED
  Algorithm: inplace
  Expected: CREATE
  Result: NO_OUTPUT
  Mismatch: No result SELECT in output - likely execution error

Test ID: TC-PA3263
  Type: TINYINT UNSIGNED -> MEDIUMINT UNSIGNED
  Algorithm: inplace
  Expected: CREATE
  Result: NO_OUTPUT
  Mismatch: No result SELECT in output - likely execution error

Test ID: TC-PA3265
  Type: TINYINT UNSIGNED -> INT UNSIGNED
  Algorithm: inplace
  Expected: CREATE
  Result: NO_OUTPUT
  Mismatch: No result SELECT in output - likely execution error

Test ID: TC-PA3267
  Type: TINYINT UNSIGNED -> BIGINT UNSIGNED
  Algorithm: inplace
  Expected: CREATE
  Result: NO_OUTPUT
  Mismatch: No result SELECT in output - likely execution error

Test ID: TC-PA3269
  Type: SMALLINT UNSIGNED -> MEDIUMINT UNSIGNED
  Algorithm: inplace
  Expected: CREATE
  Result: NO_OUTPUT
  Mismatch: No result SELECT in output - likely execution error

Test ID: TC-PA3271
  Type: SMALLINT UNSIGNED -> INT UNSIGNED
  Algorithm: inplace
  Expected: CREATE
  Result: NO_OUTPUT
  Mismatch: No result SELECT in output - likely execution error

Test ID: TC-PA3273
  Type: SMALLINT UNSIGNED -> BIGINT UNSIGNED
  Algorithm: inplace
  Expected: CREATE
  Result: NO_OUTPUT
  Mismatch: No result SELECT in output - likely execution error

Test ID: TC-PA3275
  Type: MEDIUMINT UNSIGNED -> INT UNSIGNED
  Algorithm: inplace
  Expected: CREATE
  Result: NO_OUTPUT
  Mismatch: No result SELECT in output - likely execution error

Test ID: TC-PA3277
  Type: MEDIUMINT UNSIGNED -> BIGINT UNSIGNED
  Algorithm: inplace
  Expected: CREATE
  Result: NO_OUTPUT
  Mismatch: No result SELECT in output - likely execution error

Test ID: TC-PA3279
  Type: INT UNSIGNED -> BIGINT UNSIGNED
  Algorithm: inplace
  Expected: CREATE
  Result: NO_OUTPUT
  Mismatch: No result SELECT in output - likely execution error

Test ID: TC-PA3281
  Type: CHAR(1) -> CHAR(2)
  Algorithm: inplace
  Expected: CREATE
  Result: NO_OUTPUT
  Mismatch: No result SELECT in output - likely execution error

Test ID: TC-PA3283
  Type: CHAR(63) -> CHAR(64)
  Algorithm: inplace
  Expected: CREATE
  Result: NO_OUTPUT
  Mismatch: No result SELECT in output - likely execution error

Test ID: TC-PA3285
  Type: CHAR(254) -> CHAR(255)
  Algorithm: inplace
  Expected: CREATE
  Result: NO_OUTPUT
  Mismatch: No result SELECT in output - likely execution error

Test ID: TC-PA3287
  Type: VARCHAR(1) -> VARCHAR(2)
  Algorithm: inplace
  Expected: CREATE
  Result: NO_OUTPUT
  Mismatch: No result SELECT in output - likely execution error

Test ID: TC-PA3289
  Type: VARCHAR(254) -> VARCHAR(255)
  Algorithm: inplace
  Expected: CREATE
  Result: NO_OUTPUT
  Mismatch: No result SELECT in output - likely execution error

Test ID: TC-PA3291
  Type: VARCHAR(255) -> VARCHAR(256)
  Algorithm: inplace
  Expected: CREATE
  Result: NO_OUTPUT
  Mismatch: No result SELECT in output - likely execution error

Test ID: TC-PA3293
  Type: VARCHAR(85) -> VARCHAR(86)
  Algorithm: inplace
  Expected: CREATE
  Result: NO_OUTPUT
  Mismatch: No result SELECT in output - likely execution error

Test ID: TC-PA3295
  Type: VARCHAR(63) -> VARCHAR(64)
  Algorithm: inplace
  Expected: CREATE
  Result: NO_OUTPUT
  Mismatch: No result SELECT in output - likely execution error

Test ID: TC-PA3297
  Type: VARCHAR(64) -> VARCHAR(65)
  Algorithm: inplace
  Expected: CREATE
  Result: NO_OUTPUT
  Mismatch: No result SELECT in output - likely execution error

Test ID: TC-PA3299
  Type: VARCHAR(100) -> VARCHAR(200)
  Algorithm: inplace
  Expected: CREATE
  Result: NO_OUTPUT
  Mismatch: No result SELECT in output - likely execution error

Test ID: TC-PA3301
  Type: TINYINT -> SMALLINT
  Algorithm: inplace
  Expected: CREATE
  Result: NO_OUTPUT
  Mismatch: No result SELECT in output - likely execution error

Test ID: TC-PA3303
  Type: TINYINT -> MEDIUMINT
  Algorithm: inplace
  Expected: CREATE
  Result: NO_OUTPUT
  Mismatch: No result SELECT in output - likely execution error

Test ID: TC-PA3305
  Type: TINYINT -> INT
  Algorithm: inplace
  Expected: CREATE
  Result: NO_OUTPUT
  Mismatch: No result SELECT in output - likely execution error

Test ID: TC-PA3307
  Type: TINYINT -> BIGINT
  Algorithm: inplace
  Expected: CREATE
  Result: NO_OUTPUT
  Mismatch: No result SELECT in output - likely execution error

Test ID: TC-PA3309
  Type: SMALLINT -> MEDIUMINT
  Algorithm: inplace
  Expected: CREATE
  Result: NO_OUTPUT
  Mismatch: No result SELECT in output - likely execution error

Test ID: TC-PA3311
  Type: SMALLINT -> INT
  Algorithm: inplace
  Expected: CREATE
  Result: NO_OUTPUT
  Mismatch: No result SELECT in output - likely execution error

Test ID: TC-PA3313
  Type: SMALLINT -> BIGINT
  Algorithm: inplace
  Expected: CREATE
  Result: NO_OUTPUT
  Mismatch: No result SELECT in output - likely execution error

Test ID: TC-PA3315
  Type: MEDIUMINT -> INT
  Algorithm: inplace
  Expected: CREATE
  Result: NO_OUTPUT
  Mismatch: No result SELECT in output - likely execution error

Test ID: TC-PA3317
  Type: MEDIUMINT -> BIGINT
  Algorithm: inplace
  Expected: CREATE
  Result: NO_OUTPUT
  Mismatch: No result SELECT in output - likely execution error

Test ID: TC-PA3319
  Type: INT -> BIGINT
  Algorithm: inplace
  Expected: CREATE
  Result: NO_OUTPUT
  Mismatch: No result SELECT in output - likely execution error

Test ID: TC-PA3321
  Type: TINYINT UNSIGNED -> SMALLINT UNSIGNED
  Algorithm: inplace
  Expected: CREATE
  Result: NO_OUTPUT
  Mismatch: No result SELECT in output - likely execution error

Test ID: TC-PA3323
  Type: TINYINT UNSIGNED -> MEDIUMINT UNSIGNED
  Algorithm: inplace
  Expected: CREATE
  Result: NO_OUTPUT
  Mismatch: No result SELECT in output - likely execution error

Test ID: TC-PA3325
  Type: TINYINT UNSIGNED -> INT UNSIGNED
  Algorithm: inplace
  Expected: CREATE
  Result: NO_OUTPUT
  Mismatch: No result SELECT in output - likely execution error

Test ID: TC-PA3327
  Type: TINYINT UNSIGNED -> BIGINT UNSIGNED
  Algorithm: inplace
  Expected: CREATE
  Result: NO_OUTPUT
  Mismatch: No result SELECT in output - likely execution error

Test ID: TC-PA3329
  Type: SMALLINT UNSIGNED -> MEDIUMINT UNSIGNED
  Algorithm: inplace
  Expected: CREATE
  Result: NO_OUTPUT
  Mismatch: No result SELECT in output - likely execution error

Test ID: TC-PA3331
  Type: SMALLINT UNSIGNED -> INT UNSIGNED
  Algorithm: inplace
  Expected: CREATE
  Result: NO_OUTPUT
  Mismatch: No result SELECT in output - likely execution error

Test ID: TC-PA3333
  Type: SMALLINT UNSIGNED -> BIGINT UNSIGNED
  Algorithm: inplace
  Expected: CREATE
  Result: NO_OUTPUT
  Mismatch: No result SELECT in output - likely execution error

Test ID: TC-PA3335
  Type: MEDIUMINT UNSIGNED -> INT UNSIGNED
  Algorithm: inplace
  Expected: CREATE
  Result: NO_OUTPUT
  Mismatch: No result SELECT in output - likely execution error

Test ID: TC-PA3337
  Type: MEDIUMINT UNSIGNED -> BIGINT UNSIGNED
  Algorithm: inplace
  Expected: CREATE
  Result: NO_OUTPUT
  Mismatch: No result SELECT in output - likely execution error

Test ID: TC-PA3339
  Type: INT UNSIGNED -> BIGINT UNSIGNED
  Algorithm: inplace
  Expected: CREATE
  Result: NO_OUTPUT
  Mismatch: No result SELECT in output - likely execution error

Test ID: TC-PA3341
  Type: CHAR(1) -> CHAR(2)
  Algorithm: inplace
  Expected: CREATE
  Result: NO_OUTPUT
  Mismatch: No result SELECT in output - likely execution error

Test ID: TC-PA3343
  Type: CHAR(63) -> CHAR(64)
  Algorithm: inplace
  Expected: CREATE
  Result: NO_OUTPUT
  Mismatch: No result SELECT in output - likely execution error

Test ID: TC-PA3345
  Type: CHAR(254) -> CHAR(255)
  Algorithm: inplace
  Expected: CREATE
  Result: NO_OUTPUT
  Mismatch: No result SELECT in output - likely execution error

Test ID: TC-PA3347
  Type: VARCHAR(1) -> VARCHAR(2)
  Algorithm: inplace
  Expected: CREATE
  Result: NO_OUTPUT
  Mismatch: No result SELECT in output - likely execution error

Test ID: TC-PA3349
  Type: VARCHAR(254) -> VARCHAR(255)
  Algorithm: inplace
  Expected: CREATE
  Result: NO_OUTPUT
  Mismatch: No result SELECT in output - likely execution error

Test ID: TC-PA3351
  Type: VARCHAR(255) -> VARCHAR(256)
  Algorithm: inplace
  Expected: CREATE
  Result: NO_OUTPUT
  Mismatch: No result SELECT in output - likely execution error

Test ID: TC-PA3353
  Type: VARCHAR(85) -> VARCHAR(86)
  Algorithm: inplace
  Expected: CREATE
  Result: NO_OUTPUT
  Mismatch: No result SELECT in output - likely execution error

Test ID: TC-PA3355
  Type: VARCHAR(63) -> VARCHAR(64)
  Algorithm: inplace
  Expected: CREATE
  Result: NO_OUTPUT
  Mismatch: No result SELECT in output - likely execution error

Test ID: TC-PA3357
  Type: VARCHAR(64) -> VARCHAR(65)
  Algorithm: inplace
  Expected: CREATE
  Result: NO_OUTPUT
  Mismatch: No result SELECT in output - likely execution error

Test ID: TC-PA3359
  Type: VARCHAR(100) -> VARCHAR(200)
  Algorithm: inplace
  Expected: CREATE
  Result: NO_OUTPUT
  Mismatch: No result SELECT in output - likely execution error

Test ID: TC-PA3361
  Type: TINYINT -> SMALLINT
  Algorithm: inplace
  Expected: CREATE
  Result: NO_OUTPUT
  Mismatch: No result SELECT in output - likely execution error

Test ID: TC-PA3363
  Type: TINYINT -> MEDIUMINT
  Algorithm: inplace
  Expected: CREATE
  Result: NO_OUTPUT
  Mismatch: No result SELECT in output - likely execution error

Test ID: TC-PA3365
  Type: TINYINT -> INT
  Algorithm: inplace
  Expected: CREATE
  Result: NO_OUTPUT
  Mismatch: No result SELECT in output - likely execution error

Test ID: TC-PA3367
  Type: TINYINT -> BIGINT
  Algorithm: inplace
  Expected: CREATE
  Result: NO_OUTPUT
  Mismatch: No result SELECT in output - likely execution error

Test ID: TC-PA3369
  Type: SMALLINT -> MEDIUMINT
  Algorithm: inplace
  Expected: CREATE
  Result: NO_OUTPUT
  Mismatch: No result SELECT in output - likely execution error

Test ID: TC-PA3371
  Type: SMALLINT -> INT
  Algorithm: inplace
  Expected: CREATE
  Result: NO_OUTPUT
  Mismatch: No result SELECT in output - likely execution error

Test ID: TC-PA3373
  Type: SMALLINT -> BIGINT
  Algorithm: inplace
  Expected: CREATE
  Result: NO_OUTPUT
  Mismatch: No result SELECT in output - likely execution error

Test ID: TC-PA3375
  Type: MEDIUMINT -> INT
  Algorithm: inplace
  Expected: CREATE
  Result: NO_OUTPUT
  Mismatch: No result SELECT in output - likely execution error

Test ID: TC-PA3377
  Type: MEDIUMINT -> BIGINT
  Algorithm: inplace
  Expected: CREATE
  Result: NO_OUTPUT
  Mismatch: No result SELECT in output - likely execution error

Test ID: TC-PA3379
  Type: INT -> BIGINT
  Algorithm: inplace
  Expected: CREATE
  Result: NO_OUTPUT
  Mismatch: No result SELECT in output - likely execution error

Test ID: TC-PA3381
  Type: TINYINT UNSIGNED -> SMALLINT UNSIGNED
  Algorithm: inplace
  Expected: CREATE
  Result: NO_OUTPUT
  Mismatch: No result SELECT in output - likely execution error

Test ID: TC-PA3383
  Type: TINYINT UNSIGNED -> MEDIUMINT UNSIGNED
  Algorithm: inplace
  Expected: CREATE
  Result: NO_OUTPUT
  Mismatch: No result SELECT in output - likely execution error

Test ID: TC-PA3385
  Type: TINYINT UNSIGNED -> INT UNSIGNED
  Algorithm: inplace
  Expected: CREATE
  Result: NO_OUTPUT
  Mismatch: No result SELECT in output - likely execution error

Test ID: TC-PA3387
  Type: TINYINT UNSIGNED -> BIGINT UNSIGNED
  Algorithm: inplace
  Expected: CREATE
  Result: NO_OUTPUT
  Mismatch: No result SELECT in output - likely execution error

Test ID: TC-PA3389
  Type: SMALLINT UNSIGNED -> MEDIUMINT UNSIGNED
  Algorithm: inplace
  Expected: CREATE
  Result: NO_OUTPUT
  Mismatch: No result SELECT in output - likely execution error

Test ID: TC-PA3391
  Type: SMALLINT UNSIGNED -> INT UNSIGNED
  Algorithm: inplace
  Expected: CREATE
  Result: NO_OUTPUT
  Mismatch: No result SELECT in output - likely execution error

Test ID: TC-PA3393
  Type: SMALLINT UNSIGNED -> BIGINT UNSIGNED
  Algorithm: inplace
  Expected: CREATE
  Result: NO_OUTPUT
  Mismatch: No result SELECT in output - likely execution error

Test ID: TC-PA3395
  Type: MEDIUMINT UNSIGNED -> INT UNSIGNED
  Algorithm: inplace
  Expected: CREATE
  Result: NO_OUTPUT
  Mismatch: No result SELECT in output - likely execution error

Test ID: TC-PA3397
  Type: MEDIUMINT UNSIGNED -> BIGINT UNSIGNED
  Algorithm: inplace
  Expected: CREATE
  Result: NO_OUTPUT
  Mismatch: No result SELECT in output - likely execution error

Test ID: TC-PA3399
  Type: INT UNSIGNED -> BIGINT UNSIGNED
  Algorithm: inplace
  Expected: CREATE
  Result: NO_OUTPUT
  Mismatch: No result SELECT in output - likely execution error

Test ID: TC-PA3401
  Type: CHAR(1) -> CHAR(2)
  Algorithm: inplace
  Expected: CREATE
  Result: NO_OUTPUT
  Mismatch: No result SELECT in output - likely execution error

Test ID: TC-PA3403
  Type: CHAR(63) -> CHAR(64)
  Algorithm: inplace
  Expected: CREATE
  Result: NO_OUTPUT
  Mismatch: No result SELECT in output - likely execution error

Test ID: TC-PA3405
  Type: CHAR(254) -> CHAR(255)
  Algorithm: inplace
  Expected: CREATE
  Result: NO_OUTPUT
  Mismatch: No result SELECT in output - likely execution error

Test ID: TC-PA3407
  Type: VARCHAR(1) -> VARCHAR(2)
  Algorithm: inplace
  Expected: CREATE
  Result: NO_OUTPUT
  Mismatch: No result SELECT in output - likely execution error

Test ID: TC-PA3409
  Type: VARCHAR(254) -> VARCHAR(255)
  Algorithm: inplace
  Expected: CREATE
  Result: NO_OUTPUT
  Mismatch: No result SELECT in output - likely execution error

Test ID: TC-PA3411
  Type: VARCHAR(255) -> VARCHAR(256)
  Algorithm: inplace
  Expected: CREATE
  Result: NO_OUTPUT
  Mismatch: No result SELECT in output - likely execution error

Test ID: TC-PA3413
  Type: VARCHAR(85) -> VARCHAR(86)
  Algorithm: inplace
  Expected: CREATE
  Result: NO_OUTPUT
  Mismatch: No result SELECT in output - likely execution error

Test ID: TC-PA3415
  Type: VARCHAR(63) -> VARCHAR(64)
  Algorithm: inplace
  Expected: CREATE
  Result: NO_OUTPUT
  Mismatch: No result SELECT in output - likely execution error

Test ID: TC-PA3417
  Type: VARCHAR(64) -> VARCHAR(65)
  Algorithm: inplace
  Expected: CREATE
  Result: NO_OUTPUT
  Mismatch: No result SELECT in output - likely execution error

Test ID: TC-PA3419
  Type: VARCHAR(100) -> VARCHAR(200)
  Algorithm: inplace
  Expected: CREATE
  Result: NO_OUTPUT
  Mismatch: No result SELECT in output - likely execution error

Test ID: TC-PA3421
  Type: TINYINT -> SMALLINT
  Algorithm: inplace
  Expected: CREATE
  Result: NO_OUTPUT
  Mismatch: No result SELECT in output - likely execution error

Test ID: TC-PA3423
  Type: TINYINT -> MEDIUMINT
  Algorithm: inplace
  Expected: CREATE
  Result: NO_OUTPUT
  Mismatch: No result SELECT in output - likely execution error

Test ID: TC-PA3425
  Type: TINYINT -> INT
  Algorithm: inplace
  Expected: CREATE
  Result: NO_OUTPUT
  Mismatch: No result SELECT in output - likely execution error

Test ID: TC-PA3427
  Type: TINYINT -> BIGINT
  Algorithm: inplace
  Expected: CREATE
  Result: NO_OUTPUT
  Mismatch: No result SELECT in output - likely execution error

Test ID: TC-PA3429
  Type: SMALLINT -> MEDIUMINT
  Algorithm: inplace
  Expected: CREATE
  Result: NO_OUTPUT
  Mismatch: No result SELECT in output - likely execution error

Test ID: TC-PA3431
  Type: SMALLINT -> INT
  Algorithm: inplace
  Expected: CREATE
  Result: NO_OUTPUT
  Mismatch: No result SELECT in output - likely execution error

Test ID: TC-PA3433
  Type: SMALLINT -> BIGINT
  Algorithm: inplace
  Expected: CREATE
  Result: NO_OUTPUT
  Mismatch: No result SELECT in output - likely execution error

Test ID: TC-PA3435
  Type: MEDIUMINT -> INT
  Algorithm: inplace
  Expected: CREATE
  Result: NO_OUTPUT
  Mismatch: No result SELECT in output - likely execution error

Test ID: TC-PA3437
  Type: MEDIUMINT -> BIGINT
  Algorithm: inplace
  Expected: CREATE
  Result: NO_OUTPUT
  Mismatch: No result SELECT in output - likely execution error

Test ID: TC-PA3439
  Type: INT -> BIGINT
  Algorithm: inplace
  Expected: CREATE
  Result: NO_OUTPUT
  Mismatch: No result SELECT in output - likely execution error

Test ID: TC-PA3441
  Type: TINYINT UNSIGNED -> SMALLINT UNSIGNED
  Algorithm: inplace
  Expected: CREATE
  Result: NO_OUTPUT
  Mismatch: No result SELECT in output - likely execution error

Test ID: TC-PA3443
  Type: TINYINT UNSIGNED -> MEDIUMINT UNSIGNED
  Algorithm: inplace
  Expected: CREATE
  Result: NO_OUTPUT
  Mismatch: No result SELECT in output - likely execution error

Test ID: TC-PA3445
  Type: TINYINT UNSIGNED -> INT UNSIGNED
  Algorithm: inplace
  Expected: CREATE
  Result: NO_OUTPUT
  Mismatch: No result SELECT in output - likely execution error

Test ID: TC-PA3447
  Type: TINYINT UNSIGNED -> BIGINT UNSIGNED
  Algorithm: inplace
  Expected: CREATE
  Result: NO_OUTPUT
  Mismatch: No result SELECT in output - likely execution error

Test ID: TC-PA3449
  Type: SMALLINT UNSIGNED -> MEDIUMINT UNSIGNED
  Algorithm: inplace
  Expected: CREATE
  Result: NO_OUTPUT
  Mismatch: No result SELECT in output - likely execution error

Test ID: TC-PA3451
  Type: SMALLINT UNSIGNED -> INT UNSIGNED
  Algorithm: inplace
  Expected: CREATE
  Result: NO_OUTPUT
  Mismatch: No result SELECT in output - likely execution error

Test ID: TC-PA3453
  Type: SMALLINT UNSIGNED -> BIGINT UNSIGNED
  Algorithm: inplace
  Expected: CREATE
  Result: NO_OUTPUT
  Mismatch: No result SELECT in output - likely execution error

Test ID: TC-PA3455
  Type: MEDIUMINT UNSIGNED -> INT UNSIGNED
  Algorithm: inplace
  Expected: CREATE
  Result: NO_OUTPUT
  Mismatch: No result SELECT in output - likely execution error

Test ID: TC-PA3457
  Type: MEDIUMINT UNSIGNED -> BIGINT UNSIGNED
  Algorithm: inplace
  Expected: CREATE
  Result: NO_OUTPUT
  Mismatch: No result SELECT in output - likely execution error

Test ID: TC-PA3459
  Type: INT UNSIGNED -> BIGINT UNSIGNED
  Algorithm: inplace
  Expected: CREATE
  Result: NO_OUTPUT
  Mismatch: No result SELECT in output - likely execution error

Test ID: TC-PA3461
  Type: CHAR(1) -> CHAR(2)
  Algorithm: inplace
  Expected: CREATE
  Result: NO_OUTPUT
  Mismatch: No result SELECT in output - likely execution error

Test ID: TC-PA3463
  Type: CHAR(63) -> CHAR(64)
  Algorithm: inplace
  Expected: CREATE
  Result: NO_OUTPUT
  Mismatch: No result SELECT in output - likely execution error

Test ID: TC-PA3465
  Type: CHAR(254) -> CHAR(255)
  Algorithm: inplace
  Expected: CREATE
  Result: NO_OUTPUT
  Mismatch: No result SELECT in output - likely execution error

Test ID: TC-PA3467
  Type: VARCHAR(1) -> VARCHAR(2)
  Algorithm: inplace
  Expected: CREATE
  Result: NO_OUTPUT
  Mismatch: No result SELECT in output - likely execution error

Test ID: TC-PA3469
  Type: VARCHAR(254) -> VARCHAR(255)
  Algorithm: inplace
  Expected: CREATE
  Result: NO_OUTPUT
  Mismatch: No result SELECT in output - likely execution error

Test ID: TC-PA3471
  Type: VARCHAR(255) -> VARCHAR(256)
  Algorithm: inplace
  Expected: CREATE
  Result: NO_OUTPUT
  Mismatch: No result SELECT in output - likely execution error

Test ID: TC-PA3473
  Type: VARCHAR(85) -> VARCHAR(86)
  Algorithm: inplace
  Expected: CREATE
  Result: NO_OUTPUT
  Mismatch: No result SELECT in output - likely execution error

Test ID: TC-PA3475
  Type: VARCHAR(63) -> VARCHAR(64)
  Algorithm: inplace
  Expected: CREATE
  Result: NO_OUTPUT
  Mismatch: No result SELECT in output - likely execution error

Test ID: TC-PA3477
  Type: VARCHAR(64) -> VARCHAR(65)
  Algorithm: inplace
  Expected: CREATE
  Result: NO_OUTPUT
  Mismatch: No result SELECT in output - likely execution error

Test ID: TC-PA3479
  Type: VARCHAR(100) -> VARCHAR(200)
  Algorithm: inplace
  Expected: CREATE
  Result: NO_OUTPUT
  Mismatch: No result SELECT in output - likely execution error

Test ID: TC-PA3481
  Type: TINYINT -> SMALLINT
  Algorithm: inplace
  Expected: CREATE
  Result: NO_OUTPUT
  Mismatch: No result SELECT in output - likely execution error

Test ID: TC-PA3483
  Type: TINYINT -> MEDIUMINT
  Algorithm: inplace
  Expected: CREATE
  Result: NO_OUTPUT
  Mismatch: No result SELECT in output - likely execution error

Test ID: TC-PA3485
  Type: TINYINT -> INT
  Algorithm: inplace
  Expected: CREATE
  Result: NO_OUTPUT
  Mismatch: No result SELECT in output - likely execution error

Test ID: TC-PA3487
  Type: TINYINT -> BIGINT
  Algorithm: inplace
  Expected: CREATE
  Result: NO_OUTPUT
  Mismatch: No result SELECT in output - likely execution error

Test ID: TC-PA3489
  Type: SMALLINT -> MEDIUMINT
  Algorithm: inplace
  Expected: CREATE
  Result: NO_OUTPUT
  Mismatch: No result SELECT in output - likely execution error

Test ID: TC-PA3491
  Type: SMALLINT -> INT
  Algorithm: inplace
  Expected: CREATE
  Result: NO_OUTPUT
  Mismatch: No result SELECT in output - likely execution error

Test ID: TC-PA3493
  Type: SMALLINT -> BIGINT
  Algorithm: inplace
  Expected: CREATE
  Result: NO_OUTPUT
  Mismatch: No result SELECT in output - likely execution error

Test ID: TC-PA3495
  Type: MEDIUMINT -> INT
  Algorithm: inplace
  Expected: CREATE
  Result: NO_OUTPUT
  Mismatch: No result SELECT in output - likely execution error

Test ID: TC-PA3497
  Type: MEDIUMINT -> BIGINT
  Algorithm: inplace
  Expected: CREATE
  Result: NO_OUTPUT
  Mismatch: No result SELECT in output - likely execution error

Test ID: TC-PA3499
  Type: INT -> BIGINT
  Algorithm: inplace
  Expected: CREATE
  Result: NO_OUTPUT
  Mismatch: No result SELECT in output - likely execution error

Test ID: TC-PA3501
  Type: TINYINT UNSIGNED -> SMALLINT UNSIGNED
  Algorithm: inplace
  Expected: CREATE
  Result: NO_OUTPUT
  Mismatch: No result SELECT in output - likely execution error

Test ID: TC-PA3503
  Type: TINYINT UNSIGNED -> MEDIUMINT UNSIGNED
  Algorithm: inplace
  Expected: CREATE
  Result: NO_OUTPUT
  Mismatch: No result SELECT in output - likely execution error

Test ID: TC-PA3505
  Type: TINYINT UNSIGNED -> INT UNSIGNED
  Algorithm: inplace
  Expected: CREATE
  Result: NO_OUTPUT
  Mismatch: No result SELECT in output - likely execution error

Test ID: TC-PA3507
  Type: TINYINT UNSIGNED -> BIGINT UNSIGNED
  Algorithm: inplace
  Expected: CREATE
  Result: NO_OUTPUT
  Mismatch: No result SELECT in output - likely execution error

Test ID: TC-PA3509
  Type: SMALLINT UNSIGNED -> MEDIUMINT UNSIGNED
  Algorithm: inplace
  Expected: CREATE
  Result: NO_OUTPUT
  Mismatch: No result SELECT in output - likely execution error

Test ID: TC-PA3511
  Type: SMALLINT UNSIGNED -> INT UNSIGNED
  Algorithm: inplace
  Expected: CREATE
  Result: NO_OUTPUT
  Mismatch: No result SELECT in output - likely execution error

Test ID: TC-PA3513
  Type: SMALLINT UNSIGNED -> BIGINT UNSIGNED
  Algorithm: inplace
  Expected: CREATE
  Result: NO_OUTPUT
  Mismatch: No result SELECT in output - likely execution error

Test ID: TC-PA3515
  Type: MEDIUMINT UNSIGNED -> INT UNSIGNED
  Algorithm: inplace
  Expected: CREATE
  Result: NO_OUTPUT
  Mismatch: No result SELECT in output - likely execution error

Test ID: TC-PA3517
  Type: MEDIUMINT UNSIGNED -> BIGINT UNSIGNED
  Algorithm: inplace
  Expected: CREATE
  Result: NO_OUTPUT
  Mismatch: No result SELECT in output - likely execution error

Test ID: TC-PA3519
  Type: INT UNSIGNED -> BIGINT UNSIGNED
  Algorithm: inplace
  Expected: CREATE
  Result: NO_OUTPUT
  Mismatch: No result SELECT in output - likely execution error

Test ID: TC-PA3521
  Type: CHAR(1) -> CHAR(2)
  Algorithm: inplace
  Expected: CREATE
  Result: NO_OUTPUT
  Mismatch: No result SELECT in output - likely execution error

Test ID: TC-PA3523
  Type: CHAR(63) -> CHAR(64)
  Algorithm: inplace
  Expected: CREATE
  Result: NO_OUTPUT
  Mismatch: No result SELECT in output - likely execution error

Test ID: TC-PA3525
  Type: CHAR(254) -> CHAR(255)
  Algorithm: inplace
  Expected: CREATE
  Result: NO_OUTPUT
  Mismatch: No result SELECT in output - likely execution error

Test ID: TC-PA3527
  Type: VARCHAR(1) -> VARCHAR(2)
  Algorithm: inplace
  Expected: CREATE
  Result: NO_OUTPUT
  Mismatch: No result SELECT in output - likely execution error

Test ID: TC-PA3529
  Type: VARCHAR(254) -> VARCHAR(255)
  Algorithm: inplace
  Expected: CREATE
  Result: NO_OUTPUT
  Mismatch: No result SELECT in output - likely execution error

Test ID: TC-PA3531
  Type: VARCHAR(255) -> VARCHAR(256)
  Algorithm: inplace
  Expected: CREATE
  Result: NO_OUTPUT
  Mismatch: No result SELECT in output - likely execution error

Test ID: TC-PA3533
  Type: VARCHAR(85) -> VARCHAR(86)
  Algorithm: inplace
  Expected: CREATE
  Result: NO_OUTPUT
  Mismatch: No result SELECT in output - likely execution error

Test ID: TC-PA3535
  Type: VARCHAR(63) -> VARCHAR(64)
  Algorithm: inplace
  Expected: CREATE
  Result: NO_OUTPUT
  Mismatch: No result SELECT in output - likely execution error

Test ID: TC-PA3537
  Type: VARCHAR(64) -> VARCHAR(65)
  Algorithm: inplace
  Expected: CREATE
  Result: NO_OUTPUT
  Mismatch: No result SELECT in output - likely execution error

Test ID: TC-PA3539
  Type: VARCHAR(100) -> VARCHAR(200)
  Algorithm: inplace
  Expected: CREATE
  Result: NO_OUTPUT
  Mismatch: No result SELECT in output - likely execution error

Test ID: TC-PA3541
  Type: TINYINT -> SMALLINT
  Algorithm: inplace
  Expected: CREATE
  Result: NO_OUTPUT
  Mismatch: No result SELECT in output - likely execution error

Test ID: TC-PA3543
  Type: TINYINT -> MEDIUMINT
  Algorithm: inplace
  Expected: CREATE
  Result: NO_OUTPUT
  Mismatch: No result SELECT in output - likely execution error

Test ID: TC-PA3545
  Type: TINYINT -> INT
  Algorithm: inplace
  Expected: CREATE
  Result: NO_OUTPUT
  Mismatch: No result SELECT in output - likely execution error

Test ID: TC-PA3547
  Type: TINYINT -> BIGINT
  Algorithm: inplace
  Expected: CREATE
  Result: NO_OUTPUT
  Mismatch: No result SELECT in output - likely execution error

Test ID: TC-PA3549
  Type: SMALLINT -> MEDIUMINT
  Algorithm: inplace
  Expected: CREATE
  Result: NO_OUTPUT
  Mismatch: No result SELECT in output - likely execution error

Test ID: TC-PA3551
  Type: SMALLINT -> INT
  Algorithm: inplace
  Expected: CREATE
  Result: NO_OUTPUT
  Mismatch: No result SELECT in output - likely execution error

Test ID: TC-PA3553
  Type: SMALLINT -> BIGINT
  Algorithm: inplace
  Expected: CREATE
  Result: NO_OUTPUT
  Mismatch: No result SELECT in output - likely execution error

Test ID: TC-PA3555
  Type: MEDIUMINT -> INT
  Algorithm: inplace
  Expected: CREATE
  Result: NO_OUTPUT
  Mismatch: No result SELECT in output - likely execution error

Test ID: TC-PA3557
  Type: MEDIUMINT -> BIGINT
  Algorithm: inplace
  Expected: CREATE
  Result: NO_OUTPUT
  Mismatch: No result SELECT in output - likely execution error

Test ID: TC-PA3559
  Type: INT -> BIGINT
  Algorithm: inplace
  Expected: CREATE
  Result: NO_OUTPUT
  Mismatch: No result SELECT in output - likely execution error

Test ID: TC-PA3561
  Type: TINYINT UNSIGNED -> SMALLINT UNSIGNED
  Algorithm: inplace
  Expected: CREATE
  Result: NO_OUTPUT
  Mismatch: No result SELECT in output - likely execution error

Test ID: TC-PA3563
  Type: TINYINT UNSIGNED -> MEDIUMINT UNSIGNED
  Algorithm: inplace
  Expected: CREATE
  Result: NO_OUTPUT
  Mismatch: No result SELECT in output - likely execution error

Test ID: TC-PA3565
  Type: TINYINT UNSIGNED -> INT UNSIGNED
  Algorithm: inplace
  Expected: CREATE
  Result: NO_OUTPUT
  Mismatch: No result SELECT in output - likely execution error

Test ID: TC-PA3567
  Type: TINYINT UNSIGNED -> BIGINT UNSIGNED
  Algorithm: inplace
  Expected: CREATE
  Result: NO_OUTPUT
  Mismatch: No result SELECT in output - likely execution error

Test ID: TC-PA3569
  Type: SMALLINT UNSIGNED -> MEDIUMINT UNSIGNED
  Algorithm: inplace
  Expected: CREATE
  Result: NO_OUTPUT
  Mismatch: No result SELECT in output - likely execution error

Test ID: TC-PA3571
  Type: SMALLINT UNSIGNED -> INT UNSIGNED
  Algorithm: inplace
  Expected: CREATE
  Result: NO_OUTPUT
  Mismatch: No result SELECT in output - likely execution error

Test ID: TC-PA3573
  Type: SMALLINT UNSIGNED -> BIGINT UNSIGNED
  Algorithm: inplace
  Expected: CREATE
  Result: NO_OUTPUT
  Mismatch: No result SELECT in output - likely execution error

Test ID: TC-PA3575
  Type: MEDIUMINT UNSIGNED -> INT UNSIGNED
  Algorithm: inplace
  Expected: CREATE
  Result: NO_OUTPUT
  Mismatch: No result SELECT in output - likely execution error

Test ID: TC-PA3577
  Type: MEDIUMINT UNSIGNED -> BIGINT UNSIGNED
  Algorithm: inplace
  Expected: CREATE
  Result: NO_OUTPUT
  Mismatch: No result SELECT in output - likely execution error

Test ID: TC-PA3579
  Type: INT UNSIGNED -> BIGINT UNSIGNED
  Algorithm: inplace
  Expected: CREATE
  Result: NO_OUTPUT
  Mismatch: No result SELECT in output - likely execution error

Test ID: TC-PA3581
  Type: CHAR(1) -> CHAR(2)
  Algorithm: inplace
  Expected: CREATE
  Result: NO_OUTPUT
  Mismatch: No result SELECT in output - likely execution error

Test ID: TC-PA3583
  Type: CHAR(63) -> CHAR(64)
  Algorithm: inplace
  Expected: CREATE
  Result: NO_OUTPUT
  Mismatch: No result SELECT in output - likely execution error

Test ID: TC-PA3585
  Type: CHAR(254) -> CHAR(255)
  Algorithm: inplace
  Expected: CREATE
  Result: NO_OUTPUT
  Mismatch: No result SELECT in output - likely execution error

Test ID: TC-PA3587
  Type: VARCHAR(1) -> VARCHAR(2)
  Algorithm: inplace
  Expected: CREATE
  Result: NO_OUTPUT
  Mismatch: No result SELECT in output - likely execution error

Test ID: TC-PA3589
  Type: VARCHAR(254) -> VARCHAR(255)
  Algorithm: inplace
  Expected: CREATE
  Result: NO_OUTPUT
  Mismatch: No result SELECT in output - likely execution error

Test ID: TC-PA3591
  Type: VARCHAR(255) -> VARCHAR(256)
  Algorithm: inplace
  Expected: CREATE
  Result: NO_OUTPUT
  Mismatch: No result SELECT in output - likely execution error

Test ID: TC-PA3593
  Type: VARCHAR(85) -> VARCHAR(86)
  Algorithm: inplace
  Expected: CREATE
  Result: NO_OUTPUT
  Mismatch: No result SELECT in output - likely execution error

Test ID: TC-PA3595
  Type: VARCHAR(63) -> VARCHAR(64)
  Algorithm: inplace
  Expected: CREATE
  Result: NO_OUTPUT
  Mismatch: No result SELECT in output - likely execution error

Test ID: TC-PA3597
  Type: VARCHAR(64) -> VARCHAR(65)
  Algorithm: inplace
  Expected: CREATE
  Result: NO_OUTPUT
  Mismatch: No result SELECT in output - likely execution error

Test ID: TC-PA3599
  Type: VARCHAR(100) -> VARCHAR(200)
  Algorithm: inplace
  Expected: CREATE
  Result: NO_OUTPUT
  Mismatch: No result SELECT in output - likely execution error

Test ID: TC-PA3601
  Type: TINYINT -> SMALLINT
  Algorithm: inplace
  Expected: CREATE
  Result: NO_OUTPUT
  Mismatch: No result SELECT in output - likely execution error

Test ID: TC-PA3603
  Type: TINYINT -> MEDIUMINT
  Algorithm: inplace
  Expected: CREATE
  Result: NO_OUTPUT
  Mismatch: No result SELECT in output - likely execution error

Test ID: TC-PA3605
  Type: TINYINT -> INT
  Algorithm: inplace
  Expected: CREATE
  Result: NO_OUTPUT
  Mismatch: No result SELECT in output - likely execution error

Test ID: TC-PA3607
  Type: TINYINT -> BIGINT
  Algorithm: inplace
  Expected: CREATE
  Result: NO_OUTPUT
  Mismatch: No result SELECT in output - likely execution error

Test ID: TC-PA3609
  Type: SMALLINT -> MEDIUMINT
  Algorithm: inplace
  Expected: CREATE
  Result: NO_OUTPUT
  Mismatch: No result SELECT in output - likely execution error

Test ID: TC-PA3611
  Type: SMALLINT -> INT
  Algorithm: inplace
  Expected: CREATE
  Result: NO_OUTPUT
  Mismatch: No result SELECT in output - likely execution error

Test ID: TC-PA3613
  Type: SMALLINT -> BIGINT
  Algorithm: inplace
  Expected: CREATE
  Result: NO_OUTPUT
  Mismatch: No result SELECT in output - likely execution error

Test ID: TC-PA3615
  Type: MEDIUMINT -> INT
  Algorithm: inplace
  Expected: CREATE
  Result: NO_OUTPUT
  Mismatch: No result SELECT in output - likely execution error

Test ID: TC-PA3617
  Type: MEDIUMINT -> BIGINT
  Algorithm: inplace
  Expected: CREATE
  Result: NO_OUTPUT
  Mismatch: No result SELECT in output - likely execution error

Test ID: TC-PA3619
  Type: INT -> BIGINT
  Algorithm: inplace
  Expected: CREATE
  Result: NO_OUTPUT
  Mismatch: No result SELECT in output - likely execution error

Test ID: TC-PA3621
  Type: TINYINT UNSIGNED -> SMALLINT UNSIGNED
  Algorithm: inplace
  Expected: CREATE
  Result: NO_OUTPUT
  Mismatch: No result SELECT in output - likely execution error

Test ID: TC-PA3623
  Type: TINYINT UNSIGNED -> MEDIUMINT UNSIGNED
  Algorithm: inplace
  Expected: CREATE
  Result: NO_OUTPUT
  Mismatch: No result SELECT in output - likely execution error

Test ID: TC-PA3625
  Type: TINYINT UNSIGNED -> INT UNSIGNED
  Algorithm: inplace
  Expected: CREATE
  Result: NO_OUTPUT
  Mismatch: No result SELECT in output - likely execution error

Test ID: TC-PA3627
  Type: TINYINT UNSIGNED -> BIGINT UNSIGNED
  Algorithm: inplace
  Expected: CREATE
  Result: NO_OUTPUT
  Mismatch: No result SELECT in output - likely execution error

Test ID: TC-PA3629
  Type: SMALLINT UNSIGNED -> MEDIUMINT UNSIGNED
  Algorithm: inplace
  Expected: CREATE
  Result: NO_OUTPUT
  Mismatch: No result SELECT in output - likely execution error

Test ID: TC-PA3631
  Type: SMALLINT UNSIGNED -> INT UNSIGNED
  Algorithm: inplace
  Expected: CREATE
  Result: NO_OUTPUT
  Mismatch: No result SELECT in output - likely execution error

Test ID: TC-PA3633
  Type: SMALLINT UNSIGNED -> BIGINT UNSIGNED
  Algorithm: inplace
  Expected: CREATE
  Result: NO_OUTPUT
  Mismatch: No result SELECT in output - likely execution error

Test ID: TC-PA3635
  Type: MEDIUMINT UNSIGNED -> INT UNSIGNED
  Algorithm: inplace
  Expected: CREATE
  Result: NO_OUTPUT
  Mismatch: No result SELECT in output - likely execution error

Test ID: TC-PA3637
  Type: MEDIUMINT UNSIGNED -> BIGINT UNSIGNED
  Algorithm: inplace
  Expected: CREATE
  Result: NO_OUTPUT
  Mismatch: No result SELECT in output - likely execution error

Test ID: TC-PA3639
  Type: INT UNSIGNED -> BIGINT UNSIGNED
  Algorithm: inplace
  Expected: CREATE
  Result: NO_OUTPUT
  Mismatch: No result SELECT in output - likely execution error

Test ID: TC-PA3641
  Type: CHAR(1) -> CHAR(2)
  Algorithm: inplace
  Expected: CREATE
  Result: NO_OUTPUT
  Mismatch: No result SELECT in output - likely execution error

Test ID: TC-PA3643
  Type: CHAR(63) -> CHAR(64)
  Algorithm: inplace
  Expected: CREATE
  Result: NO_OUTPUT
  Mismatch: No result SELECT in output - likely execution error

Test ID: TC-PA3645
  Type: CHAR(254) -> CHAR(255)
  Algorithm: inplace
  Expected: CREATE
  Result: NO_OUTPUT
  Mismatch: No result SELECT in output - likely execution error

Test ID: TC-PA3647
  Type: VARCHAR(1) -> VARCHAR(2)
  Algorithm: inplace
  Expected: CREATE
  Result: NO_OUTPUT
  Mismatch: No result SELECT in output - likely execution error

Test ID: TC-PA3649
  Type: VARCHAR(254) -> VARCHAR(255)
  Algorithm: inplace
  Expected: CREATE
  Result: NO_OUTPUT
  Mismatch: No result SELECT in output - likely execution error

Test ID: TC-PA3651
  Type: VARCHAR(255) -> VARCHAR(256)
  Algorithm: inplace
  Expected: CREATE
  Result: NO_OUTPUT
  Mismatch: No result SELECT in output - likely execution error

Test ID: TC-PA3653
  Type: VARCHAR(85) -> VARCHAR(86)
  Algorithm: inplace
  Expected: CREATE
  Result: NO_OUTPUT
  Mismatch: No result SELECT in output - likely execution error

Test ID: TC-PA3655
  Type: VARCHAR(63) -> VARCHAR(64)
  Algorithm: inplace
  Expected: CREATE
  Result: NO_OUTPUT
  Mismatch: No result SELECT in output - likely execution error

Test ID: TC-PA3657
  Type: VARCHAR(64) -> VARCHAR(65)
  Algorithm: inplace
  Expected: CREATE
  Result: NO_OUTPUT
  Mismatch: No result SELECT in output - likely execution error

Test ID: TC-PA3659
  Type: VARCHAR(100) -> VARCHAR(200)
  Algorithm: inplace
  Expected: CREATE
  Result: NO_OUTPUT
  Mismatch: No result SELECT in output - likely execution error

Test ID: TC-PA3661
  Type: TINYINT -> SMALLINT
  Algorithm: inplace
  Expected: CREATE
  Result: NO_OUTPUT
  Mismatch: No result SELECT in output - likely execution error

Test ID: TC-PA3663
  Type: TINYINT -> MEDIUMINT
  Algorithm: inplace
  Expected: CREATE
  Result: NO_OUTPUT
  Mismatch: No result SELECT in output - likely execution error

Test ID: TC-PA3665
  Type: TINYINT -> INT
  Algorithm: inplace
  Expected: CREATE
  Result: NO_OUTPUT
  Mismatch: No result SELECT in output - likely execution error

Test ID: TC-PA3667
  Type: TINYINT -> BIGINT
  Algorithm: inplace
  Expected: CREATE
  Result: NO_OUTPUT
  Mismatch: No result SELECT in output - likely execution error

Test ID: TC-PA3669
  Type: SMALLINT -> MEDIUMINT
  Algorithm: inplace
  Expected: CREATE
  Result: NO_OUTPUT
  Mismatch: No result SELECT in output - likely execution error

Test ID: TC-PA3671
  Type: SMALLINT -> INT
  Algorithm: inplace
  Expected: CREATE
  Result: NO_OUTPUT
  Mismatch: No result SELECT in output - likely execution error

Test ID: TC-PA3673
  Type: SMALLINT -> BIGINT
  Algorithm: inplace
  Expected: CREATE
  Result: NO_OUTPUT
  Mismatch: No result SELECT in output - likely execution error

Test ID: TC-PA3675
  Type: MEDIUMINT -> INT
  Algorithm: inplace
  Expected: CREATE
  Result: NO_OUTPUT
  Mismatch: No result SELECT in output - likely execution error

Test ID: TC-PA3677
  Type: MEDIUMINT -> BIGINT
  Algorithm: inplace
  Expected: CREATE
  Result: NO_OUTPUT
  Mismatch: No result SELECT in output - likely execution error

Test ID: TC-PA3679
  Type: INT -> BIGINT
  Algorithm: inplace
  Expected: CREATE
  Result: NO_OUTPUT
  Mismatch: No result SELECT in output - likely execution error

Test ID: TC-PA3681
  Type: TINYINT UNSIGNED -> SMALLINT UNSIGNED
  Algorithm: inplace
  Expected: CREATE
  Result: NO_OUTPUT
  Mismatch: No result SELECT in output - likely execution error

Test ID: TC-PA3683
  Type: TINYINT UNSIGNED -> MEDIUMINT UNSIGNED
  Algorithm: inplace
  Expected: CREATE
  Result: NO_OUTPUT
  Mismatch: No result SELECT in output - likely execution error

Test ID: TC-PA3685
  Type: TINYINT UNSIGNED -> INT UNSIGNED
  Algorithm: inplace
  Expected: CREATE
  Result: NO_OUTPUT
  Mismatch: No result SELECT in output - likely execution error

Test ID: TC-PA3687
  Type: TINYINT UNSIGNED -> BIGINT UNSIGNED
  Algorithm: inplace
  Expected: CREATE
  Result: NO_OUTPUT
  Mismatch: No result SELECT in output - likely execution error

Test ID: TC-PA3689
  Type: SMALLINT UNSIGNED -> MEDIUMINT UNSIGNED
  Algorithm: inplace
  Expected: CREATE
  Result: NO_OUTPUT
  Mismatch: No result SELECT in output - likely execution error

Test ID: TC-PA3691
  Type: SMALLINT UNSIGNED -> INT UNSIGNED
  Algorithm: inplace
  Expected: CREATE
  Result: NO_OUTPUT
  Mismatch: No result SELECT in output - likely execution error

Test ID: TC-PA3693
  Type: SMALLINT UNSIGNED -> BIGINT UNSIGNED
  Algorithm: inplace
  Expected: CREATE
  Result: NO_OUTPUT
  Mismatch: No result SELECT in output - likely execution error

Test ID: TC-PA3695
  Type: MEDIUMINT UNSIGNED -> INT UNSIGNED
  Algorithm: inplace
  Expected: CREATE
  Result: NO_OUTPUT
  Mismatch: No result SELECT in output - likely execution error

Test ID: TC-PA3697
  Type: MEDIUMINT UNSIGNED -> BIGINT UNSIGNED
  Algorithm: inplace
  Expected: CREATE
  Result: NO_OUTPUT
  Mismatch: No result SELECT in output - likely execution error

Test ID: TC-PA3699
  Type: INT UNSIGNED -> BIGINT UNSIGNED
  Algorithm: inplace
  Expected: CREATE
  Result: NO_OUTPUT
  Mismatch: No result SELECT in output - likely execution error

Test ID: TC-PA3701
  Type: CHAR(1) -> CHAR(2)
  Algorithm: inplace
  Expected: CREATE
  Result: NO_OUTPUT
  Mismatch: No result SELECT in output - likely execution error

Test ID: TC-PA3703
  Type: CHAR(63) -> CHAR(64)
  Algorithm: inplace
  Expected: CREATE
  Result: NO_OUTPUT
  Mismatch: No result SELECT in output - likely execution error

Test ID: TC-PA3705
  Type: CHAR(254) -> CHAR(255)
  Algorithm: inplace
  Expected: CREATE
  Result: NO_OUTPUT
  Mismatch: No result SELECT in output - likely execution error

Test ID: TC-PA3707
  Type: VARCHAR(1) -> VARCHAR(2)
  Algorithm: inplace
  Expected: CREATE
  Result: NO_OUTPUT
  Mismatch: No result SELECT in output - likely execution error

Test ID: TC-PA3709
  Type: VARCHAR(254) -> VARCHAR(255)
  Algorithm: inplace
  Expected: CREATE
  Result: NO_OUTPUT
  Mismatch: No result SELECT in output - likely execution error

Test ID: TC-PA3711
  Type: VARCHAR(255) -> VARCHAR(256)
  Algorithm: inplace
  Expected: CREATE
  Result: NO_OUTPUT
  Mismatch: No result SELECT in output - likely execution error

Test ID: TC-PA3713
  Type: VARCHAR(85) -> VARCHAR(86)
  Algorithm: inplace
  Expected: CREATE
  Result: NO_OUTPUT
  Mismatch: No result SELECT in output - likely execution error

Test ID: TC-PA3715
  Type: VARCHAR(63) -> VARCHAR(64)
  Algorithm: inplace
  Expected: CREATE
  Result: NO_OUTPUT
  Mismatch: No result SELECT in output - likely execution error

Test ID: TC-PA3717
  Type: VARCHAR(64) -> VARCHAR(65)
  Algorithm: inplace
  Expected: CREATE
  Result: NO_OUTPUT
  Mismatch: No result SELECT in output - likely execution error

Test ID: TC-PA3719
  Type: VARCHAR(100) -> VARCHAR(200)
  Algorithm: inplace
  Expected: CREATE
  Result: NO_OUTPUT
  Mismatch: No result SELECT in output - likely execution error

Test ID: TC-PA3721
  Type: TINYINT -> SMALLINT
  Algorithm: inplace
  Expected: CREATE
  Result: NO_OUTPUT
  Mismatch: No result SELECT in output - likely execution error

Test ID: TC-PA3723
  Type: TINYINT -> MEDIUMINT
  Algorithm: inplace
  Expected: CREATE
  Result: NO_OUTPUT
  Mismatch: No result SELECT in output - likely execution error

Test ID: TC-PA3725
  Type: TINYINT -> INT
  Algorithm: inplace
  Expected: CREATE
  Result: NO_OUTPUT
  Mismatch: No result SELECT in output - likely execution error

Test ID: TC-PA3727
  Type: TINYINT -> BIGINT
  Algorithm: inplace
  Expected: CREATE
  Result: NO_OUTPUT
  Mismatch: No result SELECT in output - likely execution error

Test ID: TC-PA3729
  Type: SMALLINT -> MEDIUMINT
  Algorithm: inplace
  Expected: CREATE
  Result: NO_OUTPUT
  Mismatch: No result SELECT in output - likely execution error

Test ID: TC-PA3731
  Type: SMALLINT -> INT
  Algorithm: inplace
  Expected: CREATE
  Result: NO_OUTPUT
  Mismatch: No result SELECT in output - likely execution error

Test ID: TC-PA3733
  Type: SMALLINT -> BIGINT
  Algorithm: inplace
  Expected: CREATE
  Result: NO_OUTPUT
  Mismatch: No result SELECT in output - likely execution error

Test ID: TC-PA3735
  Type: MEDIUMINT -> INT
  Algorithm: inplace
  Expected: CREATE
  Result: NO_OUTPUT
  Mismatch: No result SELECT in output - likely execution error

Test ID: TC-PA3737
  Type: MEDIUMINT -> BIGINT
  Algorithm: inplace
  Expected: CREATE
  Result: NO_OUTPUT
  Mismatch: No result SELECT in output - likely execution error

Test ID: TC-PA3739
  Type: INT -> BIGINT
  Algorithm: inplace
  Expected: CREATE
  Result: NO_OUTPUT
  Mismatch: No result SELECT in output - likely execution error

Test ID: TC-PA3741
  Type: TINYINT UNSIGNED -> SMALLINT UNSIGNED
  Algorithm: inplace
  Expected: CREATE
  Result: NO_OUTPUT
  Mismatch: No result SELECT in output - likely execution error

Test ID: TC-PA3743
  Type: TINYINT UNSIGNED -> MEDIUMINT UNSIGNED
  Algorithm: inplace
  Expected: CREATE
  Result: NO_OUTPUT
  Mismatch: No result SELECT in output - likely execution error

Test ID: TC-PA3745
  Type: TINYINT UNSIGNED -> INT UNSIGNED
  Algorithm: inplace
  Expected: CREATE
  Result: NO_OUTPUT
  Mismatch: No result SELECT in output - likely execution error

Test ID: TC-PA3747
  Type: TINYINT UNSIGNED -> BIGINT UNSIGNED
  Algorithm: inplace
  Expected: CREATE
  Result: NO_OUTPUT
  Mismatch: No result SELECT in output - likely execution error

Test ID: TC-PA3749
  Type: SMALLINT UNSIGNED -> MEDIUMINT UNSIGNED
  Algorithm: inplace
  Expected: CREATE
  Result: NO_OUTPUT
  Mismatch: No result SELECT in output - likely execution error

Test ID: TC-PA3751
  Type: SMALLINT UNSIGNED -> INT UNSIGNED
  Algorithm: inplace
  Expected: CREATE
  Result: NO_OUTPUT
  Mismatch: No result SELECT in output - likely execution error

Test ID: TC-PA3753
  Type: SMALLINT UNSIGNED -> BIGINT UNSIGNED
  Algorithm: inplace
  Expected: CREATE
  Result: NO_OUTPUT
  Mismatch: No result SELECT in output - likely execution error

Test ID: TC-PA3755
  Type: MEDIUMINT UNSIGNED -> INT UNSIGNED
  Algorithm: inplace
  Expected: CREATE
  Result: NO_OUTPUT
  Mismatch: No result SELECT in output - likely execution error

Test ID: TC-PA3757
  Type: MEDIUMINT UNSIGNED -> BIGINT UNSIGNED
  Algorithm: inplace
  Expected: CREATE
  Result: NO_OUTPUT
  Mismatch: No result SELECT in output - likely execution error

Test ID: TC-PA3759
  Type: INT UNSIGNED -> BIGINT UNSIGNED
  Algorithm: inplace
  Expected: CREATE
  Result: NO_OUTPUT
  Mismatch: No result SELECT in output - likely execution error

Test ID: TC-PA3761
  Type: CHAR(1) -> CHAR(2)
  Algorithm: inplace
  Expected: CREATE
  Result: NO_OUTPUT
  Mismatch: No result SELECT in output - likely execution error

Test ID: TC-PA3763
  Type: CHAR(63) -> CHAR(64)
  Algorithm: inplace
  Expected: CREATE
  Result: NO_OUTPUT
  Mismatch: No result SELECT in output - likely execution error

Test ID: TC-PA3765
  Type: CHAR(254) -> CHAR(255)
  Algorithm: inplace
  Expected: CREATE
  Result: NO_OUTPUT
  Mismatch: No result SELECT in output - likely execution error

Test ID: TC-PA3767
  Type: VARCHAR(1) -> VARCHAR(2)
  Algorithm: inplace
  Expected: CREATE
  Result: NO_OUTPUT
  Mismatch: No result SELECT in output - likely execution error

Test ID: TC-PA3769
  Type: VARCHAR(254) -> VARCHAR(255)
  Algorithm: inplace
  Expected: CREATE
  Result: NO_OUTPUT
  Mismatch: No result SELECT in output - likely execution error

Test ID: TC-PA3771
  Type: VARCHAR(255) -> VARCHAR(256)
  Algorithm: inplace
  Expected: CREATE
  Result: NO_OUTPUT
  Mismatch: No result SELECT in output - likely execution error

Test ID: TC-PA3773
  Type: VARCHAR(85) -> VARCHAR(86)
  Algorithm: inplace
  Expected: CREATE
  Result: NO_OUTPUT
  Mismatch: No result SELECT in output - likely execution error

Test ID: TC-PA3775
  Type: VARCHAR(63) -> VARCHAR(64)
  Algorithm: inplace
  Expected: CREATE
  Result: NO_OUTPUT
  Mismatch: No result SELECT in output - likely execution error

Test ID: TC-PA3777
  Type: VARCHAR(64) -> VARCHAR(65)
  Algorithm: inplace
  Expected: CREATE
  Result: NO_OUTPUT
  Mismatch: No result SELECT in output - likely execution error

Test ID: TC-PA3779
  Type: VARCHAR(100) -> VARCHAR(200)
  Algorithm: inplace
  Expected: CREATE
  Result: NO_OUTPUT
  Mismatch: No result SELECT in output - likely execution error

Test ID: TC-PA3781
  Type: TINYINT -> SMALLINT
  Algorithm: inplace
  Expected: CREATE
  Result: NO_OUTPUT
  Mismatch: No result SELECT in output - likely execution error

Test ID: TC-PA3783
  Type: TINYINT -> MEDIUMINT
  Algorithm: inplace
  Expected: CREATE
  Result: NO_OUTPUT
  Mismatch: No result SELECT in output - likely execution error

Test ID: TC-PA3785
  Type: TINYINT -> INT
  Algorithm: inplace
  Expected: CREATE
  Result: NO_OUTPUT
  Mismatch: No result SELECT in output - likely execution error

Test ID: TC-PA3787
  Type: TINYINT -> BIGINT
  Algorithm: inplace
  Expected: CREATE
  Result: NO_OUTPUT
  Mismatch: No result SELECT in output - likely execution error

Test ID: TC-PA3789
  Type: SMALLINT -> MEDIUMINT
  Algorithm: inplace
  Expected: CREATE
  Result: NO_OUTPUT
  Mismatch: No result SELECT in output - likely execution error

Test ID: TC-PA3791
  Type: SMALLINT -> INT
  Algorithm: inplace
  Expected: CREATE
  Result: NO_OUTPUT
  Mismatch: No result SELECT in output - likely execution error

Test ID: TC-PA3793
  Type: SMALLINT -> BIGINT
  Algorithm: inplace
  Expected: CREATE
  Result: NO_OUTPUT
  Mismatch: No result SELECT in output - likely execution error

Test ID: TC-PA3795
  Type: MEDIUMINT -> INT
  Algorithm: inplace
  Expected: CREATE
  Result: NO_OUTPUT
  Mismatch: No result SELECT in output - likely execution error

Test ID: TC-PA3797
  Type: MEDIUMINT -> BIGINT
  Algorithm: inplace
  Expected: CREATE
  Result: NO_OUTPUT
  Mismatch: No result SELECT in output - likely execution error

Test ID: TC-PA3799
  Type: INT -> BIGINT
  Algorithm: inplace
  Expected: CREATE
  Result: NO_OUTPUT
  Mismatch: No result SELECT in output - likely execution error

Test ID: TC-PA3801
  Type: TINYINT UNSIGNED -> SMALLINT UNSIGNED
  Algorithm: inplace
  Expected: CREATE
  Result: NO_OUTPUT
  Mismatch: No result SELECT in output - likely execution error

Test ID: TC-PA3803
  Type: TINYINT UNSIGNED -> MEDIUMINT UNSIGNED
  Algorithm: inplace
  Expected: CREATE
  Result: NO_OUTPUT
  Mismatch: No result SELECT in output - likely execution error

Test ID: TC-PA3805
  Type: TINYINT UNSIGNED -> INT UNSIGNED
  Algorithm: inplace
  Expected: CREATE
  Result: NO_OUTPUT
  Mismatch: No result SELECT in output - likely execution error

Test ID: TC-PA3807
  Type: TINYINT UNSIGNED -> BIGINT UNSIGNED
  Algorithm: inplace
  Expected: CREATE
  Result: NO_OUTPUT
  Mismatch: No result SELECT in output - likely execution error

Test ID: TC-PA3809
  Type: SMALLINT UNSIGNED -> MEDIUMINT UNSIGNED
  Algorithm: inplace
  Expected: CREATE
  Result: NO_OUTPUT
  Mismatch: No result SELECT in output - likely execution error

Test ID: TC-PA3811
  Type: SMALLINT UNSIGNED -> INT UNSIGNED
  Algorithm: inplace
  Expected: CREATE
  Result: NO_OUTPUT
  Mismatch: No result SELECT in output - likely execution error

Test ID: TC-PA3813
  Type: SMALLINT UNSIGNED -> BIGINT UNSIGNED
  Algorithm: inplace
  Expected: CREATE
  Result: NO_OUTPUT
  Mismatch: No result SELECT in output - likely execution error

Test ID: TC-PA3815
  Type: MEDIUMINT UNSIGNED -> INT UNSIGNED
  Algorithm: inplace
  Expected: CREATE
  Result: NO_OUTPUT
  Mismatch: No result SELECT in output - likely execution error

Test ID: TC-PA3817
  Type: MEDIUMINT UNSIGNED -> BIGINT UNSIGNED
  Algorithm: inplace
  Expected: CREATE
  Result: NO_OUTPUT
  Mismatch: No result SELECT in output - likely execution error

Test ID: TC-PA3819
  Type: INT UNSIGNED -> BIGINT UNSIGNED
  Algorithm: inplace
  Expected: CREATE
  Result: NO_OUTPUT
  Mismatch: No result SELECT in output - likely execution error

Test ID: TC-PA3821
  Type: CHAR(1) -> CHAR(2)
  Algorithm: inplace
  Expected: CREATE
  Result: NO_OUTPUT
  Mismatch: No result SELECT in output - likely execution error

Test ID: TC-PA3823
  Type: CHAR(63) -> CHAR(64)
  Algorithm: inplace
  Expected: CREATE
  Result: NO_OUTPUT
  Mismatch: No result SELECT in output - likely execution error

Test ID: TC-PA3825
  Type: CHAR(254) -> CHAR(255)
  Algorithm: inplace
  Expected: CREATE
  Result: NO_OUTPUT
  Mismatch: No result SELECT in output - likely execution error

Test ID: TC-PA3827
  Type: VARCHAR(1) -> VARCHAR(2)
  Algorithm: inplace
  Expected: CREATE
  Result: NO_OUTPUT
  Mismatch: No result SELECT in output - likely execution error

Test ID: TC-PA3829
  Type: VARCHAR(254) -> VARCHAR(255)
  Algorithm: inplace
  Expected: CREATE
  Result: NO_OUTPUT
  Mismatch: No result SELECT in output - likely execution error

Test ID: TC-PA3831
  Type: VARCHAR(255) -> VARCHAR(256)
  Algorithm: inplace
  Expected: CREATE
  Result: NO_OUTPUT
  Mismatch: No result SELECT in output - likely execution error

Test ID: TC-PA3833
  Type: VARCHAR(85) -> VARCHAR(86)
  Algorithm: inplace
  Expected: CREATE
  Result: NO_OUTPUT
  Mismatch: No result SELECT in output - likely execution error

Test ID: TC-PA3835
  Type: VARCHAR(63) -> VARCHAR(64)
  Algorithm: inplace
  Expected: CREATE
  Result: NO_OUTPUT
  Mismatch: No result SELECT in output - likely execution error

Test ID: TC-PA3837
  Type: VARCHAR(64) -> VARCHAR(65)
  Algorithm: inplace
  Expected: CREATE
  Result: NO_OUTPUT
  Mismatch: No result SELECT in output - likely execution error

Test ID: TC-PA3839
  Type: VARCHAR(100) -> VARCHAR(200)
  Algorithm: inplace
  Expected: CREATE
  Result: NO_OUTPUT
  Mismatch: No result SELECT in output - likely execution error

--- stderr (last 2000 chars) ---
 column 'b.pad' in 'where clause'
ERROR 1846 (0A000) at line 366113: ALGORITHM=INPLACE is not supported. Reason: Cannot change column type INPLACE. Try ALGORITHM=COPY.
ERROR 1054 (42S22) at line 366123: Unknown column 'b.pad' in 'where clause'
ERROR 1846 (0A000) at line 366209: ALGORITHM=INPLACE is not supported. Reason: Cannot change column type INPLACE. Try ALGORITHM=COPY.
ERROR 1054 (42S22) at line 366219: Unknown column 'b.pad' in 'where clause'
ERROR 1846 (0A000) at line 366305: ALGORITHM=INPLACE is not supported. Reason: Cannot change column type INPLACE. Try ALGORITHM=COPY.
ERROR 1054 (42S22) at line 366315: Unknown column 'b.pad' in 'where clause'
ERROR 1846 (0A000) at line 366401: ALGORITHM=INPLACE is not supported. Reason: Cannot change column type INPLACE. Try ALGORITHM=COPY.
ERROR 1054 (42S22) at line 366411: Unknown column 'b.pad' in 'where clause'
ERROR 1846 (0A000) at line 366497: ALGORITHM=INPLACE is not supported. Reason: Cannot change column type INPLACE. Try ALGORITHM=COPY.
ERROR 1054 (42S22) at line 366507: Unknown column 'b.pad' in 'where clause'
ERROR 1846 (0A000) at line 366593: ALGORITHM=INPLACE is not supported. Reason: Cannot change column type INPLACE. Try ALGORITHM=COPY.
ERROR 1054 (42S22) at line 366603: Unknown column 'b.pad' in 'where clause'
ERROR 1054 (42S22) at line 366699: Unknown column 'b.pad' in 'where clause'
ERROR 1846 (0A000) at line 366785: ALGORITHM=INPLACE is not supported. Reason: Cannot change column type INPLACE. Try ALGORITHM=COPY.
ERROR 1054 (42S22) at line 366795: Unknown column 'b.pad' in 'where clause'
ERROR 1846 (0A000) at line 366881: ALGORITHM=INPLACE is not supported. Reason: Cannot change column type INPLACE. Try ALGORITHM=COPY.
ERROR 1054 (42S22) at line 366891: Unknown column 'b.pad' in 'where clause'
ERROR 1846 (0A000) at line 366977: ALGORITHM=INPLACE is not supported. Reason: Cannot change column type INPLACE. Try ALGORITHM=COPY.
ERROR 1054 (42S22) at line 366987: Unknown column 'b.pad' in 'where clause'

